studentid,cgpa,internships,projects,certifications,aptitudetestscore,softskillsrating,extracurricularactivities,placementtraining,ssc_marks,hsc_marks,placementstatus
6907,7.3,1,1,0,73.0,4.0,No,Yes,66.0,66.0,NotPlaced
3547,7.7,1,1,1,66.0,4.1,No,Yes,58.0,61.0,NotPlaced
7697,7.5,0,3,0,73.0,4.5,Yes,No,68.0,83.0,NotPlaced
2614,8.4,2,3,2,90.0,4.5,Yes,Yes,84.0,85.0,NotPlaced
5104,8.3,1,3,2,90.0,4.7,Yes,Yes,86.0,86.0,Placed
388,7.4,2,3,0,71.0,4.8,Yes,Yes,86.0,73.0,NotPlaced
8938,8.5,1,2,2,82.0,4.0,Yes,No,55.0,74.0,Placed
1581,7.5,1,1,1,78.0,4.2,No,Yes,59.0,72.0,NotPlaced
8270,7.8,0,2,2,82.0,4.8,Yes,Yes,77.0,68.0,NotPlaced
4452,8.9,1,3,1,74.0,4.5,Yes,Yes,62.0,81.0,Placed
3962,6.5,1,1,0,67.0,4.2,No,No,57.0,61.0,NotPlaced
2681,6.5,1,1,0,77.0,3.9,Yes,No,67.0,71.0,NotPlaced
4597,8.1,0,3,0,90.0,4.5,Yes,No,78.0,85.0,Placed
6320,6.5,1,1,0,87.0,4.3,No,No,55.0,74.0,NotPlaced
2290,8.0,1,2,1,80.0,4.2,Yes,No,77.0,69.0,NotPlaced
4241,7.5,1,1,0,71.0,4.3,No,No,57.0,78.0,Placed
7689,7.3,1,3,0,71.0,4.5,No,No,58.0,70.0,NotPlaced
7304,7.6,0,2,0,61.0,3.8,No,Yes,55.0,67.0,NotPlaced
47,6.9,1,1,1,76.0,4.4,No,No,55.0,65.0,NotPlaced
8753,8.6,1,2,1,78.0,4.3,Yes,Yes,70.0,67.0,Placed
6018,7.4,1,2,0,76.0,4.4,Yes,Yes,55.0,73.0,NotPlaced
4411,7.7,1,2,0,77.0,4.2,Yes,Yes,55.0,69.0,Placed
803,7.6,1,1,0,70.0,4.0,No,Yes,55.0,57.0,NotPlaced
2483,7.6,1,2,2,76.0,4.5,Yes,Yes,76.0,81.0,NotPlaced
9663,7.4,0,1,0,60.0,3.4,No,No,55.0,71.0,NotPlaced
1558,6.7,1,1,1,60.0,4.3,No,No,59.0,63.0,NotPlaced
5404,7.5,2,2,0,72.0,4.5,Yes,Yes,72.0,70.0,NotPlaced
3483,8.3,2,3,2,90.0,4.8,Yes,Yes,81.0,84.0,Placed
1909,6.7,1,2,0,75.0,4.8,Yes,Yes,55.0,67.0,Placed
5015,6.5,0,1,1,66.0,4.4,No,No,69.0,67.0,NotPlaced
3242,8.3,1,3,0,76.0,3.8,Yes,Yes,77.0,66.0,Placed
9922,7.5,1,1,0,64.0,3.8,Yes,No,62.0,63.0,NotPlaced
6143,7.9,1,3,3,86.0,4.5,Yes,Yes,69.0,67.0,Placed
2242,7.5,1,1,0,68.0,4.1,No,Yes,82.0,67.0,NotPlaced
2850,7.9,0,3,1,90.0,4.4,Yes,Yes,82.0,87.0,Placed
6635,8.7,1,2,2,86.0,4.8,Yes,Yes,89.0,85.0,Placed
7262,8.1,2,3,3,90.0,4.7,Yes,No,83.0,82.0,NotPlaced
5360,7.5,1,1,2,69.0,4.3,Yes,No,77.0,82.0,NotPlaced
9899,7.5,0,1,1,73.0,4.6,Yes,Yes,56.0,62.0,NotPlaced
5765,8.6,1,2,2,78.0,4.8,Yes,Yes,84.0,87.0,Placed
8276,7.6,1,2,1,81.0,4.4,Yes,Yes,75.0,88.0,Placed
9359,8.6,1,3,2,86.0,4.4,Yes,Yes,75.0,80.0,Placed
1658,8.1,2,3,1,75.0,4.8,Yes,Yes,59.0,72.0,NotPlaced
8313,8.1,0,3,2,77.0,4.8,No,No,62.0,81.0,NotPlaced
9249,7.7,1,2,0,69.0,3.5,No,Yes,56.0,59.0,NotPlaced
134,8.7,0,3,2,88.0,4.8,No,No,87.0,84.0,NotPlaced
9029,8.0,1,3,0,85.0,4.8,Yes,Yes,86.0,75.0,NotPlaced
6767,8.6,1,3,2,83.0,4.8,Yes,Yes,77.0,77.0,Placed
2795,6.5,1,1,1,79.0,4.4,Yes,Yes,74.0,71.0,NotPlaced
3043,7.5,1,1,0,73.0,4.0,No,No,74.0,70.0,NotPlaced
4230,7.0,1,1,0,71.0,4.4,No,No,63.0,74.0,NotPlaced
4117,6.7,1,1,0,76.0,4.2,No,No,61.0,63.0,Placed
5797,7.0,1,3,2,85.0,4.3,No,Yes,74.0,72.0,Placed
8989,8.5,1,1,1,77.0,4.5,Yes,Yes,57.0,66.0,NotPlaced
2982,7.7,0,1,1,77.0,3.3,No,No,56.0,68.0,NotPlaced
2065,7.5,2,2,1,75.0,4.2,Yes,Yes,65.0,86.0,NotPlaced
2136,7.7,0,2,2,83.0,4.5,Yes,Yes,63.0,82.0,Placed
6505,7.6,1,1,0,77.0,4.4,No,Yes,63.0,66.0,NotPlaced
3213,7.5,1,2,2,82.0,4.1,Yes,Yes,83.0,69.0,NotPlaced
2476,7.7,1,2,0,73.0,3.8,No,Yes,55.0,74.0,NotPlaced
7671,8.4,2,3,2,90.0,4.8,Yes,Yes,72.0,84.0,Placed
8310,7.9,1,3,2,75.0,4.6,No,Yes,82.0,84.0,Placed
725,7.8,0,3,0,76.0,3.7,Yes,Yes,85.0,79.0,Placed
5164,7.9,1,2,0,82.0,4.7,Yes,Yes,79.0,80.0,NotPlaced
2698,8.3,2,2,2,77.0,4.0,Yes,Yes,84.0,81.0,Placed
2531,8.5,2,3,2,87.0,4.4,Yes,Yes,77.0,71.0,Placed
2656,8.5,2,2,2,90.0,4.8,Yes,Yes,84.0,71.0,Placed
9032,8.0,2,3,2,83.0,4.5,Yes,No,79.0,81.0,NotPlaced
967,7.4,1,1,1,63.0,4.2,No,Yes,55.0,68.0,NotPlaced
9476,7.5,1,1,1,60.0,3.4,No,Yes,55.0,66.0,NotPlaced
9860,6.5,1,1,0,69.0,3.7,No,Yes,79.0,67.0,NotPlaced
3838,8.1,1,1,1,74.0,4.5,Yes,Yes,78.0,69.0,NotPlaced
3079,6.5,2,3,2,79.0,3.7,Yes,Yes,57.0,68.0,Placed
1549,8.3,1,1,1,90.0,4.8,Yes,Yes,84.0,88.0,Placed
8202,8.0,2,3,3,90.0,4.8,Yes,Yes,78.0,85.0,Placed
4322,8.8,1,2,2,85.0,4.8,Yes,Yes,68.0,87.0,Placed
9549,7.4,1,1,0,82.0,3.8,No,Yes,55.0,72.0,Placed
5359,7.8,0,1,0,71.0,3.8,Yes,No,62.0,69.0,NotPlaced
593,7.7,0,3,1,80.0,4.3,No,No,55.0,71.0,NotPlaced
286,7.9,1,1,0,77.0,4.7,Yes,Yes,64.0,60.0,NotPlaced
4332,7.4,1,2,1,78.0,4.4,No,Yes,81.0,68.0,NotPlaced
3535,7.4,0,1,1,76.0,4.3,No,Yes,55.0,62.0,NotPlaced
9120,6.5,1,1,0,78.0,4.0,No,No,55.0,71.0,NotPlaced
214,7.8,2,2,2,77.0,4.2,Yes,No,57.0,69.0,NotPlaced
1434,7.8,1,1,1,83.0,4.8,Yes,Yes,62.0,64.0,Placed
6790,6.8,1,1,1,77.0,4.2,No,No,65.0,66.0,NotPlaced
8815,8.1,1,2,2,78.0,4.7,Yes,Yes,57.0,83.0,NotPlaced
5084,7.0,0,1,0,75.0,3.8,Yes,No,59.0,72.0,NotPlaced
3346,8.4,2,3,2,87.0,4.5,Yes,Yes,77.0,86.0,Placed
2870,8.0,2,3,0,90.0,4.3,No,Yes,83.0,83.0,Placed
5132,8.0,1,1,0,82.0,4.5,Yes,Yes,73.0,66.0,NotPlaced
9609,6.5,2,2,0,83.0,4.1,Yes,Yes,57.0,81.0,NotPlaced
1707,8.1,1,3,2,90.0,4.8,Yes,Yes,81.0,88.0,Placed
172,6.6,0,3,0,87.0,4.5,No,No,80.0,82.0,NotPlaced
8892,8.3,2,3,0,90.0,4.7,Yes,Yes,73.0,77.0,Placed
131,8.0,1,3,0,80.0,4.4,Yes,Yes,85.0,84.0,Placed
7544,8.6,2,3,2,90.0,4.8,Yes,Yes,73.0,68.0,Placed
9617,7.4,1,2,1,83.0,4.1,No,Yes,90.0,88.0,NotPlaced
3472,6.7,0,3,2,88.0,4.7,Yes,Yes,82.0,82.0,Placed
7926,7.6,1,1,0,74.0,3.8,No,No,55.0,72.0,NotPlaced
5178,7.4,2,3,2,90.0,4.6,Yes,No,74.0,87.0,Placed
4822,8.4,2,3,2,90.0,4.6,Yes,Yes,69.0,82.0,Placed
4797,8.6,1,2,1,70.0,4.1,No,Yes,55.0,68.0,NotPlaced
8936,6.9,0,2,0,77.0,4.2,No,No,70.0,68.0,NotPlaced
1546,7.8,2,3,2,90.0,4.8,Yes,No,82.0,79.0,Placed
7789,6.5,0,1,3,76.0,4.4,Yes,No,64.0,70.0,NotPlaced
4818,6.6,1,1,1,80.0,3.5,No,No,70.0,72.0,NotPlaced
7406,7.5,0,1,0,65.0,3.9,No,No,55.0,65.0,NotPlaced
3337,6.5,1,2,1,80.0,4.2,No,No,55.0,65.0,NotPlaced
4273,7.6,1,1,3,65.0,4.0,Yes,Yes,55.0,69.0,NotPlaced
5755,7.1,0,3,0,80.0,4.4,Yes,No,80.0,83.0,Placed
2470,7.6,1,3,0,68.0,4.2,Yes,Yes,88.0,82.0,NotPlaced
7196,8.2,1,2,2,90.0,4.8,Yes,Yes,71.0,88.0,Placed
7121,8.2,2,3,2,90.0,4.8,Yes,Yes,86.0,76.0,Placed
9993,8.0,2,1,2,78.0,4.4,Yes,Yes,75.0,72.0,Placed
4179,8.4,1,3,3,90.0,4.8,Yes,Yes,78.0,85.0,Placed
41,8.6,2,3,1,90.0,4.8,Yes,Yes,63.0,84.0,Placed
4859,8.0,2,3,0,90.0,4.7,No,Yes,73.0,87.0,Placed
944,8.3,1,2,2,71.0,4.5,Yes,Yes,56.0,67.0,Placed
8955,8.6,2,3,2,90.0,4.7,Yes,Yes,83.0,88.0,Placed
9886,7.8,1,1,0,78.0,4.0,No,No,66.0,75.0,NotPlaced
4280,7.8,0,3,0,74.0,4.1,No,Yes,68.0,67.0,NotPlaced
4148,8.0,2,3,2,87.0,4.4,Yes,Yes,83.0,84.0,NotPlaced
2132,8.1,1,2,1,69.0,4.0,Yes,Yes,86.0,73.0,Placed
1152,7.7,1,1,0,84.0,4.7,Yes,Yes,71.0,63.0,Placed
4473,8.1,2,3,2,90.0,4.7,Yes,Yes,77.0,84.0,Placed
7128,7.4,0,1,1,65.0,4.1,No,Yes,58.0,69.0,NotPlaced
3996,7.5,1,1,1,79.0,4.7,Yes,Yes,55.0,71.0,NotPlaced
4360,7.6,1,3,1,86.0,4.6,Yes,Yes,79.0,82.0,NotPlaced
3583,7.4,0,1,0,70.0,3.2,No,Yes,55.0,57.0,NotPlaced
6726,6.7,1,1,1,67.0,4.3,No,No,57.0,60.0,NotPlaced
5022,8.4,2,3,2,90.0,4.8,Yes,Yes,85.0,81.0,Placed
9046,8.3,2,3,2,90.0,4.3,Yes,Yes,75.0,84.0,NotPlaced
721,8.1,1,3,2,90.0,4.6,Yes,Yes,79.0,88.0,Placed
6352,8.7,0,2,0,81.0,4.7,Yes,Yes,57.0,83.0,Placed
5822,8.5,2,3,2,90.0,4.7,Yes,Yes,86.0,80.0,Placed
8661,7.3,1,3,0,84.0,4.6,Yes,No,61.0,66.0,NotPlaced
9708,8.4,2,3,2,90.0,4.3,Yes,No,83.0,87.0,NotPlaced
1618,8.1,2,1,3,86.0,4.7,Yes,No,78.0,83.0,Placed
113,7.4,1,1,1,81.0,4.1,Yes,No,55.0,62.0,NotPlaced
3209,7.7,1,1,1,68.0,3.8,No,No,57.0,69.0,NotPlaced
586,7.3,1,1,0,81.0,4.4,No,No,55.0,65.0,NotPlaced
7700,7.5,1,2,1,85.0,4.8,No,Yes,61.0,84.0,NotPlaced
2193,7.3,0,1,0,67.0,3.6,No,No,55.0,58.0,NotPlaced
8446,8.1,1,3,2,80.0,4.5,Yes,No,83.0,84.0,Placed
9243,7.5,1,2,0,73.0,3.5,Yes,Yes,84.0,66.0,NotPlaced
9298,8.0,0,2,1,67.0,4.1,Yes,Yes,74.0,75.0,NotPlaced
5460,7.9,2,2,2,90.0,4.8,Yes,No,83.0,82.0,Placed
7476,7.7,1,2,1,76.0,4.1,No,Yes,56.0,69.0,NotPlaced
896,7.4,1,1,1,68.0,4.7,No,Yes,55.0,66.0,NotPlaced
2669,6.9,0,1,0,73.0,3.0,No,No,62.0,62.0,NotPlaced
2627,6.6,1,1,0,87.0,4.8,No,No,56.0,65.0,NotPlaced
5874,6.5,1,1,1,75.0,3.6,No,Yes,60.0,64.0,NotPlaced
4197,8.3,2,3,2,81.0,4.7,Yes,Yes,84.0,85.0,NotPlaced
7011,8.4,1,3,2,90.0,4.8,Yes,Yes,74.0,81.0,Placed
8130,6.6,1,1,0,82.0,3.9,Yes,No,73.0,78.0,NotPlaced
90,7.2,1,2,0,68.0,4.2,Yes,Yes,57.0,66.0,NotPlaced
7728,8.2,2,3,2,90.0,4.7,Yes,No,81.0,87.0,Placed
1979,7.3,1,1,1,70.0,3.8,No,No,56.0,71.0,NotPlaced
3430,8.1,0,3,2,89.0,4.8,Yes,Yes,72.0,85.0,Placed
7231,8.0,2,2,3,82.0,4.0,Yes,Yes,59.0,82.0,Placed
3250,7.6,2,2,2,90.0,4.1,Yes,Yes,82.0,80.0,Placed
2560,8.4,1,3,2,90.0,4.8,Yes,Yes,87.0,83.0,Placed
6243,7.4,1,1,1,84.0,4.1,No,Yes,55.0,70.0,NotPlaced
7387,8.2,2,3,2,87.0,4.8,Yes,Yes,72.0,88.0,Placed
9806,8.2,1,3,1,78.0,4.0,No,Yes,58.0,85.0,Placed
4001,7.5,0,2,1,70.0,3.7,No,No,80.0,63.0,NotPlaced
5892,8.4,2,3,2,90.0,4.8,Yes,Yes,77.0,87.0,Placed
8760,6.5,1,1,0,67.0,4.3,No,Yes,72.0,67.0,NotPlaced
5788,8.2,1,1,2,72.0,4.1,No,Yes,79.0,69.0,NotPlaced
7804,8.1,1,2,1,86.0,4.8,Yes,Yes,69.0,85.0,Placed
918,7.5,2,2,0,89.0,4.8,Yes,Yes,72.0,79.0,Placed
6523,6.5,2,3,2,66.0,4.7,Yes,No,67.0,65.0,NotPlaced
1105,7.5,0,1,1,67.0,3.6,No,No,63.0,72.0,NotPlaced
2807,6.7,1,1,0,74.0,3.9,Yes,Yes,74.0,66.0,NotPlaced
2986,6.8,1,1,1,84.0,4.2,No,No,55.0,69.0,NotPlaced
7993,8.9,2,3,2,90.0,4.8,Yes,Yes,77.0,82.0,Placed
6813,6.8,1,2,0,79.0,4.1,No,Yes,62.0,82.0,Placed
5711,8.2,0,1,2,81.0,4.2,Yes,Yes,69.0,67.0,NotPlaced
3198,8.4,0,1,2,76.0,3.4,No,Yes,77.0,85.0,Placed
8119,7.2,0,2,0,69.0,4.1,Yes,Yes,71.0,83.0,NotPlaced
8877,8.0,1,3,2,90.0,4.7,Yes,Yes,74.0,88.0,Placed
26,6.7,1,1,1,70.0,4.0,No,No,68.0,57.0,NotPlaced
2218,6.7,1,1,1,70.0,4.5,No,Yes,75.0,72.0,NotPlaced
2149,8.2,1,3,0,77.0,4.5,Yes,Yes,75.0,88.0,Placed
5204,7.6,1,2,0,81.0,4.7,Yes,Yes,82.0,83.0,NotPlaced
2337,7.5,1,2,1,90.0,3.4,No,Yes,59.0,72.0,NotPlaced
2426,8.0,2,3,2,89.0,4.1,Yes,Yes,75.0,85.0,Placed
6942,7.2,1,2,2,66.0,4.1,Yes,Yes,78.0,75.0,Placed
9703,7.6,1,3,0,90.0,4.8,Yes,Yes,68.0,87.0,Placed
6071,7.3,1,2,0,80.0,4.2,No,No,57.0,69.0,NotPlaced
1279,6.5,0,1,0,61.0,3.7,No,No,67.0,71.0,NotPlaced
574,8.2,2,3,2,90.0,4.7,Yes,Yes,85.0,80.0,Placed
2718,8.4,0,3,0,86.0,4.6,Yes,Yes,90.0,83.0,Placed
1019,8.4,0,3,0,84.0,4.8,Yes,Yes,77.0,84.0,Placed
1382,8.7,1,2,2,90.0,4.8,Yes,Yes,73.0,87.0,Placed
8491,6.5,1,1,0,65.0,3.6,No,No,55.0,76.0,NotPlaced
614,7.7,0,1,1,67.0,4.2,Yes,No,64.0,64.0,NotPlaced
1564,7.5,1,1,1,60.0,3.5,No,Yes,58.0,66.0,NotPlaced
3453,6.7,0,2,1,73.0,4.2,No,Yes,63.0,62.0,NotPlaced
3125,6.9,1,1,1,65.0,4.4,No,Yes,62.0,71.0,NotPlaced
8796,8.2,1,2,2,80.0,4.4,Yes,Yes,72.0,83.0,Placed
2182,8.3,2,3,2,90.0,4.7,Yes,No,83.0,80.0,Placed
4326,6.9,1,1,1,73.0,3.6,No,No,71.0,57.0,NotPlaced
5744,8.7,1,3,3,88.0,3.8,Yes,Yes,68.0,82.0,NotPlaced
8439,6.8,1,1,0,69.0,3.9,No,No,62.0,60.0,NotPlaced
5619,7.4,1,2,1,78.0,4.6,No,Yes,67.0,68.0,NotPlaced
5647,8.3,1,3,1,73.0,4.7,Yes,No,71.0,65.0,NotPlaced
260,8.2,1,3,1,83.0,4.1,Yes,Yes,77.0,83.0,NotPlaced
5868,6.6,1,1,0,76.0,4.4,No,No,59.0,70.0,NotPlaced
1445,8.1,1,3,2,90.0,4.8,Yes,Yes,77.0,87.0,Placed
9485,6.5,0,3,0,78.0,4.2,Yes,Yes,74.0,69.0,NotPlaced
8284,7.8,2,1,1,87.0,4.4,Yes,Yes,82.0,79.0,NotPlaced
7522,6.5,1,1,0,82.0,4.3,No,Yes,57.0,70.0,NotPlaced
898,6.5,1,1,0,68.0,4.1,No,Yes,55.0,64.0,NotPlaced
7068,8.5,2,3,2,90.0,4.8,Yes,Yes,83.0,86.0,Placed
4448,8.1,0,1,0,88.0,4.3,No,No,55.0,61.0,NotPlaced
4641,7.7,1,3,2,83.0,4.7,Yes,Yes,83.0,86.0,NotPlaced
2255,8.0,1,3,2,86.0,4.8,Yes,No,84.0,85.0,Placed
7674,6.5,1,2,0,71.0,4.0,Yes,Yes,75.0,74.0,NotPlaced
3857,8.5,2,3,2,90.0,4.8,Yes,Yes,78.0,87.0,Placed
1749,7.5,1,1,1,61.0,4.2,Yes,No,64.0,64.0,NotPlaced
7211,8.1,1,3,2,90.0,4.8,Yes,Yes,85.0,82.0,Placed
9282,7.6,0,1,0,73.0,3.8,Yes,No,55.0,59.0,Placed
3686,7.4,0,1,2,79.0,4.4,Yes,No,55.0,68.0,Placed
7395,8.3,1,2,0,80.0,3.6,No,Yes,72.0,63.0,NotPlaced
866,7.5,1,2,1,69.0,3.8,No,Yes,57.0,69.0,NotPlaced
2950,7.3,0,1,1,80.0,4.5,No,Yes,55.0,69.0,NotPlaced
1108,6.5,0,1,0,78.0,3.9,No,No,64.0,67.0,NotPlaced
4995,6.9,0,1,0,81.0,4.0,No,Yes,74.0,71.0,NotPlaced
9302,6.5,1,2,0,69.0,3.4,No,Yes,55.0,67.0,Placed
8664,8.6,2,3,2,88.0,4.8,Yes,Yes,83.0,80.0,Placed
9327,8.3,1,2,3,77.0,4.1,No,Yes,80.0,81.0,Placed
4627,8.2,0,1,2,77.0,4.3,No,No,68.0,68.0,NotPlaced
5299,8.1,1,3,0,80.0,4.7,Yes,Yes,79.0,84.0,Placed
6506,8.2,2,2,2,78.0,4.0,No,No,65.0,63.0,NotPlaced
6554,8.5,1,3,2,78.0,4.8,Yes,Yes,76.0,84.0,Placed
8666,8.3,1,2,2,86.0,4.8,Yes,Yes,58.0,72.0,Placed
370,8.0,2,2,2,81.0,4.5,No,No,69.0,71.0,NotPlaced
8910,8.1,2,3,2,68.0,4.5,Yes,Yes,76.0,85.0,NotPlaced
3436,7.9,2,3,2,85.0,4.4,Yes,Yes,86.0,76.0,Placed
7693,8.3,1,1,1,75.0,4.8,No,No,56.0,65.0,NotPlaced
8430,7.6,0,1,1,60.0,3.2,No,No,56.0,63.0,NotPlaced
6125,8.2,2,3,2,90.0,4.8,Yes,Yes,86.0,83.0,Placed
5898,8.2,2,2,2,73.0,4.6,Yes,Yes,83.0,87.0,NotPlaced
9965,7.5,1,3,1,87.0,4.5,Yes,Yes,57.0,84.0,Placed
5803,7.7,1,2,1,70.0,4.0,Yes,Yes,55.0,67.0,NotPlaced
277,8.3,2,1,1,83.0,4.5,Yes,Yes,82.0,86.0,NotPlaced
6393,7.5,1,1,0,64.0,3.5,No,No,74.0,67.0,NotPlaced
5124,7.8,1,1,2,75.0,4.1,No,Yes,55.0,82.0,NotPlaced
510,6.7,1,2,1,80.0,4.1,No,No,63.0,59.0,NotPlaced
3367,7.3,0,2,1,71.0,4.4,No,No,68.0,69.0,NotPlaced
1358,7.6,1,1,1,75.0,3.9,No,Yes,62.0,70.0,NotPlaced
6818,6.9,1,3,0,81.0,4.5,No,No,72.0,76.0,Placed
2958,7.1,1,1,0,74.0,4.6,Yes,No,55.0,75.0,NotPlaced
2422,7.5,1,1,0,67.0,4.2,No,No,57.0,60.0,NotPlaced
7334,8.3,1,3,2,90.0,4.8,Yes,Yes,75.0,85.0,Placed
9235,6.5,0,2,1,60.0,3.1,Yes,No,60.0,67.0,NotPlaced
4809,6.8,1,2,2,70.0,4.0,Yes,Yes,62.0,69.0,NotPlaced
5977,8.0,2,2,2,87.0,4.6,Yes,Yes,70.0,83.0,NotPlaced
4772,6.6,0,1,0,63.0,4.2,No,No,61.0,70.0,NotPlaced
6778,7.6,0,1,0,79.0,4.0,No,No,55.0,63.0,NotPlaced
9155,7.3,0,1,2,85.0,4.7,Yes,Yes,74.0,84.0,Placed
349,6.5,2,3,0,79.0,3.7,Yes,Yes,68.0,86.0,NotPlaced
5140,7.5,1,1,0,72.0,4.1,No,No,55.0,72.0,NotPlaced
2501,8.0,1,2,0,90.0,4.3,Yes,Yes,75.0,70.0,NotPlaced
5938,7.3,2,3,2,90.0,4.5,Yes,Yes,79.0,84.0,Placed
4402,7.9,1,1,1,70.0,3.4,No,No,62.0,71.0,NotPlaced
6720,7.5,2,2,2,78.0,4.2,No,No,59.0,71.0,NotPlaced
4861,7.3,1,1,1,68.0,4.2,No,No,55.0,61.0,NotPlaced
2839,7.9,1,2,1,86.0,4.8,No,Yes,70.0,60.0,NotPlaced
1313,7.7,1,2,1,67.0,3.8,No,Yes,75.0,60.0,NotPlaced
7615,8.4,2,3,2,90.0,4.8,Yes,Yes,80.0,80.0,Placed
5774,8.2,1,1,0,71.0,4.0,No,Yes,56.0,66.0,NotPlaced
7229,6.5,1,1,1,70.0,4.3,No,No,55.0,75.0,NotPlaced
4305,7.5,1,2,2,75.0,4.3,No,Yes,76.0,85.0,Placed
1969,6.5,0,1,0,79.0,4.2,Yes,Yes,83.0,74.0,Placed
7034,7.4,1,3,1,78.0,3.9,No,Yes,55.0,71.0,NotPlaced
205,8.2,1,1,0,81.0,4.3,Yes,Yes,60.0,70.0,Placed
2827,6.6,0,1,0,61.0,3.8,No,No,66.0,61.0,NotPlaced
7994,7.3,1,2,1,83.0,4.2,No,No,61.0,64.0,NotPlaced
9730,6.6,1,2,0,83.0,4.0,No,Yes,58.0,70.0,NotPlaced
7814,7.7,2,3,0,90.0,4.6,Yes,No,55.0,80.0,NotPlaced
783,7.8,0,1,1,69.0,4.2,No,No,57.0,71.0,NotPlaced
8341,7.5,0,1,0,63.0,3.6,Yes,No,71.0,70.0,NotPlaced
1413,7.4,1,1,3,61.0,4.0,No,No,55.0,70.0,NotPlaced
2063,8.4,1,3,2,90.0,4.7,Yes,Yes,85.0,88.0,Placed
3523,7.7,1,1,1,69.0,4.0,Yes,Yes,79.0,85.0,NotPlaced
1072,7.9,0,3,1,86.0,4.6,Yes,No,77.0,80.0,Placed
7893,7.3,1,3,2,90.0,4.5,Yes,Yes,77.0,85.0,Placed
5779,7.5,0,3,1,65.0,4.2,No,No,58.0,67.0,NotPlaced
461,7.7,1,1,0,80.0,4.8,Yes,Yes,55.0,61.0,NotPlaced
8205,7.3,0,2,0,82.0,4.5,No,Yes,57.0,82.0,NotPlaced
9932,7.9,1,2,0,83.0,4.5,No,Yes,78.0,75.0,Placed
5192,7.4,1,1,0,67.0,4.1,No,Yes,60.0,73.0,NotPlaced
5807,8.4,1,3,2,79.0,4.5,Yes,Yes,86.0,87.0,Placed
828,7.1,0,2,0,80.0,3.8,No,Yes,57.0,70.0,NotPlaced
9861,8.3,2,2,1,80.0,4.8,Yes,Yes,79.0,84.0,Placed
633,8.6,2,2,2,88.0,4.8,Yes,No,83.0,77.0,Placed
1302,7.3,1,2,1,61.0,4.5,No,Yes,55.0,84.0,NotPlaced
7735,8.3,1,2,1,70.0,4.8,Yes,Yes,87.0,85.0,Placed
8616,8.5,1,3,1,90.0,4.8,Yes,Yes,80.0,67.0,NotPlaced
4692,6.7,0,3,0,70.0,4.7,Yes,No,89.0,67.0,NotPlaced
160,6.5,1,1,0,63.0,3.5,No,No,56.0,64.0,NotPlaced
4468,8.4,2,3,1,87.0,4.7,Yes,Yes,80.0,82.0,Placed
348,6.6,1,1,1,81.0,4.0,No,No,73.0,72.0,NotPlaced
281,8.3,2,3,1,90.0,4.8,Yes,No,55.0,80.0,Placed
716,6.7,1,1,1,66.0,3.4,No,Yes,59.0,68.0,NotPlaced
6622,7.0,1,1,0,71.0,4.1,No,Yes,56.0,73.0,NotPlaced
6664,7.4,1,3,1,78.0,4.3,No,Yes,71.0,62.0,NotPlaced
5469,8.2,1,3,0,87.0,3.7,Yes,Yes,74.0,88.0,Placed
7497,7.4,0,1,1,70.0,4.3,No,Yes,55.0,69.0,NotPlaced
7061,7.3,2,2,1,76.0,3.8,No,Yes,55.0,72.0,Placed
94,7.4,1,3,0,83.0,4.2,No,Yes,65.0,82.0,NotPlaced
5110,7.8,1,2,0,80.0,4.7,Yes,Yes,55.0,66.0,NotPlaced
773,7.3,1,2,2,73.0,4.7,Yes,Yes,75.0,72.0,NotPlaced
2225,7.4,0,3,2,90.0,4.7,Yes,Yes,83.0,88.0,Placed
6465,7.4,1,1,0,70.0,3.1,No,No,68.0,64.0,NotPlaced
9646,8.5,1,3,2,90.0,4.3,Yes,Yes,71.0,85.0,Placed
701,7.9,1,3,0,79.0,3.7,No,Yes,67.0,83.0,NotPlaced
5931,6.8,1,1,0,80.0,3.6,No,No,66.0,69.0,NotPlaced
6390,6.5,1,1,0,86.0,3.4,No,Yes,59.0,65.0,NotPlaced
8651,8.4,1,2,1,73.0,4.5,No,Yes,75.0,84.0,NotPlaced
2611,7.6,0,1,1,65.0,4.2,Yes,Yes,58.0,65.0,NotPlaced
4094,8.5,1,3,3,86.0,4.8,Yes,Yes,78.0,73.0,Placed
2585,8.8,2,3,2,85.0,4.7,Yes,No,86.0,86.0,Placed
5480,6.8,1,1,1,80.0,4.3,Yes,Yes,55.0,66.0,Placed
3185,6.8,1,2,0,80.0,3.8,No,Yes,77.0,80.0,Placed
248,6.7,1,2,1,73.0,4.3,No,Yes,71.0,66.0,NotPlaced
4101,7.4,1,1,0,81.0,4.0,No,No,62.0,73.0,NotPlaced
231,7.5,1,1,1,70.0,4.6,No,No,59.0,66.0,NotPlaced
3293,6.5,1,2,0,83.0,4.5,No,No,69.0,71.0,NotPlaced
9729,6.5,1,1,2,81.0,3.8,No,No,61.0,63.0,NotPlaced
8101,8.3,2,3,2,84.0,4.4,Yes,Yes,83.0,84.0,Placed
6328,7.6,0,1,0,72.0,4.0,No,Yes,55.0,73.0,NotPlaced
3949,7.6,0,1,0,60.0,4.0,No,Yes,58.0,66.0,NotPlaced
3234,7.6,2,2,3,86.0,4.8,Yes,Yes,85.0,84.0,Placed
5773,6.5,0,2,0,74.0,3.5,No,No,61.0,61.0,NotPlaced
1161,7.8,1,3,0,88.0,4.8,Yes,Yes,77.0,87.0,Placed
4730,7.6,0,2,1,81.0,4.4,Yes,Yes,70.0,63.0,Placed
7601,7.3,1,1,0,80.0,3.8,Yes,Yes,59.0,58.0,Placed
1646,8.2,2,3,2,90.0,4.6,Yes,Yes,76.0,87.0,Placed
9869,7.6,1,2,0,90.0,4.8,Yes,Yes,55.0,81.0,NotPlaced
8303,7.8,1,2,0,84.0,4.4,No,Yes,60.0,65.0,NotPlaced
9956,8.1,2,1,0,83.0,4.1,No,No,63.0,66.0,NotPlaced
5053,8.5,2,2,2,88.0,4.8,Yes,Yes,76.0,86.0,Placed
7339,7.4,0,3,1,83.0,4.3,Yes,Yes,82.0,68.0,Placed
6864,7.8,1,2,0,73.0,4.6,No,Yes,55.0,64.0,NotPlaced
7441,7.2,1,1,0,69.0,4.1,Yes,No,64.0,73.0,NotPlaced
8021,6.6,1,3,2,81.0,4.5,Yes,No,72.0,77.0,NotPlaced
622,6.7,1,1,1,68.0,4.3,No,No,55.0,60.0,NotPlaced
4947,6.5,0,1,0,60.0,3.9,No,No,64.0,66.0,NotPlaced
5545,7.2,2,3,2,84.0,4.0,No,No,77.0,81.0,Placed
7644,7.6,1,2,2,76.0,4.5,Yes,Yes,80.0,85.0,Placed
4723,8.1,2,2,1,65.0,4.8,Yes,No,56.0,68.0,NotPlaced
6685,8.4,1,3,2,86.0,4.4,Yes,No,79.0,76.0,NotPlaced
9024,7.8,1,1,1,72.0,4.6,Yes,Yes,60.0,60.0,NotPlaced
8912,6.8,1,1,1,71.0,4.3,No,Yes,55.0,62.0,NotPlaced
2791,8.4,1,3,2,85.0,4.2,Yes,Yes,89.0,88.0,Placed
2753,8.1,1,2,0,81.0,4.2,No,No,55.0,70.0,NotPlaced
8512,6.8,1,3,1,86.0,4.8,Yes,Yes,76.0,79.0,NotPlaced
2697,7.2,1,2,0,69.0,4.5,No,Yes,56.0,67.0,Placed
1191,6.5,2,3,0,85.0,4.0,No,No,55.0,73.0,NotPlaced
3536,8.4,1,1,0,90.0,4.7,Yes,Yes,83.0,85.0,Placed
2881,7.9,2,3,2,90.0,4.8,Yes,Yes,78.0,87.0,Placed
482,7.1,1,2,0,80.0,4.3,Yes,Yes,69.0,65.0,NotPlaced
926,7.5,0,1,0,66.0,3.5,No,No,60.0,73.0,NotPlaced
8980,8.6,2,3,0,87.0,4.7,Yes,Yes,76.0,73.0,NotPlaced
5640,7.3,1,1,1,83.0,3.8,No,Yes,56.0,68.0,NotPlaced
8109,7.8,2,1,0,70.0,3.5,No,No,70.0,66.0,NotPlaced
1505,7.9,1,3,2,85.0,4.6,Yes,Yes,71.0,88.0,Placed
4791,7.5,1,3,1,72.0,4.4,No,Yes,76.0,85.0,NotPlaced
7194,7.6,1,2,0,73.0,3.7,No,Yes,67.0,61.0,NotPlaced
7660,8.3,0,3,3,89.0,4.8,Yes,Yes,74.0,74.0,Placed
8055,7.9,1,2,2,63.0,3.8,Yes,Yes,55.0,62.0,NotPlaced
5578,7.0,1,1,1,74.0,4.4,No,Yes,64.0,61.0,NotPlaced
3263,8.6,1,2,2,80.0,4.8,Yes,Yes,73.0,80.0,NotPlaced
6811,8.0,2,3,0,84.0,4.1,Yes,No,83.0,66.0,Placed
2032,8.4,1,3,0,87.0,4.1,Yes,No,55.0,84.0,NotPlaced
6958,8.4,1,3,2,90.0,4.3,Yes,Yes,73.0,85.0,Placed
1291,7.4,1,2,2,80.0,4.2,Yes,Yes,73.0,66.0,Placed
9636,7.7,2,2,2,90.0,4.7,Yes,Yes,70.0,86.0,Placed
8862,8.0,2,3,2,89.0,4.6,Yes,Yes,80.0,87.0,Placed
2781,7.3,0,1,1,84.0,4.7,No,No,55.0,68.0,NotPlaced
2862,7.9,1,3,1,75.0,4.6,Yes,Yes,80.0,81.0,NotPlaced
4539,7.8,1,1,0,77.0,3.8,No,No,55.0,57.0,NotPlaced
7124,8.6,2,3,2,90.0,4.8,Yes,Yes,80.0,82.0,Placed
1914,6.5,1,1,3,87.0,4.2,Yes,Yes,80.0,82.0,Placed
8394,7.3,0,2,1,70.0,3.7,Yes,Yes,55.0,74.0,Placed
4358,7.5,1,2,1,78.0,3.8,No,Yes,65.0,71.0,NotPlaced
6055,8.7,1,2,0,69.0,4.6,Yes,Yes,65.0,81.0,Placed
4492,8.0,2,3,1,87.0,4.7,Yes,Yes,87.0,86.0,Placed
8730,9.0,2,3,2,90.0,4.8,Yes,Yes,83.0,88.0,Placed
3349,7.1,1,1,0,77.0,4.1,No,Yes,74.0,66.0,NotPlaced
6047,8.2,1,3,1,77.0,4.2,Yes,Yes,70.0,84.0,Placed
2694,8.3,0,1,2,84.0,4.8,Yes,Yes,83.0,82.0,Placed
4851,8.6,2,2,2,81.0,4.8,Yes,Yes,78.0,81.0,Placed
1806,8.1,1,2,0,72.0,4.5,Yes,Yes,73.0,70.0,Placed
2598,7.1,1,1,1,87.0,4.2,No,No,75.0,70.0,NotPlaced
4519,8.1,2,3,0,75.0,3.5,Yes,Yes,70.0,64.0,NotPlaced
2925,6.6,0,3,0,86.0,4.8,No,No,79.0,66.0,NotPlaced
2393,7.8,1,1,0,63.0,4.4,No,Yes,55.0,68.0,NotPlaced
884,7.1,1,2,0,77.0,3.7,Yes,Yes,71.0,69.0,Placed
6434,6.5,1,1,0,70.0,3.8,No,Yes,59.0,68.0,Placed
1293,8.0,0,3,2,90.0,4.8,Yes,Yes,81.0,83.0,Placed
9258,6.5,1,2,1,72.0,3.5,No,No,57.0,65.0,NotPlaced
7665,6.5,1,1,1,71.0,4.5,No,No,55.0,74.0,NotPlaced
4897,6.7,1,1,1,67.0,4.2,No,No,72.0,73.0,NotPlaced
1781,7.7,1,2,2,88.0,4.6,Yes,Yes,77.0,72.0,Placed
7586,6.5,1,1,2,84.0,4.5,No,Yes,78.0,68.0,NotPlaced
4310,6.5,1,1,1,74.0,4.0,No,No,87.0,67.0,NotPlaced
6265,7.5,1,1,1,70.0,4.1,Yes,Yes,56.0,63.0,NotPlaced
9734,7.0,1,1,1,72.0,3.8,No,No,55.0,68.0,NotPlaced
7099,7.6,1,3,2,90.0,4.8,Yes,Yes,60.0,83.0,NotPlaced
7801,8.6,2,3,2,90.0,4.8,Yes,Yes,72.0,86.0,Placed
8073,7.5,2,3,2,90.0,4.7,Yes,Yes,83.0,85.0,Placed
7148,8.1,0,2,0,82.0,4.2,Yes,No,68.0,75.0,Placed
446,8.2,0,3,1,83.0,4.7,Yes,No,81.0,87.0,NotPlaced
8999,7.8,0,2,2,87.0,4.6,Yes,Yes,85.0,86.0,Placed
4789,8.6,2,1,3,80.0,4.5,Yes,Yes,83.0,81.0,Placed
3697,8.0,1,3,0,90.0,3.7,No,Yes,57.0,66.0,Placed
8161,8.6,2,3,2,90.0,4.8,Yes,Yes,79.0,87.0,Placed
2394,6.9,0,3,2,82.0,4.8,Yes,Yes,85.0,79.0,Placed
3787,8.3,0,2,0,67.0,4.4,Yes,Yes,81.0,77.0,NotPlaced
6558,6.9,0,2,0,71.0,4.0,No,Yes,55.0,71.0,NotPlaced
7596,6.5,2,1,3,83.0,4.5,Yes,Yes,55.0,68.0,NotPlaced
7530,8.3,1,1,2,90.0,4.5,Yes,Yes,79.0,81.0,Placed
9781,6.5,0,3,1,67.0,4.1,Yes,Yes,66.0,83.0,NotPlaced
5877,7.5,0,2,0,81.0,4.3,Yes,Yes,63.0,61.0,NotPlaced
7816,8.5,1,3,2,90.0,4.7,Yes,Yes,75.0,81.0,Placed
422,7.8,1,2,0,82.0,4.7,Yes,Yes,77.0,67.0,NotPlaced
2455,7.2,1,1,0,82.0,4.0,No,Yes,82.0,74.0,Placed
1583,7.5,2,3,0,69.0,3.9,Yes,Yes,76.0,86.0,NotPlaced
8060,6.5,0,2,0,80.0,4.2,No,No,57.0,71.0,NotPlaced
3888,8.1,2,3,1,80.0,4.8,Yes,Yes,83.0,79.0,Placed
9533,6.9,1,1,1,65.0,3.0,No,No,61.0,63.0,NotPlaced
3647,8.5,2,3,1,70.0,3.9,Yes,Yes,60.0,71.0,NotPlaced
9822,8.6,2,3,3,89.0,4.7,No,Yes,68.0,86.0,Placed
6406,7.7,1,2,2,78.0,4.2,Yes,Yes,69.0,76.0,Placed
7478,6.9,2,2,0,68.0,3.2,No,Yes,55.0,65.0,NotPlaced
1609,6.5,1,1,1,78.0,4.0,No,No,55.0,66.0,NotPlaced
3875,7.4,1,1,0,78.0,4.4,No,No,69.0,62.0,NotPlaced
6671,8.4,1,3,0,88.0,4.1,Yes,Yes,87.0,85.0,Placed
4613,7.6,1,1,0,65.0,4.1,Yes,No,55.0,65.0,NotPlaced
1229,8.3,1,2,0,79.0,4.3,No,Yes,79.0,84.0,Placed
850,8.3,2,1,0,86.0,4.8,Yes,No,74.0,86.0,NotPlaced
7201,7.4,1,0,2,73.0,4.2,No,Yes,90.0,72.0,NotPlaced
7942,7.4,0,2,1,71.0,4.7,No,Yes,69.0,81.0,NotPlaced
8368,7.6,0,1,1,72.0,4.4,No,Yes,69.0,76.0,NotPlaced
6950,7.6,1,2,1,72.0,3.8,No,Yes,55.0,67.0,NotPlaced
3860,8.9,2,3,2,90.0,4.8,Yes,Yes,71.0,87.0,Placed
4069,8.2,1,3,2,90.0,4.6,Yes,Yes,86.0,86.0,Placed
6171,8.3,2,1,1,77.0,4.1,Yes,Yes,72.0,68.0,NotPlaced
7147,7.2,1,2,1,65.0,4.4,No,No,55.0,74.0,NotPlaced
7843,7.9,2,3,2,76.0,4.5,Yes,No,87.0,82.0,Placed
3215,8.6,1,3,2,87.0,4.8,Yes,Yes,75.0,85.0,Placed
1143,7.5,1,3,0,86.0,4.4,Yes,Yes,73.0,83.0,Placed
857,6.5,1,2,0,79.0,4.6,Yes,No,71.0,75.0,Placed
5624,6.8,0,2,1,65.0,4.8,No,Yes,55.0,71.0,NotPlaced
6241,8.6,2,2,2,81.0,4.6,Yes,Yes,83.0,84.0,Placed
4593,8.1,0,3,1,90.0,4.7,Yes,Yes,81.0,86.0,NotPlaced
4633,8.3,2,3,2,90.0,4.5,Yes,Yes,82.0,85.0,Placed
6823,8.4,2,2,2,78.0,4.5,Yes,Yes,75.0,80.0,Placed
2835,6.6,1,2,0,60.0,4.7,Yes,Yes,55.0,69.0,NotPlaced
1771,8.4,1,2,3,75.0,3.8,Yes,Yes,66.0,71.0,NotPlaced
1498,6.7,1,1,1,65.0,3.8,No,No,55.0,62.0,NotPlaced
6645,7.4,1,1,0,61.0,4.1,No,Yes,55.0,72.0,Placed
9461,7.0,0,1,0,74.0,4.4,No,No,71.0,60.0,NotPlaced
7892,8.1,2,3,2,90.0,4.8,Yes,Yes,85.0,88.0,Placed
7964,7.2,1,2,0,80.0,4.6,No,Yes,65.0,58.0,NotPlaced
6583,7.6,0,2,2,90.0,4.6,Yes,Yes,85.0,77.0,Placed
6594,8.6,2,2,2,87.0,4.8,Yes,Yes,80.0,83.0,Placed
9094,7.6,2,1,1,74.0,3.8,Yes,Yes,61.0,83.0,NotPlaced
968,6.5,1,2,0,66.0,4.0,No,No,57.0,71.0,NotPlaced
171,8.3,1,2,1,69.0,3.8,No,Yes,76.0,71.0,NotPlaced
765,7.5,1,3,0,80.0,4.0,Yes,Yes,60.0,62.0,NotPlaced
1129,6.7,0,1,0,60.0,3.9,No,Yes,55.0,58.0,NotPlaced
1310,6.6,0,1,2,72.0,4.1,No,Yes,84.0,70.0,NotPlaced
3903,6.6,2,1,0,75.0,4.2,No,Yes,75.0,70.0,NotPlaced
3310,7.6,1,1,1,83.0,4.2,Yes,Yes,68.0,86.0,Placed
1264,8.5,1,2,2,78.0,4.8,Yes,Yes,57.0,70.0,NotPlaced
9345,6.6,1,2,0,79.0,3.9,No,Yes,60.0,69.0,NotPlaced
6282,7.5,2,1,0,72.0,3.6,No,Yes,61.0,60.0,NotPlaced
2597,7.5,1,2,1,77.0,4.6,Yes,Yes,84.0,65.0,NotPlaced
3477,8.7,2,3,2,89.0,4.8,Yes,Yes,77.0,83.0,Placed
6850,8.0,2,3,2,90.0,4.8,Yes,Yes,75.0,86.0,Placed
8486,7.8,1,3,1,82.0,4.8,Yes,Yes,76.0,83.0,Placed
1787,7.5,1,3,0,88.0,4.8,Yes,No,82.0,85.0,Placed
7017,7.9,2,3,0,90.0,4.8,Yes,Yes,88.0,84.0,Placed
9132,7.6,2,3,0,76.0,4.8,Yes,Yes,71.0,85.0,NotPlaced
16,7.4,0,2,1,78.0,4.4,No,No,63.0,66.0,NotPlaced
9964,6.5,2,1,0,65.0,3.3,No,No,55.0,70.0,NotPlaced
7242,7.6,1,2,1,77.0,4.6,No,Yes,72.0,69.0,NotPlaced
3037,7.3,1,1,1,66.0,4.4,No,No,60.0,64.0,NotPlaced
7826,7.8,1,1,1,67.0,3.5,No,No,60.0,70.0,NotPlaced
4503,7.6,1,3,2,72.0,4.2,No,No,55.0,60.0,NotPlaced
8181,7.0,1,1,0,74.0,4.5,No,No,57.0,61.0,NotPlaced
9488,6.9,1,1,1,68.0,4.4,Yes,Yes,55.0,65.0,NotPlaced
5802,8.0,0,1,0,75.0,3.8,Yes,No,57.0,64.0,NotPlaced
2756,8.4,2,3,2,90.0,4.4,Yes,Yes,74.0,88.0,Placed
1698,7.5,0,2,2,79.0,4.6,Yes,Yes,90.0,67.0,Placed
4644,7.8,2,3,1,85.0,4.8,Yes,Yes,79.0,83.0,Placed
9147,7.7,1,1,1,74.0,4.3,No,Yes,58.0,65.0,NotPlaced
6331,7.5,1,1,3,79.0,4.5,Yes,No,56.0,71.0,NotPlaced
4737,7.4,1,3,1,73.0,4.4,No,Yes,55.0,74.0,NotPlaced
3282,8.4,1,2,2,88.0,4.1,Yes,Yes,66.0,86.0,Placed
400,6.9,0,1,0,90.0,4.5,Yes,Yes,81.0,80.0,Placed
963,6.6,0,1,1,67.0,4.5,No,No,65.0,71.0,NotPlaced
5604,8.3,2,3,2,88.0,4.8,Yes,Yes,87.0,88.0,Placed
2369,6.5,1,2,1,86.0,4.3,Yes,Yes,84.0,88.0,Placed
6746,8.2,2,3,2,83.0,4.5,Yes,Yes,84.0,88.0,Placed
9330,6.7,1,2,2,82.0,3.2,No,No,66.0,58.0,Placed
5994,8.3,1,3,2,90.0,4.8,Yes,Yes,83.0,83.0,Placed
4375,6.9,1,3,1,86.0,4.5,Yes,Yes,77.0,84.0,Placed
3401,7.7,2,3,2,86.0,4.6,Yes,Yes,61.0,84.0,Placed
5377,7.5,1,1,0,76.0,4.0,No,No,68.0,65.0,NotPlaced
1409,7.8,1,3,1,87.0,4.5,Yes,Yes,69.0,82.0,Placed
5162,7.8,1,2,2,76.0,4.4,No,Yes,55.0,67.0,NotPlaced
5435,7.7,1,2,0,78.0,3.8,No,Yes,61.0,70.0,NotPlaced
7225,7.7,1,2,0,82.0,4.4,No,Yes,55.0,69.0,NotPlaced
8111,8.6,1,3,2,72.0,4.0,Yes,Yes,80.0,64.0,Placed
8463,8.2,1,3,0,88.0,4.2,Yes,Yes,66.0,88.0,Placed
4489,7.6,0,1,1,76.0,4.5,No,No,65.0,68.0,NotPlaced
4839,8.4,2,3,2,90.0,4.8,Yes,Yes,78.0,85.0,Placed
6409,7.9,1,1,2,80.0,4.1,Yes,Yes,76.0,83.0,NotPlaced
6161,7.7,1,2,1,79.0,4.6,Yes,Yes,68.0,70.0,NotPlaced
4908,7.9,0,2,1,76.0,4.7,Yes,Yes,82.0,82.0,NotPlaced
8454,7.6,1,1,0,74.0,4.5,No,Yes,70.0,66.0,NotPlaced
7554,7.8,1,1,1,63.0,4.1,No,Yes,55.0,67.0,NotPlaced
3141,7.8,1,2,1,77.0,4.6,Yes,Yes,71.0,76.0,Placed
1972,7.7,1,2,2,75.0,4.6,Yes,No,68.0,73.0,Placed
544,8.3,1,3,1,84.0,4.6,Yes,Yes,75.0,82.0,NotPlaced
6786,8.5,0,3,0,89.0,4.7,Yes,Yes,83.0,80.0,Placed
4233,8.2,1,3,2,90.0,4.4,Yes,Yes,72.0,87.0,Placed
9565,8.5,1,3,2,90.0,4.4,Yes,Yes,72.0,83.0,NotPlaced
9700,8.2,1,3,2,85.0,4.4,Yes,Yes,81.0,84.0,Placed
4098,7.3,0,1,1,76.0,4.2,No,No,55.0,66.0,NotPlaced
4623,8.2,2,3,3,90.0,4.2,Yes,Yes,78.0,77.0,NotPlaced
35,6.9,0,1,0,70.0,3.9,No,Yes,79.0,68.0,Placed
4592,6.5,1,2,0,71.0,4.3,No,No,59.0,72.0,NotPlaced
1317,6.5,1,2,0,76.0,4.4,No,No,55.0,59.0,NotPlaced
4955,7.4,1,2,1,71.0,3.5,No,No,74.0,64.0,NotPlaced
42,8.3,2,3,2,85.0,4.8,Yes,Yes,77.0,83.0,Placed
3890,6.5,1,1,1,75.0,4.0,No,Yes,60.0,67.0,NotPlaced
5451,8.7,1,2,0,80.0,4.5,Yes,Yes,55.0,64.0,Placed
9403,6.8,2,3,2,86.0,4.5,Yes,Yes,79.0,86.0,NotPlaced
7171,8.7,1,3,3,87.0,4.7,Yes,Yes,68.0,84.0,Placed
359,7.5,1,3,0,70.0,4.2,No,Yes,60.0,68.0,NotPlaced
3981,8.2,2,3,2,90.0,4.8,Yes,Yes,85.0,80.0,Placed
9099,7.8,1,3,1,79.0,3.7,No,No,55.0,67.0,NotPlaced
1050,8.5,1,3,2,88.0,4.2,Yes,Yes,87.0,88.0,Placed
5960,7.7,1,1,0,64.0,4.4,No,No,62.0,63.0,NotPlaced
324,8.2,0,2,0,85.0,4.1,Yes,No,57.0,70.0,NotPlaced
1525,8.2,0,1,2,90.0,4.7,No,Yes,73.0,68.0,Placed
4444,6.8,1,2,1,73.0,4.3,Yes,No,86.0,71.0,NotPlaced
6078,7.7,1,2,1,75.0,4.6,Yes,Yes,68.0,70.0,NotPlaced
971,8.8,2,3,2,90.0,4.8,Yes,Yes,80.0,80.0,Placed
1897,7.5,1,3,2,75.0,4.5,Yes,Yes,80.0,63.0,Placed
9166,8.1,2,3,2,90.0,4.8,Yes,Yes,85.0,84.0,Placed
1224,8.0,1,2,0,79.0,4.4,No,No,84.0,77.0,NotPlaced
1211,7.9,1,2,0,89.0,4.8,No,Yes,77.0,66.0,NotPlaced
4853,8.5,1,3,2,87.0,4.8,Yes,Yes,67.0,85.0,Placed
9072,6.9,1,1,2,72.0,3.8,Yes,Yes,71.0,83.0,NotPlaced
651,8.1,1,3,0,90.0,4.8,Yes,Yes,83.0,83.0,NotPlaced
3769,7.3,2,1,1,79.0,4.8,Yes,No,58.0,66.0,NotPlaced
4720,6.8,1,1,0,74.0,4.2,No,Yes,58.0,73.0,NotPlaced
6579,7.5,0,3,2,90.0,4.7,Yes,Yes,71.0,85.0,Placed
1454,7.0,1,2,1,75.0,4.7,Yes,Yes,55.0,70.0,NotPlaced
1885,8.2,2,3,2,90.0,4.8,Yes,No,85.0,78.0,Placed
9254,6.8,1,1,0,79.0,4.3,No,No,55.0,63.0,NotPlaced
3762,7.5,1,1,0,82.0,3.6,No,Yes,66.0,65.0,NotPlaced
8399,8.4,1,0,0,75.0,4.7,Yes,Yes,76.0,76.0,Placed
136,8.4,2,3,1,88.0,4.6,Yes,Yes,74.0,82.0,NotPlaced
555,8.2,0,3,0,76.0,4.7,Yes,Yes,77.0,66.0,NotPlaced
4026,6.5,1,1,0,80.0,4.5,No,Yes,60.0,70.0,NotPlaced
2742,8.8,2,3,2,90.0,4.8,Yes,Yes,77.0,81.0,Placed
4035,6.7,1,1,0,73.0,4.6,Yes,No,67.0,68.0,NotPlaced
9462,8.2,2,2,1,87.0,4.5,Yes,Yes,70.0,70.0,NotPlaced
1852,7.4,1,3,2,70.0,4.7,Yes,Yes,74.0,86.0,NotPlaced
6207,8.4,0,3,2,86.0,4.8,Yes,Yes,75.0,86.0,Placed
2640,8.4,2,3,2,90.0,4.8,Yes,Yes,85.0,78.0,Placed
892,7.0,0,1,0,82.0,4.4,Yes,No,55.0,73.0,NotPlaced
8271,7.4,1,3,2,73.0,4.1,Yes,Yes,86.0,78.0,Placed
9547,8.3,1,3,2,90.0,4.8,Yes,Yes,80.0,86.0,Placed
7709,8.2,2,3,0,65.0,4.3,Yes,Yes,78.0,83.0,Placed
4608,7.2,1,1,1,69.0,3.7,No,No,65.0,70.0,NotPlaced
8659,7.9,1,3,3,83.0,4.7,Yes,Yes,69.0,81.0,Placed
2417,7.3,1,2,0,69.0,3.7,No,Yes,55.0,68.0,NotPlaced
3928,9.0,1,3,2,90.0,4.8,Yes,Yes,77.0,78.0,Placed
5135,8.0,2,3,2,90.0,4.4,Yes,Yes,80.0,88.0,Placed
5139,8.4,1,3,0,90.0,4.5,Yes,Yes,59.0,82.0,Placed
2240,7.4,1,2,1,64.0,3.5,No,No,62.0,69.0,NotPlaced
2512,8.1,0,2,0,81.0,4.8,No,Yes,88.0,82.0,NotPlaced
8956,8.6,2,3,3,83.0,4.6,Yes,No,86.0,84.0,NotPlaced
1952,8.0,1,1,2,80.0,4.7,Yes,Yes,80.0,79.0,NotPlaced
341,8.3,0,3,1,88.0,4.7,Yes,Yes,69.0,80.0,NotPlaced
5513,8.7,0,2,2,84.0,4.5,Yes,Yes,83.0,84.0,NotPlaced
5553,7.6,1,1,0,77.0,4.5,Yes,Yes,70.0,71.0,NotPlaced
6843,6.5,1,3,0,79.0,4.3,Yes,Yes,55.0,85.0,Placed
252,6.5,1,1,0,68.0,4.3,No,Yes,55.0,70.0,NotPlaced
6027,6.5,0,3,2,84.0,3.9,Yes,Yes,83.0,88.0,Placed
9911,8.4,1,3,2,82.0,4.6,Yes,Yes,72.0,83.0,Placed
539,8.9,2,3,2,90.0,4.8,Yes,Yes,79.0,87.0,Placed
33,8.5,1,3,0,90.0,4.8,Yes,Yes,85.0,85.0,Placed
5626,7.8,2,3,2,90.0,4.8,Yes,Yes,85.0,85.0,Placed
1674,6.5,0,1,0,83.0,4.1,Yes,Yes,55.0,80.0,NotPlaced
9585,8.7,2,3,2,79.0,4.4,Yes,Yes,76.0,83.0,Placed
2765,8.5,1,1,2,90.0,4.7,Yes,Yes,75.0,88.0,Placed
9919,7.6,1,2,0,77.0,4.2,Yes,Yes,55.0,82.0,NotPlaced
9521,8.1,1,1,0,81.0,4.7,No,Yes,55.0,69.0,NotPlaced
3386,7.5,1,1,1,70.0,3.6,No,Yes,55.0,64.0,NotPlaced
6734,7.3,1,2,3,81.0,3.8,No,Yes,76.0,64.0,NotPlaced
7935,8.0,2,3,2,90.0,4.8,Yes,Yes,82.0,78.0,Placed
8997,6.5,1,2,1,72.0,4.4,No,No,55.0,63.0,NotPlaced
4559,6.5,1,1,0,65.0,4.3,No,No,61.0,70.0,NotPlaced
6034,7.5,2,3,2,90.0,4.1,No,Yes,63.0,83.0,Placed
7643,8.4,2,3,2,84.0,4.7,Yes,No,85.0,85.0,NotPlaced
1978,7.9,1,2,0,90.0,4.8,Yes,Yes,76.0,80.0,Placed
2142,7.7,1,2,0,78.0,3.8,No,Yes,66.0,66.0,NotPlaced
1176,8.0,2,1,0,83.0,4.4,No,Yes,75.0,73.0,Placed
8771,8.2,1,1,1,79.0,4.1,Yes,Yes,58.0,83.0,NotPlaced
7583,6.5,2,1,0,69.0,3.7,No,No,55.0,68.0,NotPlaced
5173,7.5,1,2,0,71.0,4.7,No,Yes,55.0,72.0,NotPlaced
4349,8.0,2,3,2,90.0,4.6,Yes,Yes,81.0,88.0,Placed
9978,8.3,2,3,2,90.0,4.8,Yes,Yes,82.0,88.0,Placed
576,8.6,1,1,1,88.0,4.0,No,Yes,80.0,66.0,Placed
8300,6.8,2,1,0,65.0,4.6,Yes,Yes,55.0,63.0,NotPlaced
9736,6.5,1,3,2,85.0,4.8,Yes,Yes,74.0,82.0,NotPlaced
5820,7.1,2,2,1,84.0,3.9,No,No,59.0,68.0,NotPlaced
6839,7.5,1,2,1,90.0,4.6,No,Yes,72.0,83.0,Placed
9343,8.2,1,3,0,80.0,4.5,Yes,Yes,76.0,82.0,Placed
2959,7.3,1,1,0,77.0,4.3,Yes,Yes,66.0,68.0,NotPlaced
4514,8.2,1,3,2,87.0,4.8,Yes,No,90.0,85.0,Placed
1923,6.5,1,2,1,78.0,4.4,Yes,Yes,77.0,73.0,NotPlaced
5503,6.6,1,1,0,81.0,4.4,Yes,Yes,74.0,75.0,NotPlaced
6378,7.4,1,1,1,67.0,3.1,No,Yes,55.0,63.0,NotPlaced
6488,8.2,1,3,0,68.0,3.8,Yes,Yes,75.0,73.0,Placed
8560,7.7,1,2,1,72.0,4.5,No,Yes,55.0,65.0,NotPlaced
4274,7.3,1,1,0,68.0,4.4,No,No,57.0,61.0,NotPlaced
9934,7.6,1,2,0,65.0,3.3,No,Yes,58.0,64.0,NotPlaced
2409,6.5,1,1,1,79.0,4.1,No,No,61.0,67.0,Placed
5691,6.7,0,2,1,69.0,4.4,Yes,Yes,55.0,72.0,NotPlaced
5849,7.4,1,3,0,78.0,4.2,No,Yes,71.0,67.0,Placed
5724,8.4,2,3,2,90.0,4.8,Yes,Yes,84.0,83.0,Placed
4429,6.7,0,1,1,81.0,4.1,No,Yes,81.0,64.0,NotPlaced
8099,7.6,1,1,0,71.0,3.3,No,Yes,64.0,72.0,NotPlaced
9374,6.5,1,1,1,71.0,4.3,No,Yes,55.0,73.0,NotPlaced
6030,7.4,1,2,0,69.0,3.6,No,Yes,55.0,63.0,NotPlaced
5517,6.5,1,1,1,62.0,4.0,No,No,55.0,60.0,NotPlaced
8530,6.5,1,1,1,72.0,3.8,No,Yes,55.0,66.0,NotPlaced
7277,6.5,2,3,2,87.0,4.8,Yes,Yes,71.0,84.0,Placed
8701,8.7,2,3,2,90.0,4.8,Yes,Yes,85.0,86.0,Placed
6439,7.9,2,3,2,90.0,4.7,Yes,Yes,87.0,83.0,Placed
4099,6.6,0,1,0,68.0,3.8,No,No,65.0,65.0,NotPlaced
2306,7.3,1,1,1,64.0,4.1,No,No,59.0,60.0,NotPlaced
1432,6.9,1,3,1,72.0,4.7,Yes,Yes,75.0,74.0,Placed
1073,6.5,1,1,1,77.0,3.9,No,Yes,55.0,70.0,NotPlaced
5037,8.4,2,3,2,90.0,4.8,Yes,Yes,76.0,86.0,Placed
8075,8.5,2,1,2,87.0,4.8,Yes,Yes,78.0,85.0,Placed
3922,8.5,1,2,2,83.0,4.2,Yes,No,79.0,85.0,Placed
4935,6.7,1,2,1,68.0,4.3,No,Yes,56.0,68.0,NotPlaced
1044,6.5,0,1,0,75.0,4.5,No,No,58.0,84.0,NotPlaced
3107,7.0,1,2,1,83.0,4.8,Yes,Yes,58.0,64.0,NotPlaced
7662,6.8,0,1,0,72.0,4.2,No,No,55.0,69.0,NotPlaced
7012,6.5,0,1,0,65.0,4.5,No,No,59.0,69.0,NotPlaced
2302,8.0,1,3,3,90.0,4.8,Yes,Yes,82.0,84.0,Placed
1881,7.2,0,1,0,73.0,3.7,No,No,55.0,62.0,NotPlaced
597,8.4,1,3,2,90.0,4.6,Yes,Yes,82.0,88.0,Placed
3756,7.6,2,3,1,80.0,4.3,Yes,Yes,57.0,70.0,NotPlaced
4251,7.8,1,2,1,82.0,4.4,Yes,Yes,55.0,67.0,NotPlaced
407,7.8,2,3,0,89.0,4.6,No,Yes,71.0,68.0,NotPlaced
5447,8.1,1,3,0,78.0,4.0,Yes,Yes,66.0,82.0,NotPlaced
5421,7.7,0,3,1,84.0,4.2,Yes,No,67.0,85.0,NotPlaced
5921,7.1,1,3,2,88.0,4.0,Yes,Yes,78.0,65.0,Placed
4104,7.9,1,3,2,90.0,4.6,Yes,Yes,74.0,84.0,NotPlaced
4521,8.4,1,2,1,84.0,4.3,Yes,Yes,72.0,67.0,NotPlaced
3237,8.4,2,3,2,90.0,4.8,Yes,Yes,84.0,88.0,Placed
8890,7.6,0,2,1,77.0,4.4,Yes,Yes,64.0,63.0,Placed
799,7.6,0,1,0,65.0,4.1,No,No,55.0,68.0,NotPlaced
4763,8.4,2,3,0,83.0,4.4,Yes,Yes,85.0,82.0,Placed
4746,8.8,1,3,2,89.0,4.4,Yes,Yes,77.0,76.0,Placed
3495,8.4,2,3,2,89.0,4.4,Yes,Yes,78.0,84.0,NotPlaced
992,7.9,1,2,2,76.0,4.5,Yes,Yes,55.0,58.0,NotPlaced
1509,7.6,2,1,1,66.0,3.4,No,No,56.0,74.0,NotPlaced
1477,8.2,1,3,2,90.0,4.5,Yes,Yes,73.0,87.0,Placed
2243,6.5,2,3,0,89.0,4.4,Yes,Yes,77.0,73.0,Placed
2042,7.8,1,1,1,69.0,4.1,No,No,55.0,64.0,NotPlaced
4235,7.4,0,1,2,81.0,3.8,Yes,Yes,72.0,87.0,NotPlaced
7102,7.8,0,3,3,71.0,4.8,Yes,Yes,72.0,66.0,Placed
5656,8.1,1,2,0,74.0,4.7,Yes,Yes,61.0,69.0,NotPlaced
8786,8.4,0,3,2,75.0,4.8,Yes,Yes,55.0,63.0,NotPlaced
4688,7.6,1,1,0,60.0,4.2,No,Yes,73.0,65.0,NotPlaced
4590,7.8,1,1,0,66.0,4.1,No,Yes,61.0,82.0,NotPlaced
6658,7.8,1,2,0,90.0,4.8,Yes,Yes,84.0,84.0,NotPlaced
7403,8.1,0,3,2,82.0,4.8,Yes,No,82.0,83.0,Placed
8869,6.5,0,2,2,85.0,4.1,No,Yes,71.0,72.0,NotPlaced
2689,8.4,1,3,2,77.0,4.5,Yes,Yes,82.0,80.0,Placed
556,8.3,2,3,2,88.0,4.7,Yes,Yes,70.0,85.0,Placed
4581,7.8,1,2,0,72.0,3.6,Yes,Yes,60.0,64.0,NotPlaced
6887,7.5,0,2,0,86.0,4.2,Yes,Yes,74.0,66.0,Placed
8538,7.6,1,1,3,76.0,3.8,No,Yes,59.0,60.0,NotPlaced
9920,7.5,2,1,1,82.0,4.7,No,Yes,76.0,59.0,Placed
1669,8.3,1,3,0,86.0,4.4,Yes,Yes,75.0,79.0,Placed
9629,8.4,0,3,2,90.0,4.8,Yes,Yes,55.0,67.0,Placed
203,6.5,0,2,2,75.0,4.5,Yes,No,65.0,59.0,NotPlaced
3101,8.8,2,3,2,90.0,4.8,Yes,Yes,84.0,80.0,Placed
7026,6.8,1,1,0,60.0,3.7,No,No,64.0,64.0,NotPlaced
2750,8.6,1,3,0,90.0,4.8,Yes,Yes,87.0,81.0,Placed
267,6.8,2,2,2,80.0,4.6,No,Yes,61.0,69.0,NotPlaced
9394,6.8,1,2,0,64.0,3.4,No,Yes,55.0,72.0,NotPlaced
6598,7.5,1,1,0,82.0,3.3,Yes,Yes,81.0,66.0,NotPlaced
4769,8.1,2,3,2,90.0,4.6,Yes,Yes,77.0,81.0,Placed
1659,8.5,0,1,0,82.0,4.5,Yes,Yes,64.0,63.0,NotPlaced
415,7.6,1,3,1,73.0,4.4,No,Yes,55.0,62.0,NotPlaced
4759,8.2,2,3,1,90.0,4.8,Yes,Yes,84.0,78.0,Placed
4890,8.1,1,2,1,77.0,3.8,Yes,No,70.0,64.0,NotPlaced
2904,7.8,1,1,1,82.0,3.9,No,Yes,74.0,73.0,NotPlaced
889,8.0,1,1,0,83.0,4.7,No,Yes,60.0,87.0,Placed
779,7.5,2,2,0,79.0,4.5,Yes,Yes,82.0,82.0,Placed
856,7.6,0,1,1,85.0,4.1,No,Yes,56.0,68.0,Placed
1098,7.6,1,2,0,81.0,4.5,No,Yes,76.0,84.0,NotPlaced
3087,7.7,1,1,0,81.0,4.3,No,No,60.0,70.0,Placed
8505,8.3,2,2,2,73.0,3.9,Yes,Yes,86.0,71.0,NotPlaced
4213,8.4,2,3,2,88.0,4.6,Yes,Yes,84.0,76.0,Placed
5128,6.6,0,1,0,77.0,3.7,No,No,61.0,60.0,NotPlaced
4221,8.1,1,3,2,75.0,4.3,Yes,Yes,69.0,83.0,Placed
6262,8.0,1,2,2,87.0,4.6,Yes,Yes,70.0,69.0,Placed
9452,8.9,2,3,2,90.0,4.8,Yes,Yes,78.0,84.0,Placed
7051,8.0,2,2,0,84.0,4.7,Yes,Yes,64.0,88.0,Placed
1683,7.6,1,1,0,73.0,3.7,No,Yes,55.0,64.0,NotPlaced
5237,8.4,1,1,2,80.0,4.8,No,No,71.0,65.0,Placed
6580,7.8,1,2,1,74.0,4.3,No,No,55.0,68.0,NotPlaced
4090,7.4,1,2,1,71.0,4.8,Yes,Yes,55.0,58.0,NotPlaced
3793,7.6,1,1,0,74.0,4.4,Yes,Yes,55.0,68.0,Placed
3655,8.3,2,3,1,83.0,4.1,Yes,Yes,81.0,66.0,NotPlaced
9195,8.5,2,1,1,70.0,4.3,Yes,Yes,58.0,63.0,Placed
8190,7.9,1,3,1,90.0,4.8,Yes,Yes,77.0,85.0,Placed
1577,7.6,1,1,1,62.0,4.2,No,No,80.0,65.0,NotPlaced
6908,7.6,1,1,1,66.0,3.6,Yes,Yes,62.0,65.0,NotPlaced
6665,7.4,1,1,0,69.0,4.3,Yes,Yes,60.0,83.0,Placed
1399,6.5,1,2,1,81.0,3.9,No,Yes,75.0,82.0,NotPlaced
4312,6.5,1,1,0,78.0,4.1,Yes,Yes,75.0,84.0,NotPlaced
7990,7.7,1,2,0,77.0,4.3,Yes,Yes,73.0,80.0,Placed
6251,7.5,0,1,1,71.0,4.5,No,Yes,55.0,67.0,NotPlaced
871,7.2,1,1,1,69.0,4.3,No,No,58.0,62.0,NotPlaced
6948,6.7,1,1,1,82.0,4.4,Yes,Yes,82.0,73.0,NotPlaced
491,7.6,1,2,1,76.0,3.9,No,No,55.0,69.0,NotPlaced
2648,7.4,0,1,0,72.0,3.6,No,No,60.0,71.0,NotPlaced
3049,8.4,2,3,2,90.0,4.8,Yes,Yes,78.0,83.0,Placed
7162,8.8,2,3,2,90.0,4.8,Yes,Yes,66.0,85.0,Placed
5202,8.0,0,1,0,83.0,3.3,No,Yes,58.0,70.0,NotPlaced
5833,6.5,1,2,2,90.0,4.8,No,Yes,70.0,68.0,NotPlaced
2819,7.5,1,1,1,79.0,3.2,No,Yes,61.0,65.0,NotPlaced
2883,8.2,2,3,1,85.0,4.6,No,Yes,78.0,66.0,Placed
1660,7.8,1,2,0,73.0,4.1,No,Yes,61.0,71.0,NotPlaced
4116,8.2,2,3,2,82.0,4.8,No,Yes,83.0,82.0,Placed
737,7.0,1,1,1,70.0,4.8,No,No,61.0,63.0,NotPlaced
6923,8.3,2,3,2,90.0,4.8,Yes,Yes,73.0,84.0,Placed
5532,6.6,0,3,0,87.0,4.6,Yes,Yes,77.0,77.0,Placed
1986,8.0,1,1,2,75.0,3.6,Yes,Yes,55.0,64.0,NotPlaced
6191,7.5,1,2,0,80.0,4.3,No,No,76.0,71.0,NotPlaced
7354,8.0,1,3,1,75.0,4.2,Yes,Yes,76.0,84.0,NotPlaced
3414,7.5,1,1,1,72.0,4.0,No,Yes,63.0,62.0,NotPlaced
2540,7.5,1,3,1,84.0,4.8,Yes,Yes,72.0,67.0,Placed
4127,8.6,2,3,2,90.0,4.8,Yes,Yes,82.0,86.0,Placed
5564,6.5,0,2,0,77.0,4.4,No,Yes,68.0,84.0,NotPlaced
2453,7.6,0,1,1,75.0,3.6,No,Yes,59.0,62.0,NotPlaced
7551,7.5,1,2,0,82.0,4.1,No,No,64.0,61.0,NotPlaced
5899,6.7,1,1,0,79.0,4.1,No,Yes,56.0,70.0,NotPlaced
7192,7.4,0,1,0,73.0,4.1,No,No,63.0,72.0,NotPlaced
5900,8.5,2,3,2,90.0,4.8,Yes,Yes,82.0,87.0,Placed
9745,8.9,2,3,1,90.0,4.3,Yes,Yes,61.0,83.0,Placed
5799,6.5,1,3,2,84.0,4.7,No,No,58.0,69.0,NotPlaced
1636,7.7,1,2,0,76.0,4.6,Yes,Yes,56.0,66.0,NotPlaced
6819,7.5,0,1,0,81.0,4.7,No,Yes,55.0,70.0,NotPlaced
4866,7.5,1,1,1,63.0,3.5,No,No,55.0,64.0,NotPlaced
8063,8.2,1,1,1,69.0,4.2,No,Yes,76.0,65.0,NotPlaced
2057,8.0,1,3,0,74.0,3.8,No,Yes,77.0,68.0,NotPlaced
8709,6.5,1,1,0,67.0,3.1,No,No,65.0,68.0,NotPlaced
1455,8.3,1,3,1,86.0,4.3,Yes,Yes,65.0,84.0,Placed
6687,7.4,1,1,0,72.0,4.3,No,No,64.0,63.0,NotPlaced
1631,7.7,1,2,0,82.0,4.4,No,Yes,57.0,69.0,Placed
8220,7.4,0,2,1,79.0,3.6,No,Yes,55.0,65.0,NotPlaced
2799,7.9,1,1,0,80.0,3.8,No,No,55.0,72.0,NotPlaced
809,8.4,1,3,2,90.0,4.7,Yes,Yes,79.0,88.0,Placed
9055,6.8,1,2,0,68.0,4.1,Yes,Yes,58.0,71.0,NotPlaced
7356,8.0,1,1,0,90.0,4.4,No,Yes,74.0,62.0,NotPlaced
9946,6.6,1,1,1,70.0,4.1,Yes,Yes,56.0,75.0,NotPlaced
6597,8.5,1,3,2,85.0,4.3,Yes,Yes,72.0,84.0,Placed
9954,8.4,2,3,2,90.0,4.8,Yes,Yes,79.0,85.0,Placed
3229,8.4,1,1,0,84.0,4.7,Yes,No,62.0,63.0,NotPlaced
2165,7.6,1,2,0,72.0,4.1,No,Yes,60.0,64.0,NotPlaced
4102,7.4,1,3,0,81.0,4.6,Yes,Yes,80.0,71.0,NotPlaced
1768,8.3,2,3,2,90.0,4.8,Yes,Yes,83.0,85.0,Placed
5766,7.7,1,3,3,84.0,4.7,Yes,Yes,78.0,73.0,NotPlaced
3915,8.3,1,2,2,88.0,4.6,Yes,Yes,85.0,88.0,Placed
6408,6.8,1,1,0,74.0,4.3,No,Yes,61.0,68.0,NotPlaced
4290,7.4,1,2,1,83.0,4.2,Yes,Yes,59.0,74.0,Placed
4932,6.5,1,2,1,79.0,4.1,No,Yes,60.0,60.0,NotPlaced
9997,7.4,0,1,0,90.0,4.8,No,No,84.0,67.0,Placed
9194,8.6,2,3,2,81.0,4.8,No,Yes,68.0,79.0,Placed
5607,7.6,1,2,0,76.0,4.0,No,No,62.0,61.0,NotPlaced
5588,7.6,1,1,1,72.0,4.6,Yes,Yes,56.0,66.0,Placed
7746,7.5,0,1,1,70.0,3.9,No,Yes,55.0,69.0,NotPlaced
7457,7.4,1,1,0,69.0,3.9,No,No,62.0,74.0,NotPlaced
9284,8.7,2,3,2,83.0,4.8,Yes,Yes,76.0,82.0,Placed
5309,7.7,2,3,0,81.0,4.8,Yes,Yes,81.0,83.0,NotPlaced
8482,6.5,1,1,0,89.0,3.7,No,Yes,55.0,71.0,NotPlaced
596,8.5,2,3,2,90.0,4.8,Yes,Yes,80.0,84.0,Placed
3941,8.5,1,1,1,81.0,4.5,Yes,Yes,70.0,62.0,NotPlaced
726,6.8,1,2,0,67.0,4.8,No,No,55.0,73.0,NotPlaced
9426,8.2,0,3,1,89.0,4.8,Yes,No,76.0,78.0,Placed
1873,6.9,1,3,1,78.0,4.4,Yes,Yes,79.0,78.0,NotPlaced
3104,7.9,2,1,1,80.0,4.7,Yes,Yes,85.0,84.0,Placed
5100,8.4,1,3,0,90.0,4.7,Yes,Yes,74.0,83.0,Placed
73,8.1,2,3,2,90.0,4.8,Yes,Yes,80.0,86.0,Placed
2044,7.4,1,3,1,61.0,4.8,No,No,58.0,73.0,NotPlaced
1910,6.5,1,2,1,76.0,4.4,Yes,Yes,71.0,73.0,Placed
9905,8.7,2,1,2,85.0,4.8,Yes,Yes,84.0,68.0,Placed
2826,6.5,1,2,1,74.0,3.2,No,No,59.0,68.0,NotPlaced
7946,8.0,1,3,2,90.0,4.8,Yes,Yes,70.0,84.0,Placed
5574,7.2,1,1,0,72.0,4.1,No,Yes,55.0,73.0,NotPlaced
1138,8.7,2,3,0,86.0,4.8,Yes,Yes,70.0,80.0,Placed
9952,6.8,1,1,1,66.0,4.1,No,No,55.0,78.0,NotPlaced
463,7.4,1,1,0,79.0,4.8,No,Yes,72.0,66.0,NotPlaced
5834,7.4,1,3,0,71.0,4.4,No,Yes,84.0,64.0,Placed
2146,6.5,1,1,0,76.0,3.8,No,No,55.0,70.0,NotPlaced
7959,8.1,1,3,2,90.0,4.7,Yes,Yes,80.0,84.0,Placed
9125,8.7,1,2,2,77.0,4.5,Yes,Yes,75.0,68.0,Placed
2960,7.7,1,3,2,85.0,4.8,Yes,Yes,80.0,86.0,Placed
5228,8.2,2,3,2,90.0,4.8,Yes,Yes,70.0,84.0,Placed
3551,7.8,1,1,0,74.0,4.5,No,No,55.0,62.0,NotPlaced
1851,7.8,1,1,0,86.0,4.0,Yes,Yes,60.0,76.0,Placed
9775,8.0,1,0,2,89.0,4.8,Yes,Yes,90.0,80.0,Placed
2264,7.4,0,1,0,85.0,3.9,No,Yes,68.0,63.0,NotPlaced
60,6.6,0,1,0,76.0,3.9,No,Yes,78.0,69.0,Placed
6844,7.6,2,1,2,79.0,4.5,Yes,Yes,80.0,80.0,Placed
9049,7.8,0,1,2,74.0,4.3,No,Yes,59.0,84.0,NotPlaced
1231,6.5,1,1,0,75.0,4.5,No,No,59.0,66.0,NotPlaced
5949,8.3,0,3,2,90.0,4.8,Yes,Yes,87.0,84.0,Placed
6772,8.0,2,3,0,75.0,4.4,No,Yes,70.0,82.0,NotPlaced
3709,7.6,1,2,1,84.0,4.4,No,Yes,68.0,70.0,NotPlaced
6784,8.2,1,2,3,83.0,4.4,Yes,Yes,76.0,84.0,Placed
9096,7.3,2,1,2,86.0,3.8,No,Yes,71.0,67.0,NotPlaced
6662,7.6,2,3,0,81.0,3.9,Yes,Yes,68.0,80.0,Placed
1679,8.4,0,2,0,86.0,4.6,Yes,Yes,77.0,80.0,NotPlaced
5038,7.8,1,2,1,81.0,3.7,No,Yes,55.0,83.0,NotPlaced
6036,6.5,0,1,0,62.0,4.1,No,No,75.0,60.0,NotPlaced
2692,7.6,1,2,0,80.0,3.7,No,Yes,69.0,63.0,NotPlaced
5957,7.5,1,2,0,89.0,4.7,Yes,Yes,85.0,84.0,Placed
6892,6.6,1,1,1,69.0,4.5,No,Yes,61.0,68.0,NotPlaced
5658,7.3,1,1,0,78.0,3.1,No,No,63.0,62.0,NotPlaced
2027,7.3,1,1,0,70.0,3.7,Yes,Yes,61.0,67.0,NotPlaced
7282,6.5,0,1,0,66.0,3.8,No,No,55.0,62.0,NotPlaced
1230,6.7,1,2,0,71.0,3.8,Yes,Yes,73.0,74.0,NotPlaced
621,7.4,1,2,1,90.0,4.8,Yes,Yes,73.0,67.0,Placed
7487,6.9,1,1,1,61.0,4.6,Yes,Yes,55.0,64.0,NotPlaced
4380,7.7,1,1,1,80.0,4.1,Yes,No,55.0,69.0,NotPlaced
8185,8.6,1,2,1,90.0,4.2,No,Yes,71.0,68.0,Placed
7640,6.5,0,1,1,69.0,3.9,No,No,55.0,62.0,NotPlaced
8795,6.5,0,2,0,85.0,4.8,No,No,89.0,67.0,Placed
9326,7.4,0,2,0,80.0,4.2,No,Yes,67.0,73.0,NotPlaced
1747,7.4,2,2,1,72.0,3.5,No,No,73.0,69.0,NotPlaced
5642,7.7,0,1,0,82.0,4.1,No,No,58.0,71.0,NotPlaced
8614,7.3,1,2,1,86.0,4.3,No,Yes,68.0,64.0,NotPlaced
6184,7.9,1,3,1,82.0,4.5,Yes,Yes,77.0,81.0,Placed
6269,6.5,2,2,1,61.0,3.5,No,No,59.0,67.0,NotPlaced
5586,6.5,1,1,0,72.0,4.5,No,No,55.0,66.0,NotPlaced
3800,7.6,0,1,2,77.0,4.0,Yes,Yes,55.0,82.0,NotPlaced
302,8.1,1,3,0,70.0,4.8,Yes,No,71.0,72.0,NotPlaced
8216,7.7,2,3,1,85.0,4.2,Yes,Yes,74.0,82.0,NotPlaced
4460,8.1,0,2,0,78.0,4.0,No,No,58.0,68.0,NotPlaced
1112,8.7,2,1,3,73.0,4.6,Yes,Yes,79.0,79.0,Placed
2856,8.1,1,3,2,88.0,4.4,No,Yes,55.0,88.0,Placed
4437,8.5,1,3,2,90.0,4.7,Yes,Yes,75.0,86.0,Placed
7072,7.4,1,1,0,69.0,3.6,No,Yes,55.0,70.0,NotPlaced
1971,7.6,0,1,2,83.0,4.8,Yes,Yes,78.0,81.0,Placed
4777,8.1,1,3,2,90.0,4.7,No,Yes,72.0,88.0,Placed
9572,8.0,0,1,1,76.0,3.6,No,No,55.0,65.0,NotPlaced
6438,7.2,2,2,0,88.0,4.8,No,Yes,55.0,65.0,NotPlaced
4982,7.5,1,1,0,66.0,3.9,No,Yes,55.0,78.0,NotPlaced
9445,8.5,1,2,2,85.0,4.8,Yes,Yes,88.0,88.0,Placed
6397,6.7,1,2,1,81.0,3.8,No,No,61.0,65.0,NotPlaced
8678,7.7,1,3,0,80.0,4.8,Yes,Yes,73.0,82.0,NotPlaced
303,7.4,1,1,1,64.0,4.0,No,No,55.0,62.0,NotPlaced
8917,6.6,1,2,0,78.0,4.1,Yes,No,74.0,64.0,NotPlaced
6110,8.0,1,3,2,87.0,4.8,Yes,Yes,70.0,85.0,NotPlaced
4293,8.8,1,3,2,90.0,4.8,Yes,Yes,85.0,81.0,Placed
8386,6.5,0,2,2,82.0,4.3,Yes,Yes,82.0,88.0,NotPlaced
1402,8.4,1,2,2,86.0,4.5,Yes,Yes,86.0,79.0,Placed
2631,7.6,1,3,0,80.0,4.7,No,No,77.0,70.0,NotPlaced
8500,7.8,0,1,1,90.0,4.2,Yes,Yes,55.0,73.0,Placed
8950,7.4,0,2,0,75.0,4.4,No,Yes,57.0,67.0,NotPlaced
4010,7.9,2,3,1,70.0,4.5,Yes,No,78.0,88.0,NotPlaced
4782,7.5,0,1,0,78.0,4.0,No,No,55.0,71.0,NotPlaced
2040,7.5,1,3,1,79.0,3.8,Yes,Yes,62.0,63.0,Placed
5417,8.6,2,3,2,90.0,4.8,Yes,Yes,81.0,81.0,Placed
6521,6.5,0,2,0,73.0,4.1,No,No,59.0,69.0,NotPlaced
8244,8.0,2,2,2,88.0,4.4,No,No,75.0,80.0,NotPlaced
7571,6.5,1,1,0,79.0,3.7,No,No,63.0,62.0,NotPlaced
1411,7.9,1,3,0,82.0,4.6,Yes,Yes,76.0,82.0,Placed
4167,7.5,0,1,0,76.0,4.4,No,Yes,55.0,65.0,NotPlaced
772,6.8,0,3,1,82.0,4.2,Yes,Yes,74.0,72.0,NotPlaced
7041,8.6,1,3,2,70.0,4.3,Yes,Yes,80.0,87.0,Placed
2114,8.0,2,3,2,90.0,4.5,Yes,Yes,77.0,88.0,Placed
1519,8.0,2,3,2,90.0,4.8,Yes,Yes,90.0,87.0,Placed
2994,6.5,2,3,0,84.0,4.8,No,Yes,62.0,84.0,NotPlaced
7058,7.6,1,2,1,72.0,4.0,No,Yes,81.0,78.0,NotPlaced
6871,6.7,2,2,2,78.0,4.5,Yes,Yes,57.0,67.0,NotPlaced
4535,8.5,2,3,2,90.0,4.8,Yes,Yes,72.0,85.0,Placed
7363,6.7,0,1,0,78.0,3.0,No,No,55.0,65.0,NotPlaced
8289,7.9,1,2,2,86.0,4.8,No,Yes,87.0,84.0,NotPlaced
6520,7.8,2,3,2,81.0,4.8,No,Yes,65.0,79.0,NotPlaced
9786,7.2,1,2,1,80.0,4.1,No,Yes,58.0,68.0,NotPlaced
6427,7.4,1,3,1,85.0,3.7,Yes,Yes,64.0,70.0,Placed
3047,7.6,0,1,0,71.0,4.0,No,Yes,58.0,66.0,NotPlaced
9602,8.5,1,3,0,83.0,4.6,Yes,Yes,85.0,83.0,Placed
6567,8.3,2,3,2,84.0,4.5,Yes,No,73.0,84.0,Placed
3235,8.8,1,3,0,88.0,4.4,No,Yes,71.0,82.0,NotPlaced
603,8.5,2,3,0,89.0,4.8,Yes,Yes,79.0,80.0,Placed
4261,7.7,0,2,0,90.0,4.5,Yes,Yes,86.0,84.0,Placed
7811,7.6,1,1,0,71.0,4.1,No,Yes,58.0,59.0,NotPlaced
956,6.5,1,1,0,82.0,3.9,No,Yes,55.0,60.0,NotPlaced
6258,8.7,2,3,0,80.0,4.7,Yes,Yes,80.0,74.0,Placed
8339,7.9,2,3,2,90.0,4.6,Yes,No,65.0,84.0,NotPlaced
1351,8.6,0,3,2,90.0,4.8,Yes,Yes,81.0,82.0,Placed
6257,8.4,1,3,2,83.0,4.8,Yes,Yes,71.0,81.0,NotPlaced
6193,8.4,1,3,0,85.0,4.6,Yes,Yes,82.0,80.0,Placed
2423,7.6,1,2,2,74.0,4.2,No,Yes,81.0,68.0,NotPlaced
8711,8.5,1,2,2,74.0,4.0,No,Yes,83.0,79.0,NotPlaced
200,7.8,2,3,0,79.0,4.3,Yes,No,87.0,87.0,NotPlaced
4528,7.5,2,1,0,70.0,4.6,Yes,No,73.0,79.0,NotPlaced
8895,8.4,2,3,2,88.0,4.8,Yes,Yes,84.0,87.0,Placed
3348,7.6,1,1,1,67.0,4.5,No,No,55.0,74.0,NotPlaced
1904,8.4,2,3,2,90.0,4.8,Yes,Yes,79.0,86.0,Placed
7118,7.6,1,3,1,75.0,3.9,Yes,Yes,81.0,66.0,Placed
2654,7.3,1,1,1,67.0,3.4,No,No,55.0,68.0,NotPlaced
7605,8.0,0,3,2,90.0,4.8,Yes,Yes,84.0,82.0,Placed
1311,6.6,1,1,0,73.0,3.9,No,No,63.0,62.0,NotPlaced
6035,8.2,2,3,2,90.0,4.8,Yes,Yes,81.0,81.0,Placed
2286,7.4,1,2,0,80.0,4.3,No,Yes,65.0,67.0,NotPlaced
9681,8.1,2,3,2,86.0,4.8,No,Yes,79.0,81.0,Placed
3599,6.9,0,3,0,85.0,4.8,No,No,58.0,58.0,NotPlaced
7316,6.8,1,3,0,80.0,3.9,Yes,No,60.0,70.0,NotPlaced
6543,8.6,2,3,2,90.0,4.8,Yes,Yes,81.0,82.0,Placed
5167,7.9,1,3,2,90.0,3.6,Yes,Yes,70.0,83.0,Placed
1850,7.6,1,1,0,76.0,4.6,No,No,73.0,62.0,NotPlaced
6730,7.9,0,1,0,69.0,4.2,No,Yes,60.0,66.0,NotPlaced
8804,8.5,0,3,2,90.0,4.8,Yes,Yes,74.0,64.0,Placed
4161,8.1,2,3,3,90.0,4.5,Yes,Yes,83.0,88.0,Placed
5694,9.0,2,3,2,90.0,4.8,Yes,Yes,73.0,86.0,Placed
345,6.6,1,1,2,81.0,4.8,Yes,No,68.0,71.0,NotPlaced
4834,8.3,2,2,2,90.0,4.7,No,Yes,73.0,85.0,NotPlaced
4869,8.5,2,3,1,85.0,4.1,Yes,Yes,89.0,79.0,Placed
3265,8.1,1,3,2,78.0,4.8,Yes,Yes,78.0,84.0,NotPlaced
3939,7.6,1,3,0,87.0,4.4,Yes,Yes,71.0,71.0,Placed
2474,8.5,2,3,2,88.0,4.8,Yes,Yes,77.0,85.0,NotPlaced
8559,7.9,0,2,0,80.0,4.2,No,Yes,66.0,60.0,NotPlaced
9774,8.2,2,3,2,90.0,4.8,Yes,Yes,72.0,88.0,Placed
1529,8.3,1,3,2,80.0,4.1,Yes,Yes,76.0,83.0,Placed
4237,6.5,1,1,0,65.0,4.3,No,No,58.0,69.0,NotPlaced
9419,6.6,1,3,1,67.0,3.9,No,Yes,55.0,71.0,NotPlaced
2480,8.2,1,1,1,84.0,3.9,Yes,Yes,61.0,60.0,Placed
3880,7.8,1,3,2,84.0,4.6,Yes,Yes,89.0,65.0,Placed
3352,7.9,1,2,0,84.0,4.6,Yes,No,73.0,84.0,Placed
8546,6.5,2,3,2,84.0,4.5,Yes,No,81.0,68.0,NotPlaced
2553,6.9,2,3,3,80.0,4.8,Yes,No,82.0,86.0,Placed
4256,7.5,1,2,0,76.0,3.8,No,Yes,55.0,84.0,NotPlaced
5592,8.1,0,3,1,86.0,4.7,Yes,Yes,63.0,79.0,Placed
9945,7.0,1,2,1,67.0,3.4,No,Yes,56.0,64.0,NotPlaced
5906,7.0,0,3,2,90.0,4.1,Yes,Yes,73.0,68.0,NotPlaced
4673,8.4,1,1,2,78.0,4.1,No,Yes,73.0,79.0,NotPlaced
458,6.5,1,1,1,78.0,4.1,No,Yes,55.0,62.0,NotPlaced
1160,6.5,1,1,0,71.0,4.1,No,No,55.0,66.0,NotPlaced
5342,7.7,1,1,1,73.0,3.7,No,Yes,58.0,64.0,NotPlaced
6631,7.3,1,1,1,76.0,4.5,No,Yes,55.0,74.0,NotPlaced
7791,7.4,1,1,0,60.0,4.2,No,Yes,55.0,65.0,NotPlaced
4370,7.8,1,1,1,73.0,4.0,No,No,58.0,61.0,NotPlaced
8581,8.5,0,1,0,71.0,4.0,Yes,No,73.0,69.0,NotPlaced
9688,7.7,1,1,1,82.0,4.0,No,No,55.0,61.0,NotPlaced
1045,7.6,1,2,0,76.0,3.8,Yes,Yes,55.0,73.0,Placed
7265,7.7,1,1,1,67.0,3.7,No,No,55.0,68.0,NotPlaced
2352,7.6,1,2,1,71.0,4.1,No,Yes,61.0,66.0,NotPlaced
688,7.5,1,2,0,87.0,4.6,Yes,Yes,83.0,81.0,Placed
436,7.2,1,1,1,67.0,3.8,No,No,59.0,63.0,NotPlaced
5884,8.1,1,3,1,90.0,4.8,Yes,Yes,86.0,83.0,Placed
2955,7.9,1,2,0,66.0,4.5,No,Yes,60.0,63.0,NotPlaced
6765,8.0,1,1,0,75.0,4.0,No,No,55.0,65.0,NotPlaced
3308,8.3,1,3,2,90.0,4.7,Yes,Yes,65.0,87.0,NotPlaced
3707,7.6,0,2,0,60.0,3.9,No,No,55.0,64.0,NotPlaced
6105,6.7,1,1,1,71.0,4.0,No,Yes,59.0,66.0,NotPlaced
2129,8.6,1,2,0,77.0,4.7,No,Yes,55.0,68.0,Placed
8197,8.4,2,3,2,90.0,4.8,Yes,Yes,79.0,83.0,Placed
148,7.9,1,3,1,80.0,4.2,Yes,Yes,56.0,82.0,Placed
730,7.9,0,2,0,69.0,4.2,No,No,61.0,66.0,NotPlaced
162,7.9,1,2,1,81.0,4.0,Yes,Yes,60.0,71.0,NotPlaced
805,8.2,1,3,2,71.0,4.8,Yes,Yes,73.0,70.0,NotPlaced
4611,6.5,2,1,2,80.0,4.6,Yes,No,57.0,66.0,Placed
8476,6.5,1,1,0,83.0,4.6,No,Yes,69.0,70.0,NotPlaced
1764,8.5,2,3,2,90.0,4.8,Yes,Yes,79.0,81.0,Placed
7260,8.5,2,3,2,90.0,4.8,Yes,Yes,79.0,88.0,Placed
9927,8.2,1,3,1,69.0,3.8,No,Yes,55.0,85.0,NotPlaced
4898,7.5,1,3,2,83.0,4.8,No,Yes,72.0,82.0,NotPlaced
1499,9.0,1,3,2,90.0,4.8,Yes,No,80.0,88.0,NotPlaced
7193,8.5,2,3,2,90.0,4.8,Yes,Yes,82.0,87.0,Placed
7259,7.5,1,1,1,72.0,3.8,No,Yes,55.0,68.0,NotPlaced
8737,8.3,1,3,1,88.0,4.8,No,Yes,72.0,69.0,Placed
5090,7.4,1,1,1,61.0,4.1,No,Yes,55.0,69.0,NotPlaced
9317,8.4,1,3,2,90.0,4.8,Yes,Yes,88.0,84.0,Placed
7040,7.3,1,2,1,66.0,3.7,No,No,55.0,74.0,NotPlaced
2392,7.5,2,1,1,65.0,4.0,No,Yes,56.0,62.0,NotPlaced
1093,8.8,1,3,2,82.0,4.8,Yes,Yes,77.0,84.0,NotPlaced
1774,8.5,1,3,1,72.0,4.5,Yes,Yes,57.0,84.0,NotPlaced
294,7.7,2,3,2,78.0,4.6,Yes,Yes,78.0,83.0,NotPlaced
3893,7.4,1,1,2,86.0,4.6,Yes,No,88.0,86.0,NotPlaced
6621,7.5,1,1,1,90.0,4.6,Yes,Yes,59.0,86.0,Placed
2517,8.0,1,3,0,89.0,4.5,Yes,Yes,79.0,78.0,Placed
4477,6.7,2,2,0,65.0,4.7,No,No,66.0,62.0,NotPlaced
1724,8.8,1,3,0,72.0,4.1,Yes,Yes,74.0,74.0,Placed
3154,7.4,1,1,0,77.0,4.5,No,Yes,69.0,73.0,NotPlaced
7649,7.5,1,1,0,61.0,3.9,No,No,55.0,74.0,NotPlaced
5641,6.6,0,2,1,63.0,4.1,No,No,57.0,62.0,NotPlaced
3772,7.5,0,1,1,80.0,4.1,No,Yes,64.0,65.0,NotPlaced
678,7.3,1,1,0,72.0,3.9,Yes,No,70.0,59.0,NotPlaced
2201,8.1,1,1,0,90.0,4.7,No,Yes,70.0,82.0,NotPlaced
9756,6.5,1,3,1,71.0,4.0,Yes,Yes,77.0,73.0,NotPlaced
9047,7.1,1,2,1,84.0,4.3,Yes,Yes,75.0,82.0,NotPlaced
8134,7.5,1,2,0,69.0,4.1,No,Yes,55.0,68.0,NotPlaced
3671,7.5,1,3,1,78.0,4.0,No,No,75.0,66.0,NotPlaced
6696,8.2,0,3,2,85.0,4.8,Yes,Yes,83.0,79.0,Placed
8064,6.5,1,1,1,83.0,4.2,No,No,58.0,76.0,NotPlaced
9392,7.8,1,3,2,90.0,4.0,Yes,Yes,72.0,84.0,NotPlaced
6927,6.6,1,3,2,86.0,4.4,Yes,Yes,57.0,88.0,Placed
417,8.0,1,3,0,75.0,4.3,No,No,57.0,66.0,NotPlaced
1513,8.6,0,3,1,77.0,4.8,Yes,Yes,82.0,83.0,NotPlaced
4993,7.4,2,2,1,81.0,4.4,Yes,Yes,66.0,88.0,Placed
1359,8.4,1,3,2,90.0,4.8,Yes,Yes,69.0,82.0,Placed
3236,8.3,1,3,2,90.0,4.5,Yes,Yes,56.0,71.0,Placed
9815,7.4,0,2,1,81.0,4.0,Yes,No,66.0,60.0,NotPlaced
4474,7.8,0,2,0,74.0,4.3,No,No,56.0,64.0,NotPlaced
7308,8.5,0,3,0,90.0,4.8,Yes,Yes,79.0,82.0,Placed
4828,8.3,2,2,1,64.0,4.0,No,Yes,55.0,65.0,Placed
5614,7.2,0,1,0,75.0,3.5,No,No,55.0,74.0,NotPlaced
4525,8.4,0,2,2,80.0,4.1,Yes,Yes,75.0,63.0,Placed
5785,8.2,1,2,1,77.0,3.7,Yes,Yes,75.0,83.0,Placed
4727,8.2,1,3,2,84.0,4.4,Yes,Yes,70.0,83.0,Placed
665,8.5,0,3,1,83.0,4.0,Yes,Yes,59.0,82.0,NotPlaced
5951,7.3,1,1,1,72.0,4.6,No,Yes,58.0,70.0,NotPlaced
2519,6.8,0,1,1,62.0,3.5,No,No,55.0,63.0,NotPlaced
5910,7.5,0,2,1,80.0,4.7,No,Yes,82.0,82.0,Placed
6295,7.5,1,3,1,78.0,4.3,No,Yes,55.0,64.0,NotPlaced
9333,7.6,1,3,2,71.0,4.2,Yes,Yes,72.0,68.0,NotPlaced
1020,8.3,0,3,2,78.0,4.3,Yes,No,77.0,87.0,NotPlaced
8266,8.3,2,3,2,89.0,4.8,Yes,No,82.0,84.0,Placed
9503,8.1,1,3,2,90.0,4.7,Yes,Yes,84.0,81.0,Placed
5062,6.9,1,2,0,66.0,4.4,Yes,Yes,57.0,84.0,Placed
9671,7.4,0,2,0,80.0,4.8,No,Yes,55.0,68.0,NotPlaced
655,8.2,2,3,1,90.0,4.8,Yes,Yes,82.0,77.0,Placed
2652,7.6,0,2,2,76.0,4.2,Yes,Yes,78.0,84.0,NotPlaced
1051,8.0,2,3,2,90.0,4.8,Yes,Yes,78.0,87.0,Placed
7185,7.6,0,1,1,77.0,4.6,No,Yes,55.0,68.0,NotPlaced
2549,7.5,1,1,1,72.0,4.4,No,Yes,60.0,69.0,NotPlaced
5848,8.3,2,3,0,86.0,4.7,Yes,Yes,81.0,71.0,Placed
8533,7.6,1,2,1,83.0,4.8,Yes,Yes,55.0,62.0,NotPlaced
2938,8.3,1,3,2,90.0,4.8,Yes,Yes,79.0,84.0,Placed
7150,8.6,1,3,2,85.0,4.8,Yes,Yes,82.0,84.0,Placed
3625,6.5,1,3,1,73.0,4.2,No,Yes,59.0,67.0,NotPlaced
5936,7.3,1,1,1,78.0,4.2,Yes,Yes,69.0,72.0,NotPlaced
8242,8.3,0,3,1,80.0,4.8,Yes,Yes,75.0,67.0,Placed
7838,6.5,1,1,0,78.0,4.4,No,No,64.0,68.0,NotPlaced
4677,7.6,1,1,0,71.0,3.9,Yes,Yes,55.0,78.0,Placed
1864,6.6,1,1,0,68.0,4.6,No,No,57.0,72.0,NotPlaced
1209,7.5,1,2,1,78.0,4.4,Yes,Yes,64.0,74.0,NotPlaced
3239,8.1,2,2,1,75.0,3.8,No,No,55.0,64.0,NotPlaced
2569,8.3,0,1,1,69.0,4.1,Yes,Yes,60.0,66.0,NotPlaced
6132,8.7,1,3,1,90.0,4.0,Yes,Yes,81.0,80.0,Placed
5366,8.5,0,2,0,79.0,4.5,No,No,72.0,74.0,NotPlaced
365,7.5,0,3,2,90.0,4.8,Yes,Yes,82.0,81.0,Placed
5575,6.5,0,1,0,66.0,3.5,No,No,55.0,67.0,NotPlaced
8141,8.3,2,3,2,90.0,4.4,Yes,Yes,78.0,87.0,Placed
3595,7.7,0,1,0,77.0,4.1,No,Yes,77.0,71.0,Placed
7675,7.7,1,3,2,88.0,4.5,Yes,Yes,79.0,70.0,NotPlaced
8367,7.3,0,1,1,71.0,4.6,No,No,57.0,67.0,NotPlaced
8901,8.3,2,3,2,88.0,4.8,Yes,Yes,83.0,86.0,Placed
8149,8.2,2,3,2,87.0,4.8,Yes,Yes,74.0,87.0,Placed
9625,6.7,1,1,0,85.0,4.4,No,Yes,55.0,68.0,NotPlaced
4578,6.5,1,1,0,68.0,4.3,Yes,No,60.0,66.0,NotPlaced
9391,8.5,1,1,2,90.0,4.6,Yes,Yes,82.0,88.0,Placed
3044,8.3,1,2,0,78.0,4.4,Yes,Yes,57.0,81.0,NotPlaced
1441,8.0,2,3,2,90.0,4.8,Yes,Yes,83.0,87.0,Placed
3602,7.8,0,1,2,76.0,4.3,Yes,No,55.0,69.0,NotPlaced
4438,8.1,0,1,1,70.0,3.7,No,Yes,57.0,69.0,NotPlaced
8975,8.3,1,3,1,79.0,4.3,Yes,Yes,55.0,84.0,NotPlaced
1071,7.6,1,2,0,82.0,4.0,No,No,59.0,68.0,NotPlaced
8994,7.9,2,3,0,90.0,4.8,Yes,Yes,89.0,86.0,Placed
3288,7.5,1,1,1,68.0,3.8,No,No,56.0,63.0,NotPlaced
1001,7.8,0,2,0,70.0,4.3,No,No,55.0,68.0,NotPlaced
6048,7.6,0,1,1,79.0,4.2,Yes,Yes,55.0,79.0,NotPlaced
4946,6.7,0,1,0,77.0,4.1,No,No,63.0,68.0,NotPlaced
6582,7.9,0,1,0,89.0,4.8,Yes,Yes,81.0,85.0,Placed
6385,8.4,2,3,2,90.0,4.7,Yes,Yes,77.0,84.0,Placed
5629,8.9,0,3,3,87.0,4.8,Yes,Yes,73.0,88.0,Placed
3407,8.1,2,3,2,78.0,3.4,Yes,Yes,83.0,81.0,Placed
7867,6.8,1,1,0,71.0,4.4,No,No,60.0,68.0,NotPlaced
1946,8.4,2,3,2,89.0,4.8,Yes,Yes,73.0,81.0,NotPlaced
2003,8.2,1,2,2,74.0,4.4,Yes,Yes,72.0,81.0,Placed
5861,6.8,0,1,2,71.0,4.2,No,No,70.0,62.0,NotPlaced
8261,8.5,2,3,0,85.0,4.5,Yes,Yes,86.0,84.0,Placed
2007,7.3,1,1,0,69.0,3.9,Yes,Yes,58.0,60.0,NotPlaced
1579,8.8,0,3,0,90.0,4.1,Yes,Yes,73.0,85.0,Placed
2154,6.6,1,2,1,69.0,3.6,No,Yes,55.0,70.0,NotPlaced
700,6.7,0,1,1,69.0,4.4,No,No,76.0,68.0,NotPlaced
1720,7.7,1,2,0,74.0,4.7,No,Yes,55.0,74.0,Placed
4373,8.4,1,3,2,89.0,4.2,No,No,56.0,63.0,NotPlaced
2779,8.2,1,2,2,71.0,4.4,Yes,Yes,73.0,87.0,Placed
4691,8.3,2,3,0,84.0,3.9,Yes,Yes,55.0,86.0,Placed
887,7.6,1,2,0,60.0,3.9,No,No,55.0,63.0,NotPlaced
3643,8.1,2,3,1,90.0,4.4,Yes,Yes,79.0,83.0,Placed
7897,7.7,1,2,0,87.0,4.0,Yes,Yes,73.0,84.0,Placed
6482,7.4,1,1,0,71.0,4.7,No,Yes,55.0,62.0,NotPlaced
6017,8.5,2,3,2,88.0,4.8,Yes,Yes,75.0,85.0,Placed
9079,7.3,1,1,1,80.0,3.8,No,No,71.0,71.0,NotPlaced
9828,7.4,1,3,2,80.0,4.7,Yes,Yes,74.0,83.0,Placed
7226,7.7,0,1,2,68.0,4.2,Yes,No,75.0,71.0,NotPlaced
853,6.6,1,1,1,75.0,3.6,No,No,61.0,72.0,Placed
382,7.4,0,2,1,73.0,3.8,No,No,58.0,70.0,NotPlaced
4404,8.2,0,3,2,75.0,4.6,Yes,Yes,85.0,62.0,Placed
6117,7.6,1,2,1,64.0,3.7,No,Yes,63.0,76.0,Placed
7112,8.2,1,1,0,73.0,4.5,No,Yes,55.0,68.0,NotPlaced
8550,7.7,2,3,2,82.0,4.8,Yes,Yes,80.0,87.0,NotPlaced
1376,6.7,1,2,3,69.0,4.6,Yes,No,72.0,69.0,NotPlaced
3338,7.9,1,3,1,84.0,4.1,Yes,Yes,74.0,62.0,Placed
2098,6.9,2,3,0,80.0,4.4,Yes,Yes,74.0,67.0,NotPlaced
9088,6.8,2,1,2,75.0,4.6,Yes,Yes,74.0,82.0,NotPlaced
8615,8.6,1,3,0,90.0,4.8,Yes,Yes,55.0,70.0,Placed
7502,6.7,1,1,0,74.0,4.4,Yes,Yes,55.0,69.0,NotPlaced
5689,8.3,0,2,2,81.0,4.4,Yes,No,68.0,87.0,Placed
7239,8.2,1,3,0,80.0,4.6,Yes,Yes,81.0,71.0,Placed
3344,7.7,1,2,0,77.0,4.3,Yes,Yes,61.0,83.0,Placed
965,6.5,1,1,1,62.0,3.4,No,Yes,69.0,70.0,NotPlaced
6388,7.0,1,3,0,82.0,4.7,Yes,Yes,60.0,67.0,Placed
6766,7.1,2,3,2,88.0,4.7,Yes,Yes,76.0,86.0,Placed
2865,8.4,2,3,2,90.0,4.8,Yes,Yes,76.0,88.0,Placed
3742,6.6,0,1,2,68.0,4.1,No,No,60.0,65.0,NotPlaced
579,7.5,1,1,0,70.0,4.5,No,No,55.0,67.0,NotPlaced
1012,8.4,1,1,1,70.0,4.8,Yes,No,67.0,84.0,NotPlaced
4630,8.1,2,3,0,88.0,4.6,Yes,Yes,78.0,67.0,Placed
5213,7.5,1,1,0,75.0,4.0,No,Yes,64.0,66.0,NotPlaced
2659,7.6,1,2,0,75.0,3.9,Yes,Yes,57.0,62.0,NotPlaced
1369,7.9,2,3,2,75.0,3.9,Yes,Yes,75.0,68.0,Placed
5034,7.7,0,2,0,88.0,4.8,Yes,No,77.0,81.0,NotPlaced
2590,8.5,2,3,2,90.0,4.7,No,Yes,76.0,82.0,Placed
5499,7.4,2,2,0,68.0,3.8,No,Yes,55.0,66.0,NotPlaced
8726,6.5,2,1,0,75.0,4.0,No,No,55.0,70.0,NotPlaced
5952,7.4,1,1,1,81.0,4.2,No,No,82.0,61.0,NotPlaced
5529,6.5,0,2,2,88.0,4.6,No,Yes,71.0,72.0,NotPlaced
8034,8.1,1,3,0,88.0,4.0,No,Yes,81.0,87.0,Placed
589,7.5,1,3,1,90.0,4.8,Yes,Yes,74.0,85.0,Placed
6886,6.9,1,1,1,83.0,4.6,Yes,No,55.0,67.0,Placed
4286,7.5,0,2,1,87.0,4.1,Yes,Yes,68.0,68.0,NotPlaced
9473,7.9,1,3,0,82.0,4.4,Yes,Yes,76.0,83.0,Placed
995,8.6,2,3,0,89.0,4.8,Yes,Yes,83.0,85.0,Placed
8682,8.1,0,2,0,73.0,4.7,Yes,Yes,78.0,67.0,NotPlaced
5826,8.7,1,3,2,85.0,4.1,Yes,Yes,83.0,86.0,NotPlaced
9228,7.7,1,1,0,77.0,4.0,No,Yes,55.0,70.0,NotPlaced
9983,7.7,0,2,2,90.0,4.8,Yes,Yes,60.0,87.0,Placed
7346,7.7,1,1,0,82.0,3.8,Yes,Yes,82.0,87.0,Placed
6394,7.4,1,1,0,67.0,4.4,No,Yes,60.0,61.0,NotPlaced
194,8.9,0,1,2,80.0,4.8,Yes,Yes,75.0,82.0,Placed
7064,6.9,0,2,2,75.0,4.3,Yes,Yes,55.0,70.0,NotPlaced
1762,7.5,1,1,1,70.0,3.8,No,Yes,63.0,73.0,NotPlaced
4973,8.5,2,1,0,79.0,4.8,Yes,No,55.0,72.0,Placed
616,8.0,2,3,2,90.0,4.8,Yes,Yes,75.0,88.0,Placed
2270,8.2,1,2,2,89.0,4.3,Yes,Yes,76.0,83.0,Placed
3350,7.5,1,1,2,68.0,4.6,Yes,No,62.0,70.0,NotPlaced
3387,8.8,2,1,2,83.0,4.8,Yes,Yes,84.0,83.0,Placed
9136,7.5,1,2,0,89.0,4.5,Yes,Yes,79.0,83.0,Placed
712,6.5,1,2,1,70.0,3.8,No,No,61.0,70.0,NotPlaced
1812,8.3,1,1,2,78.0,4.5,Yes,Yes,78.0,88.0,Placed
447,7.7,1,3,1,75.0,4.6,Yes,Yes,74.0,63.0,NotPlaced
8406,8.0,2,1,2,80.0,4.6,Yes,No,77.0,61.0,Placed
6613,8.1,1,3,0,90.0,4.5,No,Yes,59.0,83.0,NotPlaced
2073,6.7,1,1,0,81.0,4.6,Yes,Yes,57.0,70.0,Placed
2551,7.6,2,3,0,78.0,3.7,Yes,Yes,72.0,84.0,Placed
5551,7.5,1,1,0,65.0,3.9,No,Yes,58.0,69.0,NotPlaced
5492,7.6,1,1,0,63.0,4.3,Yes,No,59.0,60.0,NotPlaced
5943,7.9,1,1,0,85.0,4.7,No,Yes,56.0,67.0,NotPlaced
3828,6.7,1,1,1,74.0,3.9,No,Yes,56.0,83.0,NotPlaced
4815,8.3,1,3,0,82.0,4.6,Yes,Yes,73.0,88.0,NotPlaced
7485,7.5,1,2,0,70.0,4.2,No,Yes,55.0,72.0,Placed
8720,6.5,0,1,1,85.0,4.2,No,Yes,60.0,77.0,Placed
3382,8.5,2,3,2,85.0,4.4,Yes,Yes,74.0,83.0,NotPlaced
1159,7.9,1,3,1,84.0,3.9,Yes,Yes,77.0,85.0,NotPlaced
5138,7.4,2,1,1,78.0,4.3,No,No,55.0,68.0,NotPlaced
1941,7.6,1,1,0,66.0,4.1,No,Yes,58.0,69.0,NotPlaced
4417,8.0,1,2,0,90.0,4.7,Yes,Yes,73.0,80.0,Placed
2323,7.5,0,1,1,71.0,4.4,Yes,Yes,79.0,74.0,NotPlaced
6276,7.7,1,2,0,82.0,4.1,No,Yes,57.0,68.0,NotPlaced
3916,8.5,2,3,2,88.0,4.7,Yes,Yes,71.0,84.0,Placed
6534,7.6,1,1,1,66.0,3.6,No,Yes,67.0,65.0,NotPlaced
5423,8.3,0,3,0,88.0,4.7,Yes,Yes,73.0,74.0,Placed
1783,6.5,1,1,1,76.0,3.8,No,No,55.0,64.0,NotPlaced
6954,7.6,0,1,0,80.0,3.8,No,No,55.0,83.0,NotPlaced
6119,7.5,1,3,0,71.0,4.7,No,No,73.0,66.0,NotPlaced
6010,6.5,1,2,0,83.0,4.6,Yes,Yes,73.0,65.0,NotPlaced
2808,7.7,1,2,1,81.0,4.8,Yes,Yes,81.0,82.0,Placed
838,7.7,1,1,2,85.0,4.7,Yes,Yes,80.0,82.0,NotPlaced
8876,7.8,0,1,2,68.0,4.5,No,No,82.0,85.0,Placed
3069,8.7,2,3,2,89.0,4.5,Yes,Yes,63.0,87.0,Placed
1370,7.9,2,3,2,85.0,4.4,Yes,Yes,77.0,82.0,Placed
9916,6.6,0,1,0,74.0,4.3,Yes,No,80.0,82.0,Placed
1685,6.5,0,1,0,62.0,3.9,No,No,62.0,68.0,NotPlaced
4546,7.5,1,2,1,76.0,4.4,No,Yes,70.0,75.0,NotPlaced
4721,7.6,1,3,1,77.0,4.1,Yes,No,63.0,87.0,Placed
154,8.1,2,3,3,90.0,4.8,Yes,Yes,80.0,83.0,Placed
2266,8.4,2,3,1,83.0,4.6,Yes,Yes,79.0,83.0,Placed
2112,7.5,1,3,0,84.0,4.1,Yes,Yes,82.0,82.0,NotPlaced
7373,6.6,1,1,0,73.0,4.5,Yes,No,72.0,66.0,NotPlaced
2670,8.6,2,3,2,90.0,4.8,Yes,Yes,75.0,78.0,Placed
2907,8.3,2,3,2,90.0,4.8,Yes,Yes,76.0,84.0,Placed
9766,8.3,2,3,2,90.0,4.8,Yes,Yes,85.0,88.0,Placed
6808,7.7,1,1,1,74.0,4.5,Yes,Yes,72.0,88.0,Placed
4748,8.1,1,1,0,76.0,4.2,No,Yes,75.0,83.0,Placed
7027,6.5,1,1,0,65.0,3.7,No,No,55.0,62.0,NotPlaced
7981,8.3,0,3,0,90.0,4.6,Yes,Yes,81.0,88.0,Placed
2178,8.3,2,3,2,90.0,4.8,Yes,Yes,81.0,88.0,Placed
7075,8.1,1,2,1,77.0,4.4,No,Yes,55.0,68.0,NotPlaced
1642,7.5,1,2,0,76.0,4.5,Yes,Yes,69.0,83.0,Placed
3151,7.9,0,3,0,87.0,3.9,Yes,Yes,78.0,82.0,NotPlaced
6957,7.4,0,2,1,77.0,4.8,Yes,Yes,66.0,68.0,NotPlaced
7344,7.4,1,2,1,61.0,4.4,Yes,Yes,62.0,69.0,Placed
4475,7.4,2,1,2,70.0,4.3,No,Yes,76.0,67.0,NotPlaced
2787,6.8,1,3,2,83.0,4.7,Yes,No,64.0,80.0,NotPlaced
3311,8.5,0,3,2,90.0,4.7,Yes,Yes,70.0,86.0,Placed
1379,8.5,1,1,2,85.0,4.8,Yes,Yes,73.0,84.0,Placed
2945,8.2,2,3,2,83.0,3.8,Yes,Yes,73.0,69.0,NotPlaced
4636,7.8,2,2,2,89.0,4.7,Yes,Yes,82.0,80.0,Placed
8622,7.7,0,2,0,79.0,4.0,No,No,58.0,72.0,NotPlaced
8326,8.7,1,3,2,79.0,4.6,Yes,Yes,76.0,88.0,NotPlaced
2391,8.0,2,2,1,82.0,3.9,Yes,Yes,63.0,68.0,NotPlaced
4158,8.7,2,3,0,84.0,4.2,No,Yes,55.0,65.0,NotPlaced
2452,7.8,2,1,0,86.0,4.3,No,Yes,78.0,80.0,Placed
5133,6.6,0,1,1,68.0,4.1,No,Yes,55.0,66.0,NotPlaced
1598,7.0,1,1,0,60.0,3.3,No,Yes,55.0,66.0,NotPlaced
7908,7.8,2,3,2,90.0,4.7,Yes,Yes,85.0,82.0,Placed
911,7.8,2,3,0,82.0,4.3,Yes,Yes,72.0,88.0,Placed
3193,7.4,1,1,0,64.0,3.7,No,No,56.0,59.0,NotPlaced
3835,8.3,0,2,2,76.0,4.1,Yes,Yes,76.0,85.0,Placed
3750,8.4,2,3,2,84.0,4.7,Yes,Yes,77.0,85.0,Placed
6044,6.5,1,1,0,72.0,4.7,No,No,58.0,68.0,NotPlaced
2309,8.0,2,1,0,77.0,4.5,No,Yes,59.0,65.0,NotPlaced
5611,6.9,0,2,1,71.0,3.2,No,No,55.0,65.0,NotPlaced
1963,8.4,2,3,2,90.0,4.8,Yes,Yes,79.0,84.0,Placed
2366,8.6,1,2,0,86.0,4.1,Yes,Yes,55.0,82.0,NotPlaced
9165,8.2,1,3,0,84.0,4.1,Yes,Yes,77.0,67.0,Placed
180,7.4,1,1,0,60.0,3.4,No,No,58.0,62.0,NotPlaced
7125,7.6,1,3,0,79.0,4.5,No,No,73.0,65.0,NotPlaced
8168,8.1,2,3,2,90.0,4.8,Yes,Yes,89.0,84.0,Placed
4410,6.8,1,2,0,73.0,4.3,No,Yes,79.0,62.0,Placed
9640,8.7,2,3,2,90.0,4.8,Yes,Yes,81.0,86.0,Placed
7600,7.3,1,1,0,60.0,3.2,No,No,61.0,70.0,NotPlaced
1055,8.0,2,3,2,90.0,4.3,Yes,Yes,72.0,84.0,Placed
2922,7.6,1,2,2,65.0,4.8,Yes,No,58.0,72.0,NotPlaced
9662,7.4,1,2,1,81.0,4.2,No,Yes,56.0,73.0,NotPlaced
6317,6.5,1,1,1,60.0,4.0,No,No,62.0,69.0,NotPlaced
1318,7.2,0,2,0,77.0,4.6,No,No,61.0,71.0,NotPlaced
8222,6.8,1,3,0,61.0,4.3,No,No,59.0,68.0,NotPlaced
6088,7.7,1,1,0,64.0,4.1,No,No,55.0,59.0,NotPlaced
7922,7.5,2,1,3,79.0,3.4,Yes,No,90.0,64.0,NotPlaced
526,7.8,1,1,0,69.0,4.7,No,No,57.0,64.0,NotPlaced
2428,8.2,1,1,1,87.0,4.7,Yes,Yes,55.0,81.0,NotPlaced
5262,7.5,1,2,1,67.0,3.8,No,Yes,55.0,68.0,NotPlaced
9856,8.5,1,2,1,80.0,4.0,Yes,Yes,75.0,67.0,NotPlaced
8943,7.0,1,1,0,74.0,4.3,No,Yes,66.0,71.0,NotPlaced
5810,6.6,1,2,1,64.0,3.5,No,Yes,62.0,66.0,NotPlaced
9469,8.4,2,3,2,87.0,4.7,Yes,Yes,78.0,82.0,Placed
2310,7.9,1,2,0,80.0,4.5,No,Yes,59.0,66.0,NotPlaced
9907,8.1,2,3,2,90.0,4.7,Yes,Yes,74.0,82.0,Placed
25,7.4,1,2,1,90.0,4.3,No,Yes,56.0,69.0,NotPlaced
111,8.0,1,1,3,84.0,4.0,No,Yes,57.0,61.0,NotPlaced
3226,7.5,1,2,0,76.0,3.4,No,Yes,79.0,71.0,NotPlaced
8239,7.4,1,1,1,72.0,4.0,No,No,55.0,69.0,NotPlaced
9882,7.5,1,1,0,79.0,3.2,No,No,57.0,66.0,NotPlaced
6255,6.6,0,1,1,60.0,3.9,No,No,64.0,63.0,NotPlaced
6538,6.8,1,1,1,81.0,4.2,No,Yes,55.0,64.0,NotPlaced
5645,6.5,1,1,0,77.0,3.6,Yes,Yes,60.0,74.0,NotPlaced
4157,8.0,0,1,0,79.0,3.4,No,Yes,80.0,74.0,NotPlaced
3476,8.2,1,3,2,90.0,4.8,Yes,Yes,85.0,84.0,Placed
4655,7.4,1,2,0,74.0,4.1,Yes,Yes,66.0,68.0,NotPlaced
1000,7.6,1,2,0,60.0,4.1,No,Yes,57.0,65.0,NotPlaced
3540,8.6,2,3,0,71.0,4.2,Yes,Yes,79.0,86.0,Placed
2248,7.8,1,3,0,87.0,4.1,Yes,Yes,66.0,63.0,NotPlaced
6522,7.5,0,3,0,89.0,3.9,No,Yes,77.0,76.0,Placed
7019,7.4,1,2,1,67.0,3.1,No,Yes,55.0,71.0,NotPlaced
2479,7.4,1,2,1,72.0,3.3,Yes,Yes,81.0,69.0,Placed
9878,7.5,2,3,2,87.0,4.7,Yes,Yes,86.0,83.0,Placed
4062,7.0,1,1,0,65.0,4.0,No,No,58.0,65.0,NotPlaced
4790,6.5,1,2,1,74.0,3.9,No,Yes,77.0,71.0,NotPlaced
1561,7.5,1,1,1,77.0,3.9,Yes,Yes,58.0,71.0,NotPlaced
5260,8.3,0,2,1,80.0,3.9,Yes,Yes,57.0,69.0,NotPlaced
4287,8.3,0,3,0,87.0,4.4,Yes,Yes,71.0,66.0,Placed
4823,8.4,1,3,2,84.0,4.8,Yes,Yes,80.0,88.0,Placed
3685,7.8,1,2,0,70.0,4.3,No,Yes,63.0,63.0,NotPlaced
7036,8.3,1,2,2,79.0,4.6,Yes,Yes,75.0,73.0,Placed
6974,6.8,0,1,0,82.0,4.0,No,Yes,65.0,63.0,Placed
5474,7.4,1,2,0,82.0,4.3,No,Yes,60.0,66.0,NotPlaced
5267,6.7,1,1,0,67.0,4.2,No,No,58.0,66.0,NotPlaced
5692,6.6,1,1,0,74.0,4.6,No,Yes,55.0,75.0,NotPlaced
3931,6.8,2,3,2,82.0,3.9,Yes,No,76.0,81.0,Placed
9641,7.6,0,1,1,82.0,4.1,No,No,61.0,69.0,NotPlaced
4670,7.6,2,1,3,67.0,3.7,No,Yes,55.0,68.0,NotPlaced
6249,8.1,2,3,2,89.0,4.5,Yes,Yes,87.0,88.0,Placed
4111,8.3,1,3,1,76.0,4.6,Yes,No,84.0,85.0,NotPlaced
4422,6.5,1,2,1,74.0,4.6,Yes,Yes,62.0,72.0,NotPlaced
8925,8.2,1,2,3,86.0,3.9,Yes,Yes,76.0,88.0,Placed
9628,8.4,1,3,0,82.0,4.5,Yes,Yes,80.0,64.0,Placed
8722,7.5,0,1,1,82.0,3.8,No,Yes,62.0,70.0,NotPlaced
9655,7.7,2,2,2,80.0,4.4,No,Yes,71.0,73.0,Placed
6512,8.8,2,3,2,90.0,4.7,Yes,Yes,84.0,86.0,Placed
5817,8.5,1,1,2,87.0,4.5,Yes,Yes,67.0,67.0,Placed
3997,6.5,1,1,0,89.0,3.9,No,Yes,56.0,71.0,NotPlaced
2152,7.6,1,2,2,87.0,4.8,Yes,Yes,90.0,76.0,NotPlaced
1343,8.4,1,3,2,90.0,4.1,Yes,Yes,77.0,82.0,Placed
7070,7.8,1,1,1,74.0,3.4,Yes,Yes,65.0,66.0,NotPlaced
2092,7.6,1,1,1,77.0,4.0,No,Yes,55.0,74.0,Placed
5555,8.4,2,3,2,90.0,4.8,Yes,Yes,75.0,88.0,Placed
5623,8.7,0,2,1,80.0,4.8,Yes,Yes,82.0,79.0,Placed
4895,8.2,1,3,0,90.0,4.7,Yes,Yes,80.0,80.0,Placed
2957,8.6,1,3,2,82.0,4.8,Yes,Yes,85.0,86.0,Placed
996,7.7,1,2,1,76.0,4.7,Yes,Yes,73.0,88.0,NotPlaced
4076,7.5,0,1,0,72.0,3.6,No,No,56.0,70.0,NotPlaced
2641,8.0,0,1,0,81.0,3.1,No,No,65.0,59.0,NotPlaced
9505,7.4,1,2,1,69.0,3.4,No,Yes,57.0,66.0,NotPlaced
2888,6.5,1,2,0,68.0,4.4,No,Yes,72.0,70.0,Placed
8576,8.2,1,3,2,73.0,4.5,Yes,Yes,82.0,64.0,Placed
947,7.8,0,2,1,66.0,3.6,No,Yes,85.0,66.0,NotPlaced
3600,7.9,1,3,1,80.0,4.3,Yes,Yes,74.0,88.0,NotPlaced
2187,7.8,2,1,1,74.0,3.6,Yes,Yes,57.0,72.0,NotPlaced
2036,6.5,0,1,1,73.0,3.5,No,No,85.0,64.0,NotPlaced
9808,7.7,1,2,0,72.0,4.2,No,Yes,68.0,76.0,NotPlaced
9310,6.7,1,1,0,60.0,3.7,No,No,55.0,63.0,NotPlaced
8962,7.8,1,3,0,79.0,4.8,Yes,Yes,72.0,79.0,NotPlaced
3001,6.5,1,1,0,79.0,4.4,No,Yes,55.0,69.0,NotPlaced
9611,8.2,2,3,2,90.0,4.8,Yes,Yes,87.0,83.0,Placed
8437,6.5,1,2,1,84.0,3.8,No,Yes,81.0,62.0,NotPlaced
8070,7.4,1,1,1,73.0,3.6,No,Yes,59.0,64.0,NotPlaced
7564,8.7,0,1,0,87.0,4.8,Yes,No,77.0,79.0,Placed
8691,6.7,0,1,1,68.0,3.4,No,No,65.0,69.0,NotPlaced
3574,8.5,2,3,2,90.0,4.7,Yes,Yes,85.0,82.0,Placed
7792,7.3,1,1,1,71.0,4.4,No,Yes,69.0,72.0,NotPlaced
4796,7.4,1,2,0,79.0,4.2,No,Yes,79.0,71.0,Placed
2120,6.5,0,2,1,75.0,3.9,No,Yes,56.0,63.0,NotPlaced
3830,7.8,2,3,2,90.0,4.8,Yes,Yes,68.0,83.0,Placed
1746,8.5,0,3,0,88.0,4.8,Yes,Yes,88.0,82.0,Placed
8052,6.5,1,1,0,80.0,3.8,No,Yes,64.0,69.0,NotPlaced
6860,7.6,1,3,0,80.0,4.8,Yes,Yes,71.0,85.0,NotPlaced
9696,7.8,1,1,0,85.0,4.1,No,Yes,55.0,68.0,NotPlaced
3006,8.3,2,3,2,89.0,4.1,Yes,Yes,77.0,77.0,Placed
554,6.8,1,1,0,67.0,4.1,No,No,57.0,61.0,NotPlaced
9926,7.6,1,3,1,74.0,4.0,Yes,Yes,72.0,81.0,NotPlaced
2558,8.2,1,3,2,90.0,4.8,Yes,Yes,75.0,81.0,Placed
7623,7.5,0,2,0,81.0,4.1,No,No,63.0,64.0,NotPlaced
858,6.5,0,3,2,90.0,4.8,Yes,Yes,82.0,86.0,Placed
3719,7.5,1,2,0,68.0,4.2,Yes,Yes,57.0,75.0,NotPlaced
8483,8.2,2,3,2,90.0,4.5,Yes,Yes,86.0,81.0,Placed
3575,7.7,1,1,1,67.0,4.4,No,No,56.0,64.0,NotPlaced
1393,7.9,1,3,0,81.0,4.8,Yes,Yes,69.0,82.0,Placed
8842,8.7,2,3,2,90.0,4.8,Yes,Yes,71.0,84.0,Placed
4904,6.7,1,1,1,67.0,3.4,No,No,56.0,62.0,NotPlaced
5851,7.9,1,2,1,64.0,4.2,No,Yes,60.0,58.0,NotPlaced
2602,8.2,0,2,2,90.0,4.8,Yes,Yes,77.0,83.0,Placed
5476,6.5,1,1,0,77.0,4.2,No,Yes,55.0,74.0,NotPlaced
3395,7.1,1,3,2,86.0,4.8,Yes,Yes,61.0,85.0,NotPlaced
1541,6.5,0,1,0,78.0,3.5,No,Yes,55.0,67.0,NotPlaced
2000,8.0,2,3,2,90.0,4.7,Yes,Yes,82.0,86.0,Placed
7725,8.5,1,3,2,90.0,4.8,Yes,Yes,84.0,81.0,Placed
7986,7.3,0,1,3,81.0,4.8,Yes,Yes,76.0,87.0,NotPlaced
8490,7.6,0,3,1,70.0,4.1,Yes,No,55.0,63.0,NotPlaced
1150,6.9,1,1,0,71.0,4.5,No,Yes,55.0,63.0,NotPlaced
234,7.8,0,1,1,70.0,3.8,No,Yes,73.0,73.0,NotPlaced
3684,8.1,0,3,0,86.0,4.3,Yes,No,67.0,57.0,NotPlaced
45,7.4,1,3,0,86.0,4.8,No,Yes,70.0,73.0,NotPlaced
3248,8.4,1,3,0,76.0,4.7,Yes,Yes,72.0,74.0,Placed
3207,8.2,1,3,1,86.0,4.3,Yes,Yes,71.0,85.0,Placed
4888,6.5,0,3,2,72.0,4.1,Yes,Yes,87.0,80.0,Placed
1913,7.8,0,3,0,84.0,3.8,Yes,Yes,59.0,71.0,NotPlaced
8031,8.3,0,1,2,85.0,4.7,Yes,Yes,83.0,68.0,Placed
6079,7.7,1,1,1,70.0,4.6,No,Yes,55.0,66.0,NotPlaced
3946,8.4,2,3,2,90.0,4.8,Yes,Yes,70.0,85.0,Placed
7313,6.5,1,2,0,86.0,4.4,Yes,Yes,55.0,66.0,NotPlaced
7143,8.2,0,2,0,67.0,3.6,No,No,64.0,70.0,NotPlaced
4533,8.7,2,3,2,90.0,4.8,Yes,Yes,83.0,85.0,Placed
8108,7.6,1,3,1,73.0,4.8,No,Yes,62.0,73.0,Placed
7172,6.5,1,1,0,74.0,3.9,Yes,Yes,55.0,72.0,NotPlaced
7540,7.5,0,2,1,82.0,4.2,Yes,Yes,80.0,85.0,NotPlaced
1953,7.8,0,2,0,86.0,4.1,Yes,Yes,85.0,84.0,NotPlaced
8363,8.3,1,3,2,89.0,4.7,Yes,Yes,70.0,86.0,Placed
1680,7.6,0,2,1,72.0,4.5,No,No,55.0,67.0,NotPlaced
4680,8.4,0,3,2,90.0,4.6,Yes,Yes,66.0,84.0,NotPlaced
8992,8.7,2,3,2,81.0,4.6,Yes,Yes,79.0,85.0,Placed
3670,7.7,1,3,2,90.0,4.5,Yes,Yes,81.0,86.0,Placed
3925,8.1,1,3,2,84.0,4.8,Yes,Yes,82.0,84.0,NotPlaced
2892,8.3,2,1,0,80.0,4.7,Yes,Yes,84.0,86.0,Placed
9950,6.9,1,1,0,71.0,3.8,No,Yes,55.0,70.0,NotPlaced
8608,8.4,1,2,1,79.0,3.8,Yes,Yes,76.0,82.0,Placed
1713,6.9,0,1,0,73.0,4.2,No,No,55.0,59.0,NotPlaced
222,8.0,2,3,2,86.0,4.8,Yes,Yes,62.0,83.0,Placed
5318,7.9,1,3,2,66.0,4.1,No,No,55.0,58.0,NotPlaced
8005,7.4,1,2,0,80.0,4.2,Yes,Yes,62.0,79.0,NotPlaced
5409,7.9,1,3,0,84.0,4.7,Yes,Yes,70.0,85.0,Placed
5722,8.0,1,0,2,79.0,4.4,Yes,Yes,73.0,84.0,Placed
1890,6.5,1,1,0,74.0,4.0,No,Yes,84.0,71.0,NotPlaced
1580,6.6,1,3,1,75.0,3.9,Yes,Yes,71.0,70.0,NotPlaced
4178,7.4,0,3,2,90.0,4.7,Yes,Yes,68.0,71.0,Placed
2460,7.6,1,2,0,71.0,4.8,No,Yes,58.0,67.0,NotPlaced
7787,6.7,1,1,1,81.0,4.1,No,No,64.0,72.0,NotPlaced
8132,6.5,0,1,0,67.0,3.5,No,Yes,55.0,67.0,NotPlaced
7639,7.6,0,1,1,71.0,4.3,No,No,59.0,66.0,NotPlaced
7996,6.5,0,1,0,80.0,3.9,No,Yes,75.0,69.0,NotPlaced
5215,7.4,1,2,0,68.0,4.2,No,Yes,55.0,60.0,NotPlaced
6640,7.5,1,2,0,65.0,4.4,No,No,55.0,62.0,NotPlaced
6938,6.6,0,1,1,72.0,3.9,No,No,64.0,62.0,NotPlaced
5560,8.5,1,3,2,90.0,4.8,Yes,Yes,75.0,86.0,NotPlaced
9891,7.4,1,2,1,75.0,4.0,No,Yes,56.0,68.0,NotPlaced
2006,8.0,1,3,3,90.0,4.6,Yes,Yes,72.0,88.0,Placed
1809,7.7,0,1,2,78.0,4.6,No,Yes,55.0,85.0,Placed
2442,8.4,2,3,2,90.0,4.5,Yes,Yes,83.0,86.0,Placed
9038,8.8,1,3,2,89.0,4.5,Yes,Yes,73.0,85.0,Placed
503,7.3,0,1,0,80.0,3.5,No,Yes,55.0,61.0,NotPlaced
8613,8.1,2,2,2,87.0,4.8,Yes,Yes,75.0,85.0,Placed
9442,8.2,0,3,0,65.0,4.2,Yes,Yes,71.0,73.0,NotPlaced
2219,7.5,0,1,1,71.0,3.4,No,No,66.0,74.0,NotPlaced
2481,6.6,1,1,1,77.0,3.0,No,No,57.0,68.0,NotPlaced
9761,6.6,1,1,1,64.0,4.4,No,No,64.0,60.0,NotPlaced
2740,8.1,2,3,2,82.0,4.7,Yes,Yes,83.0,86.0,Placed
4432,8.1,1,2,1,76.0,3.7,No,Yes,69.0,82.0,NotPlaced
6636,8.0,1,2,0,80.0,4.4,No,No,55.0,72.0,NotPlaced
3508,8.7,2,3,3,90.0,4.6,Yes,Yes,77.0,87.0,Placed
3438,7.6,1,1,0,66.0,3.2,No,No,55.0,63.0,NotPlaced
4025,6.9,1,1,1,85.0,4.2,No,Yes,80.0,66.0,NotPlaced
3993,6.5,1,1,0,75.0,3.3,No,No,55.0,63.0,NotPlaced
9664,8.3,2,3,2,90.0,4.8,Yes,Yes,79.0,84.0,Placed
4309,8.2,1,2,0,79.0,4.8,No,Yes,56.0,66.0,NotPlaced
110,8.7,2,3,2,90.0,4.8,Yes,Yes,79.0,85.0,Placed
5559,7.8,0,2,1,79.0,4.7,No,Yes,56.0,72.0,NotPlaced
2228,7.8,1,3,0,81.0,4.5,Yes,Yes,79.0,72.0,Placed
3825,8.5,1,1,0,85.0,4.5,Yes,Yes,73.0,88.0,NotPlaced
5071,8.7,1,1,0,75.0,4.4,Yes,No,71.0,57.0,NotPlaced
5703,7.5,0,2,2,73.0,4.8,Yes,Yes,64.0,83.0,Placed
5811,8.3,1,2,3,82.0,3.7,No,Yes,69.0,84.0,NotPlaced
4923,8.5,2,3,2,90.0,4.6,Yes,Yes,80.0,87.0,Placed
9496,7.6,0,2,1,75.0,4.7,No,Yes,72.0,67.0,NotPlaced
8665,6.5,0,1,2,89.0,3.8,No,No,72.0,72.0,Placed
2837,6.8,1,1,1,71.0,4.3,No,Yes,60.0,62.0,NotPlaced
9976,7.9,2,3,2,90.0,4.6,Yes,Yes,83.0,80.0,Placed
5402,8.2,1,3,0,89.0,4.8,Yes,Yes,80.0,88.0,NotPlaced
6890,8.2,2,3,2,85.0,4.8,Yes,No,78.0,82.0,Placed
7079,8.5,2,2,1,87.0,4.4,Yes,Yes,81.0,82.0,Placed
6442,8.9,2,3,2,85.0,4.8,Yes,Yes,81.0,79.0,Placed
6673,7.7,1,3,0,81.0,4.8,Yes,Yes,59.0,62.0,NotPlaced
8652,7.7,0,2,1,68.0,4.0,Yes,Yes,57.0,83.0,Placed
8129,7.4,1,3,0,80.0,4.6,No,Yes,71.0,72.0,NotPlaced
8417,7.4,2,1,0,80.0,4.0,Yes,Yes,69.0,67.0,NotPlaced
6865,6.5,1,2,0,78.0,4.0,Yes,Yes,57.0,78.0,NotPlaced
2367,7.7,1,3,2,86.0,4.5,No,Yes,65.0,88.0,NotPlaced
5203,7.7,0,1,0,74.0,3.8,No,No,63.0,70.0,NotPlaced
4617,8.5,1,3,2,89.0,4.8,Yes,Yes,81.0,86.0,Placed
9665,8.4,2,3,2,90.0,4.8,Yes,Yes,80.0,85.0,Placed
5869,6.7,0,2,0,74.0,4.2,Yes,Yes,55.0,68.0,NotPlaced
8177,7.9,0,3,2,80.0,4.7,Yes,Yes,77.0,83.0,Placed
9045,7.9,2,3,2,79.0,4.3,Yes,No,68.0,82.0,Placed
7312,8.5,2,3,2,90.0,4.8,Yes,Yes,83.0,88.0,Placed
3488,6.5,1,1,0,67.0,3.9,No,No,58.0,74.0,NotPlaced
2572,8.4,0,2,0,81.0,3.8,Yes,Yes,65.0,65.0,Placed
3782,8.5,1,3,2,90.0,4.7,Yes,Yes,80.0,80.0,Placed
9846,8.0,2,3,2,90.0,4.8,Yes,Yes,81.0,88.0,Placed
5195,6.5,0,1,2,80.0,4.1,No,Yes,74.0,82.0,NotPlaced
1686,8.3,1,2,1,84.0,4.4,No,Yes,62.0,82.0,NotPlaced
2794,8.2,0,3,0,86.0,4.0,Yes,Yes,67.0,80.0,Placed
7907,7.9,1,2,1,80.0,4.3,No,No,58.0,70.0,NotPlaced
3393,7.4,2,2,2,87.0,4.0,Yes,Yes,79.0,84.0,Placed
4628,7.5,1,1,1,68.0,4.3,No,No,61.0,67.0,NotPlaced
1822,8.4,2,3,2,89.0,4.4,Yes,Yes,75.0,88.0,Placed
919,7.4,2,1,0,77.0,4.3,No,No,66.0,74.0,Placed
4601,8.3,0,1,1,77.0,4.7,Yes,Yes,79.0,82.0,Placed
4922,6.6,1,2,1,62.0,3.7,No,Yes,73.0,60.0,NotPlaced
4059,7.2,0,1,0,73.0,4.1,No,Yes,55.0,69.0,Placed
3326,6.5,1,1,1,68.0,3.4,No,No,60.0,69.0,NotPlaced
6787,7.9,1,3,3,81.0,4.5,Yes,Yes,60.0,84.0,Placed
3450,8.4,2,3,3,90.0,4.7,Yes,Yes,85.0,80.0,Placed
4658,8.0,0,3,2,82.0,4.8,Yes,No,73.0,82.0,Placed
822,8.1,1,3,1,88.0,4.4,No,Yes,77.0,87.0,Placed
6230,7.0,1,3,0,74.0,4.6,Yes,Yes,77.0,67.0,NotPlaced
2343,8.7,2,2,1,72.0,4.6,Yes,Yes,77.0,77.0,NotPlaced
1163,7.8,0,1,1,77.0,4.8,No,Yes,73.0,67.0,NotPlaced
3167,8.3,1,2,0,83.0,4.2,Yes,No,79.0,84.0,NotPlaced
2062,8.1,1,2,0,78.0,4.2,Yes,Yes,84.0,82.0,Placed
6753,8.2,1,1,1,82.0,4.1,Yes,Yes,57.0,71.0,NotPlaced
8588,8.1,1,2,0,89.0,4.7,Yes,Yes,75.0,85.0,Placed
8926,8.3,2,3,2,90.0,4.8,Yes,Yes,76.0,83.0,Placed
5566,7.5,1,1,0,75.0,4.1,Yes,Yes,61.0,70.0,NotPlaced
5363,8.3,1,2,1,81.0,4.6,Yes,Yes,68.0,66.0,Placed
2151,7.5,1,1,1,88.0,4.8,No,Yes,56.0,66.0,Placed
8329,6.5,1,1,1,66.0,3.3,No,No,55.0,60.0,NotPlaced
8497,8.2,2,3,2,90.0,4.6,Yes,Yes,75.0,83.0,Placed
1692,7.7,1,2,0,70.0,3.6,No,Yes,55.0,62.0,NotPlaced
6489,6.8,0,2,0,80.0,4.3,Yes,No,55.0,64.0,Placed
295,7.7,0,1,0,79.0,4.8,No,Yes,58.0,71.0,NotPlaced
5191,7.4,0,1,0,80.0,3.4,No,No,70.0,70.0,NotPlaced
1654,8.2,1,2,1,81.0,4.3,Yes,Yes,82.0,86.0,Placed
5531,8.0,1,3,2,79.0,4.6,Yes,Yes,68.0,87.0,Placed
1717,8.0,0,3,2,83.0,4.7,Yes,Yes,78.0,85.0,Placed
6593,7.6,0,3,1,86.0,4.7,Yes,No,78.0,81.0,Placed
4003,7.8,2,2,2,68.0,4.5,No,Yes,73.0,87.0,NotPlaced
4301,7.7,1,3,1,79.0,4.4,Yes,Yes,70.0,84.0,Placed
4744,8.5,2,3,2,90.0,4.3,Yes,Yes,79.0,83.0,Placed
4505,7.6,0,2,1,85.0,4.6,No,Yes,72.0,64.0,Placed
3659,6.5,1,2,1,69.0,3.7,No,No,66.0,66.0,NotPlaced
630,8.3,2,3,2,85.0,4.7,Yes,Yes,76.0,87.0,Placed
2375,6.5,0,2,3,85.0,4.5,Yes,Yes,55.0,71.0,Placed
8741,7.3,1,1,0,79.0,4.5,No,Yes,55.0,67.0,NotPlaced
3932,8.2,0,2,2,79.0,4.0,Yes,Yes,76.0,79.0,Placed
4854,8.4,1,3,2,90.0,4.8,Yes,Yes,77.0,79.0,Placed
474,7.8,0,3,2,77.0,4.2,Yes,Yes,83.0,76.0,NotPlaced
1853,7.6,1,2,0,69.0,4.4,No,Yes,60.0,68.0,NotPlaced
7158,7.6,1,1,0,62.0,3.4,No,No,67.0,70.0,NotPlaced
6851,7.9,2,3,2,87.0,4.8,Yes,Yes,81.0,87.0,Placed
6485,7.6,1,1,1,70.0,3.8,No,Yes,55.0,69.0,Placed
4921,7.3,1,2,1,67.0,4.6,No,No,59.0,80.0,NotPlaced
6916,7.6,1,1,0,82.0,4.0,No,No,65.0,58.0,NotPlaced
1565,7.4,1,2,0,82.0,4.6,Yes,Yes,70.0,88.0,NotPlaced
6083,8.0,2,3,2,86.0,4.7,Yes,Yes,85.0,85.0,Placed
8461,8.2,1,3,2,85.0,4.6,Yes,Yes,79.0,86.0,Placed
5209,6.5,0,1,0,85.0,3.9,No,No,55.0,69.0,NotPlaced
8344,6.5,1,2,2,81.0,3.6,Yes,Yes,89.0,80.0,Placed
4516,7.7,1,1,1,67.0,3.9,No,No,55.0,66.0,NotPlaced
3710,8.4,2,3,0,89.0,4.1,Yes,Yes,88.0,71.0,Placed
5980,7.6,1,1,1,69.0,4.3,No,No,58.0,70.0,NotPlaced
5301,6.5,1,3,0,86.0,4.3,Yes,Yes,76.0,87.0,NotPlaced
7283,8.3,2,3,2,90.0,4.8,Yes,Yes,78.0,84.0,Placed
7834,6.5,1,2,0,78.0,4.7,No,Yes,76.0,72.0,NotPlaced
7234,7.2,0,1,1,75.0,4.1,No,No,63.0,80.0,NotPlaced
6586,8.4,1,3,0,63.0,4.3,Yes,Yes,55.0,68.0,NotPlaced
1731,6.9,1,1,1,79.0,3.5,No,No,57.0,64.0,NotPlaced
2404,8.0,1,3,1,77.0,4.5,Yes,Yes,71.0,85.0,NotPlaced
7758,8.1,1,3,0,76.0,4.0,Yes,Yes,75.0,73.0,Placed
8487,7.4,1,1,0,60.0,4.3,Yes,Yes,61.0,75.0,Placed
8234,8.3,1,2,1,80.0,4.3,Yes,Yes,71.0,84.0,Placed
5693,8.7,2,3,2,90.0,4.7,Yes,Yes,77.0,88.0,Placed
1366,6.7,2,0,0,75.0,4.0,Yes,Yes,55.0,69.0,Placed
5481,7.6,1,2,2,75.0,4.6,No,No,61.0,64.0,NotPlaced
5313,7.9,2,3,1,89.0,4.8,Yes,Yes,90.0,86.0,Placed
3960,6.5,1,1,1,68.0,4.1,No,Yes,78.0,68.0,NotPlaced
1467,7.2,0,2,1,77.0,4.6,Yes,Yes,55.0,63.0,NotPlaced
654,7.3,1,1,0,84.0,4.3,No,No,61.0,74.0,NotPlaced
6588,8.4,1,3,2,90.0,4.8,Yes,Yes,86.0,85.0,Placed
7691,7.6,1,1,0,83.0,4.1,No,No,68.0,63.0,NotPlaced
8103,8.5,2,3,1,86.0,4.5,Yes,Yes,75.0,81.0,Placed
5399,8.2,2,3,2,90.0,4.6,Yes,Yes,83.0,83.0,Placed
778,8.1,2,3,2,90.0,4.8,Yes,Yes,84.0,86.0,Placed
2484,8.6,1,3,0,83.0,4.8,Yes,Yes,81.0,86.0,Placed
5835,7.9,2,3,2,80.0,4.4,Yes,Yes,84.0,81.0,Placed
2623,6.7,1,1,0,70.0,3.6,No,No,64.0,69.0,NotPlaced
7614,7.4,1,2,0,74.0,4.5,No,Yes,70.0,68.0,Placed
4352,8.3,1,3,0,82.0,4.1,No,Yes,76.0,70.0,NotPlaced
1970,7.8,1,1,0,66.0,4.6,No,No,57.0,67.0,NotPlaced
465,7.4,0,1,0,78.0,4.6,No,No,56.0,69.0,NotPlaced
9716,7.4,1,2,1,68.0,3.3,No,No,55.0,67.0,NotPlaced
5706,7.6,1,1,0,69.0,3.9,No,Yes,64.0,62.0,NotPlaced
1429,7.4,1,2,1,72.0,4.4,No,Yes,55.0,70.0,NotPlaced
6082,8.4,1,3,2,78.0,4.1,Yes,Yes,75.0,83.0,Placed
1977,8.1,0,3,2,83.0,4.6,Yes,No,68.0,83.0,Placed
6814,8.0,1,1,0,80.0,4.4,Yes,Yes,73.0,76.0,NotPlaced
3728,8.2,0,1,1,89.0,4.7,Yes,Yes,81.0,74.0,NotPlaced
3766,7.3,1,3,0,82.0,4.4,Yes,No,77.0,80.0,NotPlaced
5371,8.7,0,3,1,71.0,4.5,Yes,Yes,73.0,76.0,Placed
256,8.5,1,3,2,75.0,4.5,Yes,Yes,75.0,84.0,NotPlaced
4832,7.7,1,1,0,76.0,4.1,No,Yes,55.0,64.0,NotPlaced
5358,7.3,1,2,0,72.0,4.3,No,Yes,56.0,66.0,NotPlaced
424,8.1,1,3,3,90.0,4.8,Yes,Yes,69.0,82.0,Placed
3279,8.3,2,2,0,76.0,3.9,No,No,83.0,80.0,NotPlaced
9894,8.3,1,2,0,65.0,4.1,Yes,Yes,71.0,62.0,Placed
9157,8.0,2,2,2,87.0,4.8,Yes,No,82.0,83.0,Placed
3524,7.8,2,3,2,90.0,4.8,Yes,Yes,84.0,87.0,Placed
2801,8.8,1,3,2,90.0,4.8,Yes,Yes,81.0,88.0,Placed
4622,7.3,1,2,1,86.0,3.4,No,Yes,63.0,74.0,NotPlaced
1404,7.4,1,2,1,74.0,3.7,No,Yes,55.0,65.0,NotPlaced
5923,7.9,1,2,0,76.0,4.7,Yes,No,78.0,61.0,NotPlaced
1323,6.8,0,1,1,61.0,3.5,Yes,Yes,57.0,62.0,NotPlaced
3956,6.5,1,3,3,79.0,4.3,Yes,Yes,63.0,87.0,Placed
5153,6.5,1,2,0,74.0,3.4,No,No,59.0,70.0,NotPlaced
4392,6.6,2,3,0,75.0,3.9,Yes,Yes,55.0,81.0,NotPlaced
9859,7.5,1,3,2,90.0,4.8,Yes,Yes,74.0,85.0,NotPlaced
7451,6.5,1,1,1,73.0,4.5,No,No,55.0,59.0,NotPlaced
5238,7.7,0,1,2,86.0,4.5,Yes,Yes,64.0,68.0,NotPlaced
9080,8.3,2,3,2,90.0,4.8,Yes,Yes,82.0,85.0,Placed
7837,8.5,1,2,2,81.0,3.8,Yes,Yes,78.0,85.0,NotPlaced
2797,7.0,0,1,0,69.0,4.5,Yes,No,62.0,67.0,NotPlaced
2331,7.4,2,2,1,78.0,4.3,Yes,No,68.0,69.0,NotPlaced
6189,7.6,1,1,1,76.0,4.0,No,Yes,83.0,68.0,NotPlaced
4843,7.6,2,3,2,90.0,4.8,Yes,Yes,75.0,86.0,Placed
6774,8.4,0,1,3,72.0,4.2,Yes,Yes,74.0,82.0,NotPlaced
1718,6.7,1,1,1,64.0,4.2,No,Yes,69.0,68.0,NotPlaced
7545,8.1,2,3,2,85.0,4.8,Yes,Yes,83.0,84.0,Placed
2408,7.4,1,3,2,83.0,4.5,Yes,No,84.0,79.0,Placed
226,7.4,1,1,0,74.0,3.5,No,Yes,67.0,62.0,NotPlaced
890,7.6,1,3,1,83.0,4.8,No,No,82.0,68.0,Placed
141,6.5,1,1,1,72.0,4.5,No,No,66.0,70.0,NotPlaced
3280,8.5,1,3,0,90.0,4.1,Yes,Yes,81.0,85.0,Placed
8246,7.7,1,3,2,86.0,4.7,Yes,Yes,69.0,88.0,Placed
5920,7.7,0,2,1,75.0,4.8,No,Yes,72.0,68.0,NotPlaced
8356,6.5,1,1,0,77.0,4.7,No,No,55.0,83.0,NotPlaced
1625,7.8,1,2,1,83.0,3.5,No,Yes,66.0,72.0,NotPlaced
6315,7.3,0,1,0,78.0,3.3,No,No,60.0,67.0,NotPlaced
7322,8.3,1,3,2,82.0,4.3,Yes,Yes,61.0,66.0,NotPlaced
4495,7.5,2,1,0,71.0,3.4,Yes,No,84.0,65.0,NotPlaced
3171,6.5,0,3,2,84.0,4.4,Yes,Yes,68.0,72.0,Placed
916,6.5,1,1,0,78.0,3.5,No,Yes,58.0,73.0,NotPlaced
4097,6.5,1,2,0,71.0,3.9,No,Yes,55.0,65.0,NotPlaced
3581,8.3,2,3,2,90.0,4.5,Yes,Yes,63.0,82.0,NotPlaced
9644,6.6,0,2,2,84.0,3.8,No,No,66.0,67.0,NotPlaced
2346,7.2,1,3,2,81.0,4.8,No,Yes,83.0,84.0,Placed
122,8.0,1,1,1,68.0,4.2,No,Yes,59.0,66.0,NotPlaced
1617,6.6,1,2,0,61.0,3.9,No,No,55.0,61.0,NotPlaced
5211,6.9,2,1,2,84.0,4.7,Yes,Yes,73.0,82.0,NotPlaced
709,7.7,2,3,2,78.0,4.8,Yes,No,82.0,69.0,NotPlaced
5368,8.1,2,3,0,86.0,4.3,Yes,Yes,73.0,81.0,Placed
5963,7.4,1,2,1,68.0,3.5,No,Yes,58.0,76.0,NotPlaced
8473,6.5,1,1,0,77.0,4.3,No,No,55.0,66.0,NotPlaced
8724,7.5,1,2,1,73.0,4.2,Yes,Yes,72.0,64.0,NotPlaced
8020,6.6,1,3,0,62.0,3.8,Yes,Yes,57.0,72.0,NotPlaced
2071,8.3,0,3,2,90.0,4.7,Yes,Yes,76.0,85.0,Placed
2562,8.4,0,2,2,86.0,4.7,Yes,Yes,66.0,87.0,NotPlaced
8194,8.2,0,2,2,86.0,4.5,Yes,No,78.0,65.0,NotPlaced
2200,8.5,2,3,0,90.0,4.8,Yes,No,74.0,88.0,Placed
6852,7.6,1,3,2,81.0,4.8,Yes,Yes,78.0,87.0,Placed
1405,7.6,1,1,0,84.0,4.1,No,No,55.0,86.0,NotPlaced
1711,8.3,0,3,2,89.0,4.4,Yes,Yes,75.0,82.0,NotPlaced
3012,8.3,1,2,1,81.0,4.0,Yes,Yes,55.0,63.0,NotPlaced
1461,7.1,2,2,0,81.0,4.4,Yes,Yes,64.0,64.0,Placed
7107,8.4,1,3,2,90.0,4.8,Yes,Yes,72.0,87.0,Placed
8102,7.8,1,3,0,81.0,4.3,Yes,Yes,76.0,82.0,Placed
7309,6.5,1,1,0,66.0,4.8,Yes,No,60.0,64.0,NotPlaced
9961,8.3,1,1,0,70.0,4.1,No,Yes,69.0,76.0,NotPlaced
6781,7.0,2,3,2,84.0,4.8,Yes,Yes,79.0,82.0,Placed
5099,6.5,0,1,1,69.0,3.9,No,No,55.0,75.0,NotPlaced
4240,6.6,0,3,0,85.0,4.7,Yes,Yes,62.0,86.0,Placed
4518,8.1,2,3,1,74.0,4.0,Yes,No,61.0,82.0,NotPlaced
1114,7.8,2,1,0,84.0,4.2,Yes,Yes,71.0,65.0,Placed
744,6.7,1,1,0,78.0,3.1,No,Yes,74.0,58.0,NotPlaced
2106,8.1,2,3,2,85.0,4.8,Yes,Yes,80.0,79.0,Placed
3975,7.6,0,1,0,88.0,4.7,Yes,Yes,62.0,69.0,Placed
4729,7.5,1,1,1,83.0,4.4,No,Yes,56.0,63.0,NotPlaced
8189,7.6,1,1,1,74.0,3.9,Yes,No,55.0,65.0,NotPlaced
7418,7.5,1,1,1,72.0,4.5,No,Yes,59.0,65.0,NotPlaced
6480,7.5,0,3,0,88.0,4.4,Yes,Yes,67.0,86.0,NotPlaced
4527,6.5,0,1,1,70.0,4.2,No,Yes,55.0,63.0,NotPlaced
6634,8.6,1,2,1,67.0,4.0,Yes,Yes,55.0,67.0,NotPlaced
8677,6.6,1,1,0,71.0,3.0,No,No,65.0,62.0,NotPlaced
9020,7.6,1,1,1,73.0,3.9,No,No,65.0,70.0,NotPlaced
5767,8.0,0,3,0,76.0,3.6,Yes,Yes,83.0,71.0,NotPlaced
1999,7.5,1,1,1,73.0,4.7,Yes,No,61.0,67.0,NotPlaced
5890,7.5,2,2,1,78.0,4.4,Yes,Yes,80.0,86.0,Placed
6835,7.0,1,2,0,74.0,4.2,No,Yes,55.0,69.0,Placed
3257,7.7,1,3,0,89.0,4.8,Yes,Yes,71.0,71.0,Placed
4781,8.2,2,3,2,78.0,4.8,Yes,Yes,83.0,83.0,Placed
7284,7.3,1,1,0,74.0,4.3,No,No,57.0,69.0,NotPlaced
5521,7.6,1,3,2,88.0,4.5,Yes,Yes,75.0,84.0,Placed
7716,7.6,0,2,0,84.0,4.4,No,Yes,55.0,69.0,NotPlaced
5296,7.8,1,3,1,80.0,4.8,Yes,No,61.0,81.0,NotPlaced
8634,8.4,2,3,2,90.0,4.6,Yes,Yes,74.0,88.0,Placed
6883,7.5,1,1,2,80.0,4.5,No,No,64.0,70.0,NotPlaced
337,8.1,1,3,2,90.0,4.7,Yes,No,72.0,87.0,Placed
2477,7.6,1,1,2,67.0,3.8,No,Yes,57.0,70.0,Placed
5880,6.9,1,1,1,62.0,3.5,No,No,55.0,66.0,NotPlaced
9712,8.1,2,3,1,82.0,4.2,No,No,74.0,62.0,NotPlaced
6902,8.0,1,1,0,79.0,3.8,No,No,55.0,66.0,NotPlaced
9097,7.8,2,2,2,88.0,4.3,Yes,Yes,75.0,82.0,NotPlaced
1559,8.3,1,3,2,88.0,4.4,Yes,Yes,79.0,85.0,Placed
5136,7.5,1,3,1,81.0,4.6,Yes,Yes,72.0,80.0,NotPlaced
5459,8.5,2,3,2,90.0,4.8,No,Yes,90.0,83.0,Placed
7723,8.0,0,3,2,90.0,4.8,Yes,Yes,80.0,85.0,Placed
8331,8.6,2,3,2,84.0,4.6,Yes,Yes,80.0,85.0,Placed
1232,7.7,0,3,2,90.0,4.8,Yes,Yes,76.0,84.0,Placed
7840,7.7,1,1,1,71.0,4.2,No,No,71.0,59.0,NotPlaced
6911,7.9,1,2,0,90.0,4.2,Yes,Yes,55.0,66.0,NotPlaced
509,8.2,1,1,0,79.0,4.2,No,No,72.0,69.0,NotPlaced
5415,7.4,1,1,1,71.0,4.3,No,Yes,55.0,73.0,NotPlaced
112,7.3,1,3,1,81.0,4.2,Yes,Yes,69.0,65.0,NotPlaced
4648,8.4,1,3,0,81.0,4.7,No,Yes,55.0,87.0,NotPlaced
948,8.4,2,3,2,90.0,4.8,No,Yes,70.0,85.0,Placed
6376,6.5,0,1,0,74.0,3.5,No,Yes,55.0,71.0,Placed
7533,7.7,1,3,0,75.0,4.0,Yes,Yes,78.0,81.0,Placed
2974,8.5,2,3,2,86.0,4.7,Yes,No,76.0,80.0,NotPlaced
255,6.5,1,1,0,74.0,4.2,No,No,59.0,65.0,NotPlaced
7877,6.6,0,2,0,68.0,3.8,No,No,66.0,70.0,NotPlaced
1879,6.8,2,1,2,83.0,4.7,Yes,No,79.0,61.0,NotPlaced
4816,7.2,2,1,1,89.0,4.0,Yes,Yes,77.0,83.0,NotPlaced
4442,8.4,2,3,2,90.0,4.8,Yes,Yes,85.0,82.0,Placed
1234,8.6,2,3,2,90.0,4.8,Yes,No,74.0,81.0,Placed
3484,8.3,1,2,2,89.0,4.8,Yes,Yes,81.0,62.0,Placed
8629,8.0,1,1,2,87.0,4.1,Yes,Yes,74.0,68.0,Placed
9574,7.6,0,1,0,82.0,3.9,No,Yes,58.0,72.0,NotPlaced
7272,7.6,1,2,0,66.0,4.5,No,Yes,55.0,76.0,NotPlaced
9075,6.8,1,1,0,74.0,4.3,No,Yes,55.0,66.0,NotPlaced
7585,6.9,1,1,0,75.0,3.8,Yes,Yes,55.0,66.0,NotPlaced
5418,7.6,1,1,0,79.0,4.8,No,Yes,69.0,71.0,NotPlaced
1773,7.4,2,1,1,65.0,3.2,No,Yes,55.0,62.0,NotPlaced
5680,7.5,1,1,1,73.0,3.5,No,Yes,58.0,69.0,NotPlaced
5728,8.2,2,1,3,88.0,4.2,Yes,Yes,61.0,86.0,Placed
9304,7.7,0,1,1,76.0,4.2,No,No,56.0,68.0,NotPlaced
745,8.4,1,1,2,81.0,3.9,Yes,Yes,64.0,84.0,Placed
707,8.1,2,3,0,81.0,4.8,Yes,Yes,72.0,88.0,NotPlaced
7111,8.5,2,3,0,87.0,4.8,Yes,Yes,74.0,86.0,Placed
825,8.2,2,3,2,87.0,4.8,Yes,Yes,75.0,72.0,Placed
4292,6.7,1,2,0,63.0,3.7,No,No,55.0,62.0,NotPlaced
5356,8.4,1,1,0,78.0,4.8,Yes,No,71.0,81.0,NotPlaced
7539,7.5,1,1,1,66.0,4.0,No,Yes,61.0,72.0,NotPlaced
1903,7.7,0,1,1,78.0,4.1,No,No,58.0,75.0,NotPlaced
9872,7.4,0,1,1,83.0,3.8,No,No,55.0,72.0,NotPlaced
4983,7.6,0,1,0,82.0,4.3,No,Yes,71.0,72.0,NotPlaced
3243,7.1,1,2,0,89.0,4.7,No,No,78.0,69.0,NotPlaced
2232,8.4,1,3,1,78.0,4.4,No,No,69.0,73.0,NotPlaced
5057,8.6,0,3,2,81.0,3.9,Yes,Yes,82.0,71.0,Placed
5233,7.4,1,1,1,68.0,4.1,Yes,Yes,55.0,67.0,NotPlaced
9253,6.5,1,2,0,69.0,4.7,No,Yes,80.0,69.0,NotPlaced
7739,7.7,0,3,1,74.0,4.3,Yes,Yes,78.0,65.0,NotPlaced
4827,8.3,2,3,2,90.0,4.7,Yes,Yes,73.0,74.0,Placed
7543,7.8,2,3,1,90.0,4.0,Yes,Yes,81.0,84.0,NotPlaced
4093,8.2,2,3,0,80.0,4.3,Yes,Yes,84.0,82.0,Placed
2398,7.4,1,2,0,87.0,3.5,No,Yes,61.0,67.0,NotPlaced
5372,8.2,0,3,2,81.0,4.7,No,No,82.0,68.0,NotPlaced
5190,7.4,0,1,0,80.0,4.3,Yes,Yes,63.0,63.0,NotPlaced
3035,7.3,1,3,0,87.0,4.3,No,Yes,55.0,86.0,Placed
9722,7.0,2,3,2,90.0,4.6,Yes,Yes,85.0,83.0,Placed
48,7.0,1,1,0,62.0,4.3,No,Yes,59.0,67.0,NotPlaced
5044,6.5,1,2,1,78.0,4.1,No,No,78.0,63.0,NotPlaced
6077,7.6,1,1,0,72.0,3.4,No,No,77.0,67.0,NotPlaced
1810,7.7,1,1,1,64.0,3.7,No,Yes,55.0,61.0,NotPlaced
1408,6.5,2,1,1,64.0,3.8,No,No,61.0,60.0,NotPlaced
57,8.0,1,1,0,74.0,4.5,Yes,Yes,55.0,65.0,NotPlaced
8127,7.6,0,3,0,79.0,4.6,Yes,Yes,63.0,61.0,NotPlaced
8170,7.9,1,1,2,87.0,4.2,No,Yes,80.0,75.0,NotPlaced
2349,8.5,2,3,2,84.0,4.6,Yes,Yes,74.0,83.0,Placed
3411,8.3,1,2,1,71.0,4.0,Yes,Yes,55.0,61.0,NotPlaced
2576,8.2,2,3,0,81.0,4.7,Yes,No,79.0,61.0,NotPlaced
1258,7.5,2,2,3,70.0,4.2,Yes,Yes,71.0,67.0,Placed
5134,7.5,1,1,0,68.0,4.3,No,Yes,55.0,68.0,NotPlaced
1506,6.9,0,3,0,76.0,3.8,No,Yes,81.0,73.0,NotPlaced
4530,7.6,1,2,2,87.0,3.9,No,No,55.0,82.0,Placed
6656,8.0,1,1,0,83.0,4.8,No,Yes,61.0,68.0,NotPlaced
8125,8.5,1,3,1,84.0,4.8,Yes,Yes,73.0,84.0,Placed
3654,8.2,1,3,2,90.0,4.8,Yes,No,79.0,85.0,Placed
3467,7.0,1,2,0,68.0,4.0,No,Yes,55.0,74.0,NotPlaced
2518,6.7,2,3,2,85.0,4.2,Yes,Yes,64.0,64.0,NotPlaced
5002,7.7,2,3,2,89.0,4.5,No,Yes,74.0,85.0,NotPlaced
5729,7.8,0,3,0,83.0,4.4,Yes,Yes,81.0,73.0,NotPlaced
4591,8.5,2,3,2,90.0,4.8,Yes,Yes,80.0,82.0,Placed
1117,8.3,0,1,0,79.0,3.5,No,Yes,70.0,70.0,Placed
9692,7.6,0,2,1,85.0,4.3,Yes,Yes,74.0,81.0,Placed
6508,7.1,1,1,1,76.0,4.3,No,Yes,78.0,71.0,NotPlaced
903,8.0,1,1,1,77.0,3.7,Yes,Yes,73.0,69.0,NotPlaced
3364,8.5,0,1,0,74.0,4.3,No,Yes,68.0,83.0,NotPlaced
9360,7.6,1,2,1,75.0,4.1,No,No,55.0,74.0,NotPlaced
8587,8.1,1,3,0,74.0,4.0,Yes,Yes,62.0,83.0,Placed
5824,7.8,1,3,1,85.0,4.5,Yes,Yes,87.0,83.0,Placed
9833,8.3,2,3,2,90.0,3.8,No,No,76.0,74.0,NotPlaced
7869,8.9,1,3,0,85.0,4.8,Yes,Yes,73.0,81.0,Placed
2714,8.6,1,2,2,76.0,4.4,Yes,No,79.0,84.0,NotPlaced
1682,8.3,1,2,1,82.0,4.4,Yes,Yes,76.0,85.0,Placed
9385,7.6,1,1,0,72.0,3.9,No,No,55.0,62.0,NotPlaced
9064,8.0,0,2,1,89.0,4.3,No,Yes,55.0,75.0,NotPlaced
1848,7.8,2,3,1,90.0,4.6,Yes,No,87.0,84.0,Placed
5683,7.4,1,2,0,76.0,4.5,No,Yes,55.0,72.0,NotPlaced
5622,7.7,1,2,2,78.0,3.8,Yes,No,63.0,67.0,NotPlaced
5426,7.8,2,3,2,86.0,4.8,No,Yes,85.0,84.0,Placed
4307,8.3,2,3,3,83.0,4.6,Yes,No,78.0,85.0,Placed
4969,8.3,2,3,2,87.0,4.7,Yes,Yes,84.0,80.0,Placed
1877,7.8,1,2,0,70.0,3.8,Yes,Yes,59.0,69.0,NotPlaced
9023,6.5,1,2,1,76.0,4.1,Yes,No,56.0,70.0,NotPlaced
1171,6.5,0,1,0,73.0,4.0,Yes,Yes,68.0,67.0,NotPlaced
8937,7.7,0,2,0,85.0,4.0,No,Yes,55.0,64.0,Placed
1964,7.6,1,2,0,70.0,3.9,No,Yes,55.0,60.0,NotPlaced
8740,7.9,2,3,2,90.0,4.8,Yes,Yes,82.0,88.0,Placed
3287,7.4,1,2,0,78.0,3.9,No,Yes,73.0,72.0,NotPlaced
124,7.3,1,1,0,64.0,3.2,No,Yes,58.0,67.0,NotPlaced
649,7.6,1,2,0,79.0,4.3,Yes,Yes,79.0,69.0,Placed
9118,8.0,1,2,1,80.0,4.3,Yes,Yes,74.0,88.0,NotPlaced
8693,8.3,0,3,0,90.0,4.7,Yes,Yes,69.0,82.0,Placed
751,8.1,1,2,3,86.0,4.5,Yes,Yes,88.0,70.0,Placed
1249,7.3,0,2,0,69.0,3.8,No,Yes,55.0,63.0,NotPlaced
2557,8.4,1,2,2,86.0,4.8,No,Yes,87.0,85.0,Placed
118,6.5,1,2,0,65.0,4.4,No,Yes,61.0,68.0,NotPlaced
9639,7.9,2,3,2,83.0,4.5,Yes,Yes,66.0,80.0,Placed
5523,7.2,1,1,0,66.0,3.9,Yes,No,61.0,67.0,NotPlaced
5999,7.7,1,2,0,78.0,4.5,No,Yes,75.0,65.0,NotPlaced
4610,7.0,0,1,1,66.0,3.8,No,No,55.0,65.0,NotPlaced
5775,7.7,1,3,1,71.0,4.6,Yes,No,55.0,72.0,NotPlaced
2730,7.6,0,2,0,79.0,4.6,No,Yes,76.0,72.0,NotPlaced
6372,8.7,1,3,2,90.0,4.8,Yes,Yes,77.0,79.0,Placed
615,6.5,2,3,2,84.0,4.0,Yes,No,74.0,83.0,NotPlaced
5390,8.3,1,3,1,67.0,3.7,Yes,Yes,66.0,68.0,NotPlaced
3972,6.5,1,2,1,78.0,3.9,No,Yes,62.0,68.0,NotPlaced
1775,7.4,0,1,0,75.0,3.8,No,No,56.0,66.0,NotPlaced
7954,6.6,1,1,2,67.0,4.0,No,No,55.0,67.0,NotPlaced
8806,6.5,1,1,1,69.0,3.7,Yes,No,62.0,65.0,NotPlaced
8370,6.9,1,1,0,68.0,3.7,No,No,55.0,64.0,NotPlaced
7401,7.9,1,1,0,89.0,4.5,Yes,Yes,78.0,81.0,Placed
4924,7.5,1,3,1,66.0,3.8,No,Yes,69.0,72.0,NotPlaced
5543,8.7,1,2,0,74.0,4.8,No,No,74.0,83.0,NotPlaced
6970,7.9,1,1,0,66.0,4.5,No,No,63.0,62.0,NotPlaced
9219,8.4,2,1,1,77.0,4.4,No,Yes,60.0,69.0,NotPlaced
6429,8.3,0,3,2,84.0,4.4,Yes,Yes,76.0,88.0,Placed
4335,8.4,2,3,2,90.0,4.8,Yes,Yes,87.0,80.0,Placed
3370,8.4,2,3,2,86.0,4.4,Yes,Yes,72.0,61.0,Placed
7899,7.6,1,2,0,80.0,4.6,No,Yes,69.0,69.0,NotPlaced
6072,7.5,0,2,0,68.0,4.1,Yes,Yes,69.0,58.0,NotPlaced
4316,8.5,1,2,2,86.0,4.6,Yes,Yes,73.0,75.0,Placed
4107,8.4,1,2,2,84.0,4.4,Yes,Yes,79.0,83.0,Placed
5635,7.6,0,1,2,75.0,4.5,No,No,80.0,66.0,NotPlaced
9649,8.4,2,3,0,89.0,4.6,Yes,Yes,87.0,82.0,Placed
8280,7.5,1,3,0,83.0,4.8,Yes,Yes,75.0,84.0,Placed
3223,6.6,0,1,0,79.0,4.4,No,Yes,55.0,64.0,NotPlaced
9220,8.3,1,3,2,82.0,4.7,No,No,59.0,63.0,Placed
6894,6.5,0,2,0,85.0,4.8,Yes,Yes,55.0,83.0,Placed
9090,6.9,1,2,0,73.0,4.2,Yes,Yes,74.0,63.0,NotPlaced
5326,8.1,2,3,2,86.0,4.5,Yes,Yes,80.0,86.0,NotPlaced
56,8.8,2,3,2,90.0,4.8,Yes,Yes,86.0,88.0,Placed
2128,7.6,1,2,1,83.0,3.9,Yes,Yes,70.0,69.0,Placed
439,8.2,1,1,0,76.0,4.2,No,Yes,55.0,62.0,NotPlaced
3785,7.5,0,2,0,81.0,4.1,Yes,Yes,74.0,66.0,NotPlaced
8480,7.6,1,2,0,70.0,3.7,Yes,Yes,63.0,71.0,Placed
638,7.5,1,1,0,79.0,4.5,No,No,56.0,74.0,NotPlaced
7749,7.4,0,1,0,73.0,4.4,No,No,55.0,72.0,NotPlaced
3534,8.1,2,3,1,81.0,4.8,Yes,Yes,74.0,83.0,NotPlaced
1548,8.1,2,3,1,90.0,4.5,Yes,Yes,81.0,86.0,Placed
4678,7.6,1,1,0,66.0,4.1,No,No,67.0,73.0,NotPlaced
2435,8.4,0,3,2,90.0,4.8,Yes,Yes,83.0,83.0,Placed
9378,8.6,1,3,2,89.0,4.7,Yes,Yes,72.0,85.0,Placed
1645,6.8,0,3,0,83.0,4.3,Yes,Yes,61.0,66.0,Placed
8037,7.6,1,2,1,68.0,4.1,No,Yes,55.0,68.0,NotPlaced
5219,8.5,2,2,1,83.0,4.3,Yes,No,55.0,80.0,NotPlaced
3610,7.3,2,2,0,66.0,4.1,Yes,Yes,60.0,70.0,NotPlaced
6468,7.0,1,3,0,84.0,4.8,Yes,Yes,72.0,84.0,Placed
5094,8.3,2,3,1,88.0,3.8,Yes,Yes,58.0,87.0,Placed
4044,7.8,0,2,2,90.0,4.8,No,Yes,80.0,85.0,Placed
375,8.7,0,3,0,75.0,3.7,Yes,Yes,62.0,74.0,NotPlaced
6344,7.5,1,2,0,66.0,3.8,No,No,64.0,67.0,NotPlaced
4705,7.7,1,1,0,68.0,4.3,No,Yes,65.0,67.0,NotPlaced
8703,7.5,1,2,2,80.0,4.3,Yes,Yes,65.0,80.0,Placed
5217,7.8,0,1,1,85.0,4.3,No,No,70.0,80.0,Placed
2934,8.6,1,1,3,81.0,4.7,No,Yes,72.0,86.0,Placed
8944,7.2,1,1,1,74.0,3.9,No,Yes,57.0,69.0,NotPlaced
5757,7.6,2,2,1,88.0,4.6,Yes,Yes,79.0,86.0,NotPlaced
6571,7.5,1,1,0,74.0,3.4,No,Yes,57.0,73.0,NotPlaced
1218,7.5,1,2,0,75.0,3.7,Yes,Yes,67.0,70.0,NotPlaced
6050,7.8,0,1,0,74.0,4.0,No,No,55.0,63.0,NotPlaced
1077,6.8,1,1,0,85.0,4.3,No,Yes,77.0,75.0,NotPlaced
7336,7.8,1,2,1,68.0,3.9,No,No,61.0,63.0,NotPlaced
2522,8.1,1,1,2,76.0,4.0,No,Yes,71.0,71.0,NotPlaced
4398,8.3,2,3,2,90.0,4.8,Yes,Yes,81.0,81.0,Placed
7668,8.1,1,1,0,70.0,4.3,Yes,Yes,76.0,69.0,NotPlaced
3645,6.6,1,3,0,83.0,4.8,Yes,Yes,76.0,84.0,Placed
268,8.0,1,2,1,76.0,4.5,No,Yes,68.0,75.0,NotPlaced
8357,8.6,2,2,1,90.0,4.6,Yes,Yes,81.0,80.0,Placed
4302,8.5,1,0,0,81.0,4.1,No,No,57.0,71.0,NotPlaced
4446,8.7,2,3,2,90.0,4.3,Yes,Yes,84.0,86.0,Placed
6375,8.2,1,3,2,90.0,4.8,Yes,Yes,78.0,83.0,Placed
3403,7.6,1,2,0,80.0,4.4,No,No,61.0,72.0,NotPlaced
7392,8.5,2,3,2,90.0,4.7,Yes,Yes,74.0,86.0,Placed
490,8.3,1,3,0,82.0,4.8,Yes,Yes,71.0,88.0,NotPlaced
2778,7.1,0,1,1,69.0,4.8,No,No,65.0,66.0,NotPlaced
3331,7.5,1,1,1,66.0,4.0,No,No,58.0,65.0,NotPlaced
2079,7.8,2,3,2,82.0,4.6,Yes,No,84.0,76.0,NotPlaced
8133,7.7,2,2,2,90.0,4.8,Yes,Yes,81.0,88.0,Placed
6599,7.9,1,1,0,81.0,4.2,No,Yes,72.0,69.0,NotPlaced
7617,7.6,0,2,0,75.0,3.6,No,No,56.0,70.0,NotPlaced
9812,8.2,2,3,0,77.0,3.5,Yes,Yes,75.0,80.0,NotPlaced
5608,8.4,1,3,0,89.0,4.8,Yes,Yes,79.0,84.0,Placed
2700,8.4,2,3,2,90.0,4.8,Yes,Yes,75.0,84.0,Placed
3052,8.6,1,3,0,77.0,4.0,No,Yes,55.0,70.0,NotPlaced
7114,8.2,1,3,1,86.0,4.5,No,Yes,65.0,82.0,Placed
6792,6.7,0,1,0,63.0,3.4,No,No,69.0,69.0,NotPlaced
8913,8.2,1,2,2,90.0,4.8,Yes,No,70.0,85.0,NotPlaced
7056,6.5,2,1,2,85.0,4.7,No,Yes,66.0,85.0,NotPlaced
692,7.5,0,2,1,62.0,4.5,No,No,55.0,65.0,NotPlaced
3731,8.7,0,3,0,85.0,4.5,Yes,Yes,77.0,65.0,Placed
9285,7.5,2,1,1,75.0,4.8,No,No,62.0,62.0,NotPlaced
2855,8.5,2,3,0,89.0,4.8,Yes,Yes,82.0,70.0,Placed
9660,7.9,2,3,2,90.0,4.8,Yes,Yes,84.0,88.0,Placed
3020,8.3,2,3,2,87.0,4.7,No,Yes,71.0,85.0,Placed
1919,7.4,2,1,3,66.0,3.9,No,No,61.0,57.0,NotPlaced
5985,7.7,1,1,2,64.0,4.4,Yes,Yes,61.0,64.0,NotPlaced
3266,7.6,0,1,1,77.0,3.4,No,No,58.0,67.0,NotPlaced
1397,8.3,0,3,2,89.0,4.5,Yes,Yes,85.0,84.0,Placed
531,6.7,1,2,1,68.0,4.6,No,Yes,72.0,68.0,NotPlaced
6870,6.5,1,1,1,81.0,4.8,No,Yes,55.0,64.0,NotPlaced
9158,6.6,0,2,0,73.0,4.8,Yes,Yes,72.0,65.0,NotPlaced
6090,8.3,2,3,2,79.0,4.4,Yes,Yes,83.0,85.0,Placed
3632,7.6,1,1,1,70.0,4.7,No,Yes,55.0,69.0,NotPlaced
624,7.6,0,1,1,70.0,4.0,No,No,69.0,69.0,NotPlaced
39,8.5,2,3,3,90.0,4.7,Yes,Yes,79.0,86.0,Placed
5107,8.4,2,3,2,90.0,4.7,Yes,Yes,80.0,88.0,Placed
6824,7.8,1,1,0,71.0,4.1,Yes,Yes,77.0,67.0,Placed
4214,7.5,1,1,0,78.0,4.5,No,No,58.0,65.0,NotPlaced
5681,8.6,2,3,2,90.0,4.6,Yes,Yes,76.0,85.0,Placed
3520,8.4,2,3,2,90.0,4.8,Yes,Yes,76.0,85.0,Placed
4436,8.3,1,1,1,75.0,3.9,Yes,Yes,55.0,73.0,Placed
7594,6.8,0,2,0,78.0,4.1,No,Yes,57.0,88.0,NotPlaced
2445,6.5,1,1,2,68.0,3.5,No,No,76.0,61.0,NotPlaced
2191,7.8,1,2,1,78.0,4.8,No,Yes,55.0,69.0,NotPlaced
1612,8.3,2,2,2,68.0,4.8,Yes,Yes,61.0,84.0,Placed
9062,7.6,0,2,0,85.0,4.2,Yes,Yes,81.0,83.0,Placed
3460,8.0,1,2,1,73.0,4.4,Yes,Yes,84.0,75.0,Placed
6313,7.4,1,1,0,68.0,4.4,No,No,56.0,64.0,NotPlaced
7023,8.3,2,1,2,79.0,4.2,Yes,Yes,58.0,87.0,Placed
8543,7.4,1,2,1,90.0,4.4,Yes,Yes,81.0,86.0,NotPlaced
6988,6.7,1,2,0,80.0,3.5,No,No,59.0,73.0,NotPlaced
4768,7.8,1,3,2,82.0,4.8,Yes,No,78.0,77.0,Placed
254,8.1,0,2,2,80.0,4.4,Yes,No,82.0,85.0,Placed
2948,8.5,1,3,2,90.0,4.8,Yes,Yes,87.0,85.0,Placed
8004,7.5,1,1,1,67.0,4.5,No,No,55.0,61.0,NotPlaced
1222,7.5,1,1,1,76.0,3.9,No,No,55.0,66.0,NotPlaced
6464,6.7,1,3,0,87.0,4.4,Yes,Yes,69.0,67.0,NotPlaced
4841,8.0,0,1,3,90.0,4.8,Yes,Yes,81.0,82.0,Placed
6516,7.5,2,1,1,80.0,4.3,No,Yes,72.0,64.0,NotPlaced
6278,8.0,0,3,1,83.0,3.7,No,Yes,59.0,81.0,NotPlaced
8077,8.2,2,3,2,88.0,4.5,Yes,Yes,77.0,83.0,Placed
5904,7.6,0,1,0,76.0,3.5,Yes,Yes,74.0,65.0,Placed
9465,8.2,1,3,0,90.0,4.1,No,Yes,76.0,74.0,Placed
2021,7.4,1,1,1,70.0,3.2,No,Yes,58.0,67.0,NotPlaced
7202,6.5,1,1,0,72.0,4.0,No,No,64.0,71.0,NotPlaced
6099,7.5,1,1,0,72.0,4.3,No,No,59.0,65.0,NotPlaced
3032,8.0,1,3,2,88.0,3.9,No,No,88.0,71.0,Placed
8747,6.5,0,3,0,72.0,4.2,Yes,Yes,75.0,69.0,NotPlaced
6373,7.7,1,3,0,81.0,4.8,Yes,Yes,79.0,85.0,Placed
9777,8.0,1,3,0,90.0,4.8,Yes,No,77.0,84.0,Placed
931,7.5,2,3,1,86.0,4.4,Yes,Yes,71.0,80.0,Placed
2768,7.9,0,3,2,89.0,4.7,Yes,Yes,78.0,82.0,Placed
5049,8.3,1,2,3,85.0,4.6,Yes,Yes,69.0,86.0,Placed
7719,6.5,1,2,0,81.0,3.5,No,Yes,62.0,63.0,Placed
3487,7.0,1,1,2,75.0,4.4,Yes,No,59.0,68.0,NotPlaced
2722,7.4,0,1,1,69.0,3.5,No,Yes,57.0,85.0,NotPlaced
4234,7.5,2,2,1,85.0,4.6,Yes,Yes,71.0,85.0,Placed
2166,6.8,2,3,3,90.0,4.8,Yes,Yes,81.0,83.0,Placed
7815,8.1,2,2,1,76.0,4.8,Yes,Yes,71.0,81.0,NotPlaced
2356,8.2,2,1,2,77.0,4.8,Yes,Yes,60.0,79.0,NotPlaced
9279,7.8,1,3,2,88.0,4.3,Yes,Yes,84.0,86.0,Placed
520,7.9,2,3,1,82.0,4.2,Yes,Yes,83.0,69.0,NotPlaced
3722,8.2,1,2,0,79.0,4.8,Yes,Yes,78.0,69.0,NotPlaced
6014,6.7,1,1,0,60.0,4.0,No,No,61.0,62.0,NotPlaced
9603,8.0,2,3,2,90.0,4.8,Yes,Yes,86.0,88.0,Placed
4218,8.3,2,3,2,84.0,4.8,Yes,Yes,82.0,85.0,Placed
3649,7.0,1,1,0,65.0,4.6,Yes,Yes,58.0,58.0,NotPlaced
608,7.7,1,1,1,78.0,4.2,Yes,Yes,66.0,67.0,NotPlaced
6474,8.4,1,3,0,88.0,4.7,Yes,Yes,72.0,85.0,Placed
5091,7.4,1,1,0,64.0,4.2,Yes,Yes,61.0,70.0,NotPlaced
9384,6.9,0,1,1,74.0,4.8,No,Yes,66.0,62.0,NotPlaced
5310,8.0,1,1,0,83.0,4.7,No,No,55.0,66.0,NotPlaced
1584,8.5,1,3,2,90.0,4.7,Yes,Yes,86.0,87.0,Placed
7076,8.5,1,2,2,90.0,4.8,Yes,Yes,80.0,83.0,Placed
9111,8.2,2,3,2,90.0,4.8,Yes,Yes,86.0,82.0,Placed
9030,7.7,1,1,2,76.0,4.6,No,Yes,76.0,66.0,NotPlaced
9082,8.3,2,2,2,80.0,4.5,Yes,Yes,68.0,79.0,Placed
2135,8.1,2,2,2,79.0,4.6,Yes,Yes,79.0,85.0,NotPlaced
6999,8.1,1,3,2,85.0,4.8,No,Yes,55.0,73.0,Placed
6102,8.0,1,1,2,82.0,4.6,Yes,Yes,63.0,88.0,NotPlaced
1501,7.4,2,2,2,90.0,4.1,Yes,No,81.0,85.0,Placed
3313,8.5,1,3,2,90.0,4.3,Yes,Yes,72.0,87.0,Placed
83,8.2,2,3,2,76.0,4.5,Yes,Yes,73.0,82.0,NotPlaced
315,6.5,1,1,0,79.0,3.6,No,Yes,55.0,64.0,NotPlaced
2261,7.6,1,2,0,85.0,4.6,No,Yes,78.0,73.0,NotPlaced
3063,6.5,1,1,0,70.0,4.1,Yes,Yes,58.0,58.0,NotPlaced
6147,8.4,2,3,0,90.0,4.8,Yes,Yes,58.0,88.0,Placed
3233,7.1,1,1,0,79.0,4.6,No,No,62.0,72.0,NotPlaced
2983,8.7,1,2,1,90.0,4.6,Yes,Yes,75.0,88.0,Placed
1544,8.1,2,3,0,84.0,4.8,Yes,Yes,71.0,88.0,Placed
6028,7.1,0,1,1,69.0,3.7,Yes,No,61.0,66.0,NotPlaced
9844,8.0,2,3,2,85.0,4.8,Yes,No,77.0,82.0,Placed
9341,8.2,1,3,0,86.0,4.8,Yes,Yes,88.0,86.0,Placed
6581,8.4,1,3,0,80.0,4.7,Yes,Yes,71.0,87.0,Placed
4991,6.6,0,1,1,68.0,3.8,No,No,64.0,67.0,NotPlaced
99,7.7,1,3,1,89.0,4.6,No,Yes,61.0,84.0,Placed
6875,7.4,1,2,0,88.0,4.6,No,Yes,73.0,66.0,NotPlaced
8016,8.3,2,3,2,90.0,4.8,Yes,No,75.0,80.0,Placed
8453,8.2,2,3,2,90.0,4.8,Yes,No,76.0,88.0,Placed
1430,7.5,1,3,0,82.0,4.7,Yes,Yes,72.0,88.0,NotPlaced
1164,7.8,0,1,0,61.0,4.0,No,No,56.0,68.0,NotPlaced
5092,8.4,1,3,2,90.0,4.3,Yes,Yes,84.0,80.0,Placed
8540,8.3,1,3,2,87.0,4.7,Yes,Yes,77.0,81.0,Placed
7672,6.7,2,1,0,78.0,4.4,No,Yes,56.0,62.0,NotPlaced
2822,8.6,2,3,2,79.0,4.8,Yes,Yes,78.0,78.0,Placed
729,7.4,0,2,0,71.0,4.0,No,Yes,55.0,73.0,Placed
1601,8.2,1,3,0,88.0,4.8,No,Yes,77.0,88.0,Placed
6759,7.8,0,3,1,90.0,4.7,No,No,75.0,74.0,Placed
9606,7.5,1,1,1,68.0,4.6,Yes,Yes,58.0,66.0,NotPlaced
703,6.9,0,1,0,67.0,3.9,Yes,No,67.0,65.0,NotPlaced
5206,7.4,0,1,0,79.0,4.0,No,Yes,55.0,66.0,NotPlaced
767,7.8,1,3,2,81.0,4.2,Yes,Yes,70.0,65.0,Placed
2767,8.2,0,3,0,90.0,4.5,Yes,No,88.0,77.0,NotPlaced
9180,7.9,1,1,0,90.0,4.1,No,Yes,60.0,69.0,Placed
9266,6.5,0,1,2,85.0,3.6,No,No,68.0,69.0,NotPlaced
1086,8.3,1,3,2,90.0,4.8,Yes,Yes,86.0,84.0,Placed
5439,7.9,1,1,0,71.0,4.4,No,Yes,79.0,71.0,NotPlaced
6412,6.9,1,1,1,75.0,3.7,No,Yes,65.0,66.0,NotPlaced
3803,7.4,1,1,0,76.0,3.4,No,No,63.0,62.0,NotPlaced
339,8.4,2,3,2,87.0,4.8,Yes,Yes,78.0,88.0,Placed
4972,8.0,2,3,0,90.0,4.8,Yes,Yes,89.0,80.0,Placed
379,8.2,2,2,2,81.0,4.8,Yes,Yes,78.0,83.0,Placed
922,7.7,2,1,1,90.0,4.5,Yes,Yes,56.0,73.0,Placed
9208,7.0,1,2,0,72.0,4.6,Yes,Yes,68.0,74.0,Placed
8808,7.9,0,2,2,87.0,3.9,No,Yes,63.0,69.0,NotPlaced
9898,6.5,1,1,0,65.0,3.6,No,Yes,56.0,63.0,NotPlaced
2647,6.8,1,1,1,65.0,4.5,No,Yes,55.0,62.0,NotPlaced
7055,8.2,2,3,2,87.0,4.8,No,Yes,65.0,66.0,Placed
8449,6.6,1,1,0,69.0,3.9,No,Yes,65.0,66.0,NotPlaced
3383,7.3,0,3,0,77.0,4.6,Yes,Yes,87.0,88.0,NotPlaced
8650,8.0,0,2,1,74.0,4.1,Yes,Yes,57.0,87.0,Placed
2933,7.5,1,1,0,68.0,3.7,No,No,57.0,63.0,NotPlaced
1423,6.5,0,1,0,66.0,3.4,No,No,55.0,66.0,NotPlaced
9281,8.2,1,1,2,75.0,4.3,No,Yes,70.0,85.0,Placed
8188,7.9,0,2,0,69.0,4.0,No,Yes,57.0,73.0,NotPlaced
8426,7.3,1,2,1,73.0,4.0,No,No,56.0,75.0,NotPlaced
6179,7.7,1,3,2,90.0,4.5,No,Yes,72.0,88.0,Placed
8762,7.7,1,3,2,78.0,4.4,Yes,No,83.0,85.0,NotPlaced
3494,7.5,1,2,1,82.0,4.7,No,Yes,55.0,72.0,NotPlaced
2688,8.5,2,3,1,90.0,4.7,Yes,Yes,72.0,77.0,Placed
4065,8.3,1,2,2,78.0,4.8,Yes,Yes,77.0,82.0,NotPlaced
6380,7.6,0,2,0,74.0,4.0,Yes,Yes,62.0,63.0,Placed
2022,6.9,1,1,2,78.0,4.6,Yes,Yes,65.0,82.0,NotPlaced
1254,7.4,1,1,1,80.0,4.3,No,No,84.0,67.0,NotPlaced
2696,7.7,1,1,1,66.0,3.3,No,No,55.0,62.0,NotPlaced
7495,6.5,0,3,0,77.0,3.6,Yes,No,60.0,74.0,NotPlaced
4624,8.1,2,3,0,74.0,4.3,Yes,Yes,82.0,84.0,NotPlaced
7945,8.1,2,3,2,90.0,4.8,Yes,Yes,84.0,87.0,Placed
1550,8.6,1,3,2,86.0,4.5,Yes,Yes,79.0,88.0,Placed
1360,6.7,1,1,1,69.0,3.5,No,No,63.0,72.0,NotPlaced
2024,8.3,2,3,0,90.0,4.8,Yes,Yes,68.0,83.0,Placed
4180,6.5,2,2,2,87.0,4.7,Yes,Yes,70.0,82.0,Placed
8555,8.6,2,3,2,90.0,4.8,No,Yes,71.0,85.0,Placed
8534,6.5,1,1,1,66.0,3.7,No,Yes,56.0,57.0,NotPlaced
8887,7.5,1,2,1,78.0,4.7,No,No,55.0,66.0,NotPlaced
569,7.5,1,1,1,71.0,4.3,No,No,57.0,68.0,NotPlaced
2067,7.5,0,2,1,81.0,4.1,Yes,No,56.0,66.0,NotPlaced
592,7.9,0,1,0,66.0,4.1,No,No,72.0,84.0,NotPlaced
9790,7.4,0,1,0,81.0,3.9,No,Yes,60.0,70.0,NotPlaced
5282,8.0,2,3,2,90.0,4.8,Yes,Yes,77.0,83.0,Placed
1954,8.5,2,3,2,90.0,4.8,Yes,Yes,81.0,85.0,Placed
7699,7.6,1,2,1,69.0,4.2,No,No,63.0,60.0,NotPlaced
9797,6.6,1,1,1,64.0,4.1,Yes,No,55.0,69.0,NotPlaced
512,8.3,2,3,2,89.0,4.7,Yes,Yes,80.0,88.0,Placed
2871,6.5,1,1,0,78.0,4.5,Yes,Yes,55.0,77.0,NotPlaced
9332,6.7,1,2,1,78.0,4.4,No,Yes,60.0,69.0,NotPlaced
2687,7.9,1,3,0,83.0,4.6,Yes,Yes,81.0,68.0,Placed
5648,8.5,1,3,1,84.0,3.9,Yes,Yes,72.0,82.0,Placed
6992,7.8,1,2,1,73.0,4.0,Yes,Yes,55.0,87.0,NotPlaced
8019,6.7,1,2,0,67.0,3.9,No,No,59.0,69.0,NotPlaced
3980,8.7,2,3,2,90.0,4.8,Yes,Yes,79.0,85.0,Placed
3601,7.8,0,2,2,85.0,4.7,Yes,Yes,85.0,87.0,Placed
7574,7.4,0,1,0,63.0,4.2,No,Yes,58.0,66.0,NotPlaced
7367,7.2,1,3,3,88.0,4.6,No,Yes,76.0,84.0,Placed
8374,8.5,2,3,2,90.0,4.1,Yes,Yes,77.0,78.0,Placed
818,8.4,1,3,2,78.0,4.8,Yes,No,85.0,81.0,NotPlaced
6921,8.2,1,1,0,79.0,4.6,Yes,No,56.0,61.0,NotPlaced
578,6.7,0,3,2,90.0,4.8,No,No,55.0,63.0,NotPlaced
1777,8.3,0,2,0,79.0,4.3,No,No,75.0,65.0,Placed
2051,8.1,0,3,0,84.0,3.3,No,No,86.0,65.0,NotPlaced
4166,7.6,1,2,2,75.0,3.8,Yes,Yes,75.0,63.0,NotPlaced
5163,7.6,2,1,1,63.0,4.8,No,Yes,78.0,71.0,Placed
758,7.7,0,1,1,76.0,3.9,No,No,58.0,66.0,NotPlaced
1500,7.6,0,3,0,77.0,4.8,Yes,Yes,73.0,74.0,Placed
2584,8.7,2,3,2,90.0,4.8,Yes,Yes,81.0,80.0,Placed
2288,7.5,1,2,1,67.0,3.3,No,Yes,55.0,67.0,NotPlaced
5862,7.5,1,1,1,78.0,4.4,No,Yes,55.0,69.0,NotPlaced
8324,7.0,1,1,1,86.0,3.8,No,No,57.0,72.0,NotPlaced
5458,7.6,1,2,0,81.0,4.7,Yes,Yes,74.0,85.0,NotPlaced
3314,6.5,1,2,1,70.0,3.9,No,No,56.0,68.0,NotPlaced
8602,8.5,2,3,2,90.0,4.6,Yes,Yes,81.0,88.0,Placed
8713,8.2,1,1,1,68.0,3.9,No,Yes,70.0,66.0,Placed
4928,8.4,1,3,0,86.0,4.7,Yes,Yes,80.0,70.0,Placed
5782,6.6,1,3,1,70.0,4.7,Yes,Yes,55.0,62.0,Placed
5274,6.5,1,1,0,76.0,4.5,Yes,Yes,55.0,65.0,Placed
1944,8.3,1,3,2,85.0,4.1,Yes,Yes,76.0,86.0,Placed
2388,7.6,1,1,1,76.0,4.2,Yes,Yes,67.0,65.0,Placed
8325,6.5,1,2,1,79.0,3.1,No,Yes,63.0,69.0,Placed
6744,6.7,1,1,1,79.0,3.5,No,Yes,66.0,69.0,NotPlaced
861,8.0,1,1,0,84.0,3.9,Yes,No,55.0,66.0,NotPlaced
9270,6.6,0,1,0,70.0,4.6,No,No,63.0,70.0,NotPlaced
6341,8.5,1,3,2,88.0,4.6,Yes,Yes,84.0,86.0,Placed
4198,6.7,0,1,1,72.0,4.5,No,Yes,55.0,72.0,Placed
6833,8.1,2,2,1,76.0,4.0,No,Yes,75.0,74.0,Placed
9457,8.1,2,3,2,90.0,4.8,Yes,Yes,78.0,83.0,Placed
4487,7.6,0,2,0,84.0,4.2,No,No,74.0,69.0,NotPlaced
7360,6.5,0,2,1,81.0,4.8,Yes,Yes,55.0,69.0,NotPlaced
1433,8.6,1,3,0,88.0,4.8,Yes,Yes,89.0,82.0,NotPlaced
9986,8.5,2,3,2,90.0,4.8,Yes,Yes,81.0,80.0,Placed
5250,8.1,1,2,1,75.0,4.2,Yes,No,76.0,69.0,NotPlaced
7857,8.3,1,3,0,84.0,4.4,Yes,Yes,73.0,84.0,NotPlaced
7898,7.1,1,1,1,64.0,4.5,No,No,66.0,64.0,NotPlaced
9788,8.0,2,3,2,90.0,4.8,Yes,Yes,86.0,86.0,Placed
1575,7.5,2,3,2,79.0,4.1,Yes,Yes,75.0,70.0,Placed
3592,6.7,1,1,1,60.0,3.3,No,Yes,62.0,69.0,Placed
5509,7.4,0,1,0,72.0,3.7,Yes,No,68.0,74.0,NotPlaced
7813,7.7,2,3,0,79.0,3.9,Yes,Yes,82.0,86.0,Placed
2099,8.1,1,3,2,90.0,4.3,Yes,Yes,74.0,80.0,NotPlaced
7549,8.3,1,3,2,90.0,4.7,Yes,Yes,76.0,80.0,Placed
9202,6.5,0,3,0,85.0,4.3,No,No,55.0,70.0,NotPlaced
3712,7.5,1,2,1,73.0,4.8,Yes,No,60.0,77.0,NotPlaced
3549,8.2,0,3,2,81.0,4.3,Yes,No,88.0,84.0,NotPlaced
3930,8.3,1,2,1,78.0,4.7,No,Yes,74.0,64.0,NotPlaced
7777,8.1,1,3,2,87.0,4.5,Yes,Yes,81.0,88.0,Placed
9114,7.5,2,3,0,81.0,3.9,Yes,Yes,65.0,65.0,NotPlaced
6591,7.7,1,3,1,90.0,4.6,Yes,Yes,81.0,82.0,Placed
5858,8.0,1,1,0,81.0,4.2,Yes,Yes,72.0,70.0,NotPlaced
4494,8.4,2,3,2,83.0,4.8,Yes,No,79.0,82.0,NotPlaced
8179,7.3,1,1,1,67.0,4.4,No,Yes,57.0,58.0,NotPlaced
9651,8.4,2,3,2,80.0,4.7,Yes,Yes,77.0,81.0,Placed
5075,6.5,1,2,0,87.0,4.3,No,No,63.0,68.0,NotPlaced
1563,7.5,1,1,1,87.0,4.2,No,Yes,56.0,67.0,NotPlaced
8511,7.9,2,3,2,88.0,4.6,Yes,Yes,69.0,81.0,Placed
6858,8.4,1,3,2,88.0,4.8,Yes,Yes,73.0,84.0,NotPlaced
4810,7.5,1,1,0,71.0,3.6,Yes,No,61.0,71.0,Placed
9675,8.7,1,2,1,73.0,4.4,Yes,Yes,63.0,85.0,Placed
4339,8.6,1,2,1,83.0,4.6,No,Yes,62.0,81.0,NotPlaced
1189,8.6,2,3,2,90.0,4.3,Yes,No,78.0,79.0,Placed
1085,7.6,1,1,3,79.0,4.8,No,Yes,70.0,66.0,NotPlaced
6510,6.6,1,1,1,81.0,4.0,No,No,55.0,66.0,NotPlaced
6693,7.4,1,2,2,78.0,4.4,Yes,Yes,82.0,68.0,NotPlaced
368,8.0,2,3,1,87.0,4.2,Yes,Yes,75.0,81.0,Placed
9171,8.4,2,2,2,71.0,3.8,Yes,Yes,62.0,80.0,Placed
4911,6.7,1,1,0,83.0,4.2,No,No,55.0,57.0,NotPlaced
9276,8.4,2,1,2,90.0,4.5,Yes,Yes,81.0,83.0,Placed
2613,8.5,2,3,2,90.0,4.8,Yes,Yes,79.0,80.0,Placed
1052,7.5,1,1,1,64.0,3.3,No,No,68.0,58.0,NotPlaced
5021,8.1,0,3,0,77.0,3.9,Yes,No,69.0,65.0,NotPlaced
1778,8.2,1,3,0,77.0,3.4,No,Yes,55.0,84.0,NotPlaced
4105,6.7,1,1,0,80.0,4.5,No,Yes,83.0,74.0,NotPlaced
5194,8.1,1,2,1,81.0,4.7,Yes,Yes,61.0,84.0,NotPlaced
5815,7.5,1,3,2,88.0,4.8,Yes,Yes,81.0,77.0,Placed
8967,7.9,1,2,0,82.0,4.2,Yes,Yes,79.0,86.0,Placed
1270,8.0,2,3,1,85.0,4.8,Yes,Yes,72.0,82.0,NotPlaced
469,7.2,1,2,1,68.0,4.4,No,No,55.0,64.0,NotPlaced
695,7.2,1,2,0,81.0,4.3,Yes,Yes,83.0,63.0,NotPlaced
5927,8.6,1,2,2,83.0,4.0,Yes,Yes,65.0,72.0,NotPlaced
2312,7.0,1,3,1,90.0,4.7,Yes,Yes,74.0,60.0,NotPlaced
5512,7.6,1,3,0,87.0,4.4,Yes,Yes,80.0,88.0,NotPlaced
1100,8.1,0,3,2,90.0,4.7,Yes,Yes,82.0,86.0,Placed
3808,8.5,2,3,2,84.0,4.8,Yes,Yes,86.0,88.0,Placed
736,8.1,2,3,2,87.0,4.6,Yes,Yes,85.0,80.0,Placed
2161,8.4,0,3,2,90.0,4.8,Yes,Yes,88.0,83.0,Placed
4994,8.1,2,2,0,83.0,4.4,No,No,74.0,82.0,NotPlaced
1198,7.2,1,1,0,69.0,4.0,No,No,55.0,67.0,NotPlaced
671,7.3,1,1,1,88.0,4.1,No,No,55.0,68.0,NotPlaced
9400,8.1,2,3,1,79.0,4.4,Yes,Yes,79.0,73.0,Placed
7995,8.3,0,1,0,71.0,4.1,Yes,Yes,55.0,59.0,Placed
5023,8.3,1,3,2,86.0,4.8,Yes,Yes,80.0,84.0,Placed
102,7.3,1,1,0,80.0,4.7,No,Yes,64.0,65.0,NotPlaced
49,8.1,1,3,2,90.0,4.6,Yes,Yes,77.0,87.0,Placed
76,6.5,1,1,0,63.0,4.5,No,Yes,57.0,68.0,NotPlaced
224,7.9,2,3,2,90.0,4.8,Yes,No,81.0,78.0,NotPlaced
8846,7.6,1,1,1,76.0,3.4,No,No,55.0,59.0,NotPlaced
6478,8.3,1,3,1,82.0,4.4,Yes,Yes,72.0,81.0,Placed
9051,7.1,1,1,0,63.0,4.2,No,Yes,55.0,69.0,NotPlaced
4353,7.6,1,1,0,76.0,4.6,No,Yes,59.0,62.0,NotPlaced
6934,7.6,1,1,0,76.0,3.9,No,Yes,57.0,68.0,Placed
879,8.1,1,3,1,90.0,4.8,Yes,Yes,74.0,80.0,Placed
2632,7.5,1,2,0,62.0,3.9,No,No,71.0,72.0,NotPlaced
9759,8.2,1,3,0,79.0,4.3,Yes,No,58.0,77.0,NotPlaced
7446,6.8,1,1,1,64.0,3.3,No,No,55.0,68.0,NotPlaced
8990,8.2,2,3,2,90.0,4.8,Yes,Yes,85.0,88.0,Placed
8477,7.6,1,1,1,63.0,3.8,No,No,62.0,60.0,NotPlaced
6491,7.7,2,3,2,90.0,4.8,Yes,Yes,86.0,88.0,Placed
2852,7.3,1,3,0,90.0,4.7,Yes,Yes,76.0,88.0,NotPlaced
7627,7.4,1,2,0,73.0,4.2,No,No,55.0,61.0,NotPlaced
4144,7.4,1,2,0,89.0,4.2,Yes,Yes,74.0,83.0,NotPlaced
4870,8.3,2,3,2,90.0,4.5,Yes,Yes,87.0,86.0,Placed
1119,8.2,1,3,2,90.0,4.8,Yes,Yes,72.0,85.0,Placed
1677,6.6,1,3,0,86.0,4.4,No,No,60.0,65.0,NotPlaced
9334,7.9,0,2,0,75.0,4.3,No,No,79.0,63.0,NotPlaced
4805,7.5,1,3,0,84.0,4.2,Yes,Yes,82.0,69.0,Placed
5743,6.5,1,3,2,77.0,4.2,Yes,Yes,78.0,81.0,NotPlaced
663,8.4,1,2,1,85.0,4.8,Yes,Yes,55.0,66.0,Placed
4757,7.8,1,1,0,79.0,4.6,No,No,76.0,63.0,NotPlaced
3329,6.5,1,2,1,88.0,4.5,Yes,Yes,72.0,87.0,Placed
1116,7.3,1,1,1,75.0,3.7,No,Yes,55.0,74.0,NotPlaced
471,8.2,1,2,0,83.0,4.6,Yes,Yes,66.0,86.0,Placed
3294,7.5,1,1,1,64.0,4.3,No,No,55.0,71.0,NotPlaced
3302,6.9,1,3,1,79.0,4.2,Yes,Yes,73.0,71.0,NotPlaced
1486,7.9,0,2,0,83.0,4.0,No,Yes,62.0,69.0,NotPlaced
1637,8.2,1,3,1,82.0,4.8,No,Yes,70.0,86.0,NotPlaced
7267,7.4,1,1,0,85.0,3.9,No,Yes,62.0,68.0,NotPlaced
6299,8.4,2,1,1,87.0,4.2,Yes,Yes,76.0,78.0,NotPlaced
9410,6.9,0,1,1,70.0,3.5,No,Yes,59.0,71.0,NotPlaced
2030,7.6,1,1,0,74.0,4.1,No,Yes,55.0,64.0,NotPlaced
4355,8.8,2,3,2,90.0,4.8,Yes,Yes,70.0,79.0,Placed
4871,7.6,0,1,0,90.0,4.1,No,Yes,77.0,79.0,NotPlaced
8145,7.7,1,2,0,71.0,4.4,No,Yes,59.0,74.0,NotPlaced
2834,8.1,1,2,2,84.0,4.3,Yes,Yes,75.0,84.0,NotPlaced
14,7.7,1,1,1,74.0,4.6,No,Yes,63.0,73.0,NotPlaced
1867,7.7,1,1,0,65.0,3.0,No,No,55.0,74.0,NotPlaced
2619,7.4,1,0,1,67.0,3.6,No,No,55.0,63.0,NotPlaced
405,6.9,0,1,2,76.0,4.8,Yes,No,78.0,82.0,Placed
7100,8.3,1,3,0,88.0,4.8,Yes,Yes,73.0,85.0,Placed
3587,7.5,1,2,1,73.0,4.2,Yes,Yes,76.0,71.0,NotPlaced
3094,7.4,1,2,1,66.0,3.5,No,No,55.0,65.0,NotPlaced
4934,7.5,1,2,1,90.0,3.8,Yes,Yes,82.0,86.0,Placed
4334,6.6,1,2,1,80.0,4.1,Yes,Yes,58.0,64.0,NotPlaced
6318,6.5,1,1,0,72.0,4.2,No,Yes,72.0,64.0,NotPlaced
3060,7.7,1,1,0,67.0,4.4,No,Yes,81.0,73.0,NotPlaced
9588,8.1,2,3,2,90.0,4.6,Yes,No,74.0,84.0,Placed
3127,8.6,1,3,1,85.0,4.8,Yes,No,73.0,86.0,NotPlaced
3747,8.4,1,3,2,90.0,4.8,Yes,Yes,85.0,68.0,Placed
8249,8.4,1,3,2,80.0,4.5,Yes,Yes,72.0,73.0,Placed
8791,8.4,1,0,2,81.0,4.2,Yes,Yes,74.0,88.0,Placed
6936,6.5,1,1,0,80.0,4.4,Yes,Yes,55.0,66.0,NotPlaced
5540,8.1,2,3,2,89.0,4.8,Yes,Yes,87.0,87.0,Placed
5854,8.4,1,3,2,85.0,4.8,Yes,Yes,82.0,76.0,Placed
2211,8.5,2,3,2,90.0,4.7,Yes,Yes,84.0,86.0,Placed
9177,8.1,1,3,2,90.0,4.2,Yes,Yes,81.0,86.0,Placed
7116,8.0,2,3,2,90.0,4.7,Yes,Yes,79.0,83.0,Placed
3262,7.1,0,1,0,69.0,4.2,No,Yes,57.0,71.0,Placed
5290,7.3,2,3,0,90.0,4.4,No,Yes,55.0,85.0,Placed
1835,7.9,1,2,0,73.0,4.3,No,Yes,58.0,65.0,NotPlaced
9241,8.1,2,3,0,85.0,4.2,Yes,Yes,71.0,83.0,NotPlaced
2674,7.5,1,1,2,78.0,4.4,No,Yes,76.0,74.0,NotPlaced
1331,7.5,0,1,0,60.0,3.7,No,No,55.0,67.0,NotPlaced
292,6.5,2,3,1,82.0,4.6,Yes,No,83.0,63.0,NotPlaced
6326,6.7,1,1,2,80.0,4.4,No,Yes,55.0,64.0,Placed
8015,6.9,1,2,1,90.0,3.9,Yes,Yes,78.0,85.0,NotPlaced
9,6.5,1,1,0,84.0,3.9,No,Yes,75.0,71.0,NotPlaced
6387,6.5,0,1,0,69.0,4.4,No,No,57.0,66.0,NotPlaced
9969,8.2,1,2,2,82.0,4.3,Yes,Yes,59.0,72.0,NotPlaced
2236,8.3,1,2,2,90.0,4.8,Yes,Yes,90.0,84.0,Placed
1008,7.3,1,1,1,76.0,4.1,No,Yes,80.0,68.0,NotPlaced
6496,7.8,1,1,1,78.0,4.2,No,No,55.0,72.0,NotPlaced
9117,7.5,1,1,1,77.0,4.6,No,No,56.0,67.0,NotPlaced
7925,8.3,2,2,2,75.0,3.8,No,Yes,71.0,66.0,NotPlaced
771,7.6,2,3,2,84.0,4.6,Yes,Yes,72.0,85.0,Placed
588,8.0,0,0,2,76.0,4.8,Yes,No,62.0,64.0,Placed
7182,7.4,1,3,0,84.0,4.1,Yes,Yes,55.0,73.0,NotPlaced
8219,7.7,1,2,1,61.0,3.7,No,Yes,55.0,63.0,NotPlaced
115,6.7,2,1,2,76.0,4.8,Yes,No,55.0,78.0,NotPlaced
7247,6.5,0,1,0,64.0,3.9,No,Yes,62.0,66.0,NotPlaced
2515,7.4,2,1,0,74.0,4.5,Yes,Yes,67.0,68.0,NotPlaced
501,7.8,1,1,0,82.0,4.2,No,Yes,75.0,71.0,NotPlaced
7187,8.0,2,3,2,89.0,3.7,No,Yes,81.0,83.0,Placed
3693,8.0,2,3,2,90.0,4.8,Yes,Yes,89.0,88.0,Placed
9949,7.8,1,1,1,78.0,3.7,No,Yes,60.0,67.0,NotPlaced
2088,7.8,1,2,0,77.0,4.2,No,Yes,79.0,70.0,Placed
2430,8.4,2,3,2,90.0,4.8,Yes,Yes,82.0,87.0,Placed
273,7.7,1,2,0,81.0,3.8,Yes,Yes,65.0,59.0,NotPlaced
1991,6.6,1,1,1,85.0,4.0,No,Yes,57.0,62.0,Placed
8342,8.5,1,3,1,72.0,3.8,No,Yes,55.0,65.0,Placed
2841,8.2,2,3,2,90.0,4.7,Yes,Yes,83.0,78.0,Placed
7503,8.8,2,3,2,90.0,4.7,Yes,Yes,74.0,86.0,Placed
3319,6.5,1,1,1,78.0,3.6,No,Yes,86.0,67.0,NotPlaced
3251,8.3,1,3,2,90.0,4.8,Yes,Yes,75.0,80.0,Placed
9782,7.5,1,1,0,60.0,3.7,No,No,55.0,63.0,NotPlaced
3388,8.3,2,3,2,84.0,4.8,Yes,Yes,77.0,82.0,Placed
5160,7.4,1,1,0,72.0,3.6,No,Yes,63.0,72.0,NotPlaced
6494,8.4,1,2,1,76.0,4.0,Yes,Yes,55.0,84.0,Placed
7924,6.6,0,2,1,67.0,4.2,No,Yes,55.0,66.0,NotPlaced
8785,7.9,1,1,2,72.0,4.8,Yes,No,64.0,69.0,Placed
233,7.7,0,1,1,69.0,4.8,Yes,Yes,78.0,65.0,NotPlaced
2333,7.6,1,3,1,73.0,3.9,Yes,No,72.0,73.0,Placed
3117,7.2,1,2,1,72.0,4.4,No,Yes,63.0,74.0,NotPlaced
5857,6.5,0,3,1,70.0,3.3,Yes,Yes,68.0,66.0,Placed
8569,7.9,1,2,0,68.0,3.6,No,Yes,65.0,61.0,NotPlaced
6536,7.9,1,3,2,83.0,4.8,Yes,Yes,58.0,81.0,NotPlaced
5544,8.6,2,3,1,85.0,4.3,Yes,Yes,79.0,80.0,Placed
7273,6.5,1,3,0,82.0,4.7,Yes,Yes,55.0,82.0,Placed
7910,8.1,1,2,2,86.0,4.8,Yes,Yes,76.0,85.0,Placed
352,7.8,0,2,2,74.0,4.6,Yes,Yes,58.0,60.0,NotPlaced
899,8.5,1,3,1,77.0,4.7,Yes,Yes,65.0,85.0,NotPlaced
1473,8.5,2,2,0,88.0,4.8,Yes,No,82.0,77.0,NotPlaced
157,8.4,1,3,2,90.0,4.5,Yes,Yes,79.0,86.0,Placed
6167,8.4,2,3,2,90.0,4.6,Yes,Yes,83.0,84.0,Placed
3180,7.3,1,1,0,61.0,3.3,No,No,55.0,67.0,NotPlaced
3761,8.4,2,3,2,90.0,4.8,Yes,Yes,71.0,85.0,Placed
7461,7.1,1,1,1,71.0,4.2,Yes,Yes,65.0,69.0,NotPlaced
8493,8.3,1,1,0,88.0,4.1,No,No,64.0,74.0,NotPlaced
3716,7.6,0,1,0,72.0,4.0,No,No,56.0,68.0,NotPlaced
6868,7.5,1,2,1,90.0,4.8,Yes,Yes,61.0,82.0,Placed
432,8.1,2,3,2,90.0,4.5,Yes,Yes,78.0,81.0,Placed
5856,7.4,1,2,1,84.0,4.4,No,Yes,81.0,62.0,NotPlaced
3368,8.5,2,3,2,90.0,4.8,Yes,Yes,74.0,88.0,Placed
9765,6.7,1,2,0,78.0,3.7,Yes,No,55.0,64.0,NotPlaced
212,7.5,1,1,1,69.0,4.1,No,No,55.0,75.0,NotPlaced
3820,7.5,1,2,2,79.0,4.2,Yes,Yes,75.0,62.0,Placed
4082,6.5,1,2,1,80.0,4.1,No,Yes,66.0,66.0,NotPlaced
2210,8.3,1,3,2,85.0,4.8,Yes,Yes,71.0,70.0,Placed
5483,8.6,1,3,2,90.0,4.8,Yes,Yes,70.0,88.0,Placed
6995,7.5,1,2,1,74.0,4.0,No,Yes,64.0,82.0,Placed
4509,8.1,2,3,0,90.0,4.4,No,Yes,78.0,86.0,Placed
4607,6.5,1,2,0,71.0,4.4,No,No,55.0,61.0,NotPlaced
981,8.3,2,3,2,90.0,4.8,Yes,Yes,80.0,88.0,Placed
9101,7.5,0,1,0,82.0,4.4,No,Yes,58.0,85.0,NotPlaced
70,8.4,1,1,2,67.0,3.8,Yes,Yes,76.0,69.0,NotPlaced
9105,7.5,1,1,1,63.0,3.7,No,Yes,57.0,66.0,NotPlaced
2183,7.7,2,3,2,90.0,4.7,Yes,Yes,79.0,88.0,Placed
7884,7.5,1,3,1,87.0,4.6,Yes,Yes,81.0,86.0,Placed
3797,7.1,1,1,0,69.0,3.5,No,No,60.0,65.0,NotPlaced
1641,7.5,1,1,0,81.0,3.8,Yes,Yes,60.0,64.0,NotPlaced
6449,7.3,1,1,1,70.0,4.5,No,Yes,68.0,73.0,NotPlaced
7053,7.9,2,3,2,90.0,4.5,Yes,No,78.0,84.0,NotPlaced
9248,7.8,0,1,0,73.0,4.4,No,No,56.0,68.0,Placed
4886,6.5,1,2,0,60.0,4.7,No,Yes,55.0,63.0,NotPlaced
8349,7.2,2,3,2,90.0,4.7,Yes,Yes,83.0,86.0,Placed
3502,8.5,2,3,2,90.0,4.8,Yes,Yes,68.0,87.0,Placed
6909,7.8,1,2,0,81.0,4.8,No,Yes,55.0,62.0,NotPlaced
7929,7.3,1,2,0,80.0,4.5,Yes,Yes,55.0,64.0,Placed
9056,7.4,0,1,0,79.0,4.2,Yes,Yes,61.0,65.0,NotPlaced
8027,8.1,1,1,1,77.0,4.1,Yes,Yes,62.0,75.0,Placed
1496,8.0,2,1,2,88.0,4.0,Yes,Yes,80.0,87.0,NotPlaced
4990,7.7,1,1,1,64.0,3.9,No,No,58.0,66.0,NotPlaced
5671,8.1,1,1,2,68.0,3.2,No,Yes,55.0,70.0,NotPlaced
4125,8.2,2,1,1,88.0,4.4,Yes,Yes,74.0,88.0,NotPlaced
525,7.5,1,3,1,89.0,4.2,No,Yes,72.0,71.0,NotPlaced
3832,6.7,1,1,0,66.0,4.4,No,Yes,63.0,67.0,NotPlaced
371,7.5,1,2,2,70.0,4.7,Yes,Yes,55.0,70.0,NotPlaced
8469,6.6,0,1,0,68.0,4.8,No,No,55.0,71.0,Placed
3953,8.3,2,3,2,89.0,4.6,No,Yes,79.0,86.0,NotPlaced
4743,8.5,1,3,2,90.0,4.8,Yes,Yes,88.0,87.0,NotPlaced
3711,7.5,1,1,0,60.0,3.7,No,Yes,55.0,60.0,NotPlaced
2080,7.3,1,1,0,74.0,4.5,No,No,67.0,65.0,NotPlaced
8412,7.7,1,3,2,76.0,4.4,Yes,Yes,61.0,83.0,NotPlaced
8928,8.3,2,3,0,82.0,4.5,Yes,Yes,74.0,70.0,NotPlaced
1545,8.1,1,3,1,74.0,4.6,Yes,No,82.0,85.0,NotPlaced
8224,7.6,1,1,0,84.0,4.2,Yes,Yes,62.0,64.0,NotPlaced
1319,7.5,0,1,0,72.0,4.3,Yes,Yes,60.0,61.0,NotPlaced
9377,7.6,1,1,0,72.0,3.8,No,No,72.0,67.0,NotPlaced
6170,7.7,1,3,2,76.0,4.8,No,Yes,68.0,87.0,Placed
602,7.5,0,2,1,63.0,3.5,No,Yes,75.0,66.0,NotPlaced
6096,8.2,2,2,0,86.0,4.5,Yes,Yes,55.0,83.0,Placed
4681,7.8,0,1,1,77.0,4.3,No,No,60.0,68.0,Placed
23,7.7,0,1,0,77.0,3.4,No,Yes,55.0,72.0,Placed
6524,7.4,1,2,0,81.0,4.3,No,Yes,71.0,69.0,NotPlaced
6732,7.5,2,2,0,86.0,3.9,Yes,Yes,84.0,88.0,NotPlaced
2893,7.3,0,3,2,89.0,4.5,Yes,Yes,80.0,86.0,Placed
6980,8.5,1,3,2,81.0,4.2,No,Yes,55.0,86.0,NotPlaced
764,7.6,1,1,0,70.0,3.5,No,No,63.0,62.0,NotPlaced
4879,7.6,1,2,0,84.0,3.6,No,Yes,75.0,60.0,Placed
3375,7.4,1,1,1,68.0,3.9,Yes,Yes,62.0,63.0,NotPlaced
3075,8.7,2,3,2,86.0,4.8,Yes,Yes,81.0,84.0,Placed
6338,8.5,2,3,2,90.0,4.8,Yes,No,78.0,81.0,Placed
5225,8.9,2,3,2,86.0,4.8,Yes,Yes,79.0,87.0,Placed
2258,8.1,2,3,2,86.0,4.5,Yes,Yes,84.0,81.0,Placed
4441,8.1,1,3,2,69.0,4.6,Yes,Yes,55.0,80.0,NotPlaced
8759,8.3,2,3,2,90.0,4.8,Yes,Yes,83.0,85.0,Placed
304,8.4,2,3,2,80.0,4.6,Yes,Yes,72.0,79.0,Placed
2466,7.6,1,1,1,84.0,4.1,No,No,55.0,66.0,NotPlaced
1815,8.6,2,3,0,81.0,4.7,Yes,Yes,77.0,78.0,Placed
8866,7.7,2,3,2,90.0,4.8,Yes,Yes,87.0,88.0,Placed
6135,8.0,1,3,3,90.0,4.8,Yes,Yes,67.0,84.0,Placed
4248,8.1,1,3,0,81.0,3.7,No,Yes,55.0,75.0,NotPlaced
2943,7.7,1,1,0,67.0,3.6,No,No,57.0,64.0,NotPlaced
1175,7.5,1,1,3,68.0,3.6,No,No,58.0,72.0,NotPlaced
7030,8.3,1,1,0,69.0,4.8,Yes,No,83.0,67.0,Placed
288,7.6,0,3,3,75.0,4.3,Yes,Yes,82.0,87.0,Placed
6150,8.6,1,1,1,83.0,4.8,Yes,Yes,75.0,80.0,NotPlaced
1826,6.5,0,1,0,89.0,4.6,Yes,No,62.0,77.0,NotPlaced
3133,7.6,0,1,1,71.0,3.9,No,Yes,66.0,65.0,NotPlaced
2513,6.8,1,1,1,78.0,4.1,Yes,No,78.0,86.0,NotPlaced
3278,8.2,1,3,2,90.0,4.7,Yes,Yes,83.0,82.0,Placed
6250,7.5,1,1,0,68.0,4.1,No,No,55.0,60.0,NotPlaced
9913,8.7,2,3,2,83.0,4.8,Yes,Yes,88.0,80.0,NotPlaced
5218,7.7,0,3,1,82.0,4.1,No,Yes,82.0,88.0,Placed
4408,6.6,0,1,0,78.0,4.8,No,No,62.0,72.0,NotPlaced
4225,6.5,1,3,2,90.0,4.8,Yes,Yes,76.0,82.0,Placed
3653,8.2,1,1,1,74.0,3.7,No,Yes,60.0,61.0,Placed
991,7.6,0,3,2,85.0,3.7,Yes,Yes,80.0,83.0,NotPlaced
5984,8.1,2,1,1,81.0,4.0,Yes,Yes,73.0,88.0,Placed
5760,8.2,1,1,2,82.0,4.8,Yes,Yes,78.0,82.0,Placed
8797,7.6,1,1,1,71.0,4.2,No,No,57.0,68.0,NotPlaced
584,7.8,0,1,1,77.0,4.1,Yes,Yes,55.0,70.0,NotPlaced
390,8.3,2,3,2,82.0,4.8,Yes,Yes,57.0,73.0,Placed
2275,6.5,1,1,0,62.0,4.0,No,No,61.0,74.0,NotPlaced
9764,7.7,2,1,3,77.0,3.9,Yes,Yes,65.0,86.0,NotPlaced
8264,8.1,2,3,2,90.0,3.8,Yes,Yes,90.0,77.0,Placed
7937,8.9,1,3,2,90.0,4.8,Yes,Yes,75.0,84.0,Placed
3780,7.2,1,1,0,83.0,4.1,No,Yes,77.0,75.0,NotPlaced
6292,6.5,1,1,0,86.0,3.9,No,Yes,55.0,65.0,NotPlaced
7645,7.7,1,1,0,81.0,4.6,No,Yes,76.0,68.0,NotPlaced
8718,7.3,0,1,0,72.0,4.3,No,No,55.0,68.0,NotPlaced
1421,7.7,1,1,0,67.0,4.0,Yes,No,64.0,61.0,NotPlaced
8603,8.0,1,1,0,90.0,4.5,Yes,Yes,69.0,74.0,Placed
117,8.8,1,3,2,90.0,4.6,Yes,Yes,83.0,83.0,Placed
1722,8.2,0,1,1,79.0,3.9,No,Yes,62.0,63.0,NotPlaced
149,8.0,2,1,2,90.0,4.8,Yes,Yes,74.0,81.0,NotPlaced
2964,7.0,2,2,1,74.0,4.3,No,Yes,55.0,83.0,NotPlaced
6081,8.9,2,3,2,90.0,4.8,Yes,Yes,83.0,82.0,Placed
6144,8.3,1,3,2,88.0,4.7,Yes,Yes,85.0,80.0,Placed
4619,8.2,1,2,0,69.0,3.9,Yes,Yes,68.0,63.0,NotPlaced
4419,7.8,1,1,0,68.0,4.3,Yes,Yes,56.0,72.0,NotPlaced
4308,7.5,1,2,0,68.0,3.8,Yes,Yes,55.0,69.0,NotPlaced
7569,7.4,1,1,1,70.0,3.5,No,Yes,57.0,61.0,NotPlaced
7274,6.5,2,3,0,76.0,3.8,No,Yes,86.0,70.0,NotPlaced
8905,7.5,1,2,0,78.0,3.4,Yes,Yes,55.0,65.0,NotPlaced
5704,8.2,2,3,2,90.0,4.8,Yes,Yes,85.0,85.0,Placed
1841,7.7,1,1,0,69.0,3.8,No,No,57.0,65.0,NotPlaced
7394,7.7,0,1,0,83.0,4.7,Yes,Yes,78.0,84.0,NotPlaced
4481,7.5,1,3,0,80.0,4.3,Yes,Yes,73.0,73.0,NotPlaced
4962,8.4,2,3,2,90.0,4.8,Yes,Yes,70.0,86.0,Placed
8241,7.5,1,1,0,64.0,4.3,No,No,59.0,69.0,NotPlaced
1732,6.6,1,1,1,60.0,4.0,No,No,55.0,64.0,NotPlaced
4825,6.5,1,2,2,88.0,4.7,Yes,Yes,77.0,69.0,Placed
5000,8.1,0,2,1,88.0,4.8,No,Yes,62.0,81.0,Placed
241,7.6,1,3,0,82.0,4.5,No,Yes,56.0,72.0,NotPlaced
9600,7.6,1,1,0,76.0,3.6,Yes,Yes,86.0,68.0,NotPlaced
5297,8.2,0,3,2,84.0,4.0,Yes,Yes,80.0,86.0,Placed
4576,7.6,1,2,0,86.0,4.7,No,Yes,55.0,87.0,NotPlaced
8448,8.0,2,3,2,90.0,4.7,Yes,Yes,76.0,84.0,NotPlaced
9737,8.2,1,1,1,74.0,4.6,Yes,No,64.0,67.0,NotPlaced
5212,7.5,1,1,2,84.0,4.8,Yes,No,83.0,81.0,NotPlaced
2370,9.0,2,3,2,88.0,4.8,No,Yes,72.0,84.0,Placed
3018,8.1,2,2,2,90.0,4.6,No,No,88.0,79.0,NotPlaced
2437,7.7,0,1,1,90.0,4.3,Yes,Yes,75.0,75.0,Placed
1982,7.3,1,3,0,89.0,3.8,No,No,79.0,71.0,NotPlaced
9311,8.3,2,3,0,72.0,3.6,No,Yes,72.0,85.0,NotPlaced
6695,8.7,1,3,2,90.0,4.8,Yes,Yes,84.0,86.0,Placed
9122,8.4,2,3,1,84.0,4.5,Yes,Yes,83.0,79.0,Placed
9349,8.3,2,1,2,70.0,4.3,Yes,No,64.0,64.0,NotPlaced
9917,8.3,2,3,3,90.0,4.8,Yes,Yes,84.0,84.0,Placed
1431,7.8,1,1,1,83.0,3.7,Yes,No,74.0,62.0,NotPlaced
3859,6.9,1,1,2,67.0,3.8,Yes,Yes,59.0,71.0,NotPlaced
2413,8.5,2,2,2,89.0,4.6,Yes,Yes,55.0,84.0,Placed
8858,6.7,1,1,0,80.0,3.8,No,Yes,62.0,64.0,NotPlaced
4466,7.1,2,3,0,75.0,3.5,Yes,No,69.0,69.0,NotPlaced
7743,8.7,1,1,0,85.0,3.8,Yes,Yes,71.0,69.0,NotPlaced
904,8.5,2,2,0,86.0,4.3,Yes,Yes,80.0,86.0,Placed
4864,7.7,1,1,0,79.0,4.3,Yes,Yes,85.0,71.0,NotPlaced
2300,8.4,0,1,1,67.0,4.1,No,No,78.0,58.0,Placed
8304,8.4,2,3,2,90.0,4.7,Yes,Yes,74.0,84.0,Placed
5969,7.5,1,1,0,74.0,3.7,Yes,Yes,58.0,67.0,Placed
8983,8.2,2,3,2,76.0,4.8,Yes,No,71.0,83.0,NotPlaced
8794,7.3,2,1,0,83.0,3.7,Yes,Yes,60.0,65.0,Placed
5011,7.5,1,2,1,83.0,4.0,No,Yes,67.0,71.0,NotPlaced
2803,8.3,1,3,2,87.0,4.4,Yes,Yes,76.0,83.0,Placed
823,8.4,2,3,2,90.0,4.5,Yes,Yes,85.0,86.0,Placed
6334,7.5,0,2,0,69.0,4.3,No,No,55.0,70.0,NotPlaced
9527,7.6,0,1,0,80.0,4.2,No,No,55.0,73.0,NotPlaced
1510,8.2,1,3,1,80.0,4.0,No,Yes,58.0,63.0,NotPlaced
2970,7.8,2,3,2,90.0,4.8,Yes,Yes,88.0,80.0,Placed
9971,8.2,0,3,1,90.0,3.8,Yes,Yes,76.0,77.0,NotPlaced
9868,6.5,0,1,2,77.0,3.6,No,Yes,73.0,82.0,Placed
6272,7.5,1,1,0,67.0,4.2,No,No,55.0,71.0,NotPlaced
4762,7.2,1,2,0,75.0,4.2,Yes,Yes,73.0,70.0,Placed
8642,6.8,1,2,0,74.0,3.9,No,No,55.0,62.0,NotPlaced
8663,8.5,0,3,0,81.0,4.4,Yes,Yes,82.0,83.0,NotPlaced
4696,7.5,0,1,0,81.0,4.4,No,No,66.0,67.0,NotPlaced
1057,7.8,1,1,1,72.0,4.3,No,Yes,62.0,70.0,NotPlaced
728,8.7,1,3,2,90.0,4.7,Yes,Yes,74.0,86.0,Placed
9791,8.5,2,3,2,90.0,4.8,Yes,Yes,76.0,86.0,Placed
3691,7.2,0,2,1,71.0,3.6,No,No,55.0,68.0,NotPlaced
2229,8.0,1,3,2,90.0,4.7,Yes,Yes,72.0,84.0,NotPlaced
5606,8.7,2,3,2,83.0,4.8,Yes,Yes,79.0,86.0,Placed
92,7.1,1,1,0,70.0,3.3,No,No,55.0,66.0,NotPlaced
5664,6.5,1,1,1,81.0,4.7,No,Yes,62.0,63.0,NotPlaced
8254,8.3,0,3,1,86.0,4.3,Yes,Yes,55.0,88.0,Placed
158,8.0,1,3,1,87.0,4.6,Yes,Yes,72.0,83.0,NotPlaced
3482,7.8,0,2,0,78.0,4.8,Yes,Yes,75.0,86.0,Placed
2319,8.3,1,3,2,89.0,4.7,Yes,Yes,72.0,80.0,NotPlaced
8922,8.5,1,3,2,89.0,4.6,Yes,Yes,79.0,82.0,NotPlaced
4385,8.2,1,3,2,90.0,4.4,Yes,Yes,79.0,85.0,NotPlaced
7904,6.5,0,1,1,68.0,3.5,No,Yes,62.0,69.0,NotPlaced
1368,7.5,1,2,2,77.0,4.1,No,Yes,66.0,83.0,Placed
1719,8.5,2,3,2,88.0,4.8,Yes,Yes,83.0,85.0,Placed
8163,7.7,2,3,2,87.0,4.8,Yes,Yes,80.0,82.0,Placed
1934,8.5,1,3,0,84.0,4.7,Yes,Yes,58.0,85.0,Placed
2660,7.5,1,3,2,78.0,4.6,Yes,Yes,74.0,84.0,Placed
9103,6.9,2,1,0,73.0,4.0,No,Yes,84.0,67.0,NotPlaced
4731,6.7,1,1,1,75.0,3.8,No,No,65.0,71.0,NotPlaced
2012,8.1,1,3,2,90.0,4.8,Yes,Yes,78.0,88.0,Placed
2414,8.0,2,3,2,90.0,4.8,Yes,Yes,76.0,86.0,Placed
674,6.7,1,1,0,82.0,3.9,No,Yes,66.0,66.0,Placed
9085,7.7,1,1,2,71.0,4.0,No,Yes,56.0,64.0,NotPlaced
4146,7.6,1,3,1,77.0,4.6,Yes,Yes,73.0,79.0,NotPlaced
1989,8.4,2,3,1,85.0,4.4,Yes,Yes,78.0,83.0,Placed
3783,8.2,1,1,0,66.0,3.9,No,No,57.0,66.0,NotPlaced
3799,6.5,0,2,0,78.0,4.3,Yes,Yes,73.0,71.0,Placed
7783,7.4,0,1,1,80.0,4.2,No,No,55.0,69.0,NotPlaced
4738,8.3,2,2,0,90.0,4.3,Yes,Yes,61.0,71.0,Placed
5221,8.0,1,1,1,70.0,4.6,No,Yes,58.0,63.0,NotPlaced
5074,7.6,1,2,1,84.0,4.7,No,No,69.0,72.0,NotPlaced
3427,7.0,1,2,0,89.0,4.6,Yes,No,83.0,82.0,NotPlaced
8825,8.6,0,3,0,86.0,4.5,Yes,No,70.0,83.0,NotPlaced
2274,6.5,2,2,2,79.0,4.4,No,No,80.0,71.0,Placed
6509,8.4,1,1,1,74.0,3.7,No,Yes,55.0,72.0,Placed
8228,8.3,2,1,2,83.0,4.4,Yes,Yes,59.0,86.0,NotPlaced
196,8.4,1,1,2,87.0,4.1,No,No,78.0,70.0,NotPlaced
5284,8.2,1,1,2,87.0,4.3,Yes,No,69.0,86.0,NotPlaced
4480,8.1,1,2,1,80.0,4.4,Yes,Yes,76.0,85.0,Placed
2747,7.7,2,3,0,71.0,3.8,No,No,73.0,74.0,NotPlaced
9129,6.5,0,1,0,64.0,4.1,No,No,56.0,69.0,NotPlaced
7460,7.5,1,2,2,78.0,4.5,No,Yes,75.0,70.0,Placed
9430,8.3,1,2,0,81.0,4.1,No,Yes,59.0,64.0,NotPlaced
1951,7.5,1,1,0,77.0,4.2,Yes,Yes,82.0,74.0,NotPlaced
3324,7.0,1,2,1,78.0,4.8,Yes,Yes,55.0,68.0,NotPlaced
364,7.4,2,3,1,84.0,4.8,No,Yes,77.0,68.0,Placed
5498,7.4,0,2,0,73.0,3.7,No,Yes,55.0,71.0,NotPlaced
9699,6.7,1,1,1,60.0,4.1,No,Yes,55.0,70.0,NotPlaced
6797,8.4,2,3,2,83.0,4.7,Yes,Yes,77.0,78.0,Placed
1107,7.6,1,2,2,78.0,4.4,Yes,Yes,82.0,74.0,NotPlaced
5325,8.1,2,3,2,90.0,4.8,Yes,Yes,75.0,88.0,Placed
7871,8.5,2,3,2,86.0,4.7,Yes,Yes,71.0,79.0,Placed
6556,8.4,1,3,3,89.0,4.8,Yes,Yes,84.0,72.0,Placed
3516,7.6,1,2,0,75.0,3.5,No,Yes,61.0,76.0,NotPlaced
9050,8.3,2,3,2,87.0,4.7,Yes,Yes,79.0,80.0,Placed
1657,8.2,1,2,2,79.0,4.8,Yes,Yes,74.0,70.0,Placed
6016,7.3,1,1,1,67.0,4.2,No,Yes,62.0,70.0,NotPlaced
6899,8.6,1,3,2,90.0,4.8,Yes,Yes,73.0,83.0,Placed
7658,8.6,1,1,2,90.0,4.7,Yes,Yes,87.0,66.0,Placed
55,6.5,0,2,1,72.0,4.5,No,No,57.0,69.0,NotPlaced
9197,7.7,2,2,0,90.0,4.7,Yes,Yes,70.0,86.0,Placed
2190,8.3,0,2,0,70.0,4.1,No,Yes,55.0,72.0,NotPlaced
2977,7.6,2,3,0,90.0,4.8,Yes,Yes,79.0,67.0,Placed
237,7.8,1,3,2,75.0,4.3,Yes,Yes,77.0,86.0,NotPlaced
7208,8.3,1,1,1,70.0,4.3,No,No,58.0,67.0,NotPlaced
326,8.6,2,3,2,90.0,4.8,Yes,Yes,75.0,84.0,Placed
1147,8.6,2,3,0,85.0,4.8,Yes,Yes,89.0,83.0,Placed
4883,8.0,1,2,2,72.0,4.3,Yes,Yes,82.0,81.0,NotPlaced
9631,6.5,1,1,0,69.0,4.0,No,Yes,55.0,65.0,NotPlaced
9591,8.5,1,3,0,90.0,4.8,Yes,Yes,78.0,82.0,Placed
5554,8.3,0,2,0,78.0,4.5,No,Yes,78.0,66.0,Placed
8599,7.2,2,2,2,87.0,4.7,Yes,Yes,65.0,87.0,Placed
6499,6.6,1,2,0,76.0,3.8,No,No,58.0,62.0,NotPlaced
684,8.6,1,2,0,82.0,3.7,Yes,Yes,77.0,65.0,Placed
7177,7.3,1,1,0,72.0,3.7,No,No,60.0,85.0,NotPlaced
3591,8.4,1,1,3,89.0,4.4,Yes,Yes,72.0,71.0,Placed
3489,7.6,1,3,2,83.0,4.5,Yes,Yes,68.0,73.0,NotPlaced
1527,7.8,2,3,2,90.0,4.8,Yes,Yes,90.0,78.0,Placed
4253,8.1,0,3,2,85.0,4.8,Yes,Yes,79.0,88.0,NotPlaced
8807,7.4,1,1,0,74.0,4.5,No,No,64.0,71.0,Placed
9342,6.5,1,1,2,68.0,3.8,Yes,No,61.0,70.0,NotPlaced
6057,6.5,0,2,0,74.0,4.1,No,Yes,55.0,82.0,NotPlaced
9142,7.6,1,1,0,74.0,4.1,No,No,55.0,59.0,NotPlaced
9638,7.3,0,1,0,87.0,4.8,No,No,55.0,81.0,NotPlaced
4849,7.3,0,1,2,82.0,4.7,Yes,Yes,78.0,87.0,Placed
7375,8.4,1,3,1,85.0,4.8,Yes,Yes,55.0,80.0,NotPlaced
8570,7.3,1,1,2,71.0,4.0,No,Yes,55.0,69.0,NotPlaced
2552,8.5,2,1,1,80.0,3.6,Yes,No,83.0,68.0,NotPlaced
2247,8.5,2,2,2,69.0,4.4,No,Yes,76.0,81.0,NotPlaced
3112,8.1,2,3,0,66.0,4.2,Yes,No,63.0,58.0,NotPlaced
6486,8.4,1,3,2,90.0,4.8,Yes,Yes,76.0,84.0,Placed
3071,6.5,1,1,0,78.0,3.9,No,Yes,57.0,70.0,NotPlaced
4238,8.3,2,3,2,86.0,3.9,Yes,Yes,63.0,85.0,Placed
5805,7.6,1,3,1,65.0,3.7,No,No,56.0,59.0,NotPlaced
9779,7.9,1,3,2,90.0,4.8,Yes,Yes,82.0,80.0,Placed
845,7.4,0,2,0,88.0,3.6,No,No,75.0,68.0,NotPlaced
2139,8.4,1,3,0,83.0,4.8,Yes,Yes,77.0,85.0,Placed
6751,8.7,2,3,2,87.0,4.6,Yes,Yes,77.0,81.0,Placed
3425,8.3,0,3,2,78.0,4.1,Yes,Yes,65.0,65.0,Placed
6699,8.2,2,3,2,90.0,4.7,Yes,Yes,78.0,84.0,Placed
4329,7.4,0,1,0,71.0,4.4,No,No,57.0,66.0,NotPlaced
9211,6.7,1,1,0,81.0,4.5,No,Yes,65.0,61.0,NotPlaced
5389,8.4,1,2,1,73.0,4.0,Yes,No,81.0,63.0,NotPlaced
249,6.5,1,1,0,70.0,4.7,No,Yes,79.0,64.0,NotPlaced
7652,8.6,1,1,2,90.0,4.7,Yes,Yes,76.0,85.0,Placed
2172,7.1,2,1,0,72.0,4.3,No,Yes,56.0,63.0,NotPlaced
9313,8.1,1,1,2,82.0,4.8,Yes,No,70.0,78.0,NotPlaced
2813,7.9,1,2,2,90.0,4.2,Yes,Yes,81.0,86.0,Placed
5973,7.5,1,2,0,83.0,4.3,No,Yes,56.0,66.0,Placed
3943,7.6,1,1,0,71.0,3.9,No,Yes,55.0,60.0,NotPlaced
4092,8.6,1,1,0,87.0,4.8,Yes,Yes,69.0,82.0,Placed
7219,7.7,1,3,2,90.0,4.8,Yes,Yes,77.0,81.0,Placed
8884,7.7,1,2,0,76.0,4.1,Yes,Yes,60.0,72.0,NotPlaced
1860,6.6,1,2,0,78.0,4.4,No,No,59.0,70.0,NotPlaced
2362,8.2,2,3,2,90.0,4.7,Yes,Yes,72.0,84.0,Placed
3261,6.6,1,1,0,76.0,4.4,No,No,57.0,62.0,NotPlaced
837,6.5,0,1,1,63.0,3.7,No,No,58.0,66.0,NotPlaced
5721,8.8,2,3,2,90.0,4.8,Yes,Yes,73.0,80.0,Placed
7890,7.6,1,1,1,73.0,3.7,No,No,55.0,72.0,NotPlaced
1386,7.5,0,1,1,83.0,3.9,No,No,61.0,66.0,NotPlaced
3486,7.6,1,2,2,70.0,4.5,Yes,No,55.0,72.0,NotPlaced
8278,8.6,0,3,2,90.0,4.7,Yes,Yes,71.0,88.0,Placed
4845,7.6,0,1,0,76.0,4.1,No,No,65.0,67.0,NotPlaced
217,6.9,1,2,1,74.0,4.1,No,No,55.0,69.0,NotPlaced
3437,8.5,0,3,0,83.0,4.8,Yes,Yes,78.0,86.0,NotPlaced
1010,8.2,2,3,2,90.0,4.6,Yes,No,72.0,85.0,NotPlaced
300,8.4,2,3,3,82.0,4.5,Yes,No,82.0,85.0,Placed
5052,8.1,2,3,2,90.0,4.7,Yes,Yes,86.0,81.0,Placed
6702,8.6,0,1,0,66.0,4.4,No,Yes,56.0,72.0,NotPlaced
5158,7.8,2,1,2,90.0,4.7,Yes,No,81.0,85.0,Placed
9066,7.5,0,1,0,63.0,4.3,Yes,Yes,55.0,64.0,NotPlaced
3163,8.1,1,1,0,68.0,4.4,No,No,58.0,86.0,Placed
342,7.2,0,2,1,66.0,3.9,No,No,67.0,69.0,NotPlaced
8253,8.5,2,3,2,90.0,4.8,Yes,Yes,79.0,82.0,Placed
9691,8.1,0,1,1,71.0,4.4,No,No,85.0,66.0,NotPlaced
1115,8.0,1,3,2,89.0,4.8,Yes,Yes,70.0,81.0,NotPlaced
2693,8.4,1,3,2,86.0,4.7,Yes,Yes,80.0,84.0,Placed
78,6.9,1,1,0,83.0,3.5,No,Yes,61.0,71.0,NotPlaced
6589,7.5,1,1,1,71.0,4.0,Yes,No,59.0,69.0,NotPlaced
6703,7.8,2,3,2,90.0,4.8,Yes,Yes,76.0,88.0,Placed
9616,8.1,1,1,1,90.0,4.6,No,No,65.0,85.0,NotPlaced
6949,7.6,0,3,2,90.0,4.7,Yes,Yes,80.0,69.0,Placed
817,7.4,1,2,2,85.0,3.5,Yes,Yes,57.0,68.0,Placed
3162,7.3,0,3,0,83.0,4.3,Yes,No,73.0,74.0,NotPlaced
3855,8.4,1,2,0,90.0,4.7,Yes,Yes,55.0,81.0,NotPlaced
250,7.4,1,2,1,68.0,3.4,No,Yes,57.0,61.0,NotPlaced
5660,8.3,1,1,0,81.0,4.5,Yes,No,80.0,68.0,Placed
8232,6.6,0,1,3,84.0,3.7,No,No,75.0,67.0,NotPlaced
472,8.2,0,3,3,90.0,4.7,Yes,Yes,65.0,87.0,Placed
9598,8.3,1,3,0,90.0,4.4,Yes,Yes,83.0,81.0,Placed
8897,8.2,1,3,2,90.0,4.3,Yes,Yes,76.0,82.0,Placed
3442,8.0,1,1,0,81.0,4.6,Yes,Yes,85.0,87.0,NotPlaced
5277,8.2,1,1,1,81.0,4.8,No,Yes,60.0,60.0,Placed
1805,7.6,1,1,2,69.0,4.0,No,Yes,58.0,65.0,NotPlaced
1109,7.3,1,1,2,82.0,4.2,Yes,Yes,72.0,74.0,NotPlaced
5031,6.8,1,1,1,61.0,3.5,No,No,66.0,72.0,NotPlaced
4049,7.3,0,1,0,82.0,3.8,No,Yes,55.0,85.0,NotPlaced
3463,8.5,2,3,2,90.0,4.8,Yes,Yes,77.0,88.0,Placed
7905,8.1,2,3,2,83.0,4.3,Yes,Yes,83.0,79.0,Placed
2596,8.2,2,3,2,90.0,4.8,Yes,Yes,85.0,83.0,Placed
6056,7.6,1,3,1,79.0,3.9,Yes,Yes,70.0,85.0,Placed
7166,7.4,1,1,0,87.0,3.2,No,No,61.0,72.0,NotPlaced
1886,7.7,1,2,0,85.0,3.7,No,Yes,56.0,72.0,NotPlaced
1236,8.5,1,1,1,81.0,4.7,Yes,Yes,77.0,59.0,Placed
5241,8.6,1,1,3,71.0,3.9,Yes,No,62.0,66.0,Placed
7409,6.8,1,1,0,82.0,4.6,No,Yes,58.0,75.0,Placed
1067,6.5,0,1,1,82.0,4.5,No,No,55.0,71.0,NotPlaced
8676,8.4,1,2,0,79.0,3.4,Yes,Yes,72.0,88.0,Placed
3033,7.8,1,3,1,80.0,4.2,No,Yes,71.0,87.0,NotPlaced
2364,8.5,2,3,2,86.0,4.8,Yes,Yes,78.0,87.0,Placed
2347,6.9,1,1,1,76.0,4.8,Yes,Yes,58.0,66.0,NotPlaced
4,7.5,1,1,2,85.0,4.4,Yes,Yes,81.0,80.0,Placed
7067,7.6,1,3,0,82.0,4.8,Yes,Yes,61.0,75.0,Placed
6228,7.5,1,2,1,65.0,4.1,No,No,58.0,64.0,NotPlaced
8142,7.4,2,1,1,80.0,4.1,Yes,No,55.0,71.0,NotPlaced
6080,8.1,1,3,2,80.0,4.7,No,Yes,67.0,67.0,Placed
4682,8.4,0,3,2,78.0,4.8,No,Yes,85.0,65.0,Placed
6211,7.4,1,3,0,82.0,4.1,Yes,Yes,77.0,87.0,Placed
7902,8.0,1,2,0,90.0,4.5,Yes,Yes,75.0,83.0,NotPlaced
3058,8.3,2,3,2,87.0,4.8,Yes,Yes,83.0,86.0,Placed
5149,8.7,2,3,2,90.0,4.8,Yes,Yes,73.0,84.0,Placed
4506,7.0,1,3,0,90.0,4.2,No,Yes,72.0,84.0,Placed
3505,8.7,1,3,2,90.0,4.8,Yes,Yes,80.0,83.0,Placed
239,8.5,2,3,2,90.0,4.8,Yes,Yes,80.0,79.0,Placed
7790,7.9,2,1,1,70.0,4.7,No,No,61.0,63.0,NotPlaced
9863,7.8,2,3,0,86.0,4.8,Yes,No,74.0,82.0,Placed
6245,8.1,2,3,2,83.0,4.6,Yes,Yes,83.0,85.0,Placed
4899,8.6,2,3,2,90.0,4.8,Yes,Yes,87.0,84.0,Placed
9139,8.6,2,3,2,88.0,4.8,Yes,Yes,76.0,85.0,Placed
4242,7.6,1,3,1,82.0,4.5,Yes,Yes,84.0,80.0,Placed
1349,6.6,2,2,0,85.0,3.7,Yes,Yes,58.0,72.0,Placed
9849,7.5,1,2,0,67.0,4.1,No,No,59.0,67.0,NotPlaced
2901,8.4,2,2,2,86.0,4.8,Yes,Yes,72.0,83.0,Placed
6426,7.7,1,1,0,78.0,3.2,No,No,55.0,59.0,NotPlaced
1285,8.6,0,3,2,89.0,4.3,Yes,Yes,83.0,68.0,Placed
8041,6.5,1,1,1,76.0,4.1,No,Yes,55.0,58.0,NotPlaced
5823,8.2,1,3,0,85.0,4.4,Yes,No,65.0,66.0,NotPlaced
2401,7.4,1,1,2,68.0,4.3,No,Yes,61.0,60.0,NotPlaced
2427,6.5,0,1,1,84.0,3.6,No,No,61.0,63.0,NotPlaced
8033,8.0,1,3,2,90.0,4.7,Yes,Yes,74.0,84.0,Placed
8859,7.4,1,1,0,66.0,4.4,No,No,55.0,65.0,NotPlaced
6880,7.3,0,3,0,70.0,4.3,No,No,55.0,70.0,Placed
1040,7.4,1,2,3,71.0,4.8,Yes,Yes,85.0,71.0,NotPlaced
9590,6.5,1,2,0,68.0,4.2,Yes,Yes,70.0,64.0,NotPlaced
9174,7.7,2,1,0,78.0,4.0,No,No,61.0,87.0,NotPlaced
8187,8.4,2,3,0,89.0,4.8,Yes,Yes,71.0,85.0,NotPlaced
3666,8.5,1,3,2,88.0,4.7,Yes,Yes,74.0,88.0,Placed
1620,7.7,1,1,0,80.0,4.5,No,No,55.0,74.0,NotPlaced
6203,8.3,0,3,1,87.0,3.8,Yes,Yes,55.0,66.0,Placed
4852,7.5,1,2,1,71.0,4.0,No,No,82.0,65.0,NotPlaced
3896,7.5,0,3,1,73.0,4.0,No,No,56.0,66.0,NotPlaced
9698,8.0,2,3,3,86.0,4.8,Yes,Yes,77.0,82.0,Placed
5171,8.4,2,3,2,90.0,4.8,Yes,Yes,76.0,88.0,Placed
1604,6.5,2,1,1,72.0,3.7,Yes,No,56.0,70.0,NotPlaced
3274,8.6,2,3,2,84.0,4.7,Yes,Yes,71.0,82.0,Placed
3312,8.6,2,2,2,90.0,4.8,Yes,Yes,78.0,83.0,Placed
9000,8.1,2,1,0,90.0,4.5,Yes,Yes,88.0,84.0,NotPlaced
2238,6.8,0,2,1,89.0,3.9,No,Yes,63.0,61.0,Placed
8423,8.3,0,1,0,90.0,4.1,No,No,63.0,66.0,NotPlaced
2628,6.7,2,1,2,77.0,4.1,No,Yes,58.0,57.0,NotPlaced
44,8.6,2,3,2,88.0,4.7,Yes,Yes,80.0,87.0,Placed
8646,7.5,1,2,0,76.0,4.0,No,Yes,59.0,62.0,Placed
5837,8.2,1,1,0,88.0,3.9,No,Yes,66.0,64.0,NotPlaced
6939,8.0,0,2,1,78.0,4.2,Yes,Yes,77.0,82.0,NotPlaced
4488,7.6,1,1,0,88.0,4.2,Yes,Yes,55.0,57.0,Placed
3757,8.3,1,2,0,89.0,4.5,Yes,Yes,75.0,72.0,NotPlaced
3026,7.3,1,2,3,85.0,4.3,Yes,Yes,81.0,87.0,NotPlaced
5510,7.8,1,2,2,90.0,4.3,Yes,Yes,75.0,64.0,NotPlaced
6517,7.9,1,3,2,88.0,4.6,Yes,Yes,84.0,85.0,Placed
9054,8.5,1,2,1,66.0,3.9,No,Yes,63.0,72.0,NotPlaced
1177,8.2,0,1,2,88.0,4.6,Yes,No,75.0,58.0,Placed
7987,6.7,0,1,1,70.0,4.6,Yes,Yes,64.0,73.0,NotPlaced
7531,6.5,1,1,0,70.0,4.1,No,No,65.0,72.0,NotPlaced
3426,8.3,1,2,1,80.0,4.7,Yes,Yes,74.0,81.0,NotPlaced
1196,6.9,2,1,0,78.0,4.8,No,Yes,71.0,83.0,NotPlaced
2699,8.6,1,3,1,85.0,4.6,Yes,Yes,71.0,84.0,Placed
7552,7.8,0,1,0,63.0,4.2,No,Yes,56.0,70.0,NotPlaced
4714,8.4,0,3,0,87.0,4.6,Yes,Yes,57.0,71.0,Placed
3325,8.3,1,3,2,90.0,4.8,No,Yes,79.0,87.0,Placed
7984,7.5,0,1,0,64.0,3.7,No,Yes,55.0,71.0,Placed
8227,8.3,1,1,2,83.0,4.0,Yes,Yes,76.0,67.0,Placed
4012,8.1,2,3,2,90.0,4.8,Yes,Yes,87.0,82.0,Placed
8536,6.5,1,1,1,66.0,3.8,Yes,Yes,62.0,75.0,NotPlaced
402,7.1,1,3,0,81.0,4.4,Yes,Yes,78.0,72.0,NotPlaced
3451,7.3,1,1,0,76.0,4.3,No,Yes,63.0,69.0,NotPlaced
542,7.4,2,3,2,84.0,4.8,Yes,Yes,82.0,80.0,NotPlaced
7579,7.4,1,2,0,80.0,4.7,No,Yes,59.0,64.0,NotPlaced
7203,8.3,1,3,1,90.0,4.8,Yes,Yes,71.0,84.0,NotPlaced
4381,8.5,2,3,3,79.0,4.1,Yes,Yes,69.0,86.0,NotPlaced
2056,7.8,0,1,0,64.0,3.9,No,No,64.0,61.0,NotPlaced
7880,7.4,1,2,1,73.0,4.0,No,Yes,60.0,67.0,NotPlaced
9858,7.8,2,3,2,87.0,4.5,Yes,Yes,75.0,86.0,NotPlaced
9623,7.6,1,1,1,83.0,4.5,Yes,Yes,74.0,79.0,NotPlaced
8397,7.6,1,1,1,66.0,4.3,No,No,56.0,71.0,NotPlaced
1193,7.6,1,1,1,77.0,4.5,No,No,82.0,64.0,NotPlaced
7184,7.5,1,1,0,84.0,4.7,Yes,Yes,79.0,85.0,Placed
4447,8.2,1,1,1,69.0,4.2,No,No,58.0,62.0,NotPlaced
2686,8.4,1,3,1,83.0,4.2,Yes,Yes,85.0,81.0,Placed
5881,6.5,1,1,2,80.0,4.3,No,Yes,70.0,77.0,NotPlaced
6154,7.9,1,3,0,83.0,4.3,No,Yes,55.0,74.0,NotPlaced
3061,8.2,2,2,2,76.0,4.3,Yes,Yes,76.0,66.0,Placed
5227,7.2,1,1,0,71.0,4.3,No,No,62.0,72.0,NotPlaced
6530,7.6,1,3,1,74.0,4.3,Yes,Yes,68.0,64.0,Placed
940,7.6,1,2,0,66.0,3.8,Yes,No,55.0,68.0,NotPlaced
1942,6.6,1,3,2,90.0,4.8,Yes,Yes,67.0,83.0,NotPlaced
755,6.8,1,1,0,67.0,4.3,Yes,No,84.0,61.0,NotPlaced
2785,7.4,1,3,0,85.0,4.6,No,No,62.0,65.0,NotPlaced
6358,7.6,1,1,1,77.0,4.2,No,Yes,59.0,71.0,NotPlaced
9842,8.0,0,3,1,78.0,4.5,Yes,Yes,81.0,78.0,NotPlaced
3269,8.2,2,3,2,82.0,4.5,Yes,Yes,72.0,88.0,Placed
8899,8.6,1,2,2,64.0,4.0,No,No,59.0,70.0,NotPlaced
4347,8.2,2,3,0,90.0,4.8,Yes,Yes,78.0,78.0,Placed
1201,6.7,1,1,2,90.0,4.2,Yes,No,79.0,88.0,NotPlaced
8719,8.3,1,1,1,73.0,4.1,No,No,78.0,83.0,NotPlaced
2085,8.0,2,1,0,74.0,4.6,Yes,Yes,78.0,79.0,Placed
8135,7.4,0,2,1,89.0,4.3,Yes,Yes,79.0,70.0,NotPlaced
4193,7.6,0,1,1,76.0,3.9,No,Yes,55.0,72.0,NotPlaced
7901,7.6,1,2,1,67.0,3.9,No,No,55.0,65.0,NotPlaced
4267,7.6,1,1,1,73.0,3.7,No,No,55.0,63.0,NotPlaced
1251,8.3,1,1,0,75.0,4.0,No,No,55.0,68.0,NotPlaced
2001,7.7,2,1,0,65.0,3.8,Yes,No,88.0,79.0,NotPlaced
4331,8.2,2,3,2,75.0,3.9,Yes,Yes,78.0,69.0,NotPlaced
462,7.9,0,1,0,60.0,3.4,No,No,64.0,59.0,NotPlaced
5527,8.4,1,3,0,82.0,4.3,Yes,Yes,74.0,68.0,Placed
6002,7.2,1,1,0,61.0,3.5,No,No,55.0,69.0,NotPlaced
1339,6.5,1,1,0,67.0,4.6,No,Yes,55.0,74.0,NotPlaced
625,8.4,1,1,0,72.0,3.9,Yes,No,60.0,82.0,NotPlaced
4868,7.5,2,2,2,90.0,4.2,Yes,Yes,70.0,87.0,NotPlaced
8847,8.7,2,3,2,79.0,4.4,Yes,Yes,78.0,80.0,Placed
2798,7.5,0,1,1,72.0,3.5,No,Yes,55.0,65.0,NotPlaced
4529,8.4,2,1,1,78.0,3.9,Yes,Yes,57.0,62.0,NotPlaced
2004,7.3,1,2,2,75.0,4.6,Yes,Yes,77.0,74.0,Placed
1122,7.4,0,2,1,83.0,4.5,Yes,Yes,55.0,68.0,Placed
557,7.1,0,2,0,67.0,3.2,No,No,57.0,57.0,NotPlaced
3839,8.0,2,3,1,69.0,3.9,No,Yes,56.0,69.0,NotPlaced
1286,7.4,1,2,1,70.0,3.8,No,Yes,55.0,73.0,NotPlaced
2235,8.5,1,3,2,86.0,4.6,Yes,Yes,64.0,83.0,Placed
3470,8.3,2,3,2,88.0,4.7,Yes,Yes,75.0,85.0,NotPlaced
5394,8.2,1,3,0,84.0,4.5,Yes,Yes,70.0,74.0,Placed
9164,8.2,0,1,1,81.0,4.2,Yes,Yes,68.0,84.0,Placed
6806,7.8,1,2,1,80.0,4.2,Yes,Yes,57.0,82.0,NotPlaced
8638,8.3,1,3,1,87.0,4.5,Yes,No,70.0,82.0,NotPlaced
6290,7.8,1,2,1,76.0,4.4,No,Yes,58.0,66.0,Placed
4679,6.5,0,2,0,70.0,4.4,Yes,Yes,55.0,71.0,NotPlaced
7949,7.6,1,2,0,88.0,4.8,Yes,Yes,62.0,80.0,NotPlaced
1983,7.7,1,2,1,69.0,4.1,Yes,No,57.0,63.0,NotPlaced
3982,7.5,1,2,0,86.0,4.7,Yes,Yes,72.0,87.0,NotPlaced
1727,8.5,2,3,2,90.0,4.8,Yes,Yes,78.0,84.0,Placed
8496,8.2,2,2,2,87.0,4.8,Yes,Yes,88.0,85.0,Placed
5792,6.7,0,1,0,75.0,4.2,No,No,60.0,81.0,NotPlaced
7858,8.1,1,3,1,78.0,4.1,Yes,Yes,66.0,73.0,NotPlaced
5255,7.4,0,1,0,61.0,3.7,No,Yes,57.0,63.0,NotPlaced
173,7.4,0,3,0,90.0,4.6,No,No,65.0,70.0,NotPlaced
7333,8.0,0,3,2,90.0,4.1,Yes,Yes,59.0,86.0,NotPlaced
4668,8.3,2,3,2,90.0,4.7,No,Yes,71.0,73.0,Placed
5603,8.4,1,3,2,90.0,4.8,Yes,Yes,69.0,87.0,Placed
781,8.4,0,1,0,90.0,4.6,Yes,Yes,84.0,78.0,Placed
8773,7.5,2,2,1,74.0,4.4,No,Yes,82.0,62.0,NotPlaced
1958,7.7,0,1,0,73.0,3.6,No,No,55.0,65.0,NotPlaced
9453,7.4,0,1,3,66.0,3.3,No,Yes,63.0,71.0,NotPlaced
738,7.0,1,1,1,65.0,3.0,No,No,55.0,62.0,NotPlaced
4428,7.8,1,2,0,72.0,4.4,Yes,Yes,55.0,69.0,NotPlaced
5433,7.7,1,2,1,61.0,4.0,No,No,55.0,66.0,NotPlaced
5183,8.4,2,3,2,90.0,4.8,Yes,Yes,86.0,84.0,Placed
3585,6.5,0,1,0,72.0,3.7,Yes,Yes,63.0,66.0,NotPlaced
4586,8.5,1,2,1,75.0,4.7,Yes,No,72.0,65.0,NotPlaced
7616,7.4,1,1,0,74.0,3.9,No,Yes,55.0,69.0,NotPlaced
3836,7.8,2,3,2,87.0,4.8,Yes,No,82.0,78.0,Placed
426,8.7,1,3,0,74.0,4.6,Yes,Yes,86.0,83.0,Placed
9881,7.6,1,2,0,71.0,4.6,No,Yes,55.0,68.0,NotPlaced
5816,8.5,2,3,2,90.0,4.7,Yes,Yes,73.0,85.0,Placed
562,7.7,1,3,0,82.0,4.2,Yes,Yes,90.0,88.0,Placed
1709,6.5,1,2,0,63.0,4.3,No,No,82.0,82.0,NotPlaced
800,8.3,2,3,2,90.0,4.8,Yes,Yes,77.0,85.0,Placed
3898,8.0,1,2,0,83.0,4.6,Yes,Yes,60.0,83.0,NotPlaced
4745,7.5,1,1,0,85.0,4.5,No,No,55.0,70.0,NotPlaced
4298,8.6,1,3,2,84.0,4.8,Yes,Yes,73.0,86.0,Placed
1049,7.7,1,1,1,71.0,4.2,No,Yes,55.0,72.0,NotPlaced
7189,7.6,1,1,0,88.0,3.9,No,Yes,55.0,68.0,NotPlaced
5840,8.1,0,2,0,81.0,4.5,Yes,Yes,80.0,83.0,NotPlaced
7205,7.7,1,1,1,66.0,3.9,No,No,55.0,65.0,NotPlaced
63,7.2,1,2,0,74.0,4.1,No,No,70.0,65.0,NotPlaced
3901,8.5,2,3,2,88.0,4.3,No,No,73.0,86.0,NotPlaced
2485,7.7,1,0,0,75.0,4.1,Yes,Yes,71.0,61.0,Placed
2074,7.6,0,1,0,73.0,4.7,No,No,80.0,57.0,NotPlaced
5846,7.7,0,2,2,69.0,4.4,Yes,Yes,82.0,84.0,NotPlaced
9596,7.0,1,3,1,80.0,4.8,Yes,Yes,59.0,68.0,Placed
3469,7.4,1,1,1,67.0,3.3,No,No,55.0,63.0,NotPlaced
9772,8.3,1,3,0,83.0,4.7,No,No,63.0,81.0,NotPlaced
3083,8.3,1,3,2,74.0,4.4,Yes,Yes,82.0,82.0,Placed
8243,7.5,1,3,2,72.0,4.5,Yes,Yes,65.0,86.0,NotPlaced
170,8.0,2,3,3,76.0,4.1,Yes,Yes,78.0,61.0,NotPlaced
3648,8.2,1,1,3,83.0,4.0,Yes,Yes,74.0,83.0,Placed
401,8.0,1,3,2,90.0,4.8,Yes,Yes,81.0,86.0,Placed
3887,6.5,0,3,1,79.0,4.3,Yes,Yes,58.0,82.0,NotPlaced
2070,8.6,1,3,0,87.0,4.7,Yes,Yes,81.0,88.0,Placed
6458,6.5,1,2,0,74.0,4.1,No,Yes,55.0,59.0,NotPlaced
7390,8.2,0,3,1,90.0,4.8,Yes,No,61.0,75.0,NotPlaced
9061,8.1,1,3,2,75.0,4.7,Yes,Yes,76.0,68.0,NotPlaced
7028,8.5,2,3,1,89.0,4.5,No,No,55.0,84.0,Placed
8868,8.0,2,3,3,85.0,4.8,Yes,Yes,77.0,81.0,NotPlaced
4846,7.6,1,3,0,69.0,3.9,Yes,Yes,74.0,72.0,Placed
7887,8.2,2,3,2,90.0,4.8,Yes,Yes,73.0,88.0,Placed
9506,7.8,1,2,2,90.0,4.8,Yes,Yes,77.0,85.0,Placed
643,6.6,0,1,1,72.0,3.4,No,No,83.0,65.0,NotPlaced
7388,8.0,2,3,2,90.0,4.7,Yes,Yes,78.0,80.0,Placed
9337,7.9,2,3,2,90.0,4.8,Yes,Yes,74.0,80.0,Placed
486,6.7,1,1,1,73.0,4.0,No,Yes,62.0,65.0,NotPlaced
4783,6.8,1,3,2,79.0,4.4,Yes,Yes,71.0,87.0,Placed
3464,7.0,1,2,0,89.0,4.1,Yes,No,70.0,68.0,NotPlaced
9740,8.3,2,3,0,90.0,4.8,Yes,Yes,84.0,86.0,Placed
3723,6.7,0,1,1,84.0,4.3,No,Yes,56.0,82.0,NotPlaced
3556,6.6,1,1,1,80.0,4.4,No,Yes,77.0,68.0,NotPlaced
864,8.4,2,3,0,75.0,4.8,No,No,64.0,81.0,Placed
3343,7.0,1,1,1,78.0,4.7,No,No,55.0,69.0,NotPlaced
4971,7.5,1,1,0,63.0,4.5,No,Yes,59.0,58.0,NotPlaced
9987,7.5,0,2,1,66.0,3.9,No,Yes,55.0,61.0,NotPlaced
6103,7.4,0,3,2,75.0,4.8,Yes,Yes,76.0,72.0,NotPlaced
2405,7.8,1,1,0,81.0,4.5,Yes,Yes,55.0,63.0,NotPlaced
604,6.9,1,2,1,70.0,4.4,Yes,Yes,55.0,66.0,NotPlaced
1507,6.5,0,1,0,75.0,3.7,No,Yes,63.0,67.0,NotPlaced
8516,7.7,0,1,0,81.0,3.8,Yes,Yes,82.0,64.0,NotPlaced
4075,7.5,1,2,1,76.0,3.7,Yes,Yes,59.0,70.0,NotPlaced
9840,6.8,0,2,0,70.0,4.2,Yes,No,55.0,69.0,NotPlaced
1502,7.9,0,1,0,70.0,3.7,No,Yes,62.0,65.0,NotPlaced
7362,7.8,0,2,2,80.0,3.9,Yes,Yes,55.0,67.0,NotPlaced
9531,7.7,1,1,1,84.0,4.4,Yes,Yes,72.0,71.0,NotPlaced
4344,7.6,1,1,0,69.0,4.5,No,No,57.0,62.0,NotPlaced
5111,8.1,1,3,2,90.0,4.8,Yes,Yes,79.0,84.0,Placed
9347,7.7,1,3,2,74.0,4.5,Yes,Yes,55.0,64.0,NotPlaced
6812,8.2,0,3,2,90.0,4.7,Yes,Yes,76.0,88.0,Placed
2029,8.2,2,3,2,89.0,4.8,Yes,Yes,74.0,87.0,Placed
1079,6.6,1,2,0,77.0,4.1,No,Yes,55.0,72.0,NotPlaced
8024,7.5,1,2,0,69.0,3.5,No,No,55.0,62.0,NotPlaced
197,8.1,0,1,0,71.0,3.6,Yes,No,69.0,67.0,NotPlaced
9481,8.0,1,3,1,80.0,4.6,Yes,No,80.0,70.0,NotPlaced
9273,8.3,1,3,1,88.0,4.8,Yes,Yes,81.0,85.0,Placed
7546,6.6,1,1,0,77.0,3.8,No,Yes,59.0,71.0,NotPlaced
1622,8.3,2,3,2,79.0,4.7,Yes,Yes,72.0,69.0,Placed
4776,9.0,2,3,2,84.0,4.4,Yes,Yes,77.0,80.0,NotPlaced
606,6.5,0,3,2,85.0,4.7,Yes,No,65.0,81.0,Placed
9083,7.2,1,1,1,72.0,3.7,No,No,57.0,65.0,NotPlaced
1799,7.5,1,2,1,67.0,4.7,No,No,60.0,65.0,NotPlaced
418,8.0,2,3,0,86.0,4.8,Yes,Yes,73.0,82.0,Placed
6525,7.9,1,2,0,75.0,3.9,No,Yes,62.0,73.0,NotPlaced
3286,7.2,1,1,2,74.0,4.7,No,No,55.0,78.0,NotPlaced
2671,6.8,1,1,0,82.0,4.2,No,No,59.0,72.0,NotPlaced
827,6.7,1,3,1,88.0,4.3,Yes,No,87.0,67.0,NotPlaced
4894,7.4,1,2,0,89.0,3.6,No,No,62.0,72.0,NotPlaced
7906,8.2,1,3,2,83.0,4.4,Yes,Yes,77.0,85.0,Placed
9381,8.2,1,3,0,90.0,4.7,Yes,Yes,78.0,83.0,Placed
8046,8.2,1,2,2,89.0,4.8,Yes,Yes,73.0,70.0,Placed
9931,7.4,1,1,0,78.0,3.9,No,Yes,58.0,63.0,NotPlaced
4151,8.2,2,3,2,83.0,4.3,Yes,Yes,85.0,81.0,Placed
2279,7.8,1,2,0,72.0,4.5,No,Yes,55.0,69.0,NotPlaced
4219,7.4,1,1,1,72.0,4.6,Yes,Yes,77.0,83.0,NotPlaced
9078,6.9,2,3,3,86.0,4.8,Yes,Yes,73.0,82.0,Placed
2327,7.5,1,1,0,67.0,4.3,No,No,61.0,69.0,NotPlaced
4562,6.5,1,3,1,79.0,3.5,No,Yes,75.0,72.0,NotPlaced
1022,7.5,1,2,1,79.0,4.6,No,Yes,65.0,71.0,NotPlaced
5959,8.3,1,1,0,69.0,4.5,No,Yes,55.0,65.0,NotPlaced
3738,7.0,1,1,1,75.0,4.2,Yes,Yes,61.0,64.0,NotPlaced
2464,7.6,1,2,1,86.0,4.4,Yes,Yes,90.0,79.0,NotPlaced
2734,7.7,2,3,2,90.0,4.8,Yes,Yes,81.0,85.0,Placed
2701,6.7,1,1,0,86.0,4.8,No,Yes,55.0,64.0,Placed
4453,7.7,1,2,0,80.0,4.1,Yes,Yes,73.0,62.0,NotPlaced
1039,7.5,1,1,1,71.0,4.0,No,Yes,55.0,60.0,NotPlaced
1759,7.9,1,1,1,79.0,4.1,No,Yes,68.0,72.0,NotPlaced
6236,7.8,1,2,0,81.0,4.1,No,Yes,55.0,79.0,Placed
3360,8.5,1,3,1,82.0,4.7,Yes,Yes,76.0,88.0,Placed
5330,8.3,1,1,1,77.0,3.6,No,Yes,55.0,67.0,NotPlaced
5437,7.7,1,1,2,72.0,3.7,Yes,Yes,75.0,73.0,NotPlaced
934,7.9,1,3,2,81.0,4.8,No,Yes,74.0,80.0,Placed
2461,8.4,2,2,0,83.0,4.8,Yes,No,71.0,66.0,Placed
6174,8.6,0,3,2,90.0,4.8,Yes,No,81.0,85.0,Placed
2555,8.2,2,3,2,90.0,4.1,Yes,Yes,73.0,69.0,Placed
801,7.7,0,1,2,76.0,4.6,No,Yes,84.0,63.0,NotPlaced
7289,6.9,1,1,1,81.0,4.0,No,Yes,70.0,70.0,Placed
3843,8.2,1,3,2,90.0,4.6,Yes,Yes,74.0,85.0,Placed
4228,8.1,2,3,2,90.0,4.8,Yes,Yes,89.0,83.0,Placed
3136,7.5,1,2,0,81.0,4.0,Yes,Yes,71.0,88.0,Placed
8302,7.5,0,1,0,72.0,4.5,Yes,Yes,55.0,70.0,NotPlaced
4314,7.8,0,1,1,60.0,4.1,No,No,55.0,68.0,NotPlaced
8673,6.5,1,1,0,70.0,4.2,No,No,60.0,67.0,NotPlaced
6724,7.3,1,2,0,80.0,4.1,No,Yes,55.0,69.0,NotPlaced
6158,6.9,1,2,1,88.0,4.6,Yes,Yes,77.0,86.0,NotPlaced
5993,7.7,1,1,0,78.0,4.3,Yes,Yes,62.0,69.0,Placed
2969,8.1,1,2,2,84.0,4.5,Yes,Yes,78.0,84.0,Placed
807,7.3,1,3,2,83.0,4.7,Yes,Yes,70.0,84.0,Placed
811,7.7,1,2,0,78.0,4.4,Yes,Yes,80.0,83.0,NotPlaced
8949,7.6,1,1,1,72.0,4.6,No,Yes,78.0,66.0,NotPlaced
7630,7.6,0,1,0,75.0,4.2,Yes,No,55.0,59.0,NotPlaced
3179,7.6,1,1,0,80.0,3.6,No,No,55.0,67.0,NotPlaced
9630,6.7,1,1,0,81.0,4.8,No,No,59.0,67.0,NotPlaced
4708,7.9,0,1,0,88.0,4.3,Yes,Yes,73.0,81.0,NotPlaced
9827,7.5,1,1,1,64.0,4.6,No,Yes,55.0,59.0,NotPlaced
6423,8.2,1,3,0,90.0,4.7,Yes,Yes,55.0,70.0,Placed
2467,7.5,1,2,0,79.0,4.3,No,Yes,58.0,67.0,NotPlaced
3017,6.5,1,1,0,79.0,4.4,No,Yes,55.0,69.0,NotPlaced
5594,8.7,2,3,2,90.0,4.7,Yes,Yes,70.0,87.0,Placed
1571,7.4,1,1,0,81.0,4.0,No,Yes,57.0,64.0,NotPlaced
1028,7.0,1,1,2,81.0,4.8,Yes,No,72.0,82.0,NotPlaced
1188,7.7,1,1,0,88.0,4.7,No,Yes,55.0,61.0,NotPlaced
1299,7.5,1,1,0,78.0,4.0,No,No,55.0,71.0,NotPlaced
7903,7.4,2,1,0,73.0,4.1,Yes,Yes,78.0,79.0,NotPlaced
7977,7.5,0,1,0,68.0,4.1,No,No,57.0,58.0,NotPlaced
3173,6.5,2,1,1,76.0,4.8,Yes,No,74.0,69.0,NotPlaced
6391,8.6,1,1,1,83.0,3.0,No,No,55.0,72.0,NotPlaced
4609,6.7,0,1,0,78.0,3.8,No,Yes,61.0,62.0,NotPlaced
7396,7.1,1,3,1,77.0,4.2,Yes,Yes,62.0,60.0,NotPlaced
9307,7.8,1,3,3,77.0,4.5,Yes,Yes,72.0,79.0,Placed
2110,8.1,1,1,0,60.0,3.7,Yes,No,77.0,66.0,NotPlaced
870,8.4,1,3,2,88.0,4.8,Yes,Yes,80.0,85.0,Placed
4427,7.6,1,1,0,84.0,4.5,No,Yes,63.0,81.0,Placed
5201,6.9,1,3,0,85.0,4.4,Yes,Yes,59.0,86.0,Placed
8411,8.3,2,3,2,90.0,4.3,Yes,Yes,82.0,80.0,Placed
4443,7.0,1,1,1,69.0,4.0,Yes,Yes,76.0,65.0,NotPlaced
1649,8.5,2,3,2,90.0,4.5,Yes,Yes,82.0,85.0,Placed
9653,6.7,2,1,2,85.0,3.5,Yes,Yes,55.0,84.0,NotPlaced
2510,7.3,1,1,1,66.0,3.6,No,Yes,55.0,65.0,NotPlaced
8233,6.7,0,1,1,78.0,4.3,No,No,60.0,66.0,NotPlaced
9799,6.6,0,3,0,85.0,4.0,Yes,No,64.0,62.0,Placed
7911,7.6,1,2,0,79.0,4.1,No,Yes,69.0,65.0,Placed
391,7.6,1,1,0,76.0,4.3,No,Yes,66.0,69.0,NotPlaced
1889,7.3,0,2,0,81.0,4.2,No,Yes,56.0,71.0,NotPlaced
4085,8.4,2,2,0,74.0,4.4,Yes,No,79.0,85.0,NotPlaced
3902,8.3,2,3,2,77.0,4.2,Yes,Yes,65.0,83.0,NotPlaced
8154,7.5,1,1,1,66.0,4.3,No,No,57.0,63.0,NotPlaced
1,7.5,1,1,1,65.0,4.4,No,No,61.0,79.0,NotPlaced
4317,7.3,1,1,0,76.0,4.2,No,Yes,55.0,66.0,NotPlaced
2896,8.3,1,2,1,84.0,4.3,Yes,Yes,64.0,71.0,NotPlaced
7251,7.5,2,2,0,72.0,4.2,Yes,Yes,77.0,86.0,Placed
8092,8.5,1,1,1,84.0,4.6,No,Yes,71.0,81.0,NotPlaced
4496,6.5,1,1,0,81.0,3.9,No,Yes,55.0,70.0,NotPlaced
8362,8.3,2,2,2,90.0,4.6,Yes,Yes,80.0,83.0,Placed
1874,8.2,2,3,2,90.0,4.8,Yes,Yes,89.0,87.0,Placed
9567,7.4,2,1,1,75.0,4.4,Yes,Yes,55.0,68.0,NotPlaced
9175,8.1,0,1,2,77.0,4.6,Yes,Yes,76.0,88.0,Placed
9323,7.9,2,3,2,90.0,4.8,Yes,Yes,81.0,87.0,Placed
8697,6.8,2,1,0,77.0,4.0,No,No,60.0,77.0,NotPlaced
7856,8.0,0,3,2,86.0,4.3,Yes,Yes,81.0,88.0,Placed
6998,7.7,1,3,3,79.0,3.6,Yes,Yes,71.0,83.0,NotPlaced
6531,8.4,2,3,2,88.0,4.5,Yes,Yes,73.0,83.0,Placed
2180,6.5,1,1,1,61.0,3.1,No,No,68.0,74.0,NotPlaced
4336,8.4,2,3,2,90.0,4.5,Yes,Yes,73.0,82.0,Placed
1290,7.0,0,2,1,67.0,3.8,Yes,No,75.0,67.0,NotPlaced
9769,8.1,1,3,2,90.0,4.6,Yes,Yes,81.0,88.0,Placed
9942,7.8,1,1,1,71.0,3.8,No,Yes,62.0,68.0,NotPlaced
4118,7.6,1,2,0,71.0,4.3,Yes,Yes,86.0,69.0,Placed
7961,7.6,1,2,0,72.0,4.8,No,Yes,63.0,65.0,NotPlaced
5108,7.7,1,3,2,90.0,4.7,Yes,Yes,82.0,73.0,Placed
6895,7.3,2,3,1,87.0,4.8,No,Yes,73.0,80.0,Placed
8440,7.6,1,2,0,70.0,4.2,No,No,56.0,74.0,NotPlaced
685,7.0,1,2,0,67.0,4.3,No,Yes,69.0,69.0,NotPlaced
3447,7.4,0,1,0,66.0,4.2,No,No,63.0,73.0,NotPlaced
9033,7.3,1,1,0,77.0,3.7,No,No,55.0,65.0,NotPlaced
3100,7.7,1,1,0,81.0,3.9,No,Yes,76.0,68.0,NotPlaced
7806,8.2,1,1,2,79.0,4.7,Yes,Yes,67.0,86.0,Placed
5821,7.5,1,1,1,80.0,4.2,No,No,55.0,62.0,NotPlaced
8715,8.4,2,3,2,87.0,4.7,Yes,Yes,79.0,86.0,Placed
3096,8.4,2,3,0,90.0,4.7,Yes,Yes,78.0,83.0,Placed
6066,7.5,1,1,0,78.0,3.6,No,No,57.0,68.0,NotPlaced
132,6.5,1,1,1,72.0,3.8,No,No,64.0,67.0,NotPlaced
3682,8.4,0,3,2,90.0,4.8,Yes,No,80.0,82.0,Placed
4603,7.9,1,1,1,73.0,4.3,No,No,55.0,82.0,NotPlaced
9112,6.7,1,2,1,79.0,3.9,No,Yes,82.0,83.0,NotPlaced
2509,6.8,1,1,1,72.0,4.3,No,Yes,65.0,60.0,Placed
419,7.5,1,1,0,67.0,4.2,Yes,Yes,57.0,70.0,Placed
652,6.5,1,1,1,71.0,4.2,No,No,58.0,71.0,NotPlaced
9584,7.7,2,1,3,72.0,4.6,Yes,Yes,67.0,78.0,Placed
7054,7.9,1,1,2,74.0,3.5,No,No,88.0,72.0,NotPlaced
4929,7.7,1,1,3,79.0,4.1,Yes,Yes,82.0,82.0,Placed
9042,7.7,1,1,0,78.0,3.8,No,Yes,55.0,68.0,NotPlaced
6712,7.8,1,1,1,72.0,4.2,No,Yes,58.0,68.0,NotPlaced
5992,6.8,1,1,1,68.0,4.5,No,Yes,77.0,67.0,NotPlaced
2663,6.5,1,1,1,72.0,4.4,No,No,58.0,67.0,NotPlaced
8976,8.5,1,3,2,80.0,4.6,Yes,Yes,74.0,68.0,Placed
1238,8.8,1,3,2,74.0,4.3,Yes,Yes,71.0,79.0,Placed
4857,7.4,0,1,1,70.0,3.9,No,No,57.0,69.0,NotPlaced
4806,7.5,2,3,2,80.0,4.5,Yes,Yes,77.0,67.0,NotPlaced
2992,7.6,1,2,1,75.0,4.3,Yes,Yes,80.0,67.0,Placed
5298,8.3,2,3,0,82.0,4.6,Yes,Yes,80.0,67.0,Placed
201,8.6,1,3,2,90.0,4.7,Yes,Yes,68.0,84.0,Placed
7319,8.4,1,1,2,76.0,3.7,No,Yes,55.0,60.0,NotPlaced
5419,7.3,1,1,0,75.0,4.4,No,No,55.0,67.0,NotPlaced
1668,8.0,0,3,0,89.0,4.4,Yes,No,79.0,85.0,Placed
1883,7.7,1,1,1,78.0,3.3,No,No,55.0,74.0,NotPlaced
8358,7.2,1,2,2,70.0,4.1,No,No,61.0,69.0,NotPlaced
5838,8.4,0,3,2,87.0,4.2,Yes,Yes,80.0,84.0,Placed
9084,8.1,2,2,2,90.0,3.7,Yes,Yes,64.0,82.0,Placed
5737,8.3,2,3,2,90.0,4.8,Yes,Yes,81.0,87.0,Placed
7729,7.5,0,1,0,82.0,4.1,Yes,Yes,58.0,69.0,NotPlaced
7786,7.3,0,1,2,74.0,4.0,No,No,69.0,73.0,NotPlaced
7717,7.4,0,2,1,66.0,3.7,No,No,73.0,68.0,NotPlaced
5535,7.5,1,2,1,72.0,4.4,No,Yes,58.0,68.0,NotPlaced
2043,7.6,0,1,0,63.0,4.4,No,Yes,61.0,71.0,Placed
5076,8.5,2,3,2,77.0,4.5,Yes,Yes,81.0,85.0,Placed
2449,6.7,1,1,0,63.0,4.6,No,No,67.0,66.0,NotPlaced
7738,6.6,0,3,1,90.0,4.4,No,Yes,55.0,71.0,NotPlaced
448,7.7,0,3,2,89.0,4.4,Yes,Yes,82.0,85.0,Placed
1221,8.3,1,2,0,74.0,4.7,Yes,Yes,88.0,65.0,Placed
1900,6.5,0,1,0,76.0,4.3,No,No,59.0,66.0,NotPlaced
5109,7.6,1,1,0,67.0,3.8,No,No,55.0,64.0,NotPlaced
2328,7.8,1,3,0,90.0,4.6,No,Yes,64.0,83.0,NotPlaced
8556,7.4,1,2,1,71.0,4.7,No,Yes,69.0,73.0,NotPlaced
9428,7.7,1,1,1,72.0,4.0,Yes,Yes,66.0,77.0,Placed
7541,7.9,1,2,0,77.0,4.2,No,Yes,75.0,63.0,NotPlaced
9811,7.6,1,2,1,75.0,4.7,Yes,Yes,74.0,68.0,NotPlaced
1353,8.1,2,3,2,89.0,4.6,Yes,No,79.0,88.0,Placed
3150,6.5,1,1,0,70.0,4.4,No,Yes,74.0,72.0,NotPlaced
5989,8.4,0,1,1,82.0,3.6,No,Yes,61.0,65.0,Placed
9667,7.4,2,1,0,61.0,3.9,No,No,63.0,68.0,NotPlaced
6462,8.3,2,3,2,83.0,4.2,Yes,Yes,76.0,86.0,NotPlaced
9260,8.6,0,3,1,85.0,4.6,Yes,Yes,74.0,81.0,Placed
6511,8.5,2,3,2,90.0,4.6,Yes,Yes,71.0,84.0,Placed
2857,8.0,2,3,2,90.0,4.8,Yes,Yes,82.0,83.0,Placed
266,8.2,2,3,2,80.0,4.8,Yes,Yes,79.0,84.0,Placed
2399,6.7,1,1,1,69.0,4.0,No,No,55.0,67.0,NotPlaced
9710,8.2,1,1,2,82.0,4.6,Yes,No,75.0,69.0,Placed
6827,8.7,2,3,2,90.0,4.8,Yes,Yes,77.0,86.0,Placed
7033,7.5,1,1,0,85.0,4.1,Yes,Yes,74.0,86.0,NotPlaced
7399,7.9,2,3,2,84.0,4.7,Yes,Yes,72.0,86.0,Placed
5239,6.6,1,1,1,66.0,4.2,No,Yes,58.0,68.0,NotPlaced
3868,8.3,1,3,0,76.0,4.3,Yes,Yes,73.0,88.0,NotPlaced
8987,8.1,1,2,0,83.0,3.9,No,No,85.0,60.0,NotPlaced
3157,6.5,0,1,0,71.0,3.9,No,Yes,66.0,66.0,NotPlaced
5966,7.6,1,2,2,80.0,4.5,No,Yes,68.0,86.0,NotPlaced
2902,6.5,1,1,0,67.0,3.5,No,No,63.0,63.0,NotPlaced
4844,8.8,2,3,2,90.0,4.8,Yes,Yes,74.0,88.0,Placed
4490,8.3,2,2,0,81.0,4.0,Yes,No,75.0,82.0,Placed
6042,8.2,2,3,2,90.0,4.8,Yes,Yes,74.0,85.0,Placed
9290,7.4,1,1,0,87.0,3.7,No,Yes,80.0,76.0,NotPlaced
2771,7.3,0,1,0,64.0,3.7,No,No,62.0,72.0,NotPlaced
7376,8.3,0,1,2,81.0,4.4,Yes,Yes,76.0,81.0,Placed
8586,8.2,2,3,2,88.0,4.8,Yes,Yes,79.0,86.0,Placed
8174,7.9,2,3,2,90.0,4.6,Yes,Yes,75.0,87.0,Placed
4795,6.5,1,1,0,64.0,4.4,No,Yes,61.0,73.0,NotPlaced
6607,8.5,2,3,3,76.0,4.7,No,Yes,66.0,85.0,Placed
8230,6.5,1,1,0,70.0,4.0,No,Yes,59.0,71.0,NotPlaced
6413,7.5,1,1,0,67.0,3.8,No,No,66.0,59.0,NotPlaced
5720,7.2,1,2,2,82.0,4.5,Yes,No,55.0,61.0,NotPlaced
82,6.7,1,2,1,74.0,4.8,Yes,Yes,72.0,64.0,Placed
8427,7.9,0,3,2,80.0,4.2,Yes,Yes,79.0,85.0,Placed
4700,6.8,1,2,1,71.0,3.7,No,Yes,56.0,62.0,NotPlaced
4391,8.2,1,3,2,85.0,4.6,Yes,Yes,76.0,85.0,NotPlaced
4900,8.3,2,3,2,84.0,4.0,Yes,Yes,78.0,86.0,NotPlaced
9278,7.6,0,3,2,81.0,4.5,Yes,Yes,81.0,84.0,Placed
3158,7.4,1,3,1,71.0,4.4,Yes,No,63.0,76.0,NotPlaced
6222,7.8,1,3,1,79.0,4.2,No,No,81.0,70.0,NotPlaced
515,7.9,2,3,2,90.0,4.8,Yes,Yes,80.0,84.0,NotPlaced
8405,7.5,1,2,1,77.0,4.7,Yes,Yes,86.0,88.0,Placed
7848,7.2,2,3,0,86.0,4.8,Yes,Yes,81.0,82.0,Placed
9148,7.7,1,1,1,69.0,3.9,Yes,Yes,55.0,71.0,NotPlaced
1213,8.2,1,3,2,90.0,4.8,Yes,Yes,85.0,86.0,Placed
2174,8.3,0,2,2,84.0,4.8,Yes,Yes,87.0,86.0,Placed
98,7.8,2,2,2,90.0,4.8,Yes,No,81.0,82.0,Placed
6725,7.8,2,2,0,73.0,4.2,No,Yes,55.0,69.0,NotPlaced
4306,8.8,2,3,2,88.0,4.7,Yes,Yes,73.0,82.0,Placed
9854,8.2,2,3,2,90.0,4.6,Yes,Yes,75.0,84.0,Placed
2680,7.2,1,1,1,66.0,3.8,Yes,No,67.0,67.0,NotPlaced
1690,6.5,0,1,1,89.0,4.2,No,No,55.0,76.0,Placed
2738,7.9,0,1,2,77.0,4.8,Yes,Yes,83.0,82.0,Placed
5596,7.5,1,2,1,75.0,3.7,No,Yes,56.0,68.0,NotPlaced
523,8.2,1,1,2,83.0,4.4,Yes,Yes,64.0,80.0,Placed
8671,7.6,0,3,0,87.0,4.1,Yes,Yes,77.0,71.0,Placed
7318,8.4,1,3,0,73.0,4.5,Yes,Yes,82.0,83.0,NotPlaced
6210,7.7,2,2,1,81.0,4.8,Yes,No,81.0,86.0,Placed
789,6.5,1,1,1,78.0,4.0,No,No,65.0,65.0,NotPlaced
6747,7.6,1,1,1,79.0,4.2,Yes,No,55.0,87.0,NotPlaced
1917,8.1,1,1,2,90.0,4.8,Yes,Yes,83.0,72.0,Placed
4716,8.5,2,3,2,90.0,4.8,Yes,Yes,83.0,87.0,Placed
3500,7.7,1,1,1,79.0,4.0,Yes,Yes,84.0,65.0,NotPlaced
977,7.9,0,1,2,86.0,4.3,No,Yes,61.0,63.0,Placed
6817,8.1,1,3,1,80.0,4.0,Yes,Yes,75.0,85.0,NotPlaced
9459,7.7,0,2,0,74.0,4.5,Yes,Yes,60.0,66.0,NotPlaced
3276,7.8,1,2,1,89.0,4.8,Yes,Yes,70.0,73.0,NotPlaced
34,8.6,1,2,2,75.0,4.3,Yes,Yes,62.0,80.0,Placed
8343,7.6,0,3,2,87.0,4.8,No,Yes,79.0,62.0,Placed
9862,7.5,0,1,1,77.0,4.4,Yes,Yes,55.0,84.0,Placed
3616,6.9,2,3,1,77.0,4.3,Yes,Yes,55.0,81.0,Placed
81,6.6,1,1,1,69.0,3.6,No,Yes,55.0,72.0,NotPlaced
3498,6.5,0,1,0,81.0,4.2,No,No,55.0,69.0,NotPlaced
384,8.7,0,1,1,87.0,4.1,No,No,72.0,63.0,NotPlaced
1269,7.5,1,2,0,80.0,4.0,Yes,Yes,58.0,82.0,NotPlaced
7613,7.7,1,2,0,80.0,3.5,Yes,Yes,79.0,84.0,NotPlaced
7421,7.7,1,1,0,65.0,3.9,No,No,55.0,72.0,NotPlaced
5516,7.7,1,3,0,76.0,4.5,Yes,No,69.0,64.0,Placed
1453,8.2,2,3,1,90.0,4.8,Yes,Yes,73.0,68.0,Placed
5016,6.5,1,1,1,71.0,3.7,No,Yes,67.0,64.0,NotPlaced
3238,8.2,0,3,2,90.0,4.7,Yes,No,82.0,86.0,Placed
4008,8.6,1,2,2,90.0,4.5,Yes,Yes,83.0,81.0,NotPlaced
595,7.8,1,1,0,85.0,4.5,Yes,Yes,70.0,65.0,NotPlaced
7960,7.7,0,1,1,72.0,3.5,No,Yes,64.0,67.0,NotPlaced
7853,8.4,1,1,2,90.0,4.8,Yes,Yes,83.0,86.0,Placed
7833,7.6,1,1,2,81.0,3.9,No,Yes,62.0,78.0,NotPlaced
6374,6.5,1,1,0,65.0,4.1,No,No,58.0,70.0,NotPlaced
8706,6.6,1,1,1,68.0,3.5,No,No,64.0,73.0,Placed
1329,7.6,1,2,1,86.0,4.8,Yes,Yes,55.0,68.0,NotPlaced
181,8.4,0,1,2,88.0,4.8,Yes,Yes,74.0,82.0,Placed
1816,7.4,1,2,1,71.0,4.0,No,Yes,76.0,63.0,Placed
52,8.2,1,3,0,65.0,4.1,Yes,No,66.0,65.0,NotPlaced
2076,7.9,2,3,2,90.0,4.5,Yes,No,84.0,82.0,Placed
5511,6.7,1,1,0,75.0,3.1,Yes,Yes,55.0,67.0,NotPlaced
5235,8.3,1,3,2,87.0,4.7,Yes,Yes,80.0,85.0,Placed
6386,8.2,2,3,2,87.0,4.7,Yes,Yes,86.0,71.0,Placed
815,6.6,0,1,1,72.0,4.1,No,Yes,64.0,70.0,NotPlaced
882,7.7,0,1,1,71.0,4.0,No,No,55.0,62.0,NotPlaced
133,8.4,1,1,0,81.0,4.6,Yes,No,78.0,82.0,Placed
4365,7.8,2,1,0,88.0,4.0,No,Yes,55.0,69.0,NotPlaced
4420,6.5,1,2,0,79.0,4.5,No,Yes,55.0,67.0,NotPlaced
2895,6.7,1,1,1,82.0,4.3,No,Yes,55.0,65.0,NotPlaced
1407,7.4,1,1,0,66.0,4.1,No,No,55.0,58.0,NotPlaced
4580,8.1,2,3,2,90.0,4.8,Yes,Yes,79.0,87.0,Placed
9387,8.1,2,3,2,89.0,4.8,Yes,Yes,72.0,84.0,Placed
6981,6.5,1,1,0,61.0,4.1,No,No,66.0,69.0,NotPlaced
1619,8.9,0,3,2,85.0,4.6,No,Yes,77.0,72.0,NotPlaced
6810,7.6,1,3,2,78.0,4.4,Yes,Yes,72.0,81.0,Placed
8690,8.7,1,2,2,84.0,4.8,Yes,Yes,84.0,77.0,Placed
763,7.7,1,1,0,70.0,3.9,No,Yes,55.0,67.0,NotPlaced
9173,8.1,1,3,1,90.0,4.8,Yes,No,83.0,87.0,Placed
3252,7.4,2,2,0,81.0,4.7,Yes,Yes,74.0,65.0,NotPlaced
8475,8.3,1,3,2,88.0,4.8,Yes,Yes,77.0,85.0,Placed
8775,8.4,1,2,1,74.0,4.3,No,No,57.0,68.0,NotPlaced
8008,8.6,2,1,2,90.0,4.8,Yes,Yes,81.0,80.0,Placed
1226,7.6,1,1,1,70.0,3.6,Yes,Yes,55.0,74.0,Placed
1181,8.1,2,2,2,82.0,4.7,Yes,Yes,69.0,82.0,NotPlaced
7155,8.0,1,3,2,90.0,4.5,Yes,Yes,87.0,70.0,Placed
7764,8.4,0,1,2,80.0,4.0,Yes,Yes,62.0,85.0,Placed
5045,6.5,1,1,1,79.0,4.6,Yes,Yes,56.0,68.0,NotPlaced
8732,7.7,1,2,1,69.0,3.3,Yes,Yes,68.0,68.0,NotPlaced
9829,7.5,0,2,0,74.0,4.0,No,Yes,68.0,65.0,NotPlaced
8758,8.4,0,2,0,71.0,3.8,Yes,Yes,56.0,63.0,NotPlaced
662,7.3,1,1,0,90.0,4.6,Yes,No,76.0,62.0,NotPlaced
476,7.5,1,1,0,67.0,4.6,No,No,86.0,62.0,NotPlaced
3791,7.5,2,2,1,81.0,4.4,No,No,55.0,62.0,NotPlaced
3113,7.6,1,1,1,62.0,3.8,No,Yes,74.0,68.0,NotPlaced
3802,6.5,0,1,1,80.0,3.6,No,Yes,68.0,65.0,NotPlaced
327,6.5,1,1,1,78.0,3.9,No,Yes,67.0,73.0,Placed
6091,7.6,1,1,0,71.0,4.0,No,No,56.0,58.0,NotPlaced
6678,8.6,2,3,1,88.0,4.8,Yes,Yes,71.0,83.0,Placed
3530,8.0,2,3,2,89.0,4.8,Yes,Yes,76.0,87.0,Placed
876,7.7,1,1,1,71.0,4.3,Yes,No,57.0,71.0,NotPlaced
9714,8.2,2,3,2,90.0,4.8,Yes,Yes,80.0,85.0,Placed
6261,7.0,0,1,0,62.0,4.7,No,Yes,57.0,72.0,NotPlaced
3372,8.1,1,3,1,76.0,4.2,No,Yes,73.0,84.0,Placed
483,7.6,1,2,2,69.0,3.3,No,Yes,64.0,63.0,NotPlaced
8173,8.4,1,3,2,78.0,4.5,Yes,Yes,78.0,73.0,Placed
3701,8.7,2,1,3,82.0,4.5,Yes,Yes,76.0,73.0,Placed
4434,7.7,0,1,0,81.0,4.4,Yes,Yes,76.0,68.0,NotPlaced
4162,8.4,2,3,2,90.0,4.8,Yes,Yes,88.0,82.0,Placed
297,7.5,0,2,0,69.0,3.6,No,No,61.0,59.0,NotPlaced
746,8.2,2,2,1,74.0,4.5,No,Yes,65.0,84.0,NotPlaced
3455,7.5,1,2,3,76.0,3.7,No,Yes,55.0,67.0,NotPlaced
4210,6.5,1,1,0,74.0,4.6,No,No,58.0,67.0,NotPlaced
329,7.8,1,2,0,78.0,4.8,Yes,Yes,75.0,65.0,Placed
2102,8.4,1,2,2,77.0,4.1,No,No,65.0,72.0,NotPlaced
8977,8.3,2,3,2,90.0,4.8,Yes,Yes,81.0,88.0,Placed
336,7.8,1,3,1,89.0,4.6,Yes,Yes,73.0,79.0,Placed
4654,7.6,1,3,1,90.0,4.5,Yes,Yes,70.0,80.0,NotPlaced
693,8.2,1,3,2,83.0,4.7,Yes,Yes,75.0,68.0,Placed
5895,6.9,1,1,0,76.0,3.3,No,Yes,71.0,66.0,NotPlaced
7918,8.3,0,3,1,73.0,4.4,Yes,Yes,76.0,75.0,NotPlaced
1786,8.3,1,1,0,89.0,3.9,No,Yes,62.0,73.0,Placed
7734,7.4,1,1,0,75.0,4.5,No,Yes,57.0,66.0,Placed
8571,7.7,1,3,1,83.0,4.8,Yes,Yes,73.0,68.0,Placed
4174,7.5,0,3,0,81.0,4.5,Yes,Yes,87.0,85.0,Placed
7757,7.5,0,3,1,74.0,4.8,Yes,Yes,76.0,71.0,NotPlaced
7161,7.9,2,3,2,84.0,4.0,Yes,No,88.0,81.0,NotPlaced
708,8.5,1,1,2,82.0,3.4,Yes,No,76.0,85.0,NotPlaced
3532,7.6,1,2,0,71.0,4.5,No,Yes,55.0,64.0,Placed
3490,6.7,1,1,0,81.0,4.1,No,No,55.0,64.0,NotPlaced
8226,7.8,1,1,0,61.0,3.4,No,No,63.0,63.0,NotPlaced
7702,8.4,1,1,2,76.0,4.6,Yes,Yes,74.0,85.0,NotPlaced
8022,7.5,1,1,1,74.0,3.9,No,Yes,60.0,62.0,NotPlaced
3511,7.2,1,1,3,75.0,3.5,No,No,67.0,66.0,NotPlaced
6377,7.5,1,1,0,79.0,4.3,No,No,58.0,70.0,NotPlaced
9912,7.9,2,3,0,84.0,4.7,No,Yes,70.0,69.0,NotPlaced
4074,7.7,1,3,0,75.0,4.5,Yes,Yes,64.0,61.0,NotPlaced
9996,7.5,1,1,2,72.0,3.9,Yes,No,85.0,66.0,NotPlaced
3557,8.0,2,3,0,82.0,4.8,No,Yes,80.0,84.0,Placed
1990,6.6,0,2,1,78.0,4.5,No,No,69.0,68.0,NotPlaced
2772,8.5,0,1,2,83.0,4.2,Yes,No,79.0,73.0,Placed
3371,8.2,2,3,2,90.0,4.7,Yes,No,75.0,85.0,Placed
5273,8.4,1,3,0,78.0,3.7,No,Yes,73.0,85.0,Placed
7969,7.7,1,1,1,75.0,4.0,No,Yes,60.0,67.0,NotPlaced
3376,8.2,1,2,2,90.0,4.8,Yes,Yes,74.0,86.0,Placed
573,8.4,0,3,2,79.0,4.5,Yes,Yes,75.0,64.0,NotPlaced
7939,8.3,1,2,0,76.0,4.5,No,Yes,83.0,81.0,Placed
1356,6.9,1,1,0,68.0,4.7,Yes,Yes,60.0,63.0,NotPlaced
7090,7.6,1,2,1,90.0,3.8,Yes,Yes,74.0,86.0,NotPlaced
333,7.4,2,3,0,86.0,4.6,Yes,Yes,75.0,72.0,Placed
2786,6.5,1,1,1,76.0,4.2,No,Yes,63.0,67.0,NotPlaced
3637,8.2,1,2,3,68.0,4.4,Yes,Yes,75.0,82.0,Placed
5613,7.7,1,2,0,80.0,4.6,No,Yes,57.0,68.0,NotPlaced
7052,6.5,1,1,0,76.0,3.7,No,No,67.0,65.0,NotPlaced
4551,6.6,1,3,0,87.0,4.7,Yes,Yes,83.0,84.0,Placed
2295,8.4,2,3,2,90.0,4.5,Yes,No,75.0,86.0,Placed
2594,7.5,1,2,1,76.0,4.2,No,Yes,55.0,71.0,NotPlaced
7477,8.1,1,2,0,86.0,4.8,No,Yes,82.0,63.0,NotPlaced
9723,8.6,0,1,0,82.0,4.6,No,No,71.0,65.0,NotPlaced
5400,7.7,0,1,0,71.0,3.5,No,No,56.0,65.0,NotPlaced
2504,7.8,2,3,2,84.0,4.7,Yes,Yes,81.0,86.0,Placed
7606,8.0,2,3,2,80.0,4.8,Yes,No,72.0,63.0,Placed
5312,7.7,1,2,0,90.0,4.8,No,Yes,64.0,69.0,Placed
5745,8.4,2,3,2,90.0,4.8,Yes,Yes,85.0,88.0,Placed
8952,6.5,1,2,1,72.0,4.0,Yes,Yes,68.0,76.0,Placed
909,7.8,2,3,1,86.0,4.4,Yes,Yes,76.0,80.0,NotPlaced
1080,8.4,1,2,2,77.0,4.5,No,Yes,55.0,85.0,NotPlaced
2571,7.1,1,1,0,74.0,4.7,Yes,No,78.0,70.0,NotPlaced
5597,6.6,1,1,0,70.0,4.5,No,No,59.0,68.0,NotPlaced
8598,8.3,2,2,0,90.0,4.8,Yes,Yes,80.0,72.0,Placed
4063,6.6,1,3,1,74.0,4.5,Yes,Yes,76.0,71.0,NotPlaced
4656,8.3,1,1,2,79.0,3.7,Yes,Yes,82.0,76.0,Placed
951,8.3,1,1,1,64.0,4.1,No,No,55.0,71.0,NotPlaced
4820,8.2,0,2,1,69.0,3.5,No,Yes,58.0,64.0,NotPlaced
1530,8.3,1,3,0,82.0,4.7,Yes,Yes,83.0,82.0,NotPlaced
2482,8.6,1,3,2,90.0,4.8,Yes,Yes,80.0,80.0,Placed
8013,7.0,1,2,0,69.0,4.3,No,Yes,55.0,68.0,NotPlaced
8996,8.4,1,2,0,81.0,4.0,No,Yes,55.0,59.0,Placed
8093,7.6,1,1,0,82.0,3.7,No,Yes,55.0,67.0,NotPlaced
5006,6.7,1,1,1,77.0,3.4,No,Yes,59.0,72.0,NotPlaced
8681,7.6,1,1,1,79.0,4.1,No,Yes,55.0,68.0,Placed
2978,6.8,1,1,2,84.0,4.5,Yes,Yes,69.0,88.0,NotPlaced
2604,7.3,1,1,0,62.0,4.1,No,No,57.0,73.0,NotPlaced
973,7.3,1,1,2,66.0,4.6,No,Yes,55.0,70.0,Placed
4575,7.6,0,1,0,70.0,4.6,No,Yes,77.0,64.0,Placed
9713,7.0,1,1,0,68.0,3.9,No,Yes,64.0,65.0,NotPlaced
355,7.8,1,3,2,77.0,4.2,Yes,No,77.0,82.0,NotPlaced
7773,8.5,1,2,3,77.0,4.8,Yes,Yes,66.0,85.0,NotPlaced
4476,7.9,1,1,1,79.0,4.0,No,No,55.0,61.0,NotPlaced
2766,8.4,2,1,1,79.0,4.3,Yes,Yes,74.0,68.0,Placed
7393,7.8,1,3,1,89.0,4.8,Yes,Yes,75.0,85.0,Placed
9543,8.4,2,3,2,90.0,4.8,Yes,Yes,79.0,86.0,Placed
9019,8.2,1,2,0,81.0,4.8,No,Yes,55.0,70.0,NotPlaced
9027,7.8,1,2,1,83.0,4.6,No,Yes,79.0,66.0,Placed
1348,8.1,0,2,0,73.0,4.5,No,Yes,55.0,67.0,NotPlaced
7241,8.3,2,3,2,90.0,4.7,Yes,Yes,63.0,87.0,Placed
1911,7.5,1,1,0,64.0,3.4,No,No,56.0,66.0,NotPlaced
5450,8.4,0,3,2,81.0,4.8,Yes,No,77.0,84.0,Placed
8095,8.6,1,3,0,86.0,3.8,Yes,Yes,78.0,72.0,NotPlaced
6545,8.0,1,1,2,86.0,4.6,Yes,Yes,77.0,84.0,NotPlaced
9267,8.6,2,3,3,90.0,4.8,Yes,Yes,66.0,83.0,Placed
406,7.3,1,1,1,77.0,4.7,Yes,Yes,57.0,75.0,NotPlaced
1438,8.8,2,3,2,90.0,4.8,Yes,Yes,83.0,67.0,Placed
2387,7.8,1,2,0,83.0,4.8,Yes,Yes,78.0,80.0,Placed
5116,7.6,1,1,1,75.0,3.6,No,Yes,65.0,66.0,NotPlaced
2173,7.8,1,2,0,71.0,3.7,Yes,Yes,82.0,64.0,Placed
3976,6.8,0,1,2,77.0,4.6,Yes,No,72.0,73.0,NotPlaced
4191,8.3,1,2,0,85.0,4.6,Yes,Yes,73.0,77.0,NotPlaced
9753,7.5,1,2,2,78.0,4.5,Yes,Yes,66.0,78.0,NotPlaced
4260,8.0,2,3,2,84.0,4.7,Yes,Yes,70.0,85.0,Placed
976,8.0,2,2,2,83.0,4.5,Yes,Yes,72.0,88.0,NotPlaced
3683,8.7,2,3,0,84.0,4.1,Yes,No,79.0,83.0,NotPlaced
5413,8.4,1,2,0,85.0,4.4,Yes,Yes,79.0,86.0,Placed
5406,8.4,0,0,2,90.0,4.8,Yes,Yes,81.0,84.0,Placed
1392,7.7,0,1,0,71.0,4.2,No,No,60.0,71.0,NotPlaced
9272,7.5,0,1,0,72.0,3.7,No,Yes,57.0,65.0,NotPlaced
8327,7.6,1,2,2,76.0,4.5,Yes,Yes,82.0,63.0,Placed
9752,7.7,1,1,0,82.0,4.6,Yes,No,55.0,84.0,NotPlaced
5928,7.1,2,3,2,90.0,4.7,Yes,Yes,70.0,83.0,Placed
4203,8.4,2,3,2,73.0,4.8,Yes,Yes,82.0,88.0,NotPlaced
957,8.3,1,2,2,82.0,4.6,Yes,Yes,83.0,87.0,Placed
3660,8.4,2,3,2,90.0,4.8,Yes,Yes,77.0,85.0,Placed
868,8.2,2,3,1,70.0,3.8,No,No,73.0,65.0,NotPlaced
8914,6.5,0,2,0,83.0,4.6,Yes,Yes,55.0,65.0,NotPlaced
85,7.6,0,2,0,86.0,4.8,Yes,Yes,57.0,72.0,Placed
677,7.6,1,3,1,68.0,4.6,Yes,Yes,72.0,83.0,Placed
514,7.6,1,2,0,88.0,4.8,No,Yes,57.0,68.0,NotPlaced
2524,8.4,1,3,2,85.0,4.8,Yes,Yes,76.0,82.0,Placed
9587,6.7,0,3,0,90.0,4.3,Yes,Yes,79.0,65.0,Placed
3913,6.5,0,3,0,80.0,4.5,No,Yes,79.0,64.0,NotPlaced
6106,8.1,2,3,1,79.0,3.9,Yes,Yes,82.0,80.0,Placed
6800,7.8,1,2,0,79.0,4.0,Yes,Yes,55.0,69.0,NotPlaced
7646,8.0,1,2,2,90.0,4.7,Yes,Yes,77.0,88.0,NotPlaced
3986,6.6,1,3,1,80.0,4.4,Yes,Yes,79.0,85.0,Placed
8385,6.5,1,1,0,79.0,4.3,No,Yes,60.0,73.0,NotPlaced
2294,6.5,1,1,0,80.0,4.4,No,Yes,59.0,69.0,NotPlaced
6783,7.7,0,1,2,83.0,4.4,Yes,Yes,56.0,61.0,Placed
4471,6.5,1,1,0,61.0,3.6,No,Yes,63.0,65.0,NotPlaced
632,7.5,1,2,0,80.0,3.6,No,No,57.0,69.0,NotPlaced
3077,8.0,0,2,2,75.0,3.8,Yes,No,76.0,82.0,NotPlaced
768,8.4,1,3,1,79.0,4.4,Yes,Yes,78.0,82.0,Placed
4554,7.8,1,1,0,85.0,4.0,Yes,Yes,59.0,75.0,NotPlaced
2800,6.9,0,1,0,70.0,4.3,No,No,57.0,63.0,NotPlaced
3871,7.6,1,1,0,68.0,3.6,No,No,56.0,65.0,NotPlaced
9100,6.5,1,1,1,76.0,4.3,Yes,No,60.0,63.0,NotPlaced
959,7.9,2,3,2,87.0,4.5,No,Yes,74.0,67.0,NotPlaced
4431,8.5,2,3,2,90.0,4.6,Yes,Yes,79.0,81.0,Placed
3137,8.0,2,3,2,88.0,4.6,Yes,Yes,81.0,87.0,Placed
5672,7.7,1,1,1,79.0,3.7,No,Yes,59.0,63.0,NotPlaced
7527,7.8,1,3,2,90.0,4.8,Yes,Yes,58.0,78.0,Placed
3458,7.7,0,1,1,60.0,4.7,No,No,59.0,62.0,NotPlaced
2809,7.5,0,1,1,67.0,4.4,No,Yes,80.0,60.0,NotPlaced
5244,8.8,1,3,2,88.0,4.7,Yes,Yes,75.0,84.0,Placed
7509,8.2,2,2,3,84.0,4.8,Yes,Yes,79.0,80.0,NotPlaced
1632,6.5,0,1,0,69.0,4.0,No,No,61.0,65.0,NotPlaced
3926,7.5,1,1,0,77.0,4.0,No,Yes,55.0,65.0,NotPlaced
5324,8.7,1,3,3,89.0,4.8,Yes,Yes,74.0,83.0,NotPlaced
6192,6.8,0,3,0,70.0,3.9,Yes,Yes,61.0,67.0,NotPlaced
777,8.1,0,3,2,90.0,4.2,Yes,Yes,69.0,88.0,Placed
7711,8.3,2,3,1,85.0,4.8,Yes,Yes,79.0,86.0,Placed
2875,6.5,0,3,0,72.0,4.1,No,Yes,70.0,64.0,NotPlaced
3545,8.4,1,1,2,83.0,4.5,Yes,Yes,68.0,83.0,NotPlaced
7988,7.2,0,1,0,63.0,3.8,No,No,66.0,66.0,NotPlaced
2987,7.4,1,1,0,77.0,4.2,No,Yes,55.0,70.0,NotPlaced
2469,7.9,2,3,3,78.0,4.5,Yes,Yes,71.0,87.0,Placed
8337,7.9,2,3,2,82.0,4.8,Yes,Yes,90.0,84.0,Placed
5122,8.3,2,2,2,90.0,4.8,Yes,Yes,71.0,83.0,Placed
8138,8.1,2,3,1,85.0,4.8,Yes,Yes,74.0,84.0,Placed
6701,8.2,2,3,2,90.0,4.8,Yes,Yes,81.0,88.0,Placed
1687,8.1,1,1,0,80.0,4.6,No,No,59.0,58.0,NotPlaced
1428,8.2,1,3,2,90.0,4.5,Yes,Yes,75.0,85.0,Placed
2459,8.4,2,3,3,83.0,4.7,Yes,No,69.0,83.0,NotPlaced
1400,8.2,1,1,3,77.0,3.6,Yes,Yes,58.0,72.0,Placed
3969,7.5,0,3,2,72.0,4.7,Yes,Yes,72.0,82.0,Placed
8738,7.3,1,1,0,71.0,4.4,No,No,55.0,74.0,Placed
8627,8.2,2,3,2,90.0,4.8,Yes,Yes,68.0,86.0,Placed
8803,6.8,0,1,0,63.0,3.6,No,No,55.0,67.0,NotPlaced
9559,8.3,1,3,2,87.0,4.6,No,Yes,75.0,62.0,Placed
6503,6.8,1,1,0,83.0,3.9,No,No,58.0,61.0,NotPlaced
8844,7.4,1,2,2,82.0,4.3,Yes,Yes,77.0,72.0,NotPlaced
4877,7.6,2,3,2,81.0,4.3,Yes,Yes,86.0,69.0,Placed
6918,8.6,2,3,2,87.0,4.8,Yes,Yes,69.0,81.0,Placed
5017,8.7,2,3,2,77.0,4.8,Yes,No,89.0,87.0,Placed
5223,6.6,0,1,1,75.0,3.2,No,No,62.0,68.0,NotPlaced
8355,7.7,1,3,1,82.0,4.5,Yes,Yes,68.0,79.0,NotPlaced
9168,7.6,0,3,2,72.0,4.6,Yes,Yes,89.0,85.0,NotPlaced
2603,6.8,1,1,0,80.0,4.3,No,Yes,55.0,76.0,Placed
1489,8.3,0,3,0,76.0,3.9,No,No,57.0,61.0,NotPlaced
9328,7.7,1,3,2,90.0,4.3,Yes,Yes,76.0,83.0,Placed
2924,7.7,1,3,1,84.0,3.9,No,Yes,55.0,78.0,NotPlaced
2094,6.7,2,3,2,83.0,4.0,No,No,79.0,68.0,Placed
2113,8.7,0,3,1,88.0,4.8,Yes,No,77.0,82.0,Placed
5264,6.6,1,2,0,77.0,4.1,No,Yes,72.0,69.0,NotPlaced
8605,8.2,1,1,0,69.0,4.5,No,Yes,55.0,70.0,NotPlaced
790,7.6,1,2,1,82.0,4.7,No,Yes,64.0,65.0,NotPlaced
3284,8.1,0,2,1,79.0,4.4,No,No,68.0,66.0,Placed
3374,7.7,0,1,0,81.0,4.8,Yes,No,55.0,70.0,NotPlaced
8933,8.4,1,1,2,84.0,4.0,Yes,Yes,68.0,83.0,NotPlaced
2620,7.9,2,1,0,77.0,4.3,Yes,No,77.0,84.0,NotPlaced
1440,7.5,0,2,2,78.0,4.0,No,Yes,64.0,75.0,NotPlaced
6415,7.9,2,3,2,90.0,4.3,Yes,Yes,83.0,84.0,Placed
6900,8.5,1,3,0,88.0,4.7,Yes,Yes,74.0,88.0,Placed
7380,7.7,1,2,0,74.0,4.7,Yes,Yes,69.0,71.0,Placed
7295,7.6,1,1,2,81.0,4.8,No,No,84.0,67.0,NotPlaced
3519,7.2,1,1,0,70.0,3.7,No,No,55.0,58.0,NotPlaced
7059,7.6,1,1,1,70.0,3.9,No,Yes,59.0,63.0,NotPlaced
8830,8.3,1,3,2,88.0,4.8,Yes,Yes,74.0,88.0,Placed
9287,6.6,1,1,1,74.0,4.0,Yes,Yes,55.0,65.0,Placed
9901,7.6,1,2,2,79.0,4.2,No,Yes,64.0,68.0,NotPlaced
7343,8.5,0,1,1,64.0,3.8,Yes,No,56.0,81.0,NotPlaced
521,7.5,1,1,0,71.0,3.7,No,Yes,55.0,61.0,NotPlaced
3290,7.4,1,1,1,66.0,4.2,No,Yes,56.0,62.0,NotPlaced
851,8.4,1,3,2,90.0,4.8,Yes,Yes,70.0,84.0,NotPlaced
6668,6.6,1,2,0,77.0,4.4,No,Yes,58.0,71.0,NotPlaced
8778,7.6,0,3,2,82.0,4.5,No,No,78.0,64.0,Placed
164,6.9,0,1,0,73.0,4.1,No,Yes,55.0,69.0,Placed
9004,6.9,1,1,0,74.0,4.5,No,Yes,57.0,63.0,NotPlaced
7031,6.5,1,1,1,75.0,4.5,No,No,55.0,65.0,NotPlaced
5548,7.7,2,2,2,85.0,4.3,Yes,Yes,82.0,84.0,Placed
8564,8.2,2,2,0,74.0,4.1,No,No,60.0,74.0,NotPlaced
9800,6.5,2,1,0,78.0,3.1,No,No,56.0,67.0,NotPlaced
872,7.5,1,1,0,74.0,4.2,No,No,62.0,68.0,NotPlaced
8522,7.4,1,1,3,70.0,4.5,No,Yes,55.0,65.0,NotPlaced
6395,7.4,1,1,0,71.0,3.9,No,No,57.0,72.0,NotPlaced
9509,6.7,1,1,0,78.0,4.2,Yes,Yes,61.0,73.0,Placed
9814,8.9,2,3,2,85.0,4.6,Yes,Yes,75.0,84.0,Placed
4599,7.8,0,1,1,71.0,3.9,No,No,55.0,74.0,NotPlaced
5982,7.5,0,1,0,80.0,3.9,No,Yes,61.0,62.0,NotPlaced
3955,7.4,0,3,0,75.0,4.0,Yes,Yes,60.0,73.0,NotPlaced
908,6.8,1,2,2,82.0,3.9,Yes,Yes,61.0,66.0,Placed
960,6.6,1,3,0,81.0,4.4,No,Yes,76.0,65.0,NotPlaced
9678,7.4,1,1,0,68.0,3.9,No,Yes,79.0,76.0,NotPlaced
6381,6.6,1,1,1,60.0,3.3,No,No,56.0,66.0,NotPlaced
7244,8.0,1,1,2,82.0,4.8,No,No,69.0,68.0,NotPlaced
7778,6.5,1,2,0,76.0,3.8,No,Yes,62.0,68.0,NotPlaced
8186,8.4,0,3,2,88.0,4.3,Yes,Yes,84.0,84.0,Placed
516,6.5,0,3,0,81.0,4.8,Yes,Yes,90.0,68.0,NotPlaced
3080,6.5,1,2,0,73.0,4.5,No,Yes,79.0,63.0,NotPlaced
8424,7.4,1,1,0,88.0,4.0,No,Yes,56.0,66.0,NotPlaced
4555,8.0,1,1,1,79.0,4.6,Yes,No,66.0,67.0,NotPlaced
6148,8.7,2,3,2,90.0,4.8,Yes,Yes,78.0,84.0,Placed
8214,8.3,2,3,2,86.0,4.6,Yes,Yes,79.0,84.0,Placed
1298,7.6,0,2,0,80.0,4.0,Yes,Yes,57.0,83.0,NotPlaced
9074,7.6,1,2,0,72.0,4.2,No,Yes,59.0,65.0,Placed
2167,8.0,1,2,2,80.0,4.7,Yes,No,72.0,80.0,NotPlaced
9315,8.5,1,3,0,86.0,4.8,Yes,Yes,70.0,86.0,Placed
1843,7.9,1,2,0,84.0,4.1,No,Yes,58.0,75.0,Placed
2860,7.6,2,3,0,78.0,4.8,Yes,Yes,74.0,87.0,Placed
7535,7.6,1,3,2,79.0,3.8,Yes,Yes,75.0,88.0,Placed
8462,8.5,1,3,2,90.0,4.8,Yes,Yes,82.0,88.0,Placed
1793,7.6,1,1,0,60.0,4.2,No,No,62.0,67.0,NotPlaced
5073,7.4,1,1,1,82.0,4.1,No,No,60.0,65.0,NotPlaced
3861,6.5,1,1,0,60.0,3.9,No,Yes,61.0,67.0,NotPlaced
6336,7.0,1,1,1,73.0,4.3,Yes,Yes,62.0,57.0,NotPlaced
1741,7.5,1,2,0,81.0,4.4,Yes,Yes,69.0,82.0,NotPlaced
7696,8.1,2,3,0,79.0,4.8,Yes,Yes,70.0,82.0,NotPlaced
2802,8.4,2,3,2,90.0,4.8,Yes,Yes,82.0,80.0,NotPlaced
3115,6.8,1,1,0,69.0,4.0,No,No,55.0,63.0,NotPlaced
9523,7.7,0,1,1,68.0,3.3,No,Yes,58.0,70.0,NotPlaced
8436,7.4,1,3,0,70.0,3.8,No,No,78.0,86.0,NotPlaced
2500,8.5,0,1,0,81.0,4.2,Yes,Yes,74.0,65.0,Placed
4552,6.6,1,3,2,79.0,4.5,Yes,Yes,60.0,71.0,Placed
7163,7.5,1,2,1,73.0,4.4,No,Yes,69.0,79.0,NotPlaced
2502,7.8,0,2,0,80.0,4.1,No,Yes,60.0,83.0,Placed
1737,8.5,2,3,2,90.0,4.8,Yes,Yes,72.0,83.0,Placed
7666,7.9,2,3,2,83.0,4.5,Yes,Yes,72.0,84.0,NotPlaced
3027,6.5,0,1,0,80.0,4.3,No,No,61.0,60.0,NotPlaced
7548,8.6,1,3,2,90.0,4.5,Yes,Yes,72.0,83.0,Placed
4134,7.5,1,2,1,69.0,3.2,No,Yes,55.0,65.0,NotPlaced
932,7.7,0,1,0,76.0,3.4,No,No,55.0,65.0,NotPlaced
5770,7.6,1,3,2,84.0,4.6,Yes,Yes,67.0,86.0,Placed
1425,8.0,1,3,2,90.0,4.8,Yes,Yes,86.0,85.0,Placed
8520,6.5,1,1,0,73.0,4.1,No,Yes,55.0,66.0,NotPlaced
8252,7.5,2,1,1,78.0,4.3,No,Yes,55.0,71.0,NotPlaced
8508,6.5,0,3,1,82.0,4.6,No,No,57.0,66.0,NotPlaced
7103,8.5,1,1,0,79.0,4.1,Yes,Yes,75.0,66.0,NotPlaced
610,8.3,1,3,0,78.0,4.7,Yes,Yes,76.0,82.0,NotPlaced
5327,7.9,0,2,1,87.0,4.4,No,No,71.0,70.0,NotPlaced
9335,8.5,2,3,0,79.0,4.8,Yes,Yes,89.0,85.0,Placed
8562,7.6,1,2,2,86.0,4.3,Yes,Yes,70.0,80.0,NotPlaced
3876,8.4,2,2,2,84.0,4.8,Yes,Yes,87.0,87.0,Placed
2833,7.2,1,3,2,80.0,4.6,No,No,79.0,84.0,Placed
8655,8.5,2,3,2,88.0,4.8,Yes,Yes,68.0,88.0,Placed
8801,8.2,1,1,1,78.0,4.0,No,Yes,56.0,70.0,NotPlaced
7133,8.2,1,3,1,85.0,4.7,Yes,Yes,76.0,83.0,Placed
9382,7.5,0,1,0,68.0,3.8,No,Yes,55.0,62.0,NotPlaced
7474,7.4,1,1,1,62.0,4.8,Yes,Yes,55.0,71.0,NotPlaced
1023,8.3,2,3,2,90.0,4.8,Yes,Yes,81.0,87.0,Placed
7237,7.7,1,2,0,77.0,3.9,No,Yes,69.0,79.0,NotPlaced
9709,8.3,2,3,2,85.0,4.8,Yes,No,83.0,88.0,NotPlaced
6959,8.0,0,1,0,82.0,4.3,No,Yes,72.0,65.0,NotPlaced
3563,7.2,0,1,0,66.0,3.3,No,No,55.0,67.0,NotPlaced
5762,8.2,1,2,0,67.0,4.1,No,Yes,56.0,78.0,NotPlaced
9448,8.2,1,1,1,90.0,4.8,Yes,Yes,76.0,70.0,Placed
9429,8.3,1,3,2,90.0,4.8,Yes,Yes,79.0,82.0,Placed
1554,8.2,2,3,2,81.0,4.8,Yes,No,80.0,79.0,Placed
3570,8.3,2,3,2,90.0,4.8,Yes,Yes,81.0,86.0,Placed
2741,8.4,2,3,0,86.0,4.7,Yes,Yes,84.0,83.0,Placed
8754,8.6,2,3,2,82.0,4.4,Yes,Yes,64.0,83.0,Placed
6140,8.1,2,3,2,90.0,4.8,Yes,Yes,74.0,88.0,Placed
2140,6.5,1,0,0,88.0,4.7,Yes,Yes,74.0,67.0,Placed
1597,7.3,1,2,1,69.0,4.3,Yes,No,55.0,72.0,NotPlaced
2963,6.5,0,2,1,72.0,3.9,No,Yes,59.0,60.0,NotPlaced
1600,6.8,1,1,1,60.0,4.4,No,Yes,62.0,66.0,NotPlaced
8124,7.6,1,3,0,77.0,4.3,Yes,Yes,70.0,83.0,NotPlaced
3942,6.8,1,3,0,85.0,4.5,Yes,Yes,86.0,83.0,NotPlaced
2842,6.5,1,2,1,71.0,4.3,No,Yes,55.0,70.0,NotPlaced
7018,7.3,1,1,0,73.0,3.8,No,No,64.0,59.0,NotPlaced
59,8.0,1,1,0,86.0,4.2,No,No,55.0,83.0,NotPlaced
2644,8.9,2,1,2,90.0,4.7,Yes,Yes,75.0,84.0,Placed
7212,8.0,1,1,2,79.0,4.6,No,No,58.0,70.0,NotPlaced
1493,7.5,1,3,1,72.0,4.5,Yes,Yes,79.0,83.0,Placed
2898,7.6,1,1,1,75.0,4.1,No,No,55.0,70.0,NotPlaced
4903,8.1,1,3,0,77.0,4.1,No,Yes,70.0,84.0,NotPlaced
816,8.2,2,2,1,90.0,4.8,No,Yes,72.0,62.0,Placed
4439,6.6,1,3,0,71.0,4.2,No,No,55.0,66.0,NotPlaced
4537,7.4,1,3,1,71.0,4.1,No,Yes,87.0,64.0,Placed
4088,7.7,2,3,1,89.0,4.7,Yes,Yes,61.0,84.0,Placed
5518,7.4,1,2,0,69.0,3.6,No,No,69.0,68.0,NotPlaced
1154,6.5,1,2,1,76.0,4.5,Yes,Yes,55.0,74.0,NotPlaced
3435,6.8,1,2,0,78.0,3.8,No,Yes,77.0,66.0,NotPlaced
4812,7.4,2,3,0,80.0,4.0,No,Yes,79.0,62.0,NotPlaced
500,7.5,1,1,1,79.0,3.6,No,Yes,63.0,65.0,NotPlaced
4315,6.6,1,1,1,60.0,3.9,No,No,61.0,73.0,NotPlaced
3503,8.3,2,3,2,90.0,4.8,Yes,No,85.0,83.0,Placed
945,7.2,0,2,2,90.0,4.8,Yes,Yes,82.0,75.0,Placed
9578,8.8,2,3,2,90.0,4.8,Yes,Yes,65.0,86.0,Placed
4493,8.4,1,3,1,84.0,4.5,Yes,Yes,75.0,88.0,Placed
1068,7.6,2,2,2,67.0,4.7,Yes,No,57.0,66.0,NotPlaced
6855,7.4,1,2,1,82.0,4.5,No,Yes,59.0,66.0,NotPlaced
8106,8.1,1,3,0,69.0,3.9,No,No,82.0,69.0,NotPlaced
9212,8.4,0,3,2,90.0,4.8,Yes,Yes,83.0,85.0,Placed
7491,8.4,1,1,2,81.0,4.6,Yes,Yes,70.0,70.0,Placed
617,6.9,1,1,1,74.0,4.3,No,Yes,57.0,57.0,NotPlaced
1814,8.0,2,1,1,85.0,4.5,No,No,66.0,63.0,Placed
2704,7.3,1,1,0,78.0,3.7,No,No,55.0,70.0,NotPlaced
3147,8.1,1,2,2,83.0,4.5,No,Yes,77.0,82.0,NotPlaced
3418,8.1,1,3,2,90.0,4.6,Yes,Yes,72.0,88.0,Placed
6026,8.0,0,1,1,75.0,4.1,Yes,No,83.0,64.0,NotPlaced
2278,7.8,1,3,2,90.0,4.8,Yes,Yes,79.0,83.0,Placed
414,6.5,0,1,0,71.0,3.4,No,Yes,59.0,67.0,NotPlaced
344,7.9,2,1,0,73.0,4.2,No,No,56.0,71.0,NotPlaced
4842,8.0,1,3,0,90.0,4.4,Yes,Yes,77.0,87.0,Placed
2489,7.7,1,3,0,86.0,4.1,Yes,Yes,77.0,58.0,NotPlaced
9213,8.4,2,3,2,90.0,4.8,Yes,Yes,74.0,87.0,Placed
3665,6.6,1,1,0,78.0,3.7,No,Yes,73.0,68.0,NotPlaced
2811,6.5,1,2,1,89.0,4.6,No,Yes,75.0,73.0,NotPlaced
7423,7.5,0,1,1,66.0,4.1,Yes,Yes,58.0,67.0,NotPlaced
5446,7.9,1,3,1,77.0,4.1,Yes,Yes,78.0,69.0,NotPlaced
535,7.5,1,2,0,77.0,4.3,No,No,55.0,74.0,NotPlaced
6130,8.1,1,3,2,90.0,4.8,Yes,Yes,80.0,88.0,Placed
9146,7.4,1,1,0,82.0,4.5,Yes,Yes,79.0,68.0,NotPlaced
8784,8.3,1,3,0,90.0,4.7,Yes,Yes,71.0,86.0,Placed
2257,8.2,1,3,2,79.0,4.1,Yes,Yes,78.0,65.0,Placed
5333,8.4,2,3,2,90.0,4.8,Yes,Yes,76.0,86.0,Placed
2123,8.1,2,2,0,90.0,4.8,Yes,Yes,76.0,88.0,NotPlaced
306,8.0,1,2,1,80.0,4.3,No,Yes,71.0,61.0,NotPlaced
4557,7.7,1,3,0,74.0,4.7,No,Yes,73.0,67.0,Placed
8474,7.3,0,3,0,72.0,4.4,No,No,66.0,71.0,NotPlaced
769,8.0,2,3,2,90.0,4.8,Yes,Yes,87.0,88.0,Placed
3099,7.6,1,1,1,60.0,4.4,No,Yes,59.0,70.0,NotPlaced
7468,6.5,2,1,1,86.0,3.7,Yes,Yes,58.0,68.0,NotPlaced
1207,7.5,1,1,1,66.0,3.7,No,Yes,69.0,70.0,NotPlaced
1730,7.9,2,3,2,90.0,4.8,Yes,Yes,74.0,88.0,Placed
5568,7.5,1,3,0,83.0,4.1,Yes,Yes,78.0,81.0,Placed
367,8.7,1,2,0,84.0,4.4,Yes,Yes,65.0,88.0,Placed
8915,7.6,1,1,1,75.0,3.6,No,Yes,59.0,62.0,NotPlaced
8929,8.5,2,1,1,78.0,4.4,Yes,Yes,66.0,86.0,Placed
5442,6.6,2,2,0,73.0,4.1,No,No,59.0,68.0,NotPlaced
8902,6.9,2,2,2,90.0,4.8,No,Yes,85.0,85.0,Placed
5866,6.5,1,1,0,68.0,4.8,No,Yes,62.0,66.0,NotPlaced
6476,8.4,1,3,2,77.0,4.5,Yes,Yes,68.0,83.0,Placed
5054,7.5,1,1,0,75.0,3.9,No,Yes,55.0,64.0,NotPlaced
7307,7.8,2,2,1,79.0,4.6,Yes,No,79.0,71.0,NotPlaced
5249,8.4,1,1,1,84.0,4.2,Yes,No,73.0,74.0,NotPlaced
3412,8.6,1,2,3,75.0,4.5,Yes,Yes,56.0,85.0,Placed
3339,8.2,1,2,0,75.0,4.5,Yes,Yes,55.0,62.0,Placed
3734,7.2,1,2,1,79.0,3.2,No,No,57.0,72.0,NotPlaced
4087,6.5,1,1,0,64.0,4.5,No,Yes,55.0,64.0,NotPlaced
6001,8.2,1,3,3,88.0,4.8,No,Yes,82.0,69.0,Placed
3385,8.6,0,1,0,77.0,4.1,No,Yes,60.0,71.0,NotPlaced
6684,8.2,1,3,0,83.0,4.4,Yes,Yes,80.0,87.0,Placed
5763,8.3,0,2,1,89.0,4.7,No,Yes,56.0,69.0,Placed
5491,8.1,0,1,0,83.0,4.3,Yes,Yes,68.0,71.0,Placed
8169,6.6,1,1,1,75.0,3.9,Yes,Yes,63.0,69.0,NotPlaced
4647,7.4,1,1,2,81.0,4.6,Yes,Yes,68.0,85.0,Placed
4184,8.0,1,1,2,76.0,3.4,Yes,Yes,61.0,66.0,NotPlaced
7626,8.3,2,1,2,75.0,3.9,No,No,55.0,64.0,NotPlaced
9261,7.6,1,2,1,82.0,4.3,Yes,No,68.0,66.0,NotPlaced
4388,7.3,1,2,1,68.0,4.6,Yes,No,75.0,83.0,NotPlaced
7293,6.7,0,1,0,76.0,4.2,Yes,Yes,62.0,66.0,NotPlaced
6370,7.3,0,2,0,83.0,4.2,No,Yes,71.0,66.0,NotPlaced
6559,8.3,2,3,2,90.0,4.8,Yes,Yes,68.0,81.0,NotPlaced
3729,7.4,0,1,0,66.0,3.7,No,No,55.0,70.0,NotPlaced
8548,7.4,0,2,2,80.0,4.8,No,Yes,61.0,88.0,Placed
653,6.8,0,3,2,89.0,4.8,Yes,Yes,78.0,69.0,Placed
6436,6.5,1,1,1,73.0,3.4,No,No,55.0,65.0,NotPlaced
7825,6.9,0,1,2,72.0,4.8,Yes,Yes,58.0,85.0,Placed
6654,7.6,1,1,1,60.0,4.4,No,Yes,56.0,69.0,NotPlaced
2845,8.4,2,3,2,79.0,4.4,Yes,No,80.0,79.0,NotPlaced
4463,8.0,1,3,2,79.0,4.8,Yes,Yes,83.0,85.0,Placed
1651,8.2,2,3,2,90.0,4.1,Yes,Yes,71.0,86.0,Placed
7216,8.4,1,2,1,87.0,3.6,No,Yes,55.0,57.0,NotPlaced
7621,7.6,0,2,0,84.0,4.0,Yes,Yes,70.0,86.0,Placed
6116,7.5,0,3,2,86.0,4.4,No,Yes,83.0,85.0,NotPlaced
1220,7.7,2,1,1,64.0,4.2,No,Yes,55.0,78.0,NotPlaced
100,7.9,0,1,2,83.0,4.8,Yes,No,58.0,81.0,NotPlaced
9005,6.8,1,1,1,75.0,4.3,No,Yes,55.0,67.0,NotPlaced
3558,7.7,1,2,0,82.0,4.1,No,Yes,74.0,74.0,NotPlaced
8078,8.4,1,2,2,84.0,4.7,Yes,Yes,76.0,71.0,NotPlaced
2744,8.3,2,3,2,90.0,4.8,Yes,Yes,80.0,88.0,Placed
2729,7.6,1,1,0,75.0,3.6,No,Yes,55.0,68.0,NotPlaced
3218,8.1,2,3,2,89.0,4.5,Yes,Yes,81.0,81.0,NotPlaced
8911,7.7,1,3,0,71.0,4.2,No,Yes,80.0,82.0,NotPlaced
2457,7.8,2,3,2,90.0,3.9,Yes,Yes,60.0,87.0,NotPlaced
2397,8.8,2,1,2,83.0,4.8,Yes,Yes,84.0,87.0,Placed
9500,8.3,0,3,2,74.0,4.7,Yes,Yes,70.0,84.0,NotPlaced
5384,7.7,2,3,0,77.0,4.6,Yes,Yes,70.0,69.0,NotPlaced
8290,7.4,0,2,2,82.0,4.8,Yes,Yes,88.0,66.0,Placed
4498,7.6,1,2,0,74.0,4.6,No,Yes,59.0,60.0,NotPlaced
7141,7.5,1,1,0,78.0,4.4,Yes,Yes,77.0,88.0,NotPlaced
9562,6.8,1,1,2,64.0,3.5,No,No,55.0,63.0,NotPlaced
4501,8.6,1,3,2,90.0,4.8,Yes,Yes,74.0,87.0,Placed
4189,8.3,0,3,1,88.0,4.1,Yes,Yes,55.0,80.0,NotPlaced
2383,8.5,2,1,1,73.0,4.5,Yes,No,64.0,79.0,NotPlaced
6075,7.5,1,2,0,63.0,3.4,No,Yes,55.0,68.0,NotPlaced
338,7.2,1,2,0,83.0,4.5,No,Yes,74.0,69.0,NotPlaced
854,8.1,2,3,1,75.0,3.7,Yes,Yes,86.0,66.0,Placed
7001,8.2,0,2,0,86.0,4.5,Yes,Yes,77.0,72.0,Placed
3160,6.5,0,1,0,70.0,4.2,Yes,No,64.0,81.0,NotPlaced
964,7.6,1,1,0,81.0,3.8,No,Yes,59.0,60.0,NotPlaced
2026,7.7,2,3,1,88.0,4.3,No,Yes,56.0,83.0,NotPlaced
5056,7.6,2,3,2,90.0,4.5,Yes,Yes,75.0,83.0,Placed
8347,7.6,0,1,1,62.0,4.1,No,No,55.0,68.0,NotPlaced
4121,8.4,1,1,2,90.0,4.8,No,Yes,66.0,87.0,Placed
7941,7.8,0,2,0,79.0,4.3,Yes,Yes,65.0,70.0,Placed
7420,6.5,1,1,0,67.0,3.9,No,No,84.0,66.0,NotPlaced
5650,6.6,1,3,2,89.0,4.5,Yes,Yes,71.0,88.0,Placed
7224,7.5,1,1,1,67.0,4.0,No,No,55.0,71.0,NotPlaced
6925,6.5,1,1,1,63.0,4.5,No,No,59.0,69.0,NotPlaced
3881,7.5,1,1,0,78.0,4.7,Yes,Yes,73.0,87.0,NotPlaced
9998,8.4,1,3,0,70.0,4.8,Yes,Yes,79.0,81.0,Placed
6775,8.6,2,2,0,70.0,4.1,Yes,Yes,79.0,64.0,Placed
9435,7.4,1,1,0,65.0,4.0,No,No,62.0,67.0,NotPlaced
5457,7.7,1,2,0,88.0,4.1,Yes,Yes,55.0,64.0,NotPlaced
7851,6.9,0,1,0,71.0,3.6,No,No,55.0,70.0,NotPlaced
985,8.3,1,1,2,88.0,4.1,Yes,No,70.0,80.0,Placed
4285,8.2,2,3,2,90.0,4.8,Yes,Yes,85.0,81.0,Placed
3206,8.7,2,3,2,90.0,4.8,Yes,Yes,74.0,81.0,NotPlaced
5707,8.1,1,3,2,89.0,4.6,Yes,Yes,75.0,80.0,Placed
9715,7.4,1,1,0,67.0,3.7,No,Yes,61.0,61.0,NotPlaced
548,7.4,1,3,1,75.0,4.5,Yes,Yes,83.0,67.0,Placed
4833,6.5,1,3,2,73.0,4.3,Yes,Yes,55.0,68.0,Placed
3068,6.9,1,2,1,68.0,3.8,Yes,Yes,70.0,66.0,NotPlaced
4201,8.1,2,3,0,90.0,4.7,Yes,Yes,79.0,82.0,Placed
2630,8.4,1,3,1,80.0,4.4,Yes,Yes,74.0,80.0,NotPlaced
4279,8.2,2,3,2,90.0,4.8,Yes,Yes,79.0,88.0,Placed
1596,7.4,2,3,3,86.0,4.2,Yes,Yes,60.0,75.0,NotPlaced
2226,7.7,0,1,1,66.0,3.4,No,No,67.0,64.0,NotPlaced
7829,7.0,0,1,3,86.0,4.2,No,Yes,62.0,81.0,NotPlaced
1242,7.1,1,1,0,76.0,3.9,No,No,57.0,70.0,NotPlaced
1522,7.4,1,1,1,71.0,4.1,No,Yes,55.0,66.0,NotPlaced
7430,8.3,2,3,1,80.0,4.6,Yes,No,55.0,80.0,NotPlaced
4541,7.7,1,2,2,90.0,4.7,Yes,Yes,58.0,85.0,Placed
8236,7.7,1,1,2,88.0,4.2,No,Yes,65.0,88.0,Placed
9635,7.6,2,3,2,79.0,4.7,Yes,Yes,55.0,82.0,Placed
7704,6.8,1,1,0,74.0,4.0,Yes,No,62.0,83.0,NotPlaced
6595,8.1,1,2,1,83.0,4.6,No,Yes,82.0,81.0,NotPlaced
1410,8.0,1,3,1,75.0,4.5,Yes,Yes,73.0,71.0,Placed
6443,8.6,0,3,1,87.0,4.6,Yes,Yes,72.0,85.0,NotPlaced
9830,8.4,2,3,2,90.0,4.5,Yes,Yes,78.0,84.0,NotPlaced
4173,6.9,0,2,0,73.0,4.3,No,No,80.0,66.0,NotPlaced
357,8.9,2,3,2,89.0,4.6,Yes,Yes,71.0,83.0,Placed
9186,6.7,0,1,0,75.0,4.6,No,Yes,63.0,61.0,NotPlaced
9656,7.9,1,1,0,70.0,4.2,No,Yes,64.0,81.0,NotPlaced
5847,8.1,2,3,2,90.0,4.8,Yes,Yes,81.0,86.0,Placed
6447,7.7,1,2,0,71.0,4.0,Yes,Yes,57.0,70.0,NotPlaced
9682,7.6,1,1,0,74.0,4.2,No,Yes,61.0,61.0,NotPlaced
8968,7.4,1,1,0,80.0,4.3,No,Yes,58.0,69.0,Placed
7422,8.1,1,3,2,89.0,4.7,Yes,Yes,71.0,80.0,NotPlaced
8731,6.6,1,2,1,67.0,4.1,Yes,Yes,73.0,69.0,NotPlaced
628,7.5,1,2,1,90.0,4.3,Yes,Yes,59.0,84.0,Placed
7715,6.5,1,2,1,84.0,4.7,Yes,Yes,77.0,72.0,NotPlaced
7938,8.2,2,3,2,85.0,4.8,Yes,No,84.0,76.0,NotPlaced
2511,8.2,2,3,2,87.0,4.8,Yes,Yes,77.0,86.0,Placed
7035,7.6,1,3,0,81.0,4.3,Yes,Yes,80.0,82.0,Placed
5335,8.6,2,3,3,78.0,4.7,Yes,Yes,75.0,83.0,Placed
6471,8.1,2,3,2,86.0,3.8,Yes,Yes,71.0,84.0,Placed
2020,7.4,1,3,2,90.0,4.8,Yes,Yes,79.0,83.0,Placed
9796,8.1,2,3,2,90.0,4.8,Yes,Yes,75.0,82.0,Placed
5385,8.5,2,2,0,85.0,4.5,Yes,Yes,71.0,78.0,Placed
6841,8.6,1,1,2,77.0,4.6,Yes,Yes,87.0,86.0,Placed
1350,7.6,2,2,0,86.0,4.0,Yes,Yes,55.0,67.0,Placed
185,7.3,1,2,2,67.0,4.5,No,No,63.0,66.0,NotPlaced
3790,8.9,1,3,2,86.0,4.8,Yes,Yes,78.0,77.0,Placed
1060,8.2,1,2,3,82.0,4.6,Yes,Yes,74.0,83.0,NotPlaced
5005,8.6,1,2,1,73.0,4.7,Yes,Yes,76.0,66.0,NotPlaced
435,7.8,1,3,0,81.0,4.3,No,No,64.0,70.0,NotPlaced
2595,7.7,1,1,0,73.0,4.0,Yes,Yes,65.0,75.0,Placed
8444,6.6,1,3,3,65.0,4.2,Yes,Yes,55.0,86.0,Placed
5685,7.4,2,3,1,77.0,4.4,Yes,Yes,78.0,65.0,NotPlaced
421,7.3,1,1,1,75.0,3.6,No,Yes,55.0,66.0,NotPlaced
7227,8.2,1,3,0,90.0,4.4,No,Yes,70.0,84.0,NotPlaced
6578,7.6,0,1,0,78.0,4.8,No,No,78.0,63.0,NotPlaced
3751,8.1,1,2,0,79.0,4.5,Yes,Yes,65.0,76.0,NotPlaced
7050,7.7,1,2,0,83.0,4.0,Yes,Yes,68.0,69.0,NotPlaced
4966,6.7,1,1,1,68.0,4.8,Yes,No,57.0,65.0,NotPlaced
89,8.8,1,3,0,76.0,4.7,Yes,Yes,75.0,84.0,Placed
9947,7.5,0,1,1,68.0,3.6,Yes,Yes,55.0,65.0,NotPlaced
4779,8.2,1,2,0,83.0,4.1,No,Yes,58.0,85.0,NotPlaced
7751,8.0,1,3,0,79.0,4.3,Yes,Yes,79.0,78.0,NotPlaced
9314,8.5,2,3,2,90.0,4.7,Yes,Yes,77.0,86.0,Placed
7664,8.5,1,2,0,81.0,4.4,Yes,Yes,79.0,75.0,Placed
4364,8.5,2,3,2,90.0,4.7,Yes,Yes,78.0,84.0,Placed
8519,7.5,1,1,1,74.0,4.5,Yes,Yes,62.0,78.0,NotPlaced
6165,7.5,1,2,0,74.0,4.2,No,No,55.0,63.0,NotPlaced
3968,6.5,1,1,1,84.0,4.6,No,No,85.0,73.0,NotPlaced
9144,8.1,1,1,0,86.0,4.8,No,Yes,61.0,82.0,Placed
7568,6.5,2,1,0,86.0,3.4,No,Yes,55.0,64.0,NotPlaced
2966,8.4,2,3,2,89.0,4.6,Yes,Yes,74.0,86.0,Placed
3680,7.9,0,1,0,79.0,4.5,No,No,62.0,69.0,Placed
6389,6.5,2,2,0,77.0,3.8,No,No,59.0,57.0,Placed
1025,8.1,1,1,1,72.0,4.6,Yes,No,61.0,63.0,NotPlaced
2523,7.5,1,2,0,75.0,3.9,No,No,56.0,66.0,NotPlaced
3399,7.9,0,1,0,80.0,4.5,Yes,Yes,58.0,81.0,Placed
1901,8.4,1,1,0,87.0,4.8,Yes,Yes,71.0,82.0,NotPlaced
7437,6.5,0,1,0,74.0,4.2,No,No,64.0,72.0,NotPlaced
1630,6.8,0,2,1,72.0,4.4,No,No,62.0,62.0,NotPlaced
2784,7.5,1,3,1,84.0,4.0,Yes,No,74.0,70.0,Placed
4497,7.6,1,2,1,79.0,4.2,No,Yes,73.0,85.0,Placed
6183,7.6,1,1,0,67.0,3.6,No,Yes,56.0,68.0,NotPlaced
4534,8.7,1,3,2,89.0,4.7,Yes,Yes,79.0,81.0,Placed
5569,6.5,2,1,1,82.0,4.8,No,Yes,75.0,71.0,NotPlaced
8717,7.1,0,1,0,70.0,4.4,No,No,77.0,67.0,NotPlaced
8845,7.4,1,2,1,77.0,3.9,No,Yes,55.0,64.0,NotPlaced
4786,8.2,2,1,0,82.0,4.7,Yes,Yes,63.0,72.0,Placed
8707,6.7,0,1,0,79.0,4.4,No,No,76.0,66.0,NotPlaced
4631,6.7,1,2,0,71.0,4.3,No,No,57.0,80.0,NotPlaced
988,8.2,2,1,1,69.0,4.5,Yes,No,83.0,79.0,NotPlaced
4393,6.8,1,1,0,67.0,4.1,Yes,No,61.0,71.0,NotPlaced
4638,7.4,1,1,0,63.0,3.8,No,Yes,62.0,70.0,NotPlaced
601,6.8,1,1,1,75.0,3.8,No,Yes,60.0,67.0,NotPlaced
2851,6.8,1,2,0,67.0,3.2,No,No,55.0,68.0,NotPlaced
7342,8.3,1,1,0,90.0,4.3,Yes,Yes,77.0,80.0,NotPlaced
434,8.1,2,3,2,85.0,4.5,Yes,Yes,76.0,88.0,Placed
6624,7.6,1,1,1,78.0,4.0,Yes,Yes,55.0,69.0,NotPlaced
979,7.5,1,1,0,69.0,4.3,No,No,62.0,62.0,NotPlaced
4170,7.2,2,3,2,90.0,4.8,Yes,Yes,90.0,82.0,Placed
1750,6.5,2,1,0,75.0,4.3,Yes,Yes,69.0,73.0,NotPlaced
9707,7.6,1,2,1,66.0,4.4,No,Yes,56.0,61.0,NotPlaced
1895,7.5,0,1,0,66.0,4.3,No,No,60.0,68.0,NotPlaced
9824,7.4,1,1,0,73.0,4.1,No,Yes,55.0,67.0,NotPlaced
4830,8.2,2,3,2,90.0,4.6,Yes,Yes,85.0,85.0,Placed
1916,8.3,2,3,2,87.0,4.6,Yes,Yes,78.0,82.0,Placed
3480,7.9,2,3,2,89.0,4.4,Yes,Yes,89.0,86.0,Placed
4974,7.9,1,2,3,80.0,4.7,Yes,Yes,78.0,73.0,NotPlaced
2096,8.2,0,2,2,83.0,4.8,Yes,Yes,78.0,82.0,Placed
8081,8.1,1,3,3,77.0,4.1,Yes,Yes,74.0,85.0,Placed
9897,8.4,2,3,1,84.0,4.3,Yes,Yes,81.0,87.0,NotPlaced
5777,8.4,1,1,0,72.0,3.8,No,No,59.0,62.0,NotPlaced
9864,8.4,1,2,1,83.0,3.7,No,Yes,55.0,66.0,NotPlaced
637,7.7,1,2,0,81.0,4.4,Yes,Yes,55.0,82.0,Placed
6661,7.8,1,2,1,67.0,4.4,Yes,Yes,70.0,77.0,NotPlaced
715,8.7,1,3,2,90.0,4.8,Yes,Yes,70.0,88.0,Placed
3635,7.6,2,1,2,77.0,4.2,No,No,75.0,66.0,NotPlaced
4351,7.5,1,3,2,68.0,3.6,Yes,Yes,78.0,69.0,Placed
101,7.4,1,2,1,63.0,3.9,No,No,55.0,67.0,NotPlaced
2929,8.3,2,3,0,85.0,4.7,Yes,Yes,73.0,87.0,NotPlaced
8196,7.6,1,1,1,70.0,4.4,No,No,58.0,63.0,NotPlaced
2972,8.6,0,3,1,81.0,4.6,Yes,Yes,74.0,85.0,Placed
9439,8.5,2,1,2,86.0,4.4,Yes,Yes,71.0,84.0,Placed
4132,8.6,2,3,2,90.0,4.7,Yes,Yes,80.0,88.0,Placed
5186,7.7,0,1,0,74.0,3.7,No,No,65.0,68.0,NotPlaced
7488,8.1,1,2,0,84.0,4.3,No,No,58.0,80.0,Placed
3603,8.5,0,3,0,81.0,4.1,No,No,73.0,75.0,NotPlaced
5885,8.4,0,2,3,90.0,4.3,Yes,Yes,75.0,84.0,Placed
7673,6.5,1,1,1,75.0,3.8,No,Yes,56.0,64.0,NotPlaced
4758,8.9,2,2,0,90.0,4.8,Yes,Yes,72.0,87.0,Placed
2260,8.2,2,3,2,90.0,4.8,Yes,Yes,80.0,86.0,Placed
802,6.5,0,1,1,71.0,4.4,Yes,Yes,55.0,75.0,NotPlaced
4024,7.1,1,2,0,76.0,4.1,No,Yes,73.0,85.0,NotPlaced
7638,8.5,1,2,0,87.0,4.3,Yes,Yes,72.0,83.0,Placed
5278,7.4,1,2,1,68.0,4.2,Yes,Yes,72.0,66.0,NotPlaced
1320,7.9,1,3,0,89.0,4.5,Yes,Yes,59.0,84.0,Placed
9834,8.3,2,1,1,84.0,3.5,Yes,Yes,55.0,73.0,NotPlaced
6006,7.0,1,1,1,64.0,4.1,No,No,58.0,62.0,NotPlaced
1070,6.5,1,1,1,70.0,3.8,No,No,55.0,62.0,NotPlaced
7134,8.2,2,2,2,90.0,4.6,Yes,Yes,68.0,87.0,Placed
5505,8.5,2,3,0,85.0,4.7,Yes,Yes,73.0,85.0,NotPlaced
5541,8.2,2,3,2,88.0,4.8,Yes,Yes,67.0,86.0,NotPlaced
7245,7.6,1,1,1,88.0,4.0,No,Yes,59.0,61.0,NotPlaced
5428,7.9,1,3,1,76.0,3.8,Yes,No,68.0,65.0,NotPlaced
7108,8.0,2,3,2,83.0,4.5,Yes,Yes,79.0,87.0,Placed
881,8.7,2,3,1,77.0,4.3,Yes,Yes,72.0,67.0,NotPlaced
6964,7.5,1,1,1,87.0,4.7,Yes,Yes,68.0,65.0,Placed
5843,8.0,1,1,1,82.0,4.0,No,No,55.0,74.0,NotPlaced
7896,7.9,2,2,1,90.0,4.8,Yes,Yes,82.0,87.0,Placed
5617,8.2,2,3,3,88.0,4.8,Yes,Yes,74.0,86.0,Placed
6897,7.7,1,3,3,90.0,4.8,Yes,Yes,82.0,73.0,NotPlaced
3933,6.9,1,1,1,69.0,4.1,Yes,Yes,55.0,67.0,NotPlaced
1785,7.4,1,1,0,77.0,4.3,No,Yes,56.0,69.0,NotPlaced
2412,8.7,1,2,2,74.0,4.1,Yes,Yes,75.0,87.0,Placed
2156,8.4,2,3,2,90.0,4.8,Yes,No,72.0,85.0,Placed
6604,7.6,1,2,1,73.0,3.9,No,No,81.0,64.0,NotPlaced
8231,8.7,2,3,2,90.0,4.8,Yes,Yes,90.0,86.0,Placed
9735,7.8,1,2,0,80.0,4.5,Yes,Yes,60.0,69.0,Placed
1204,7.7,1,2,1,75.0,3.8,No,No,55.0,64.0,NotPlaced
1018,6.5,1,1,0,70.0,4.2,No,No,55.0,59.0,NotPlaced
3247,6.5,1,1,0,69.0,3.4,No,No,66.0,66.0,NotPlaced
6021,8.1,0,1,1,84.0,4.6,Yes,No,65.0,79.0,NotPlaced
4885,7.7,1,1,1,73.0,4.4,Yes,Yes,82.0,81.0,NotPlaced
8307,8.3,2,3,2,85.0,4.8,Yes,Yes,73.0,80.0,NotPlaced
2792,6.7,2,1,2,82.0,4.6,Yes,Yes,82.0,70.0,NotPlaced
1921,8.1,0,3,0,69.0,4.1,Yes,No,67.0,59.0,NotPlaced
5151,7.4,1,1,0,66.0,4.4,No,No,55.0,70.0,NotPlaced
4981,8.5,2,3,2,90.0,4.8,Yes,Yes,82.0,87.0,Placed
4479,8.3,2,1,1,81.0,4.0,Yes,Yes,55.0,70.0,Placed
966,7.5,0,1,0,71.0,4.1,No,No,60.0,72.0,NotPlaced
748,8.3,1,1,2,81.0,4.6,Yes,No,59.0,85.0,NotPlaced
4640,6.5,2,2,1,76.0,3.9,Yes,Yes,60.0,68.0,NotPlaced
9884,8.4,2,3,2,84.0,4.8,Yes,Yes,60.0,84.0,Placed
2761,8.3,1,1,3,76.0,4.2,No,Yes,56.0,83.0,NotPlaced
1069,7.5,2,1,2,80.0,4.0,No,No,76.0,75.0,NotPlaced
1788,8.2,1,3,2,85.0,4.6,Yes,Yes,86.0,78.0,Placed
7021,6.6,1,1,0,63.0,3.8,No,No,59.0,63.0,NotPlaced
177,8.3,1,2,3,78.0,3.8,Yes,No,67.0,65.0,NotPlaced
1908,7.6,1,1,1,72.0,3.3,No,Yes,58.0,61.0,NotPlaced
6857,7.8,2,1,1,77.0,4.2,No,No,55.0,67.0,NotPlaced
4202,7.7,1,1,0,60.0,4.3,No,No,57.0,70.0,NotPlaced
5155,6.5,1,1,0,75.0,4.1,No,No,55.0,71.0,NotPlaced
8443,7.4,2,2,0,65.0,3.9,No,No,55.0,67.0,NotPlaced
6233,8.6,1,2,2,90.0,4.8,Yes,Yes,80.0,87.0,Placed
7808,7.5,1,2,3,73.0,3.5,No,Yes,55.0,66.0,NotPlaced
7268,7.4,1,1,0,81.0,4.3,Yes,Yes,67.0,70.0,NotPlaced
6342,7.4,1,2,2,84.0,4.2,Yes,Yes,55.0,86.0,NotPlaced
4753,7.4,1,2,0,76.0,3.5,No,Yes,62.0,60.0,NotPlaced
9176,7.8,1,3,2,83.0,4.5,Yes,Yes,68.0,86.0,Placed
8903,7.4,1,1,2,90.0,4.3,Yes,Yes,72.0,85.0,Placed
4662,7.4,0,1,0,72.0,4.5,No,Yes,55.0,75.0,NotPlaced
8076,8.0,2,3,2,90.0,4.8,Yes,Yes,77.0,86.0,Placed
9229,8.5,2,3,2,90.0,4.8,Yes,Yes,71.0,87.0,Placed
4252,8.3,1,3,2,87.0,4.8,Yes,Yes,73.0,85.0,Placed
5882,6.5,0,1,1,75.0,4.5,Yes,Yes,67.0,81.0,NotPlaced
4341,7.6,0,3,0,78.0,4.5,Yes,Yes,72.0,84.0,NotPlaced
4064,8.5,2,3,2,90.0,4.4,Yes,Yes,84.0,86.0,Placed
7982,6.8,1,3,0,66.0,3.6,Yes,Yes,55.0,61.0,Placed
4508,7.4,1,1,0,70.0,4.0,No,Yes,55.0,67.0,NotPlaced
2095,7.7,1,1,0,82.0,4.3,No,Yes,60.0,63.0,NotPlaced
3715,8.1,1,3,2,90.0,4.6,Yes,Yes,70.0,76.0,Placed
5269,7.6,1,1,1,74.0,4.4,Yes,No,55.0,83.0,NotPlaced
974,7.6,1,2,1,81.0,4.0,No,Yes,55.0,61.0,NotPlaced
2599,7.7,1,2,0,84.0,4.7,No,Yes,72.0,61.0,NotPlaced
1380,7.5,1,1,1,84.0,4.3,No,Yes,55.0,67.0,NotPlaced
8960,8.0,0,2,0,76.0,4.6,Yes,Yes,56.0,87.0,Placed
258,7.5,1,2,3,86.0,4.8,No,Yes,60.0,67.0,NotPlaced
4009,8.6,1,3,2,90.0,4.8,Yes,Yes,84.0,85.0,Placed
6172,8.4,1,3,2,90.0,4.5,Yes,Yes,77.0,87.0,Placed
8833,8.3,2,3,2,90.0,4.8,Yes,Yes,62.0,84.0,NotPlaced
1800,6.7,0,2,0,66.0,3.9,No,No,58.0,68.0,NotPlaced
7796,8.5,2,3,2,90.0,4.8,Yes,Yes,83.0,85.0,Placed
54,6.5,1,2,1,80.0,4.5,Yes,Yes,72.0,67.0,NotPlaced
343,8.6,2,3,2,90.0,4.8,Yes,Yes,77.0,86.0,Placed
9239,6.5,1,2,0,69.0,3.7,No,No,55.0,66.0,NotPlaced
4664,7.0,1,1,1,63.0,3.7,Yes,Yes,55.0,73.0,NotPlaced
5393,7.8,1,2,1,74.0,4.2,No,Yes,66.0,70.0,NotPlaced
2985,8.3,1,2,2,83.0,4.2,Yes,Yes,55.0,88.0,Placed
7254,8.5,1,2,0,89.0,4.8,Yes,Yes,74.0,82.0,Placed
5609,8.3,2,3,2,90.0,4.8,Yes,Yes,80.0,86.0,Placed
1614,7.5,1,1,0,70.0,3.5,No,Yes,75.0,66.0,NotPlaced
7687,8.2,1,1,0,71.0,4.4,Yes,Yes,77.0,68.0,NotPlaced
3164,6.5,1,1,0,88.0,4.0,Yes,Yes,58.0,70.0,Placed
5425,7.6,1,3,2,89.0,4.8,Yes,Yes,83.0,72.0,Placed
3870,8.4,2,3,2,90.0,4.7,Yes,Yes,78.0,82.0,Placed
862,7.6,0,1,1,84.0,4.3,No,No,55.0,68.0,NotPlaced
8723,7.0,0,1,0,69.0,4.4,Yes,Yes,71.0,72.0,Placed
2530,8.3,0,3,0,90.0,4.8,Yes,Yes,74.0,85.0,Placed
9280,7.8,0,2,0,71.0,4.4,No,Yes,55.0,66.0,NotPlaced
9196,8.4,1,3,2,90.0,4.8,Yes,Yes,81.0,88.0,NotPlaced
3596,8.6,1,3,0,88.0,4.8,Yes,Yes,80.0,82.0,Placed
6005,8.2,0,1,0,76.0,4.3,No,No,77.0,64.0,NotPlaced
5944,8.2,2,3,2,90.0,4.8,Yes,Yes,71.0,88.0,Placed
6771,8.0,1,3,2,79.0,3.7,Yes,Yes,80.0,86.0,Placed
2638,8.1,1,3,2,86.0,4.6,Yes,Yes,88.0,84.0,Placed
5175,7.6,2,2,0,84.0,4.1,No,Yes,55.0,75.0,NotPlaced
6968,8.4,2,3,2,82.0,4.7,Yes,Yes,86.0,82.0,Placed
9441,7.9,2,2,0,74.0,4.4,Yes,Yes,81.0,69.0,NotPlaced
8207,8.4,2,3,0,90.0,4.8,Yes,Yes,80.0,86.0,Placed
1130,7.3,1,2,2,79.0,4.6,No,No,55.0,68.0,Placed
3515,7.9,1,1,1,63.0,4.2,No,No,60.0,62.0,NotPlaced
1214,7.4,0,1,0,75.0,3.8,No,No,79.0,62.0,NotPlaced
8140,7.7,1,1,0,64.0,3.8,No,No,60.0,68.0,NotPlaced
7785,8.4,0,3,1,86.0,4.0,Yes,Yes,85.0,67.0,NotPlaced
8090,8.2,2,3,2,90.0,4.4,Yes,Yes,88.0,87.0,Placed
5398,7.5,1,1,1,69.0,3.6,No,Yes,55.0,71.0,NotPlaced
441,6.5,1,1,0,73.0,4.1,No,Yes,55.0,66.0,NotPlaced
4717,8.4,2,1,2,84.0,4.5,Yes,Yes,60.0,85.0,NotPlaced
2918,7.8,0,3,2,85.0,4.3,Yes,No,89.0,63.0,NotPlaced
1354,8.1,1,3,1,82.0,4.8,Yes,Yes,82.0,82.0,Placed
6924,7.7,1,2,1,68.0,4.3,No,No,64.0,69.0,NotPlaced
7389,8.4,0,1,1,64.0,3.6,Yes,Yes,64.0,65.0,NotPlaced
9325,8.4,1,1,3,90.0,4.5,Yes,Yes,72.0,69.0,Placed
223,7.5,1,2,0,86.0,3.8,No,No,55.0,68.0,NotPlaced
5813,8.2,0,3,2,89.0,4.3,Yes,No,85.0,84.0,Placed
7156,8.2,1,3,0,86.0,4.5,Yes,Yes,63.0,72.0,Placed
5345,8.5,1,3,0,86.0,4.5,Yes,No,79.0,78.0,Placed
3945,7.7,1,1,2,79.0,4.1,Yes,No,61.0,84.0,NotPlaced
2820,7.8,1,2,0,75.0,4.5,No,Yes,55.0,71.0,Placed
9077,7.0,1,2,0,73.0,4.5,No,Yes,55.0,80.0,NotPlaced
8649,8.2,1,2,3,83.0,4.2,Yes,Yes,78.0,80.0,NotPlaced
8054,7.6,1,1,0,84.0,4.1,Yes,Yes,72.0,72.0,NotPlaced
681,8.2,2,1,2,71.0,4.2,Yes,Yes,85.0,85.0,NotPlaced
4145,6.5,1,2,0,77.0,4.4,No,Yes,58.0,67.0,NotPlaced
694,8.3,1,3,0,90.0,4.7,Yes,Yes,86.0,78.0,Placed
129,7.4,1,1,1,64.0,4.3,No,Yes,73.0,73.0,NotPlaced
1856,7.4,1,2,0,70.0,4.5,Yes,Yes,70.0,64.0,Placed
3,7.3,1,2,2,82.0,4.8,Yes,No,79.0,80.0,NotPlaced
2282,6.6,1,1,0,68.0,3.9,Yes,Yes,55.0,67.0,Placed
8036,8.4,2,3,1,73.0,4.2,No,Yes,75.0,86.0,NotPlaced
9390,6.6,1,1,1,72.0,3.9,No,No,81.0,61.0,NotPlaced
7765,7.7,2,3,3,84.0,4.2,Yes,Yes,72.0,79.0,NotPlaced
883,8.7,1,3,2,88.0,4.8,Yes,Yes,83.0,86.0,Placed
4153,8.3,1,2,2,82.0,4.5,No,Yes,73.0,66.0,NotPlaced
5945,7.6,0,1,0,69.0,3.1,No,No,60.0,62.0,NotPlaced
9008,6.7,0,1,1,85.0,4.2,Yes,Yes,68.0,64.0,Placed
4156,7.3,1,1,0,65.0,4.6,Yes,Yes,62.0,74.0,NotPlaced
9959,8.2,2,3,2,90.0,4.4,Yes,Yes,73.0,85.0,Placed
182,8.2,1,3,0,82.0,4.8,Yes,Yes,70.0,73.0,Placed
3994,8.4,1,2,1,81.0,3.8,Yes,Yes,72.0,65.0,Placed
2441,8.0,0,3,2,76.0,4.7,Yes,Yes,77.0,82.0,Placed
3642,7.4,1,2,0,84.0,4.5,Yes,Yes,61.0,66.0,NotPlaced
6644,8.3,2,1,0,81.0,4.3,Yes,Yes,86.0,70.0,NotPlaced
1985,7.6,2,1,1,76.0,3.5,No,Yes,58.0,81.0,NotPlaced
6575,8.2,0,3,2,90.0,4.4,Yes,Yes,67.0,88.0,Placed
8158,8.2,2,3,2,90.0,4.6,Yes,Yes,76.0,85.0,Placed
4017,6.5,1,1,2,90.0,4.0,Yes,Yes,79.0,81.0,Placed
6126,7.5,0,1,0,83.0,3.8,Yes,Yes,61.0,67.0,NotPlaced
7372,8.5,2,3,2,87.0,4.6,Yes,Yes,73.0,86.0,Placed
9553,6.6,1,1,0,75.0,4.4,No,No,62.0,82.0,NotPlaced
7015,6.6,0,1,0,71.0,3.8,Yes,Yes,60.0,71.0,NotPlaced
6669,8.1,2,3,2,90.0,4.8,Yes,Yes,73.0,88.0,Placed
9135,8.3,0,2,2,72.0,4.0,Yes,Yes,74.0,79.0,NotPlaced
3529,6.8,1,1,1,60.0,3.9,No,No,62.0,63.0,NotPlaced
5436,7.6,0,1,1,61.0,3.4,No,Yes,55.0,72.0,NotPlaced
8314,7.6,2,3,2,87.0,4.3,Yes,Yes,76.0,82.0,Placed
6009,7.4,1,2,0,65.0,4.6,No,No,79.0,68.0,NotPlaced
330,7.7,1,1,0,80.0,4.0,No,Yes,55.0,66.0,NotPlaced
2534,6.5,1,2,1,78.0,4.5,No,No,57.0,66.0,NotPlaced
1639,7.6,1,2,1,69.0,3.9,No,No,55.0,63.0,NotPlaced
7364,7.5,1,1,1,66.0,4.1,No,Yes,56.0,69.0,NotPlaced
7310,8.5,0,1,0,73.0,4.3,Yes,Yes,73.0,67.0,NotPlaced
127,7.5,1,1,1,68.0,4.7,No,No,58.0,64.0,NotPlaced
9190,8.5,2,3,2,84.0,4.5,Yes,Yes,74.0,86.0,Placed
3784,7.9,0,2,1,70.0,3.9,No,No,59.0,68.0,NotPlaced
8441,8.5,2,3,2,90.0,4.8,Yes,Yes,70.0,86.0,Placed
9006,7.7,1,1,0,80.0,3.3,No,No,55.0,67.0,NotPlaced
5256,7.8,1,3,3,84.0,3.9,Yes,Yes,64.0,72.0,NotPlaced
9244,7.2,1,2,0,82.0,3.6,Yes,Yes,71.0,74.0,Placed
9599,6.5,1,1,0,82.0,4.4,No,Yes,56.0,68.0,NotPlaced
4211,8.3,0,3,2,84.0,4.8,Yes,Yes,80.0,84.0,Placed
4943,8.1,2,3,2,89.0,4.6,Yes,Yes,73.0,83.0,NotPlaced
9277,7.7,2,3,2,75.0,4.4,Yes,No,83.0,83.0,Placed
8328,8.2,2,3,2,90.0,4.8,Yes,Yes,74.0,88.0,Placed
6618,8.6,1,3,2,90.0,4.7,Yes,Yes,77.0,80.0,Placed
4425,7.9,2,3,2,90.0,4.8,Yes,Yes,86.0,79.0,Placed
3002,8.2,1,3,2,85.0,4.4,Yes,Yes,76.0,88.0,Placed
9034,8.9,1,3,0,83.0,4.8,Yes,Yes,77.0,76.0,Placed
3553,7.2,0,2,1,86.0,4.2,Yes,Yes,55.0,70.0,NotPlaced
4988,7.6,2,2,2,83.0,4.8,Yes,Yes,71.0,85.0,Placed
6626,8.1,0,3,2,90.0,4.8,Yes,Yes,84.0,86.0,Placed
96,7.5,0,1,1,75.0,3.3,No,Yes,61.0,73.0,NotPlaced
6845,8.4,1,1,1,73.0,4.3,No,Yes,64.0,73.0,NotPlaced
4940,7.6,1,3,0,90.0,4.8,Yes,Yes,75.0,85.0,Placed
5725,8.6,2,3,2,90.0,4.8,Yes,Yes,85.0,82.0,Placed
3272,7.4,1,1,0,75.0,4.3,No,No,60.0,64.0,NotPlaced
5424,6.6,1,2,0,70.0,4.1,Yes,Yes,55.0,62.0,NotPlaced
9626,8.4,0,3,2,87.0,4.8,Yes,Yes,81.0,83.0,Placed
8856,8.6,1,3,0,82.0,4.5,No,Yes,55.0,74.0,NotPlaced
9150,7.4,2,3,1,89.0,4.6,Yes,Yes,59.0,64.0,NotPlaced
9979,7.2,1,2,2,84.0,4.8,Yes,Yes,80.0,79.0,Placed
9039,6.8,1,1,1,69.0,3.7,No,No,63.0,65.0,NotPlaced
2658,7.4,1,3,2,83.0,4.8,No,Yes,68.0,88.0,Placed
798,8.4,1,2,2,75.0,4.1,Yes,Yes,55.0,73.0,NotPlaced
6932,8.1,2,1,0,71.0,3.4,Yes,No,66.0,67.0,NotPlaced
128,7.4,0,1,0,79.0,4.3,No,No,63.0,73.0,NotPlaced
6162,8.3,2,1,2,83.0,4.8,Yes,Yes,78.0,83.0,Placed
6737,6.6,1,1,0,73.0,4.2,No,No,64.0,70.0,NotPlaced
6564,7.8,1,3,2,77.0,4.2,Yes,No,81.0,64.0,NotPlaced
68,7.2,1,1,0,82.0,4.6,Yes,Yes,57.0,64.0,NotPlaced
2563,7.5,1,2,0,77.0,4.8,No,Yes,55.0,59.0,NotPlaced
2143,8.5,1,3,2,88.0,4.8,Yes,Yes,83.0,85.0,Placed
1859,7.7,1,1,1,73.0,4.3,No,No,65.0,63.0,NotPlaced
7168,7.8,2,3,0,78.0,4.8,Yes,No,74.0,82.0,Placed
5065,6.5,2,1,1,72.0,4.4,No,Yes,55.0,66.0,NotPlaced
4067,6.5,0,1,0,67.0,3.7,No,No,64.0,66.0,NotPlaced
8088,8.2,1,2,0,71.0,4.7,No,Yes,68.0,66.0,NotPlaced
3289,8.2,1,3,2,88.0,4.4,Yes,No,74.0,84.0,NotPlaced
7484,8.4,1,2,1,77.0,4.0,Yes,Yes,79.0,84.0,NotPlaced
6059,7.9,1,2,1,61.0,4.2,Yes,Yes,80.0,71.0,NotPlaced
3303,6.5,1,1,1,76.0,4.6,Yes,Yes,60.0,73.0,NotPlaced
1712,7.6,1,2,1,83.0,4.6,Yes,Yes,86.0,64.0,NotPlaced
7379,8.5,1,3,2,86.0,4.5,Yes,Yes,89.0,77.0,Placed
9264,6.5,1,1,1,69.0,3.5,No,No,55.0,63.0,NotPlaced
2339,8.5,0,3,3,84.0,4.6,No,Yes,86.0,70.0,NotPlaced
3841,6.5,1,1,0,80.0,4.0,No,Yes,55.0,68.0,NotPlaced
3227,8.2,2,1,2,74.0,3.9,No,No,79.0,64.0,NotPlaced
6085,7.4,1,2,0,76.0,4.0,No,Yes,78.0,74.0,NotPlaced
475,7.3,1,2,1,75.0,4.6,No,Yes,55.0,75.0,NotPlaced
7361,7.3,1,1,0,70.0,4.3,No,Yes,63.0,76.0,NotPlaced
2591,7.9,2,2,1,88.0,4.5,Yes,Yes,83.0,73.0,Placed
9960,7.7,0,1,1,64.0,4.4,Yes,Yes,73.0,60.0,NotPlaced
8865,7.5,0,1,2,74.0,4.0,No,Yes,55.0,72.0,NotPlaced
6922,8.0,0,3,1,73.0,4.8,Yes,Yes,57.0,64.0,NotPlaced
2350,8.2,0,3,0,90.0,4.3,Yes,Yes,79.0,86.0,NotPlaced
9813,7.5,0,1,1,64.0,3.3,No,Yes,55.0,64.0,NotPlaced
2448,7.8,0,1,0,67.0,4.1,Yes,No,59.0,69.0,NotPlaced
6972,7.3,1,2,0,75.0,3.9,No,Yes,80.0,71.0,NotPlaced
9727,8.0,2,3,0,85.0,4.8,Yes,No,86.0,87.0,NotPlaced
8712,6.7,0,1,0,63.0,3.8,No,No,62.0,63.0,NotPlaced
6497,7.7,1,2,0,78.0,3.9,Yes,Yes,59.0,70.0,NotPlaced
2760,7.5,2,1,1,82.0,4.7,No,No,76.0,68.0,NotPlaced
4926,7.6,1,2,1,67.0,4.4,Yes,Yes,61.0,73.0,Placed
4079,7.4,1,2,0,71.0,3.9,No,Yes,63.0,70.0,NotPlaced
4860,8.0,2,3,2,90.0,4.8,Yes,Yes,78.0,85.0,Placed
6854,8.2,0,2,2,71.0,4.4,Yes,Yes,55.0,73.0,Placed
6487,7.5,1,1,2,68.0,3.7,Yes,Yes,57.0,70.0,NotPlaced
3571,8.4,2,3,0,90.0,4.5,Yes,Yes,87.0,83.0,Placed
4133,8.5,1,3,2,90.0,4.7,No,Yes,85.0,84.0,NotPlaced
6882,8.4,2,3,1,78.0,4.8,Yes,Yes,55.0,87.0,NotPlaced
2521,7.6,1,1,0,69.0,3.9,No,No,59.0,64.0,NotPlaced
6198,7.7,1,1,0,72.0,4.1,No,No,62.0,65.0,Placed
1794,8.5,2,3,2,90.0,4.8,Yes,Yes,83.0,82.0,Placed
3568,8.1,2,3,0,86.0,3.5,Yes,Yes,75.0,83.0,Placed
8122,7.8,1,3,0,75.0,4.2,Yes,Yes,82.0,82.0,Placed
9152,7.6,1,3,2,84.0,4.6,Yes,Yes,79.0,76.0,Placed
275,7.3,1,2,1,71.0,4.7,No,No,59.0,57.0,NotPlaced
683,7.1,0,2,2,76.0,4.2,No,No,63.0,64.0,NotPlaced
2625,7.7,1,1,0,82.0,3.7,No,Yes,55.0,81.0,Placed
8623,7.6,1,2,1,61.0,3.2,No,No,61.0,57.0,NotPlaced
1280,7.7,0,1,0,63.0,4.0,Yes,No,67.0,63.0,Placed
2157,7.4,1,2,2,74.0,4.4,Yes,Yes,84.0,72.0,NotPlaced
933,7.5,1,1,0,70.0,4.3,No,Yes,55.0,71.0,NotPlaced
7769,7.4,1,3,0,75.0,4.6,No,No,78.0,86.0,NotPlaced
2592,6.6,1,3,2,76.0,4.5,Yes,Yes,74.0,84.0,Placed
8193,7.4,1,2,1,84.0,4.6,No,Yes,55.0,70.0,NotPlaced
2340,8.6,1,3,1,88.0,4.8,Yes,Yes,71.0,80.0,NotPlaced
1082,7.8,0,1,0,79.0,4.1,No,Yes,58.0,65.0,Placed
7137,8.8,2,2,0,83.0,4.4,Yes,Yes,68.0,84.0,NotPlaced
766,8.1,2,3,2,90.0,4.8,Yes,Yes,86.0,85.0,Placed
3721,8.0,1,3,2,80.0,4.8,Yes,Yes,73.0,87.0,Placed
4482,8.2,2,1,2,81.0,4.0,Yes,Yes,83.0,86.0,NotPlaced
4281,7.7,0,2,1,81.0,3.8,Yes,Yes,82.0,65.0,NotPlaced
7883,6.5,1,1,0,66.0,4.1,No,No,55.0,62.0,NotPlaced
3850,8.2,2,3,2,90.0,4.8,Yes,Yes,82.0,84.0,Placed
1714,7.5,0,2,1,76.0,4.2,No,Yes,61.0,67.0,NotPlaced
7934,8.0,0,2,0,60.0,4.2,No,No,55.0,70.0,NotPlaced
7612,8.1,0,2,0,77.0,3.8,Yes,Yes,84.0,62.0,NotPlaced
7754,7.4,1,2,1,82.0,3.9,No,Yes,55.0,70.0,NotPlaced
3381,8.0,1,2,0,87.0,3.6,No,Yes,55.0,61.0,NotPlaced
9393,6.8,0,1,1,67.0,3.5,No,No,59.0,62.0,NotPlaced
3950,7.6,1,2,2,79.0,4.2,Yes,Yes,59.0,67.0,Placed
4674,8.0,1,3,0,87.0,4.3,Yes,Yes,81.0,77.0,Placed
3736,7.9,0,1,1,77.0,4.2,No,No,55.0,63.0,NotPlaced
9012,6.5,1,2,1,61.0,3.9,No,Yes,55.0,66.0,NotPlaced
6101,8.4,2,3,2,90.0,4.6,Yes,Yes,80.0,88.0,Placed
7479,7.7,0,2,0,72.0,4.5,No,Yes,63.0,87.0,NotPlaced
2541,6.8,0,2,2,84.0,4.5,No,No,67.0,70.0,NotPlaced
8123,8.2,1,1,0,77.0,3.8,No,No,57.0,67.0,NotPlaced
9948,7.7,0,2,1,64.0,4.4,Yes,Yes,71.0,70.0,NotPlaced
7655,8.5,1,1,2,78.0,4.5,No,Yes,58.0,73.0,NotPlaced
906,7.6,0,1,1,81.0,4.3,Yes,No,74.0,67.0,NotPlaced
2119,8.0,1,1,2,84.0,4.6,Yes,No,76.0,84.0,Placed
7631,8.5,1,3,3,84.0,4.6,Yes,Yes,69.0,88.0,Placed
4577,7.3,1,1,0,75.0,3.9,No,No,55.0,61.0,NotPlaced
2858,8.8,0,1,2,90.0,4.8,Yes,Yes,82.0,82.0,NotPlaced
1998,8.1,2,3,0,87.0,4.4,Yes,Yes,86.0,88.0,Placed
9224,6.5,0,2,2,81.0,4.6,Yes,Yes,79.0,69.0,Placed
5886,6.5,1,1,0,82.0,4.4,No,No,71.0,65.0,NotPlaced
3777,8.2,1,3,0,75.0,4.4,Yes,Yes,56.0,82.0,NotPlaced
1524,7.4,1,1,0,75.0,4.3,No,No,55.0,61.0,NotPlaced
3030,7.6,1,3,0,75.0,4.0,No,Yes,55.0,73.0,NotPlaced
3070,7.2,1,1,1,63.0,3.9,No,No,61.0,67.0,NotPlaced
9162,7.5,1,1,0,83.0,4.4,No,No,83.0,61.0,NotPlaced
6709,8.5,2,2,0,83.0,4.7,Yes,Yes,80.0,87.0,NotPlaced
5827,8.1,1,3,2,90.0,4.8,Yes,Yes,78.0,86.0,Placed
2941,7.9,1,1,0,72.0,3.6,No,No,55.0,68.0,NotPlaced
1863,7.9,0,1,1,74.0,4.4,No,No,59.0,65.0,NotPlaced
9376,7.7,1,1,1,74.0,3.7,No,Yes,57.0,74.0,NotPlaced
894,6.5,0,3,1,67.0,3.5,Yes,Yes,86.0,72.0,Placed
8883,6.6,1,3,2,79.0,4.6,Yes,Yes,78.0,75.0,Placed
207,7.3,1,2,1,84.0,4.6,No,Yes,55.0,72.0,NotPlaced
8452,7.4,0,1,0,68.0,4.1,No,Yes,81.0,73.0,NotPlaced
4596,7.5,1,1,0,72.0,4.3,No,Yes,71.0,69.0,NotPlaced
3220,8.1,2,3,2,90.0,4.5,Yes,Yes,80.0,88.0,Placed
67,7.8,2,3,2,87.0,4.8,Yes,No,90.0,83.0,NotPlaced
9879,7.6,2,3,1,79.0,4.8,No,Yes,67.0,85.0,Placed
5059,8.0,1,3,2,81.0,4.0,Yes,Yes,81.0,86.0,Placed
487,8.3,1,3,1,86.0,4.8,No,Yes,80.0,67.0,NotPlaced
3739,8.5,1,1,0,85.0,4.4,Yes,Yes,71.0,86.0,Placed
5234,8.4,2,1,0,90.0,4.8,Yes,Yes,63.0,82.0,NotPlaced
9470,8.3,2,3,2,90.0,4.8,Yes,Yes,90.0,86.0,Placed
9770,7.7,0,2,1,66.0,4.3,Yes,Yes,68.0,67.0,NotPlaced
4045,7.2,0,3,0,75.0,4.6,No,No,83.0,65.0,Placed
6539,8.3,2,3,2,84.0,4.3,Yes,Yes,81.0,81.0,NotPlaced
6785,7.4,1,2,2,74.0,4.5,Yes,Yes,78.0,83.0,NotPlaced
980,6.6,1,2,0,88.0,4.0,No,No,78.0,67.0,NotPlaced
5379,6.7,1,1,1,76.0,4.6,No,No,65.0,69.0,NotPlaced
3676,7.5,1,2,0,86.0,4.8,Yes,Yes,55.0,71.0,NotPlaced
9296,8.3,1,2,2,87.0,4.7,Yes,Yes,78.0,66.0,NotPlaced
9544,7.4,1,3,0,88.0,4.8,Yes,Yes,69.0,83.0,Placed
7291,8.5,2,2,2,90.0,4.8,Yes,Yes,78.0,77.0,Placed
6098,7.0,1,1,1,69.0,4.6,No,Yes,55.0,70.0,NotPlaced
2864,8.5,2,2,2,65.0,4.4,Yes,Yes,57.0,81.0,NotPlaced
7878,8.5,1,2,0,87.0,4.0,Yes,Yes,78.0,70.0,Placed
9938,6.5,1,2,1,63.0,3.0,No,No,55.0,61.0,NotPlaced
9889,7.8,1,2,0,73.0,3.5,No,Yes,63.0,67.0,NotPlaced
9610,8.3,2,3,2,90.0,4.8,Yes,Yes,78.0,84.0,Placed
6648,8.3,1,2,1,77.0,4.2,No,Yes,67.0,84.0,NotPlaced
3934,8.1,1,3,2,72.0,4.8,No,No,83.0,77.0,NotPlaced
7287,8.6,1,3,2,85.0,4.8,Yes,Yes,78.0,85.0,Placed
2702,7.3,0,1,0,81.0,4.2,No,Yes,59.0,60.0,NotPlaced
9742,7.9,2,3,3,81.0,4.4,Yes,No,90.0,81.0,Placed
5917,7.5,0,2,1,83.0,4.6,No,Yes,55.0,69.0,NotPlaced
5280,7.5,1,3,3,89.0,4.4,Yes,Yes,85.0,85.0,Placed
4187,8.3,2,3,2,90.0,4.8,Yes,Yes,80.0,84.0,Placed
834,6.5,1,1,1,67.0,4.3,No,No,55.0,67.0,NotPlaced
696,7.1,2,3,2,90.0,4.4,Yes,Yes,77.0,87.0,Placed
6984,8.6,1,3,2,90.0,4.8,Yes,Yes,71.0,79.0,Placed
6015,7.9,1,2,0,85.0,4.1,Yes,Yes,59.0,64.0,NotPlaced
1716,7.7,2,1,0,71.0,4.5,Yes,Yes,70.0,70.0,NotPlaced
6453,6.5,0,1,1,80.0,3.7,No,Yes,67.0,68.0,Placed
1139,7.8,2,3,2,90.0,4.7,Yes,Yes,80.0,86.0,Placed
5308,7.4,1,1,1,68.0,4.3,Yes,No,60.0,69.0,Placed
9784,8.4,1,2,2,83.0,4.2,Yes,Yes,72.0,83.0,Placed
4604,8.1,1,2,0,68.0,4.7,No,Yes,67.0,87.0,Placed
9093,7.8,2,3,2,86.0,4.2,Yes,No,83.0,81.0,Placed
5678,8.5,0,3,2,76.0,4.8,Yes,No,74.0,81.0,Placed
9489,7.4,1,1,1,65.0,3.7,No,No,57.0,57.0,NotPlaced
4558,8.6,2,3,1,90.0,4.3,Yes,Yes,71.0,82.0,Placed
1427,7.0,1,2,1,77.0,4.3,Yes,Yes,69.0,61.0,Placed
3588,7.4,1,2,1,82.0,4.0,No,No,58.0,62.0,NotPlaced
6129,7.6,1,1,0,71.0,4.0,Yes,Yes,69.0,88.0,NotPlaced
9091,7.6,1,3,2,85.0,4.4,Yes,Yes,69.0,61.0,Placed
9674,8.2,2,2,3,84.0,3.9,No,Yes,71.0,84.0,NotPlaced
5051,6.6,1,2,0,87.0,4.6,No,Yes,80.0,71.0,NotPlaced
9432,7.7,1,1,1,66.0,4.1,No,Yes,59.0,61.0,NotPlaced
3192,8.5,1,3,2,90.0,4.8,Yes,Yes,80.0,85.0,Placed
9804,7.5,0,1,1,71.0,3.6,No,Yes,59.0,64.0,NotPlaced
5344,7.6,1,1,0,71.0,4.1,No,Yes,60.0,69.0,NotPlaced
4669,7.5,1,1,1,77.0,4.1,Yes,No,77.0,67.0,NotPlaced
7467,8.4,1,2,2,86.0,4.2,Yes,Yes,80.0,82.0,NotPlaced
3086,8.3,2,3,2,90.0,4.8,Yes,Yes,80.0,87.0,Placed
5378,7.3,1,1,0,76.0,4.4,No,Yes,62.0,70.0,NotPlaced
6828,8.4,1,1,0,72.0,4.6,Yes,Yes,77.0,60.0,Placed
5710,7.8,2,3,2,90.0,4.8,Yes,Yes,81.0,84.0,Placed
5336,7.4,1,1,0,60.0,3.7,No,No,63.0,64.0,NotPlaced
5907,6.5,1,2,0,76.0,4.3,Yes,Yes,69.0,73.0,NotPlaced
5919,7.4,0,1,0,65.0,3.4,No,No,55.0,62.0,NotPlaced
7809,7.4,1,1,1,79.0,4.4,Yes,Yes,66.0,65.0,NotPlaced
308,6.8,0,1,0,77.0,3.3,No,No,64.0,69.0,NotPlaced
4837,6.6,2,2,0,75.0,4.4,No,No,80.0,62.0,NotPlaced
4706,7.3,1,2,0,68.0,3.8,No,Yes,59.0,57.0,NotPlaced
3021,7.5,0,1,1,62.0,3.7,No,No,55.0,65.0,NotPlaced
1933,8.2,0,1,0,76.0,4.4,Yes,Yes,56.0,81.0,NotPlaced
119,6.5,1,2,1,78.0,4.2,No,No,62.0,62.0,NotPlaced
982,7.4,2,3,2,71.0,4.8,Yes,Yes,85.0,75.0,Placed
5875,7.5,0,1,0,72.0,3.9,No,Yes,65.0,70.0,NotPlaced
4568,7.0,1,2,2,82.0,3.9,No,No,62.0,64.0,NotPlaced
4698,8.2,1,2,0,87.0,4.2,Yes,Yes,81.0,80.0,NotPlaced
9449,6.5,1,1,0,80.0,4.4,No,Yes,55.0,68.0,NotPlaced
7812,8.4,1,1,1,79.0,4.1,No,No,59.0,66.0,NotPlaced
810,7.5,1,1,1,80.0,3.8,No,No,58.0,67.0,NotPlaced
7713,8.4,1,3,2,77.0,4.5,Yes,Yes,75.0,72.0,NotPlaced
473,8.4,2,1,2,81.0,4.7,Yes,Yes,77.0,82.0,NotPlaced
4515,8.0,1,2,2,82.0,4.7,Yes,Yes,75.0,73.0,Placed
4930,8.2,1,3,2,86.0,4.8,Yes,Yes,86.0,83.0,Placed
2908,7.5,1,1,1,72.0,4.6,Yes,No,62.0,63.0,NotPlaced
3089,7.7,1,1,2,69.0,4.7,No,Yes,72.0,63.0,NotPlaced
2712,8.5,2,3,2,90.0,4.7,Yes,Yes,80.0,84.0,Placed
8873,8.3,2,3,3,88.0,4.8,Yes,Yes,84.0,87.0,Placed
8200,7.6,1,1,1,71.0,4.2,No,No,64.0,71.0,NotPlaced
2432,7.4,1,1,1,69.0,3.9,Yes,Yes,63.0,66.0,NotPlaced
3275,8.2,2,3,2,89.0,4.8,Yes,Yes,84.0,86.0,Placed
2684,6.5,1,2,0,73.0,3.6,Yes,Yes,84.0,72.0,NotPlaced
3578,8.5,2,3,2,90.0,4.8,Yes,Yes,79.0,83.0,Placed
4978,7.7,2,2,0,75.0,4.5,Yes,Yes,78.0,72.0,NotPlaced
7973,8.2,1,2,3,84.0,4.0,Yes,Yes,82.0,63.0,NotPlaced
2118,7.8,0,1,0,81.0,4.2,No,No,63.0,58.0,NotPlaced
7538,6.7,1,1,0,71.0,4.1,No,No,60.0,68.0,NotPlaced
727,8.3,0,1,2,84.0,4.7,Yes,Yes,65.0,64.0,Placed
7139,8.2,1,2,0,90.0,4.3,Yes,No,84.0,80.0,Placed
5291,7.6,1,2,1,81.0,4.8,Yes,Yes,80.0,79.0,NotPlaced
8662,8.5,2,3,2,90.0,4.8,Yes,Yes,75.0,88.0,Placed
8001,8.6,2,3,2,90.0,4.8,Yes,Yes,85.0,78.0,Placed
4880,6.5,1,3,1,75.0,4.5,Yes,Yes,59.0,64.0,NotPlaced
806,7.6,1,2,1,89.0,4.5,No,No,60.0,64.0,NotPlaced
5829,6.6,0,1,0,81.0,4.5,Yes,Yes,58.0,86.0,NotPlaced
1156,7.5,0,1,1,78.0,3.9,No,Yes,55.0,75.0,NotPlaced
269,8.5,1,3,0,82.0,4.4,Yes,Yes,68.0,88.0,Placed
5853,8.5,1,3,2,90.0,4.8,Yes,Yes,82.0,86.0,Placed
8951,8.4,2,3,2,83.0,4.7,Yes,Yes,83.0,84.0,Placed
1671,8.2,1,3,2,86.0,4.4,Yes,Yes,76.0,65.0,Placed
5085,8.3,2,3,2,89.0,3.9,Yes,Yes,78.0,88.0,NotPlaced
4794,7.6,1,1,1,86.0,4.1,No,No,57.0,64.0,NotPlaced
1126,7.8,2,3,2,90.0,4.3,Yes,Yes,80.0,85.0,Placed
3995,7.5,1,1,0,69.0,3.7,No,Yes,55.0,70.0,NotPlaced
1289,7.8,2,3,0,83.0,4.6,Yes,Yes,79.0,69.0,Placed
9633,8.3,2,1,1,90.0,4.6,Yes,Yes,88.0,84.0,NotPlaced
6194,8.6,1,3,2,90.0,4.7,Yes,Yes,84.0,84.0,Placed
8203,6.5,1,2,0,67.0,3.9,No,No,55.0,67.0,NotPlaced
4086,7.4,1,1,1,74.0,3.6,No,Yes,55.0,70.0,NotPlaced
21,7.6,2,1,0,84.0,4.4,No,Yes,77.0,75.0,Placed
4695,7.7,1,1,1,70.0,4.1,No,No,57.0,71.0,NotPlaced
1813,8.6,1,2,1,77.0,3.9,Yes,Yes,77.0,69.0,NotPlaced
4543,7.4,1,1,1,64.0,3.9,No,No,63.0,61.0,NotPlaced
2793,8.5,1,2,0,87.0,4.7,No,Yes,55.0,70.0,Placed
6700,6.5,2,1,0,87.0,4.4,No,No,69.0,68.0,NotPlaced
7323,8.4,1,1,1,70.0,4.2,No,No,62.0,68.0,NotPlaced
2338,8.0,1,3,2,84.0,4.7,Yes,Yes,90.0,86.0,Placed
8066,8.7,2,3,2,90.0,4.8,Yes,Yes,80.0,79.0,Placed
3978,7.7,1,2,1,76.0,3.8,No,Yes,59.0,64.0,NotPlaced
6727,7.6,1,2,1,75.0,4.2,No,Yes,70.0,81.0,NotPlaced
2072,7.6,0,2,1,69.0,4.8,No,No,80.0,71.0,NotPlaced
2068,7.9,0,3,1,77.0,4.7,Yes,No,81.0,63.0,NotPlaced
2153,6.5,1,1,1,60.0,4.0,No,No,70.0,71.0,NotPlaced
7016,7.8,1,1,1,76.0,3.8,No,Yes,55.0,66.0,NotPlaced
4029,7.6,1,2,0,76.0,4.1,Yes,Yes,70.0,62.0,NotPlaced
6421,8.2,0,3,0,84.0,4.6,Yes,Yes,71.0,84.0,NotPlaced
8208,8.3,0,1,1,72.0,3.8,No,No,58.0,67.0,NotPlaced
1322,7.9,2,3,2,80.0,4.6,Yes,No,77.0,69.0,NotPlaced
7157,6.7,2,2,1,71.0,4.4,No,No,55.0,67.0,NotPlaced
6363,8.8,2,3,2,90.0,4.8,Yes,Yes,72.0,86.0,Placed
9068,7.0,0,3,3,76.0,4.5,Yes,Yes,87.0,81.0,Placed
8532,7.5,0,2,0,80.0,3.8,Yes,Yes,77.0,69.0,NotPlaced
2104,6.5,1,2,0,77.0,3.5,No,Yes,57.0,68.0,Placed
9060,9.1,2,3,2,90.0,4.8,Yes,Yes,74.0,82.0,Placed
3335,6.5,1,2,2,90.0,4.5,Yes,Yes,55.0,70.0,Placed
3984,7.5,1,2,2,83.0,3.1,No,No,58.0,74.0,NotPlaced
3613,8.2,2,2,2,87.0,4.4,Yes,Yes,78.0,83.0,Placed
4945,7.7,1,3,1,78.0,3.9,Yes,No,66.0,83.0,NotPlaced
5279,6.5,1,2,0,86.0,4.4,Yes,Yes,66.0,69.0,Placed
6504,7.7,0,2,0,90.0,4.4,Yes,Yes,79.0,69.0,Placed
8838,6.5,1,1,0,69.0,3.5,No,Yes,55.0,72.0,NotPlaced
6448,7.6,1,2,0,88.0,4.7,No,Yes,83.0,86.0,Placed
7676,7.3,0,3,1,82.0,3.8,No,No,84.0,62.0,NotPlaced
7448,7.7,1,1,1,75.0,3.5,No,No,71.0,66.0,Placed
2828,7.8,1,1,1,83.0,4.0,No,Yes,67.0,69.0,Placed
4172,6.7,0,1,0,73.0,4.0,No,Yes,72.0,65.0,Placed
6739,7.6,1,2,0,80.0,4.0,No,Yes,78.0,73.0,NotPlaced
2252,7.6,1,3,3,78.0,4.7,Yes,No,86.0,74.0,Placed
1217,7.6,2,2,0,89.0,3.8,Yes,No,81.0,65.0,NotPlaced
1802,7.4,0,2,0,76.0,3.8,No,Yes,66.0,70.0,NotPlaced
1827,6.7,1,1,0,73.0,4.5,No,Yes,60.0,79.0,Placed
8089,8.3,2,3,2,90.0,4.8,Yes,Yes,72.0,88.0,Placed
2438,7.6,1,2,0,70.0,4.7,No,Yes,60.0,64.0,Placed
3134,7.2,1,1,0,76.0,4.0,No,Yes,65.0,68.0,NotPlaced
380,8.2,2,1,2,90.0,4.8,Yes,Yes,79.0,68.0,Placed
8484,8.2,0,3,2,81.0,4.6,Yes,Yes,77.0,81.0,NotPlaced
2141,7.3,1,1,1,60.0,4.1,No,No,59.0,65.0,NotPlaced
5753,7.2,1,1,1,72.0,4.5,Yes,Yes,61.0,73.0,NotPlaced
2889,6.5,1,1,1,79.0,4.2,No,No,85.0,71.0,NotPlaced
9364,8.6,2,2,1,78.0,4.8,Yes,No,80.0,82.0,NotPlaced
7188,8.4,2,2,3,82.0,4.3,Yes,No,75.0,83.0,NotPlaced
731,8.1,2,3,2,90.0,4.8,Yes,Yes,80.0,83.0,Placed
3819,6.7,1,1,0,71.0,3.9,No,No,65.0,62.0,NotPlaced
6587,7.4,1,2,1,67.0,3.6,No,Yes,58.0,67.0,NotPlaced
7703,8.5,2,3,2,90.0,4.8,Yes,Yes,85.0,88.0,Placed
3277,7.4,1,1,1,75.0,4.2,Yes,Yes,64.0,64.0,NotPlaced
7022,8.1,2,3,2,81.0,4.5,Yes,Yes,76.0,71.0,Placed
2148,7.0,1,3,1,88.0,4.8,Yes,Yes,85.0,82.0,Placed
1949,7.3,0,1,0,85.0,4.4,No,No,57.0,68.0,NotPlaced
2868,7.6,1,1,0,83.0,4.0,No,No,55.0,60.0,NotPlaced
5449,7.8,1,1,0,77.0,4.0,Yes,Yes,83.0,66.0,Placed
4196,6.8,1,1,0,82.0,3.9,No,No,82.0,64.0,NotPlaced
4686,7.0,1,2,2,90.0,4.5,Yes,Yes,55.0,82.0,Placed
7438,8.9,2,3,2,90.0,4.8,Yes,Yes,72.0,84.0,Placed
575,7.6,2,1,2,87.0,4.8,Yes,No,88.0,62.0,NotPlaced
627,7.4,1,1,2,80.0,4.3,Yes,Yes,55.0,66.0,NotPlaced
2048,7.6,0,1,0,61.0,3.8,No,Yes,55.0,61.0,NotPlaced
9582,7.7,1,2,0,73.0,4.8,No,Yes,78.0,71.0,NotPlaced
321,7.5,0,2,1,66.0,4.5,No,Yes,61.0,71.0,Placed
5087,7.9,0,1,1,74.0,3.9,Yes,Yes,79.0,62.0,NotPlaced
1868,6.7,1,1,0,80.0,3.5,No,No,57.0,62.0,NotPlaced
1640,9.0,0,2,2,86.0,4.5,Yes,Yes,78.0,86.0,Placed
6569,6.5,1,1,0,73.0,3.6,No,No,61.0,72.0,NotPlaced
8470,7.9,1,1,0,90.0,4.5,Yes,Yes,73.0,82.0,Placed
5113,7.2,0,2,1,78.0,4.4,No,Yes,79.0,61.0,NotPlaced
2815,7.4,2,2,1,74.0,3.8,No,Yes,55.0,69.0,NotPlaced
1287,8.5,2,3,0,90.0,4.7,Yes,Yes,84.0,88.0,Placed
3879,8.3,2,3,2,90.0,4.8,Yes,Yes,78.0,87.0,Placed
2905,6.7,1,1,0,76.0,4.2,No,Yes,55.0,66.0,NotPlaced
3704,8.2,2,3,2,85.0,4.4,Yes,Yes,72.0,80.0,Placed
322,8.5,2,3,1,85.0,4.3,Yes,Yes,88.0,80.0,Placed
849,8.9,1,2,0,77.0,4.5,Yes,Yes,71.0,86.0,NotPlaced
4502,7.2,1,2,2,76.0,3.6,No,No,60.0,75.0,NotPlaced
66,8.0,0,3,0,68.0,4.2,Yes,No,64.0,83.0,Placed
1526,8.7,1,1,2,81.0,4.1,Yes,Yes,72.0,68.0,NotPlaced
8931,7.6,1,1,1,84.0,3.3,Yes,Yes,75.0,60.0,Placed
4665,8.3,2,3,2,90.0,4.8,Yes,Yes,78.0,83.0,Placed
6268,7.6,1,1,1,85.0,4.3,No,Yes,77.0,70.0,NotPlaced
4006,6.8,1,2,2,77.0,4.7,Yes,No,74.0,60.0,NotPlaced
8378,8.4,0,3,0,90.0,4.8,Yes,Yes,80.0,82.0,Placed
7144,8.2,2,3,2,90.0,4.8,Yes,No,83.0,86.0,Placed
6045,7.5,2,1,1,90.0,4.1,Yes,Yes,71.0,67.0,NotPlaced
4467,8.0,2,3,2,89.0,4.8,Yes,Yes,86.0,81.0,Placed
5896,7.6,1,1,1,71.0,4.3,No,No,59.0,63.0,NotPlaced
3203,8.4,1,2,0,76.0,4.7,Yes,Yes,55.0,65.0,NotPlaced
4259,7.7,0,2,0,67.0,3.9,No,No,55.0,65.0,NotPlaced
6070,6.9,1,1,0,79.0,4.7,Yes,No,71.0,71.0,NotPlaced
1182,6.5,1,1,0,81.0,4.3,No,Yes,55.0,63.0,NotPlaced
2271,8.0,0,2,2,83.0,4.6,Yes,Yes,82.0,78.0,NotPlaced
7405,6.5,1,1,2,68.0,4.2,No,No,68.0,64.0,NotPlaced
6745,7.5,1,1,0,70.0,3.7,No,Yes,55.0,72.0,NotPlaced
742,7.9,2,3,2,80.0,4.3,Yes,Yes,78.0,65.0,Placed
9689,7.5,1,1,1,77.0,3.7,No,Yes,61.0,62.0,NotPlaced
5003,7.5,0,3,2,83.0,4.4,Yes,Yes,78.0,88.0,Placed
5440,6.5,1,2,1,64.0,3.7,No,Yes,55.0,69.0,NotPlaced
9601,8.5,2,3,2,90.0,4.8,Yes,Yes,80.0,83.0,Placed
3174,8.1,2,3,3,85.0,4.8,Yes,No,57.0,82.0,NotPlaced
611,7.6,2,1,1,89.0,3.9,No,Yes,55.0,67.0,NotPlaced
6674,7.7,1,1,0,66.0,3.6,No,Yes,55.0,63.0,NotPlaced
3059,7.3,1,2,1,70.0,4.0,No,No,55.0,73.0,NotPlaced
1092,8.7,1,2,2,77.0,4.3,Yes,Yes,79.0,88.0,Placed
4925,7.7,1,1,0,79.0,4.6,No,No,88.0,61.0,NotPlaced
9375,8.4,2,1,1,83.0,3.5,Yes,Yes,56.0,81.0,Placed
151,8.4,2,3,2,90.0,4.8,Yes,Yes,90.0,85.0,Placed
2526,6.9,0,1,1,73.0,3.5,No,Yes,69.0,63.0,NotPlaced
2914,8.7,2,3,2,81.0,4.8,Yes,Yes,87.0,85.0,Placed
5935,8.9,2,3,0,90.0,4.8,Yes,Yes,71.0,84.0,Placed
2528,7.0,0,1,1,75.0,4.0,No,Yes,58.0,73.0,NotPlaced
6885,7.4,1,1,0,75.0,4.3,No,No,55.0,68.0,NotPlaced
7832,7.4,1,2,2,80.0,3.9,No,Yes,77.0,88.0,Placed
4889,6.7,0,1,0,76.0,4.0,No,Yes,55.0,70.0,NotPlaced
7958,7.6,1,1,0,69.0,4.5,No,No,73.0,71.0,NotPlaced
3102,7.7,1,1,1,82.0,3.8,No,No,55.0,71.0,NotPlaced
4243,7.8,0,3,0,83.0,4.4,Yes,Yes,77.0,83.0,NotPlaced
5103,8.7,0,3,2,88.0,4.7,Yes,Yes,85.0,82.0,Placed
6076,7.8,2,2,2,65.0,4.3,Yes,Yes,57.0,72.0,NotPlaced
6012,7.5,0,1,0,80.0,4.1,No,Yes,62.0,73.0,NotPlaced
1857,6.5,1,1,0,70.0,4.7,Yes,Yes,55.0,66.0,Placed
2675,8.1,1,1,1,78.0,4.3,No,Yes,58.0,63.0,NotPlaced
9127,7.9,1,2,1,86.0,3.8,Yes,Yes,73.0,87.0,NotPlaced
2276,7.9,1,1,1,78.0,4.2,No,No,55.0,69.0,NotPlaced
3662,8.4,1,1,0,80.0,4.6,Yes,Yes,77.0,82.0,NotPlaced
9504,6.8,1,2,1,72.0,4.3,Yes,Yes,55.0,68.0,NotPlaced
104,7.5,2,1,1,76.0,4.2,Yes,Yes,57.0,80.0,NotPlaced
8612,7.7,0,1,1,64.0,3.9,No,Yes,55.0,63.0,NotPlaced
1780,8.1,1,1,1,71.0,4.2,No,No,55.0,61.0,NotPlaced
9975,7.6,2,1,1,65.0,4.4,No,Yes,55.0,68.0,NotPlaced
1111,7.5,1,1,0,72.0,3.4,No,No,55.0,61.0,NotPlaced
8751,7.3,0,1,0,78.0,3.6,No,No,56.0,70.0,NotPlaced
3003,6.5,1,1,1,64.0,3.4,No,No,56.0,61.0,NotPlaced
8863,7.8,1,3,2,80.0,3.4,Yes,No,55.0,67.0,NotPlaced
5020,8.1,2,2,2,85.0,4.5,No,Yes,71.0,83.0,NotPlaced
9661,8.3,0,1,0,82.0,4.1,Yes,Yes,55.0,73.0,Placed
2307,6.5,1,2,2,75.0,4.1,Yes,Yes,66.0,70.0,Placed
2911,8.4,1,3,0,82.0,4.1,No,Yes,74.0,86.0,NotPlaced
8051,6.5,0,2,0,73.0,3.7,No,Yes,64.0,72.0,NotPlaced
4687,7.6,0,1,1,69.0,4.5,No,No,55.0,71.0,Placed
9472,8.7,2,3,2,90.0,4.8,Yes,Yes,79.0,84.0,Placed
3674,6.5,1,1,0,83.0,3.6,No,Yes,55.0,70.0,NotPlaced
396,8.2,2,3,2,90.0,4.8,Yes,Yes,81.0,84.0,Placed
325,7.2,1,2,0,69.0,4.0,No,Yes,55.0,61.0,NotPlaced
4206,8.3,2,3,2,81.0,4.1,Yes,No,82.0,79.0,Placed
8725,8.3,2,3,2,90.0,4.6,Yes,No,74.0,84.0,Placed
6728,6.5,1,2,0,78.0,3.8,No,No,56.0,85.0,NotPlaced
5316,6.9,1,2,1,68.0,4.5,Yes,Yes,56.0,65.0,NotPlaced
4324,8.2,0,1,0,69.0,4.8,No,Yes,80.0,66.0,NotPlaced
1195,8.1,2,3,2,90.0,4.8,Yes,Yes,84.0,88.0,Placed
5913,8.2,1,3,2,90.0,4.8,Yes,Yes,80.0,81.0,Placed
350,7.5,2,1,0,83.0,4.6,Yes,No,58.0,81.0,NotPlaced
3522,7.8,1,1,2,65.0,4.1,No,No,55.0,66.0,NotPlaced
6802,8.4,2,3,2,88.0,4.8,Yes,Yes,70.0,84.0,Placed
6307,7.6,1,3,0,75.0,3.9,No,Yes,78.0,83.0,Placed
4801,7.3,1,1,0,71.0,3.8,Yes,No,61.0,64.0,NotPlaced
5013,7.4,2,2,0,66.0,4.2,Yes,No,69.0,69.0,NotPlaced
7365,7.6,2,3,1,87.0,4.4,No,No,63.0,65.0,NotPlaced
6876,7.4,0,2,0,65.0,4.4,No,Yes,58.0,68.0,NotPlaced
7321,6.5,1,1,0,71.0,4.3,Yes,Yes,62.0,70.0,NotPlaced
5522,8.2,0,1,0,88.0,4.0,No,No,76.0,60.0,NotPlaced
4150,7.7,1,1,1,67.0,3.0,No,No,55.0,67.0,NotPlaced
3466,7.7,1,1,0,70.0,4.8,No,Yes,55.0,67.0,NotPlaced
9659,7.6,2,2,2,86.0,4.2,Yes,Yes,73.0,83.0,Placed
4354,7.7,1,1,0,76.0,3.8,No,Yes,75.0,58.0,NotPlaced
7780,8.1,1,3,2,78.0,3.7,Yes,Yes,73.0,83.0,Placed
9757,7.6,1,1,1,73.0,3.9,No,Yes,64.0,76.0,NotPlaced
1362,8.8,0,2,1,73.0,4.8,Yes,No,81.0,83.0,NotPlaced
8175,7.5,0,2,0,70.0,3.5,Yes,Yes,80.0,76.0,Placed
1661,8.0,1,2,0,78.0,3.8,Yes,No,79.0,71.0,NotPlaced
5661,6.5,1,1,1,85.0,4.8,No,Yes,55.0,61.0,NotPlaced
7246,8.2,1,1,0,76.0,4.8,No,Yes,82.0,82.0,Placed
9867,8.4,1,1,0,72.0,3.5,No,No,57.0,64.0,NotPlaced
6793,7.6,1,2,0,84.0,4.4,Yes,Yes,72.0,86.0,Placed
710,8.4,1,3,1,79.0,4.1,No,Yes,83.0,87.0,Placed
138,8.1,2,2,2,90.0,4.5,Yes,Yes,73.0,82.0,Placed
5676,7.6,2,2,0,74.0,4.0,No,Yes,62.0,83.0,Placed
7249,8.4,0,3,2,90.0,4.8,Yes,Yes,75.0,83.0,Placed
2285,7.7,0,1,0,65.0,3.9,No,No,74.0,69.0,NotPlaced
598,7.4,2,1,1,81.0,4.0,Yes,No,76.0,66.0,Placed
3807,6.5,1,2,1,82.0,4.1,No,Yes,69.0,84.0,NotPlaced
8006,8.6,1,3,0,89.0,4.8,Yes,Yes,74.0,61.0,Placed
4183,8.2,1,3,2,90.0,4.7,Yes,Yes,83.0,80.0,Placed
3459,8.2,2,3,2,87.0,4.6,Yes,Yes,81.0,86.0,Placed
8360,6.5,1,3,2,78.0,4.2,No,Yes,78.0,71.0,NotPlaced
7894,6.6,2,3,0,77.0,4.4,Yes,Yes,78.0,76.0,Placed
6848,7.9,0,1,0,87.0,4.5,No,Yes,75.0,75.0,Placed
7285,7.8,1,1,1,76.0,4.8,No,No,59.0,70.0,NotPlaced
6324,7.3,1,1,1,79.0,3.4,No,Yes,55.0,68.0,NotPlaced
7117,7.8,2,1,1,78.0,4.1,Yes,Yes,62.0,61.0,Placed
4397,7.9,0,3,2,89.0,4.5,No,Yes,79.0,80.0,NotPlaced
3914,7.7,2,2,0,73.0,4.3,Yes,Yes,72.0,88.0,Placed
1535,8.1,1,1,0,69.0,3.8,No,No,56.0,62.0,NotPlaced
5376,7.7,0,3,1,85.0,4.3,Yes,Yes,77.0,65.0,Placed
1033,7.8,2,3,1,73.0,4.3,Yes,Yes,82.0,82.0,Placed
7175,7.5,2,3,3,86.0,4.1,Yes,Yes,69.0,86.0,NotPlaced
5286,6.5,1,1,0,77.0,4.1,No,No,59.0,57.0,NotPlaced
878,6.5,0,1,0,65.0,3.5,No,Yes,55.0,71.0,NotPlaced
2359,6.5,1,3,0,87.0,4.8,No,No,65.0,86.0,NotPlaced
5248,7.5,0,1,0,68.0,3.6,No,No,59.0,63.0,NotPlaced
9802,6.8,2,3,2,90.0,4.3,Yes,Yes,81.0,79.0,NotPlaced
3521,8.6,1,3,1,88.0,4.8,Yes,Yes,80.0,81.0,Placed
3009,7.6,0,1,0,69.0,4.7,No,No,56.0,67.0,NotPlaced
7978,6.7,0,1,1,80.0,3.7,Yes,Yes,75.0,70.0,NotPlaced
354,7.4,1,2,0,72.0,4.3,No,Yes,55.0,62.0,NotPlaced
5214,6.5,0,2,1,65.0,4.4,No,No,60.0,69.0,NotPlaced
5414,8.1,1,3,0,88.0,4.0,Yes,Yes,76.0,66.0,Placed
7480,7.5,1,1,0,81.0,3.6,No,Yes,56.0,71.0,NotPlaced
607,7.7,1,2,2,76.0,4.1,Yes,Yes,66.0,78.0,NotPlaced
641,6.5,1,1,1,81.0,4.6,No,No,56.0,73.0,NotPlaced
5912,8.6,2,3,2,90.0,4.8,Yes,Yes,75.0,88.0,Placed
6956,8.1,2,3,2,90.0,4.6,Yes,Yes,71.0,87.0,Placed
6224,6.8,1,2,0,74.0,4.3,No,Yes,55.0,67.0,NotPlaced
5759,7.3,1,1,1,72.0,3.5,No,Yes,55.0,67.0,NotPlaced
6551,6.7,0,1,1,60.0,4.5,No,No,62.0,59.0,NotPlaced
9043,8.6,1,3,3,88.0,4.6,Yes,Yes,79.0,85.0,Placed
5311,7.5,2,1,0,74.0,4.6,No,No,55.0,63.0,NotPlaced
1466,8.4,1,3,0,84.0,4.4,Yes,Yes,81.0,69.0,Placed
2305,8.2,1,3,2,90.0,3.6,Yes,Yes,75.0,80.0,Placed
7536,8.5,1,2,0,84.0,4.5,Yes,Yes,77.0,81.0,NotPlaced
6906,8.3,2,3,2,87.0,4.3,Yes,Yes,67.0,84.0,Placed
8282,7.7,1,2,1,74.0,4.5,No,No,55.0,68.0,NotPlaced
3977,7.0,1,3,1,77.0,4.2,Yes,Yes,78.0,84.0,Placed
5742,8.3,2,3,0,90.0,4.8,Yes,Yes,77.0,83.0,Placed
3496,7.8,0,3,0,78.0,4.4,No,No,74.0,79.0,Placed
7496,7.6,1,1,1,89.0,4.8,Yes,Yes,55.0,84.0,Placed
8299,8.4,0,1,0,78.0,4.5,No,Yes,55.0,66.0,NotPlaced
8317,6.5,1,2,1,69.0,4.5,No,Yes,61.0,68.0,NotPlaced
3690,8.2,1,2,1,70.0,4.4,Yes,Yes,69.0,82.0,Placed
6202,6.7,0,1,1,64.0,4.4,No,Yes,57.0,70.0,NotPlaced
3695,7.3,1,1,0,67.0,4.3,No,Yes,55.0,63.0,NotPlaced
5452,7.4,1,3,1,81.0,4.4,No,Yes,70.0,67.0,NotPlaced
5339,6.7,0,1,2,69.0,4.4,Yes,No,81.0,59.0,NotPlaced
4350,8.3,1,3,2,77.0,4.5,Yes,Yes,79.0,74.0,Placed
5101,6.6,1,1,1,60.0,3.9,No,Yes,56.0,58.0,NotPlaced
2101,6.7,1,2,0,74.0,4.0,No,Yes,56.0,66.0,NotPlaced
7043,7.4,1,3,0,83.0,4.7,No,Yes,55.0,69.0,NotPlaced
5732,7.2,0,1,0,73.0,4.4,No,Yes,86.0,76.0,NotPlaced
6748,7.8,1,3,2,77.0,4.7,Yes,Yes,83.0,77.0,Placed
5841,8.4,0,2,2,80.0,3.9,Yes,Yes,76.0,80.0,Placed
1662,8.6,1,3,2,90.0,4.5,Yes,Yes,84.0,88.0,NotPlaced
5434,8.0,2,3,0,89.0,4.5,Yes,Yes,76.0,84.0,Placed
6223,8.4,2,3,2,89.0,4.5,Yes,Yes,82.0,83.0,Placed
2913,7.8,2,3,2,83.0,4.8,No,Yes,74.0,83.0,NotPlaced
2492,8.6,1,2,2,90.0,4.6,Yes,Yes,81.0,87.0,Placed
5156,7.1,0,1,0,70.0,3.8,No,Yes,59.0,62.0,NotPlaced
5497,8.4,2,3,2,85.0,4.7,Yes,Yes,87.0,85.0,NotPlaced
2389,7.6,1,1,1,85.0,4.1,No,Yes,85.0,70.0,NotPlaced
6435,7.6,0,1,0,67.0,3.8,No,No,60.0,69.0,NotPlaced
9017,6.5,1,2,1,83.0,4.1,No,Yes,77.0,72.0,NotPlaced
4887,8.1,2,3,2,90.0,4.8,Yes,Yes,71.0,86.0,Placed
3208,7.6,0,2,0,79.0,3.8,No,Yes,55.0,63.0,NotPlaced
4799,7.6,1,2,2,80.0,4.5,No,Yes,77.0,71.0,Placed
2002,8.1,1,2,0,83.0,4.6,Yes,Yes,75.0,75.0,NotPlaced
5461,6.6,1,1,1,80.0,3.9,Yes,Yes,84.0,81.0,NotPlaced
8273,7.6,2,2,2,80.0,4.8,Yes,Yes,75.0,83.0,Placed
2496,7.4,1,1,1,66.0,4.0,No,Yes,55.0,67.0,NotPlaced
3132,7.7,0,2,0,77.0,4.6,Yes,Yes,71.0,72.0,NotPlaced
717,8.5,2,3,2,88.0,4.3,No,Yes,67.0,88.0,NotPlaced
7819,6.6,1,1,0,74.0,4.7,Yes,No,68.0,64.0,NotPlaced
2313,6.5,1,2,0,80.0,4.4,No,Yes,59.0,68.0,NotPlaced
2832,8.0,2,3,1,73.0,4.4,Yes,Yes,81.0,68.0,NotPlaced
1165,6.5,1,1,0,67.0,3.8,No,Yes,55.0,71.0,NotPlaced
5616,8.3,2,3,0,86.0,4.7,Yes,Yes,76.0,84.0,Placed
5220,7.4,2,2,0,84.0,4.3,No,Yes,79.0,82.0,NotPlaced
8180,7.9,0,3,1,86.0,4.6,Yes,Yes,76.0,88.0,Placed
6359,6.7,1,1,0,90.0,4.3,No,No,80.0,82.0,Placed
1758,7.5,1,1,0,83.0,4.4,No,Yes,55.0,70.0,NotPlaced
3513,6.5,1,3,0,76.0,4.4,Yes,No,55.0,67.0,NotPlaced
648,8.3,1,3,0,84.0,4.6,Yes,Yes,72.0,83.0,NotPlaced
5485,7.9,0,3,2,88.0,4.6,Yes,Yes,70.0,80.0,NotPlaced
8591,7.2,1,2,0,60.0,4.6,No,No,58.0,63.0,NotPlaced
5088,8.6,1,3,0,90.0,4.8,Yes,Yes,86.0,80.0,Placed
4433,7.7,0,1,0,67.0,3.8,No,Yes,57.0,66.0,NotPlaced
917,6.5,1,1,1,64.0,4.0,No,Yes,55.0,66.0,NotPlaced
3428,6.7,1,3,0,74.0,4.5,Yes,Yes,72.0,63.0,NotPlaced
1032,7.9,1,1,0,81.0,4.6,Yes,No,61.0,68.0,Placed
7736,6.6,0,1,1,64.0,4.6,Yes,Yes,64.0,71.0,NotPlaced
8982,8.2,2,3,0,81.0,4.8,Yes,No,85.0,80.0,Placed
6432,8.1,1,3,2,88.0,4.8,Yes,Yes,80.0,82.0,NotPlaced
8886,8.0,1,2,1,77.0,4.5,No,No,61.0,70.0,NotPlaced
3965,7.7,1,2,1,76.0,4.8,No,Yes,59.0,68.0,NotPlaced
784,8.4,2,3,1,89.0,4.6,Yes,Yes,74.0,70.0,NotPlaced
5601,8.4,1,3,2,72.0,4.6,Yes,No,70.0,70.0,Placed
126,7.7,1,2,0,73.0,4.0,No,Yes,65.0,75.0,Placed
8029,8.1,2,2,0,83.0,4.7,Yes,Yes,78.0,86.0,Placed
8716,6.9,0,2,1,82.0,3.9,No,Yes,78.0,59.0,NotPlaced
8779,6.9,0,1,0,79.0,4.8,Yes,No,62.0,67.0,NotPlaced
983,6.8,1,2,0,79.0,3.4,No,Yes,76.0,63.0,NotPlaced
3142,7.5,0,1,0,66.0,4.2,No,No,58.0,65.0,NotPlaced
4192,7.8,2,3,0,83.0,4.2,Yes,Yes,80.0,87.0,Placed
3301,6.5,0,1,1,74.0,4.1,No,No,55.0,64.0,NotPlaced
5830,7.8,0,3,3,85.0,4.8,Yes,Yes,80.0,81.0,Placed
5465,6.5,1,3,3,84.0,4.5,No,Yes,76.0,72.0,NotPlaced
4357,6.5,1,2,1,68.0,3.7,No,Yes,55.0,66.0,NotPlaced
8117,8.1,2,3,0,83.0,3.8,Yes,No,67.0,60.0,Placed
4793,7.2,1,2,1,76.0,4.1,No,No,73.0,65.0,NotPlaced
9104,7.4,1,1,0,60.0,3.8,No,No,55.0,63.0,NotPlaced
3028,7.7,1,3,2,83.0,4.8,Yes,Yes,82.0,82.0,Placed
1146,8.5,0,3,2,90.0,4.8,Yes,Yes,87.0,85.0,Placed
4469,8.0,2,3,2,90.0,4.8,Yes,Yes,82.0,81.0,Placed
2891,6.5,1,2,1,63.0,4.0,Yes,No,56.0,66.0,NotPlaced
9534,8.4,2,3,2,86.0,4.2,Yes,Yes,81.0,68.0,Placed
6339,8.1,1,2,0,80.0,4.0,Yes,Yes,74.0,79.0,Placed
6633,6.6,1,2,0,79.0,3.6,No,No,55.0,67.0,NotPlaced
8675,6.5,1,1,0,77.0,4.2,No,Yes,55.0,70.0,NotPlaced
7326,7.5,0,1,0,81.0,4.2,No,No,67.0,60.0,NotPlaced
3967,7.7,1,3,2,87.0,4.8,Yes,Yes,78.0,86.0,Placed
6940,8.2,0,3,1,86.0,4.1,Yes,Yes,73.0,81.0,Placed
1064,6.5,1,1,0,80.0,3.8,No,No,61.0,65.0,Placed
5929,6.9,1,3,2,87.0,4.8,Yes,Yes,71.0,86.0,Placed
1653,7.6,2,3,2,90.0,4.8,Yes,No,76.0,85.0,Placed
1678,7.0,1,1,0,82.0,4.6,Yes,No,71.0,79.0,NotPlaced
7756,7.6,0,3,0,85.0,4.7,Yes,Yes,70.0,75.0,Placed
9650,7.4,1,2,1,77.0,3.6,No,No,55.0,68.0,NotPlaced
5490,8.6,2,3,2,90.0,4.8,Yes,Yes,84.0,79.0,Placed
3687,8.6,1,3,0,85.0,4.2,Yes,Yes,68.0,83.0,Placed
6274,8.0,2,3,2,90.0,4.2,Yes,Yes,73.0,87.0,Placed
6281,7.7,1,2,0,75.0,4.5,No,Yes,67.0,67.0,NotPlaced
1927,7.7,2,2,2,84.0,3.9,No,Yes,86.0,87.0,Placed
4185,8.4,1,3,2,78.0,4.5,Yes,No,80.0,80.0,NotPlaced
852,6.6,0,2,1,70.0,3.2,No,Yes,62.0,58.0,NotPlaced
6073,6.7,1,1,0,79.0,4.0,No,No,57.0,57.0,NotPlaced
7101,6.5,0,2,0,75.0,4.3,No,Yes,82.0,70.0,NotPlaced
9406,7.7,0,3,0,89.0,4.2,Yes,No,81.0,85.0,NotPlaced
2421,7.9,2,3,3,90.0,4.7,Yes,No,77.0,61.0,Placed
5630,7.5,1,2,1,76.0,3.8,No,Yes,55.0,75.0,NotPlaced
2374,6.5,2,1,1,77.0,4.2,Yes,Yes,58.0,64.0,NotPlaced
5174,7.7,1,3,3,82.0,4.4,Yes,Yes,76.0,84.0,Placed
5842,8.7,2,3,2,89.0,4.7,Yes,Yes,70.0,63.0,Placed
5068,8.6,1,3,2,90.0,4.6,Yes,Yes,85.0,81.0,Placed
1705,8.7,2,3,0,80.0,4.1,Yes,Yes,71.0,78.0,Placed
8212,8.0,2,1,2,90.0,4.6,Yes,Yes,87.0,85.0,NotPlaced
9263,7.8,1,1,0,70.0,4.2,No,Yes,63.0,65.0,NotPlaced
423,6.5,1,1,1,82.0,3.4,No,No,56.0,66.0,NotPlaced
3008,6.7,0,2,1,79.0,3.3,No,No,73.0,69.0,NotPlaced
1169,8.0,1,3,2,90.0,4.8,Yes,Yes,77.0,83.0,NotPlaced
9741,6.5,1,1,1,62.0,3.9,No,No,57.0,70.0,NotPlaced
5771,6.7,1,2,1,89.0,4.4,No,Yes,65.0,58.0,NotPlaced
7010,6.5,0,1,2,71.0,3.2,No,No,58.0,61.0,NotPlaced
5388,8.1,0,3,2,88.0,4.8,Yes,Yes,75.0,81.0,Placed
4164,8.2,1,1,2,69.0,4.6,Yes,Yes,81.0,65.0,Placed
9181,7.6,0,1,0,82.0,3.8,No,No,80.0,70.0,NotPlaced
8942,8.0,2,3,0,84.0,4.6,Yes,Yes,88.0,81.0,NotPlaced
3752,7.6,0,1,2,83.0,4.7,No,Yes,77.0,69.0,Placed
9098,7.6,1,2,0,72.0,4.4,No,Yes,57.0,64.0,NotPlaced
3817,7.8,0,2,0,86.0,3.5,No,Yes,72.0,85.0,NotPlaced
3038,7.4,1,2,1,66.0,4.3,No,No,78.0,70.0,NotPlaced
3622,7.2,1,2,1,75.0,4.6,Yes,Yes,79.0,74.0,NotPlaced
7592,7.7,1,1,0,75.0,4.0,No,Yes,61.0,71.0,Placed
3244,7.5,0,1,1,67.0,3.6,Yes,No,55.0,60.0,NotPlaced
6425,8.2,2,3,2,90.0,4.8,Yes,Yes,77.0,86.0,NotPlaced
5082,8.0,2,3,2,90.0,4.8,Yes,Yes,76.0,88.0,Placed
1199,8.4,0,1,0,73.0,4.4,No,No,61.0,58.0,NotPlaced
8896,7.6,1,1,0,74.0,4.3,No,No,58.0,71.0,NotPlaced
664,7.8,0,3,2,90.0,4.8,Yes,Yes,64.0,88.0,NotPlaced
2329,8.1,1,1,0,72.0,4.0,No,No,85.0,62.0,NotPlaced
6000,7.5,0,1,1,82.0,4.7,No,No,72.0,70.0,NotPlaced
5300,6.6,1,1,0,71.0,4.5,Yes,Yes,64.0,70.0,Placed
7508,7.9,1,2,0,64.0,3.7,Yes,No,62.0,64.0,NotPlaced
5738,7.5,0,1,1,70.0,4.5,No,Yes,55.0,64.0,NotPlaced
37,8.3,1,2,2,89.0,4.8,Yes,Yes,75.0,81.0,Placed
3537,8.2,1,3,0,80.0,4.7,Yes,Yes,75.0,82.0,Placed
8291,7.5,1,1,0,77.0,4.1,No,Yes,58.0,70.0,NotPlaced
2222,6.5,0,2,0,71.0,3.4,No,Yes,55.0,73.0,NotPlaced
5618,8.4,1,2,0,79.0,4.3,Yes,Yes,70.0,74.0,Placed
4263,7.4,1,2,1,60.0,3.2,No,No,55.0,68.0,NotPlaced
3644,7.9,1,3,0,78.0,4.4,No,No,61.0,66.0,NotPlaced
1385,8.3,1,2,0,73.0,3.6,No,Yes,57.0,71.0,NotPlaced
5631,8.3,1,3,2,82.0,4.8,Yes,Yes,81.0,83.0,Placed
9232,8.0,1,3,1,82.0,4.4,Yes,Yes,73.0,85.0,NotPlaced
1595,7.9,1,3,2,84.0,4.8,Yes,No,71.0,84.0,Placed
8137,7.5,0,3,0,83.0,3.8,Yes,Yes,75.0,65.0,Placed
9695,8.1,0,3,2,90.0,4.8,Yes,Yes,83.0,86.0,Placed
9423,7.8,1,3,0,80.0,3.8,Yes,Yes,78.0,57.0,Placed
5294,8.4,0,3,2,90.0,4.8,Yes,Yes,88.0,84.0,Placed
2859,8.1,2,3,2,90.0,4.7,Yes,Yes,82.0,85.0,Placed
4824,7.3,1,2,1,68.0,3.9,No,No,56.0,65.0,NotPlaced
6379,8.1,1,3,0,82.0,4.4,Yes,Yes,69.0,83.0,NotPlaced
6204,8.6,0,3,0,82.0,4.6,Yes,Yes,75.0,88.0,Placed
9322,7.8,1,1,0,76.0,4.6,Yes,Yes,60.0,72.0,NotPlaced
7932,7.5,1,1,0,84.0,4.5,No,No,55.0,68.0,NotPlaced
3794,6.5,1,1,0,71.0,3.6,No,No,63.0,61.0,NotPlaced
4584,8.0,0,1,0,81.0,4.5,No,No,75.0,82.0,NotPlaced
2116,6.6,0,1,1,71.0,4.4,Yes,Yes,64.0,85.0,NotPlaced
4223,7.6,1,2,1,80.0,4.1,No,Yes,56.0,65.0,NotPlaced
3055,8.4,2,2,2,78.0,4.1,No,Yes,83.0,80.0,Placed
8821,7.9,2,3,2,80.0,4.5,Yes,Yes,77.0,85.0,Placed
225,8.3,1,3,2,78.0,3.9,Yes,Yes,60.0,61.0,Placed
4785,7.7,1,3,2,87.0,4.8,Yes,Yes,70.0,88.0,Placed
5695,7.0,1,1,0,72.0,4.5,No,Yes,71.0,65.0,NotPlaced
3811,6.5,1,1,0,76.0,4.4,No,No,65.0,67.0,NotPlaced
1967,6.6,1,1,1,72.0,4.0,No,No,58.0,63.0,NotPlaced
9052,8.3,1,3,2,90.0,4.5,Yes,Yes,68.0,82.0,Placed
3074,7.9,2,3,2,90.0,4.7,Yes,Yes,88.0,65.0,Placed
9477,6.5,0,1,0,65.0,3.7,No,No,56.0,71.0,NotPlaced
5055,6.5,0,1,0,71.0,3.7,No,Yes,71.0,65.0,NotPlaced
1708,8.5,0,3,2,85.0,4.8,Yes,Yes,80.0,88.0,Placed
6031,7.8,1,2,0,73.0,4.5,Yes,No,79.0,61.0,NotPlaced
8045,6.9,1,1,0,75.0,4.1,Yes,Yes,55.0,76.0,NotPlaced
895,7.6,1,1,0,74.0,4.0,No,Yes,60.0,68.0,NotPlaced
5790,7.5,2,2,2,90.0,4.3,Yes,Yes,85.0,83.0,Placed
2272,7.8,2,3,0,75.0,4.5,Yes,Yes,72.0,81.0,Placed
6267,7.6,1,1,0,73.0,3.1,No,Yes,55.0,61.0,NotPlaced
479,8.4,2,3,1,85.0,4.7,Yes,Yes,63.0,78.0,Placed
4540,8.6,1,2,2,82.0,4.3,Yes,Yes,82.0,83.0,Placed
1210,8.3,2,3,0,89.0,4.6,Yes,Yes,86.0,83.0,Placed
4920,8.0,0,3,1,83.0,4.4,Yes,Yes,83.0,79.0,Placed
5955,7.4,1,1,0,85.0,4.7,Yes,Yes,70.0,72.0,NotPlaced
189,7.8,1,1,1,65.0,3.9,No,No,55.0,70.0,NotPlaced
6227,6.6,1,1,2,72.0,4.8,No,No,65.0,66.0,NotPlaced
2354,7.4,1,3,0,83.0,3.8,No,Yes,69.0,85.0,NotPlaced
6663,8.4,0,3,2,88.0,4.7,Yes,Yes,70.0,70.0,Placed
4840,7.9,1,3,1,90.0,4.8,Yes,Yes,76.0,81.0,Placed
8113,8.2,2,3,2,90.0,4.6,Yes,Yes,85.0,85.0,Placed
1586,8.2,1,2,0,81.0,4.0,Yes,Yes,57.0,68.0,NotPlaced
4893,8.6,1,2,3,76.0,4.7,Yes,Yes,81.0,80.0,NotPlaced
723,7.9,1,2,2,90.0,4.3,Yes,Yes,74.0,88.0,Placed
2790,7.5,1,1,1,77.0,3.8,No,Yes,63.0,65.0,NotPlaced
2381,7.8,1,3,2,83.0,4.2,Yes,Yes,78.0,80.0,NotPlaced
9592,7.8,1,3,1,77.0,3.7,No,Yes,72.0,85.0,NotPlaced
8380,8.3,2,3,1,79.0,4.4,Yes,Yes,75.0,85.0,NotPlaced
1825,7.8,0,3,1,88.0,4.6,Yes,Yes,65.0,83.0,Placed
9668,7.6,2,2,0,86.0,4.6,Yes,Yes,70.0,83.0,NotPlaced
6139,7.3,1,1,1,60.0,4.6,No,Yes,55.0,61.0,NotPlaced
4264,7.7,0,1,1,77.0,4.3,No,Yes,60.0,72.0,NotPlaced
8384,7.4,1,3,2,80.0,4.4,Yes,Yes,73.0,72.0,Placed
5781,8.6,1,3,0,88.0,4.5,Yes,Yes,78.0,67.0,NotPlaced
2216,7.7,2,3,2,89.0,4.8,Yes,Yes,86.0,79.0,Placed
8263,7.5,1,3,3,90.0,4.8,Yes,No,64.0,82.0,Placed
8176,9.0,2,3,0,90.0,4.8,Yes,Yes,85.0,80.0,Placed
4030,7.8,0,2,1,75.0,4.4,Yes,Yes,61.0,68.0,Placed
1444,6.6,1,1,1,68.0,4.0,No,No,69.0,62.0,NotPlaced
4602,6.5,0,1,0,68.0,4.5,No,No,66.0,74.0,NotPlaced
5040,7.5,1,3,1,83.0,4.4,Yes,Yes,77.0,87.0,Placed
8921,8.6,2,1,0,86.0,4.4,Yes,Yes,82.0,79.0,Placed
3904,7.6,0,1,2,90.0,4.8,No,Yes,81.0,77.0,Placed
1602,6.6,0,2,0,73.0,4.2,Yes,Yes,62.0,84.0,NotPlaced
1976,8.2,2,3,2,90.0,4.8,Yes,Yes,84.0,85.0,Placed
4847,8.7,2,3,3,89.0,4.5,Yes,Yes,72.0,87.0,Placed
2463,7.9,0,1,0,64.0,4.1,Yes,Yes,63.0,67.0,NotPlaced
7565,8.0,2,1,2,88.0,4.7,Yes,Yes,62.0,66.0,Placed
9237,6.8,0,3,2,75.0,4.4,Yes,Yes,84.0,85.0,NotPlaced
1643,6.7,1,1,1,81.0,4.5,No,Yes,55.0,68.0,NotPlaced
1842,7.3,0,1,1,74.0,3.8,No,Yes,60.0,65.0,NotPlaced
6305,7.5,1,3,0,83.0,4.6,Yes,Yes,81.0,80.0,NotPlaced
3732,7.6,1,3,2,84.0,4.0,Yes,Yes,77.0,82.0,Placed
9632,8.2,2,2,2,90.0,4.8,No,Yes,83.0,79.0,NotPlaced
3378,7.6,0,3,0,90.0,4.8,Yes,Yes,85.0,83.0,Placed
5758,7.5,0,2,1,77.0,3.8,Yes,Yes,75.0,73.0,NotPlaced
188,7.5,1,1,0,76.0,4.3,No,Yes,73.0,79.0,NotPlaced
8419,7.8,1,1,1,83.0,3.7,No,Yes,64.0,71.0,NotPlaced
8305,7.7,1,1,0,71.0,3.9,No,No,65.0,67.0,NotPlaced
7770,7.7,1,1,1,73.0,4.0,No,Yes,58.0,67.0,NotPlaced
7159,7.4,0,1,0,71.0,3.7,No,No,55.0,64.0,NotPlaced
8260,8.0,2,3,2,86.0,3.8,Yes,Yes,87.0,86.0,Placed
8972,8.4,1,3,0,73.0,4.7,Yes,Yes,72.0,73.0,NotPlaced
9067,7.3,0,2,0,71.0,3.5,No,Yes,67.0,68.0,NotPlaced
1761,7.4,1,2,1,69.0,4.1,No,Yes,58.0,70.0,NotPlaced
8238,8.0,1,2,0,88.0,4.4,Yes,Yes,78.0,76.0,Placed
8361,7.5,0,1,2,78.0,4.6,No,Yes,68.0,71.0,NotPlaced
2882,7.6,1,1,0,68.0,4.3,No,No,62.0,68.0,NotPlaced
3765,8.2,1,3,2,90.0,4.4,Yes,No,74.0,80.0,NotPlaced
3605,6.8,0,1,2,77.0,3.6,No,Yes,57.0,64.0,NotPlaced
5940,8.1,2,3,2,90.0,4.6,Yes,Yes,85.0,88.0,Placed
9463,7.3,0,1,1,70.0,3.5,No,No,57.0,65.0,NotPlaced
62,8.2,1,2,1,86.0,4.3,Yes,Yes,86.0,63.0,Placed
449,6.5,1,1,0,80.0,4.3,Yes,Yes,75.0,68.0,NotPlaced
1479,6.5,1,2,0,70.0,3.8,No,Yes,59.0,66.0,NotPlaced
2239,7.5,1,2,0,82.0,4.4,No,Yes,57.0,61.0,Placed
4718,7.0,0,2,1,73.0,3.9,No,No,64.0,59.0,NotPlaced
4361,7.5,1,1,1,74.0,4.6,No,Yes,57.0,69.0,NotPlaced
8557,7.5,1,1,1,76.0,4.0,No,Yes,55.0,70.0,NotPlaced
4873,8.1,0,3,2,81.0,4.2,Yes,Yes,90.0,84.0,Placed
3789,7.6,0,1,1,62.0,4.1,No,No,55.0,64.0,NotPlaced
2578,6.6,1,1,1,83.0,3.9,Yes,No,70.0,66.0,NotPlaced
9371,7.5,1,1,1,87.0,4.8,No,Yes,69.0,72.0,Placed
3356,8.7,1,3,2,86.0,4.7,Yes,Yes,67.0,86.0,NotPlaced
8057,6.6,0,2,0,75.0,3.9,No,Yes,55.0,69.0,Placed
7098,6.8,0,1,0,86.0,4.0,No,No,55.0,71.0,NotPlaced
6884,8.3,2,3,3,88.0,4.8,Yes,Yes,78.0,84.0,Placed
9577,7.3,1,2,0,84.0,3.9,Yes,Yes,90.0,88.0,Placed
4056,8.2,2,3,2,84.0,4.8,Yes,Yes,75.0,83.0,Placed
4028,7.6,1,1,0,72.0,4.0,No,Yes,55.0,67.0,NotPlaced
291,8.8,1,2,2,90.0,4.8,Yes,No,75.0,88.0,Placed
1315,7.4,1,2,0,90.0,4.7,Yes,Yes,77.0,84.0,Placed
6955,8.1,1,3,0,86.0,4.5,Yes,Yes,72.0,88.0,Placed
2204,6.5,0,2,1,60.0,3.1,No,No,65.0,71.0,NotPlaced
4917,8.0,2,3,2,90.0,4.8,Yes,Yes,68.0,85.0,Placed
3155,7.9,2,3,2,90.0,4.8,Yes,No,71.0,62.0,Placed
4395,8.3,2,3,2,77.0,4.0,Yes,Yes,55.0,70.0,NotPlaced
8345,8.4,1,3,0,75.0,4.4,Yes,Yes,68.0,86.0,Placed
1556,7.8,2,3,1,79.0,4.6,No,No,55.0,68.0,NotPlaced
2574,7.4,1,1,3,74.0,4.1,No,Yes,61.0,63.0,NotPlaced
4621,8.0,1,1,0,81.0,4.4,Yes,Yes,70.0,71.0,NotPlaced
690,6.5,2,3,2,74.0,4.2,No,No,90.0,67.0,NotPlaced
468,7.8,0,1,1,73.0,4.8,Yes,Yes,77.0,88.0,Placed
9560,8.4,2,3,2,90.0,4.8,Yes,Yes,70.0,85.0,Placed
5346,6.5,1,1,0,79.0,4.0,No,No,55.0,70.0,NotPlaced
1931,8.4,2,3,2,90.0,4.8,Yes,Yes,72.0,82.0,Placed
6507,7.7,1,1,0,74.0,4.5,No,No,84.0,67.0,NotPlaced
228,8.7,2,3,2,87.0,4.7,Yes,Yes,80.0,84.0,Placed
6392,8.2,1,3,2,87.0,4.6,Yes,Yes,65.0,85.0,Placed
4884,8.5,1,1,2,86.0,4.5,Yes,Yes,74.0,83.0,Placed
8320,8.5,1,3,0,90.0,4.8,Yes,Yes,79.0,88.0,Placed
4504,7.5,1,3,1,89.0,4.8,Yes,Yes,80.0,86.0,NotPlaced
4872,8.6,1,2,0,77.0,4.5,Yes,Yes,80.0,84.0,Placed
3072,6.5,1,3,0,83.0,4.8,Yes,No,87.0,81.0,NotPlaced
1566,7.6,1,1,0,74.0,4.6,Yes,Yes,55.0,61.0,NotPlaced
7169,6.8,1,1,1,77.0,3.3,No,Yes,55.0,58.0,NotPlaced
5207,7.8,2,3,2,82.0,4.2,Yes,Yes,63.0,84.0,Placed
3445,8.2,2,3,2,75.0,4.2,Yes,Yes,75.0,81.0,Placed
8820,6.8,1,3,0,83.0,4.4,No,Yes,58.0,63.0,NotPlaced
5667,7.4,1,1,1,60.0,4.3,Yes,Yes,80.0,75.0,NotPlaced
5486,8.2,1,1,1,76.0,4.1,No,No,58.0,80.0,NotPlaced
8097,7.4,1,1,1,79.0,4.3,No,No,61.0,76.0,NotPlaced
4100,7.5,0,3,3,78.0,4.7,Yes,Yes,68.0,65.0,NotPlaced
8481,8.2,1,3,2,90.0,4.6,Yes,Yes,83.0,74.0,Placed
351,7.5,1,2,0,70.0,3.7,No,Yes,55.0,66.0,NotPlaced
8204,7.6,1,2,1,77.0,4.4,Yes,Yes,76.0,87.0,NotPlaced
843,6.5,1,1,0,70.0,4.8,Yes,Yes,79.0,62.0,Placed
8268,7.5,0,1,1,75.0,4.3,No,No,80.0,82.0,NotPlaced
6977,8.5,2,3,2,90.0,4.7,Yes,Yes,90.0,86.0,Placed
8979,6.5,1,3,2,77.0,4.5,No,Yes,73.0,67.0,Placed
7109,7.5,2,1,0,77.0,4.3,No,No,69.0,69.0,NotPlaced
5329,6.8,1,1,1,60.0,3.6,No,Yes,55.0,68.0,NotPlaced
2472,7.6,2,1,0,73.0,4.6,Yes,Yes,78.0,73.0,NotPlaced
9007,7.5,1,3,2,78.0,4.8,No,Yes,68.0,69.0,NotPlaced
6756,8.2,2,3,2,90.0,4.8,Yes,Yes,84.0,88.0,Placed
1585,7.5,0,3,0,83.0,3.9,Yes,Yes,63.0,71.0,NotPlaced
522,7.5,1,3,0,86.0,4.2,Yes,Yes,81.0,71.0,NotPlaced
6400,6.5,2,2,0,79.0,4.1,Yes,No,57.0,64.0,NotPlaced
8468,8.5,1,3,2,85.0,4.6,Yes,Yes,71.0,84.0,Placed
4938,8.5,1,1,2,82.0,4.4,Yes,Yes,82.0,85.0,Placed
7433,7.1,1,1,0,69.0,3.6,Yes,Yes,55.0,70.0,NotPlaced
4459,8.7,2,2,2,90.0,4.7,Yes,Yes,76.0,85.0,Placed
7882,8.5,2,1,0,83.0,4.7,No,Yes,70.0,71.0,NotPlaced
1518,7.8,1,3,0,82.0,3.7,Yes,No,75.0,63.0,NotPlaced
8799,7.4,2,3,2,89.0,4.8,Yes,No,88.0,82.0,NotPlaced
6537,8.6,1,2,2,81.0,4.3,Yes,Yes,79.0,84.0,Placed
6252,8.2,0,3,2,87.0,4.8,Yes,No,75.0,88.0,Placed
5354,7.4,1,2,1,71.0,4.7,No,Yes,74.0,63.0,NotPlaced
9446,6.7,0,1,1,70.0,4.5,No,No,61.0,61.0,NotPlaced
735,8.2,0,1,0,71.0,4.8,No,No,62.0,68.0,NotPlaced
8086,7.7,1,1,0,70.0,4.4,Yes,Yes,65.0,70.0,NotPlaced
4814,7.6,0,1,1,79.0,3.5,Yes,Yes,67.0,63.0,Placed
3440,7.5,0,1,0,67.0,4.5,No,No,87.0,70.0,NotPlaced
3431,7.3,0,1,0,75.0,3.7,No,No,60.0,70.0,NotPlaced
1700,7.4,1,2,0,79.0,4.7,Yes,Yes,86.0,83.0,NotPlaced
6444,7.4,1,1,1,71.0,3.3,No,No,55.0,62.0,NotPlaced
4462,8.5,2,3,2,90.0,4.8,Yes,Yes,90.0,83.0,Placed
4091,7.4,0,2,1,65.0,4.4,No,No,61.0,70.0,NotPlaced
8939,8.3,1,3,1,85.0,4.3,Yes,Yes,65.0,82.0,NotPlaced
5525,7.6,1,3,1,73.0,4.3,Yes,Yes,77.0,72.0,NotPlaced
7466,6.5,1,1,1,76.0,3.8,No,Yes,60.0,68.0,NotPlaced
3258,7.3,0,1,2,75.0,4.5,Yes,Yes,73.0,79.0,Placed
6321,7.0,1,1,0,86.0,4.0,No,Yes,55.0,83.0,Placed
1516,7.6,1,1,1,72.0,4.2,Yes,Yes,57.0,67.0,NotPlaced
546,7.6,2,3,2,90.0,4.5,Yes,Yes,75.0,82.0,Placed
9455,8.4,2,3,2,86.0,4.3,Yes,Yes,76.0,84.0,NotPlaced
7970,8.4,2,3,2,90.0,4.8,Yes,Yes,82.0,88.0,Placed
7624,7.4,1,1,1,73.0,4.2,Yes,No,66.0,87.0,NotPlaced
8998,7.5,1,2,0,60.0,3.6,No,Yes,55.0,67.0,NotPlaced
4767,7.0,1,2,1,84.0,3.9,No,Yes,57.0,64.0,NotPlaced
7008,6.5,2,3,0,77.0,4.3,No,Yes,87.0,67.0,NotPlaced
4246,7.9,1,1,1,84.0,4.5,Yes,Yes,71.0,85.0,Placed
261,8.7,2,1,0,66.0,4.8,Yes,No,70.0,59.0,NotPlaced
2490,8.2,1,1,2,72.0,4.4,No,No,83.0,68.0,NotPlaced
1151,6.8,2,3,3,87.0,4.0,Yes,Yes,78.0,82.0,NotPlaced
3527,8.6,2,3,2,90.0,4.8,Yes,Yes,81.0,79.0,Placed
8373,8.4,1,1,2,69.0,4.4,No,No,76.0,65.0,NotPlaced
5117,8.6,0,3,2,90.0,4.8,Yes,Yes,75.0,86.0,Placed
1523,7.7,1,2,1,78.0,4.6,No,Yes,55.0,60.0,NotPlaced
1726,8.1,1,3,2,90.0,4.8,Yes,Yes,73.0,83.0,Placed
4068,7.5,2,3,0,88.0,4.6,Yes,Yes,78.0,87.0,Placed
3958,7.7,1,3,0,82.0,3.8,Yes,Yes,63.0,67.0,NotPlaced
9999,8.9,0,3,2,87.0,4.8,Yes,Yes,71.0,85.0,Placed
1377,6.8,1,2,0,75.0,4.3,No,Yes,55.0,67.0,NotPlaced
4733,7.4,0,1,1,64.0,4.7,No,Yes,76.0,71.0,NotPlaced
1367,7.6,1,2,0,79.0,4.1,No,Yes,55.0,72.0,NotPlaced
6084,7.4,1,1,1,65.0,4.5,No,No,55.0,73.0,NotPlaced
8369,8.6,1,3,3,84.0,4.5,Yes,Yes,73.0,85.0,Placed
6212,8.7,2,3,2,90.0,4.8,Yes,Yes,88.0,84.0,Placed
3741,7.0,1,1,0,62.0,4.2,Yes,Yes,69.0,77.0,NotPlaced
6240,8.1,1,3,2,82.0,4.8,Yes,Yes,80.0,68.0,Placed
9750,7.3,1,2,0,77.0,3.9,Yes,Yes,63.0,62.0,NotPlaced
3175,8.0,1,1,0,70.0,4.3,No,No,62.0,64.0,NotPlaced
2451,8.0,1,3,2,82.0,4.8,No,Yes,61.0,87.0,Placed
7803,8.5,2,3,2,85.0,4.7,Yes,Yes,78.0,68.0,Placed
2683,6.5,0,2,0,79.0,3.6,No,Yes,72.0,70.0,NotPlaced
8044,8.2,0,3,2,90.0,4.5,Yes,Yes,81.0,85.0,Placed
2494,7.5,1,2,0,71.0,4.0,Yes,No,55.0,66.0,NotPlaced
7290,6.5,1,2,1,68.0,4.3,Yes,Yes,73.0,74.0,NotPlaced
8017,7.8,1,2,0,84.0,3.0,Yes,Yes,62.0,70.0,NotPlaced
7933,7.9,1,1,0,71.0,4.4,Yes,Yes,82.0,88.0,Placed
1733,7.6,0,2,2,82.0,4.7,Yes,No,80.0,71.0,Placed
7255,7.5,0,1,0,76.0,4.0,No,Yes,55.0,86.0,NotPlaced
7677,7.6,0,1,2,72.0,3.7,No,No,55.0,61.0,NotPlaced
8580,6.8,2,3,0,80.0,4.4,No,Yes,74.0,85.0,Placed
1817,8.4,2,3,2,90.0,4.8,Yes,Yes,76.0,83.0,Placed
1296,6.5,2,1,0,67.0,3.7,No,No,55.0,67.0,NotPlaced
4811,7.9,1,1,0,74.0,4.5,Yes,Yes,56.0,70.0,Placed
1133,6.5,1,2,0,84.0,4.2,No,No,79.0,65.0,NotPlaced
2609,7.8,2,3,0,81.0,4.5,Yes,Yes,77.0,81.0,NotPlaced
7632,7.5,1,1,0,71.0,3.7,No,Yes,73.0,71.0,NotPlaced
528,8.2,1,1,0,70.0,4.2,No,No,55.0,62.0,NotPlaced
6214,7.4,1,1,1,76.0,4.0,Yes,Yes,55.0,62.0,NotPlaced
1888,8.1,2,3,2,90.0,4.8,Yes,Yes,84.0,86.0,Placed
3182,7.8,1,3,1,88.0,4.0,No,Yes,72.0,83.0,NotPlaced
6650,8.1,1,3,2,88.0,4.2,Yes,Yes,75.0,88.0,NotPlaced
7317,8.3,2,3,2,84.0,4.7,Yes,Yes,68.0,80.0,Placed
1784,8.6,2,3,2,90.0,4.6,Yes,Yes,69.0,86.0,NotPlaced
5357,8.3,2,2,2,89.0,4.0,Yes,Yes,78.0,85.0,Placed
7209,8.3,2,3,2,90.0,4.6,Yes,Yes,78.0,79.0,Placed
1626,6.6,1,1,1,69.0,4.3,No,No,58.0,61.0,NotPlaced
3013,8.3,1,3,1,73.0,4.5,Yes,Yes,83.0,66.0,Placed
5794,7.7,2,1,0,68.0,4.6,No,No,65.0,62.0,NotPlaced
5808,7.3,0,1,1,75.0,3.2,No,Yes,56.0,63.0,NotPlaced
8460,7.4,2,0,0,69.0,4.4,Yes,No,63.0,60.0,NotPlaced
661,7.4,1,1,1,73.0,3.7,No,No,55.0,63.0,NotPlaced
144,7.8,2,3,0,77.0,4.8,Yes,Yes,79.0,87.0,NotPlaced
4646,8.2,2,3,2,85.0,4.8,Yes,Yes,85.0,81.0,Placed
1755,6.5,1,1,2,71.0,3.7,Yes,No,75.0,66.0,NotPlaced
9519,7.1,2,2,2,83.0,4.8,Yes,Yes,62.0,86.0,Placed
9586,7.6,1,1,0,68.0,3.7,No,No,55.0,67.0,NotPlaced
1765,8.3,2,3,2,90.0,4.5,Yes,Yes,74.0,88.0,Placed
4403,7.4,1,1,1,82.0,3.7,No,No,56.0,75.0,NotPlaced
7965,7.4,1,1,0,67.0,4.1,No,No,67.0,66.0,NotPlaced
7885,8.4,2,3,2,90.0,4.8,Yes,Yes,67.0,82.0,Placed
994,8.1,2,3,2,78.0,4.5,No,Yes,57.0,68.0,Placed
5754,7.1,0,1,0,87.0,4.4,No,Yes,75.0,65.0,Placed
3669,8.2,2,3,2,85.0,4.8,Yes,No,82.0,78.0,NotPlaced
8079,8.1,2,3,2,87.0,4.6,No,Yes,73.0,85.0,Placed
938,8.4,2,3,2,90.0,4.8,Yes,Yes,71.0,87.0,NotPlaced
7847,8.4,0,1,0,84.0,4.8,No,Yes,78.0,81.0,Placed
2996,8.1,1,1,1,77.0,4.6,Yes,Yes,73.0,87.0,NotPlaced
2237,8.5,1,2,3,90.0,4.8,No,Yes,70.0,72.0,NotPlaced
7197,8.4,2,3,2,90.0,4.8,Yes,Yes,73.0,88.0,Placed
7029,6.5,2,1,2,73.0,4.2,No,No,74.0,59.0,NotPlaced
4719,8.4,2,2,0,90.0,4.1,Yes,Yes,76.0,78.0,NotPlaced
1295,7.6,1,1,1,66.0,4.5,No,Yes,55.0,68.0,NotPlaced
6371,8.5,2,3,0,82.0,4.4,Yes,Yes,87.0,83.0,Placed
4284,8.4,2,3,2,90.0,4.4,Yes,Yes,83.0,81.0,Placed
1250,6.5,1,1,1,62.0,4.1,No,Yes,60.0,64.0,NotPlaced
7084,7.7,0,3,0,90.0,4.8,Yes,Yes,76.0,80.0,NotPlaced
8700,7.8,2,2,1,84.0,4.0,No,Yes,86.0,73.0,NotPlaced
6742,8.4,0,3,2,90.0,4.8,Yes,Yes,81.0,86.0,Placed
9411,8.8,2,3,2,90.0,4.8,Yes,Yes,70.0,86.0,Placed
8879,7.9,1,3,2,78.0,4.3,Yes,Yes,89.0,86.0,Placed
392,7.5,1,2,0,90.0,4.2,No,Yes,77.0,64.0,Placed
230,7.9,2,3,2,90.0,4.8,Yes,Yes,83.0,88.0,Placed
7622,8.5,1,3,2,90.0,4.7,Yes,Yes,69.0,86.0,Placed
9510,7.6,1,1,1,74.0,4.5,No,No,55.0,65.0,NotPlaced
1836,7.2,1,1,0,76.0,3.5,No,Yes,57.0,65.0,NotPlaced
9474,7.3,1,1,2,79.0,4.4,No,Yes,60.0,71.0,NotPlaced
8839,6.9,1,1,0,78.0,4.2,Yes,Yes,66.0,69.0,Placed
6653,8.2,1,0,0,85.0,4.8,No,Yes,72.0,66.0,Placed
6457,8.7,1,2,1,74.0,4.2,Yes,Yes,55.0,80.0,Placed
7490,6.5,1,1,1,81.0,4.8,No,Yes,58.0,77.0,NotPlaced
2869,8.2,2,3,2,81.0,4.8,Yes,Yes,83.0,82.0,Placed
6108,7.8,0,3,1,87.0,4.4,Yes,Yes,71.0,70.0,NotPlaced
3394,7.7,2,2,1,74.0,4.6,No,No,61.0,64.0,NotPlaced
7827,8.8,2,3,2,90.0,4.7,Yes,Yes,81.0,79.0,Placed
3815,7.0,1,1,1,76.0,4.6,No,Yes,57.0,63.0,NotPlaced
2973,8.1,1,3,2,70.0,4.7,No,Yes,65.0,75.0,Placed
3938,8.4,2,3,2,87.0,4.8,Yes,Yes,83.0,88.0,Placed
6455,8.6,2,3,1,90.0,4.8,Yes,Yes,77.0,84.0,Placed
9758,7.5,0,3,2,90.0,4.8,Yes,No,81.0,66.0,Placed
1555,7.6,2,2,1,77.0,4.1,No,No,69.0,75.0,NotPlaced
5632,8.0,1,3,2,90.0,4.4,Yes,Yes,72.0,82.0,Placed
8735,6.5,1,3,0,81.0,3.8,No,Yes,63.0,57.0,NotPlaced
937,8.4,2,3,3,87.0,4.8,No,Yes,72.0,70.0,Placed
5381,8.4,1,3,2,90.0,4.8,Yes,Yes,83.0,84.0,Placed
7494,8.3,2,3,2,90.0,4.8,Yes,Yes,78.0,80.0,Placed
6596,8.1,1,3,2,90.0,4.6,Yes,Yes,75.0,82.0,Placed
5306,8.2,2,3,2,90.0,4.8,Yes,Yes,77.0,85.0,Placed
5061,7.5,0,1,1,60.0,4.2,No,No,59.0,74.0,NotPlaced
3443,7.8,1,3,2,90.0,4.8,Yes,Yes,86.0,70.0,Placed
1945,6.5,0,1,1,81.0,4.0,No,Yes,55.0,67.0,NotPlaced
9396,7.5,1,1,1,70.0,3.8,No,No,55.0,63.0,NotPlaced
4761,8.7,2,3,2,78.0,4.8,Yes,Yes,85.0,75.0,Placed
3631,6.5,1,2,1,78.0,3.8,No,No,55.0,62.0,NotPlaced
8509,7.3,1,1,0,80.0,3.6,Yes,Yes,78.0,80.0,Placed
4244,6.5,1,2,0,88.0,4.4,No,Yes,60.0,72.0,Placed
1899,6.9,1,3,1,84.0,4.4,Yes,Yes,73.0,88.0,Placed
1861,8.1,1,3,0,90.0,4.6,No,Yes,71.0,81.0,Placed
6928,8.2,1,3,0,90.0,4.7,Yes,Yes,68.0,60.0,Placed
30,7.0,0,1,1,63.0,3.9,No,Yes,60.0,61.0,NotPlaced
3444,8.6,1,3,2,79.0,4.3,Yes,Yes,88.0,80.0,Placed
8225,7.7,1,1,0,69.0,4.0,No,No,55.0,69.0,NotPlaced
9467,6.8,0,1,1,75.0,4.3,No,No,73.0,62.0,NotPlaced
4637,7.8,2,3,2,90.0,4.8,Yes,Yes,77.0,86.0,Placed
5353,8.2,2,2,2,90.0,4.3,Yes,Yes,73.0,80.0,Placed
8164,8.2,0,3,0,81.0,4.2,Yes,Yes,68.0,85.0,Placed
2754,6.5,1,1,0,70.0,4.2,No,Yes,63.0,72.0,NotPlaced
1244,8.4,0,2,1,82.0,4.7,Yes,Yes,57.0,75.0,NotPlaced
5142,6.6,0,2,0,79.0,4.2,Yes,No,62.0,79.0,NotPlaced
7443,6.5,1,2,0,61.0,4.5,No,No,75.0,68.0,NotPlaced
4821,8.0,2,3,1,78.0,4.5,Yes,Yes,79.0,80.0,Placed
5367,6.6,1,1,0,71.0,4.1,No,Yes,67.0,64.0,NotPlaced
9925,8.3,0,1,1,80.0,4.3,Yes,No,63.0,69.0,NotPlaced
8756,7.5,2,1,0,69.0,4.5,Yes,No,71.0,69.0,NotPlaced
8757,8.3,1,1,2,82.0,4.2,Yes,No,55.0,87.0,Placed
8528,7.6,1,3,2,90.0,4.0,Yes,Yes,73.0,84.0,NotPlaced
2055,8.3,2,3,2,90.0,4.8,Yes,Yes,78.0,87.0,Placed
2406,7.6,1,1,2,77.0,3.9,No,Yes,55.0,71.0,NotPlaced
4606,7.6,1,2,0,73.0,4.2,Yes,Yes,58.0,72.0,NotPlaced
4618,8.8,2,2,2,77.0,3.9,Yes,No,87.0,81.0,NotPlaced
9183,8.2,1,2,1,83.0,4.7,Yes,Yes,83.0,82.0,Placed
202,7.9,2,3,2,76.0,4.6,Yes,Yes,79.0,82.0,Placed
8854,7.6,2,1,0,79.0,4.8,Yes,Yes,55.0,70.0,NotPlaced
9123,8.4,2,1,0,90.0,4.6,Yes,Yes,72.0,82.0,NotPlaced
6627,8.4,1,2,2,72.0,4.0,Yes,Yes,75.0,79.0,Placed
5263,6.5,1,1,1,64.0,4.1,No,Yes,59.0,76.0,NotPlaced
6965,8.2,2,3,2,90.0,4.8,Yes,Yes,81.0,82.0,Placed
6795,7.9,1,1,1,62.0,3.9,No,No,62.0,57.0,NotPlaced
8479,8.3,2,2,2,87.0,4.7,Yes,Yes,86.0,85.0,Placed
9372,8.3,2,3,2,86.0,4.8,Yes,Yes,84.0,76.0,Placed
6660,7.8,2,1,2,83.0,4.3,Yes,Yes,77.0,70.0,NotPlaced
1037,8.3,2,3,2,87.0,4.8,Yes,Yes,82.0,84.0,Placed
2716,6.5,1,1,0,69.0,4.3,No,Yes,55.0,68.0,NotPlaced
8120,7.7,2,1,1,80.0,4.7,No,No,56.0,65.0,NotPlaced
6460,7.4,1,1,1,71.0,4.3,Yes,Yes,63.0,69.0,NotPlaced
581,7.5,1,1,1,60.0,4.1,No,No,55.0,64.0,NotPlaced
4014,7.6,1,2,0,74.0,3.4,No,Yes,57.0,57.0,NotPlaced
2089,6.8,1,1,1,78.0,4.0,No,No,65.0,58.0,NotPlaced
6649,6.7,1,1,0,78.0,3.7,No,Yes,77.0,83.0,NotPlaced
4338,8.1,2,3,2,87.0,4.8,Yes,Yes,78.0,80.0,NotPlaced
5397,8.0,1,1,2,75.0,3.7,No,Yes,72.0,65.0,NotPlaced
4960,8.3,2,3,2,90.0,4.8,Yes,Yes,90.0,85.0,Placed
9356,6.5,1,2,0,75.0,4.0,No,No,58.0,71.0,NotPlaced
8167,6.9,0,1,0,60.0,4.6,No,No,80.0,67.0,NotPlaced
8531,8.0,0,1,2,89.0,4.7,Yes,Yes,72.0,84.0,Placed
3834,6.8,1,1,2,77.0,4.1,No,Yes,71.0,70.0,NotPlaced
4752,7.1,1,1,1,76.0,4.2,Yes,Yes,81.0,82.0,Placed
1950,7.7,1,1,1,79.0,4.3,No,No,56.0,65.0,NotPlaced
5806,8.4,2,3,2,89.0,3.9,Yes,Yes,74.0,83.0,Placed
6270,6.5,0,2,0,69.0,4.5,No,No,64.0,69.0,NotPlaced
9245,7.4,0,1,2,90.0,4.5,Yes,Yes,76.0,68.0,Placed
8377,8.4,2,3,1,83.0,4.8,Yes,No,64.0,64.0,Placed
9028,6.8,2,3,2,84.0,4.8,Yes,Yes,81.0,88.0,Placed
7009,8.1,2,1,3,79.0,4.0,Yes,Yes,78.0,79.0,Placed
6973,8.0,2,2,2,90.0,4.8,Yes,Yes,84.0,87.0,Placed
2023,8.1,2,1,0,82.0,4.4,No,No,55.0,73.0,NotPlaced
2887,8.3,1,2,2,90.0,4.8,Yes,Yes,70.0,88.0,Placed
9652,7.4,1,1,1,83.0,4.0,No,Yes,74.0,78.0,NotPlaced
925,7.5,0,1,2,89.0,4.0,No,Yes,66.0,63.0,NotPlaced
2075,6.5,0,1,0,81.0,4.1,No,Yes,64.0,65.0,NotPlaced
4486,8.7,1,3,0,90.0,4.2,Yes,Yes,71.0,68.0,Placed
1837,7.9,1,1,0,76.0,4.2,Yes,Yes,70.0,60.0,NotPlaced
636,7.4,1,1,1,69.0,3.8,No,Yes,55.0,64.0,Placed
3253,7.7,1,2,1,69.0,4.8,Yes,Yes,61.0,70.0,Placed
5714,6.9,2,2,2,72.0,3.7,Yes,Yes,58.0,71.0,NotPlaced
263,8.1,0,2,3,78.0,4.1,Yes,Yes,81.0,78.0,Placed
7152,6.5,2,1,3,81.0,4.2,Yes,No,55.0,68.0,NotPlaced
9324,7.6,1,2,0,79.0,4.3,No,Yes,58.0,67.0,NotPlaced
8813,7.8,1,3,0,76.0,4.4,Yes,Yes,74.0,74.0,NotPlaced
4620,6.7,0,3,1,67.0,4.2,Yes,No,63.0,63.0,NotPlaced
6133,6.5,0,1,0,74.0,4.1,Yes,No,66.0,61.0,NotPlaced
1770,7.8,0,2,0,79.0,4.1,No,Yes,57.0,63.0,NotPlaced
2932,7.8,1,1,0,77.0,4.1,No,Yes,64.0,67.0,NotPlaced
886,6.5,0,2,0,78.0,4.5,No,Yes,55.0,68.0,Placed
9642,6.8,1,3,0,80.0,4.4,No,Yes,75.0,67.0,NotPlaced
11,8.3,2,3,2,90.0,4.8,Yes,Yes,82.0,88.0,Placed
6145,7.7,1,1,0,90.0,4.6,No,No,73.0,88.0,Placed
4561,6.5,1,2,1,79.0,3.9,No,Yes,57.0,71.0,NotPlaced
3856,7.9,1,2,0,60.0,4.0,No,No,55.0,59.0,NotPlaced
5303,8.2,2,1,0,82.0,4.6,Yes,Yes,74.0,82.0,Placed
3725,7.9,1,3,2,82.0,4.7,Yes,Yes,83.0,82.0,Placed
4703,8.5,2,3,2,90.0,4.6,Yes,Yes,74.0,85.0,Placed
4835,8.5,1,3,2,89.0,4.3,Yes,Yes,77.0,70.0,Placed
3650,7.1,2,3,0,80.0,4.3,Yes,Yes,82.0,84.0,Placed
7914,7.6,0,2,0,69.0,4.2,No,No,55.0,63.0,NotPlaced
3201,7.5,1,3,0,85.0,4.6,Yes,Yes,80.0,69.0,Placed
6260,7.4,1,2,2,69.0,3.8,No,Yes,57.0,67.0,NotPlaced
1503,8.3,1,3,2,86.0,4.8,Yes,Yes,67.0,81.0,NotPlaced
7292,8.1,1,2,2,84.0,4.5,Yes,Yes,62.0,84.0,Placed
1893,8.1,0,1,0,83.0,4.2,Yes,Yes,71.0,83.0,NotPlaced
2103,7.9,0,2,2,85.0,4.2,Yes,No,74.0,82.0,NotPlaced
9838,8.7,2,1,1,63.0,4.0,Yes,Yes,60.0,65.0,NotPlaced
9434,6.5,0,1,0,84.0,4.1,No,Yes,60.0,62.0,NotPlaced
6535,7.5,1,2,0,81.0,4.3,No,Yes,66.0,66.0,NotPlaced
4037,6.8,1,1,0,68.0,3.1,No,No,55.0,68.0,NotPlaced
4416,8.5,1,1,0,73.0,4.0,No,Yes,61.0,63.0,NotPlaced
2535,7.2,1,1,1,73.0,3.6,No,No,56.0,65.0,Placed
290,8.5,0,2,2,75.0,4.5,Yes,No,76.0,83.0,Placed
9071,8.3,1,2,0,77.0,3.8,Yes,Yes,63.0,80.0,NotPlaced
9817,6.5,0,3,2,87.0,4.8,Yes,No,79.0,64.0,NotPlaced
5948,8.7,0,1,2,78.0,4.7,Yes,Yes,67.0,86.0,NotPlaced
3267,7.4,1,3,1,89.0,3.6,Yes,Yes,68.0,83.0,NotPlaced
1723,8.5,2,3,2,87.0,4.8,Yes,Yes,74.0,78.0,Placed
6891,7.9,0,1,0,68.0,4.1,No,Yes,55.0,65.0,NotPlaced
7207,6.6,0,3,0,84.0,4.8,Yes,Yes,78.0,73.0,Placed
3577,8.1,1,3,0,77.0,4.3,No,Yes,71.0,69.0,NotPlaced
7656,7.7,0,2,0,74.0,4.2,No,Yes,55.0,71.0,NotPlaced
8146,8.5,1,3,2,90.0,4.8,No,No,82.0,63.0,Placed
8223,7.5,1,1,0,75.0,4.1,Yes,Yes,83.0,57.0,NotPlaced
3584,8.0,2,3,0,85.0,4.7,Yes,No,70.0,88.0,Placed
792,6.5,0,1,0,72.0,3.6,No,No,60.0,59.0,NotPlaced
7473,6.5,2,1,0,78.0,4.4,No,Yes,75.0,65.0,NotPlaced
159,7.8,0,1,1,72.0,4.0,No,No,61.0,69.0,NotPlaced
87,8.1,0,2,1,84.0,3.8,No,No,71.0,68.0,NotPlaced
635,8.6,2,3,2,87.0,4.4,Yes,Yes,69.0,86.0,Placed
9910,8.5,1,3,0,90.0,4.3,Yes,Yes,80.0,83.0,Placed
6187,8.3,1,2,1,72.0,4.7,No,Yes,55.0,71.0,NotPlaced
2041,7.9,1,2,0,68.0,3.7,No,No,55.0,59.0,NotPlaced
9271,7.7,1,1,1,83.0,4.1,No,No,81.0,71.0,NotPlaced
5791,7.9,1,1,0,80.0,4.4,Yes,Yes,74.0,86.0,NotPlaced
3015,7.6,1,2,1,73.0,4.3,Yes,Yes,56.0,67.0,NotPlaced
2259,8.3,1,2,0,82.0,4.6,Yes,Yes,85.0,86.0,Placed
5185,8.1,2,2,2,76.0,4.3,Yes,Yes,72.0,87.0,Placed
1948,8.1,2,3,0,90.0,4.8,Yes,Yes,83.0,88.0,Placed
8292,7.7,1,3,2,87.0,4.5,Yes,Yes,82.0,81.0,Placed
6220,7.8,0,3,0,70.0,4.6,Yes,Yes,70.0,66.0,Placed
9252,6.5,1,2,1,79.0,4.2,Yes,Yes,81.0,64.0,Placed
1803,8.7,2,3,2,88.0,4.8,Yes,Yes,79.0,83.0,NotPlaced
1103,8.1,0,2,3,71.0,4.2,Yes,No,82.0,74.0,NotPlaced
2735,6.5,1,1,1,72.0,3.3,No,Yes,55.0,62.0,NotPlaced
7532,8.4,2,3,2,90.0,4.8,Yes,Yes,76.0,85.0,Placed
1284,8.5,2,3,2,90.0,4.1,Yes,Yes,74.0,81.0,Placed
9016,8.4,2,3,2,89.0,4.5,Yes,Yes,78.0,82.0,Placed
6913,8.8,2,3,2,83.0,4.1,Yes,Yes,73.0,83.0,Placed
3778,7.7,1,1,0,81.0,4.0,Yes,Yes,75.0,65.0,Placed
910,8.6,1,3,1,87.0,4.6,Yes,Yes,77.0,74.0,Placed
7071,8.0,1,3,2,78.0,4.2,Yes,No,78.0,85.0,NotPlaced
9810,8.0,2,3,2,90.0,4.8,Yes,Yes,84.0,83.0,Placed
7823,8.3,1,3,1,81.0,4.8,Yes,Yes,65.0,83.0,NotPlaced
3429,8.4,1,3,2,83.0,4.8,Yes,Yes,65.0,71.0,Placed
7864,6.6,1,3,1,82.0,4.6,No,Yes,59.0,87.0,NotPlaced
8248,7.8,1,2,2,85.0,4.3,No,Yes,68.0,78.0,Placed
5265,7.7,1,2,0,81.0,3.9,Yes,Yes,75.0,77.0,NotPlaced
1097,8.1,2,3,2,90.0,4.6,Yes,Yes,82.0,88.0,Placed
8110,7.3,1,1,1,68.0,4.7,No,Yes,68.0,58.0,NotPlaced
2077,8.4,0,3,2,90.0,4.7,Yes,Yes,82.0,87.0,Placed
5230,6.9,0,1,0,77.0,3.7,No,Yes,55.0,66.0,NotPlaced
4143,8.4,0,1,0,86.0,3.8,No,Yes,57.0,68.0,NotPlaced
5039,8.4,0,3,2,84.0,4.5,Yes,No,85.0,84.0,Placed
7303,8.1,2,3,1,90.0,4.7,Yes,No,74.0,84.0,Placed
2121,7.5,1,2,0,67.0,4.4,Yes,No,66.0,84.0,NotPlaced
1091,7.7,1,1,0,70.0,4.3,No,Yes,78.0,72.0,NotPlaced
9415,6.8,1,1,0,67.0,4.7,Yes,Yes,59.0,69.0,Placed
9140,6.7,1,1,0,85.0,4.0,No,Yes,58.0,71.0,NotPlaced
6914,7.6,1,2,0,63.0,4.7,No,No,55.0,63.0,NotPlaced
5589,8.2,1,2,0,78.0,3.8,No,Yes,55.0,80.0,NotPlaced
824,7.3,0,2,1,74.0,3.7,No,No,58.0,68.0,NotPlaced
3497,7.7,2,3,2,87.0,4.8,Yes,Yes,77.0,86.0,Placed
4033,8.4,1,1,1,73.0,4.5,No,No,63.0,60.0,NotPlaced
1753,8.3,0,3,2,90.0,4.8,Yes,Yes,75.0,83.0,Placed
1183,7.7,1,3,2,74.0,4.4,Yes,Yes,55.0,85.0,NotPlaced
2736,8.1,2,3,2,90.0,4.7,Yes,Yes,76.0,88.0,Placed
5812,7.5,0,1,0,79.0,3.6,No,Yes,77.0,72.0,NotPlaced
1459,7.5,1,1,0,65.0,3.5,No,Yes,55.0,73.0,NotPlaced
3144,8.2,0,3,0,90.0,4.4,Yes,Yes,86.0,78.0,Placed
1930,8.3,2,3,2,90.0,4.8,Yes,Yes,83.0,87.0,Placed
8800,7.0,2,3,2,90.0,4.8,Yes,Yes,90.0,80.0,Placed
8,7.7,2,1,0,85.0,3.5,Yes,Yes,59.0,72.0,NotPlaced
4377,6.5,1,2,0,74.0,4.0,No,Yes,80.0,64.0,Placed
7737,7.8,1,2,1,66.0,3.7,Yes,Yes,64.0,67.0,NotPlaced
7337,7.6,1,1,2,89.0,4.8,No,Yes,76.0,86.0,NotPlaced
8647,7.3,0,1,1,69.0,4.6,No,Yes,68.0,64.0,NotPlaced
7435,7.4,1,1,1,66.0,3.5,No,Yes,55.0,70.0,NotPlaced
7048,7.8,2,3,2,83.0,4.7,Yes,Yes,78.0,85.0,Placed
8247,7.7,1,2,0,86.0,4.5,No,Yes,72.0,79.0,Placed
9268,8.4,2,3,2,85.0,4.5,Yes,Yes,89.0,79.0,Placed
280,8.7,1,3,2,90.0,4.8,Yes,Yes,69.0,88.0,Placed
7330,7.9,1,3,0,82.0,4.7,Yes,No,57.0,72.0,NotPlaced
5590,6.6,1,2,0,78.0,4.7,No,Yes,55.0,65.0,NotPlaced
702,8.4,2,1,1,87.0,4.8,No,Yes,75.0,78.0,NotPlaced
4939,8.5,1,2,2,90.0,4.6,Yes,Yes,79.0,84.0,Placed
6242,8.2,1,1,1,73.0,3.9,Yes,No,59.0,71.0,NotPlaced
9025,6.8,1,1,0,73.0,3.1,No,Yes,72.0,66.0,NotPlaced
7682,6.8,1,1,0,74.0,4.3,No,Yes,59.0,67.0,Placed
5911,6.7,1,1,1,66.0,3.5,Yes,No,86.0,69.0,NotPlaced
6603,8.2,2,3,2,90.0,4.8,Yes,Yes,72.0,82.0,Placed
9719,7.6,1,1,0,79.0,4.2,No,Yes,79.0,85.0,NotPlaced
1340,7.6,0,1,0,78.0,4.3,No,Yes,71.0,64.0,NotPlaced
8729,8.5,1,3,2,90.0,4.8,Yes,Yes,76.0,85.0,Placed
3944,6.5,1,2,0,85.0,4.1,No,Yes,90.0,66.0,NotPlaced
660,8.4,0,3,2,87.0,4.0,Yes,No,79.0,80.0,Placed
7820,8.3,2,3,2,90.0,4.8,Yes,Yes,87.0,81.0,NotPlaced
9003,6.6,1,1,1,67.0,4.1,No,Yes,63.0,67.0,NotPlaced
4747,8.3,1,3,1,66.0,4.3,No,No,78.0,71.0,NotPlaced
2774,7.7,0,3,0,83.0,4.5,Yes,Yes,80.0,82.0,NotPlaced
9416,8.6,2,3,1,82.0,4.5,Yes,Yes,77.0,82.0,Placed
3869,6.7,1,2,0,74.0,4.1,No,No,61.0,64.0,NotPlaced
5534,8.2,2,2,2,80.0,4.5,Yes,Yes,80.0,85.0,Placed
8269,7.0,1,1,0,70.0,4.1,No,No,56.0,62.0,NotPlaced
1638,6.5,1,2,0,79.0,4.5,No,No,61.0,57.0,NotPlaced
6456,7.6,1,1,1,68.0,4.3,Yes,Yes,64.0,71.0,NotPlaced
5902,6.9,0,3,0,89.0,4.4,Yes,Yes,76.0,83.0,Placed
7767,6.5,1,3,2,85.0,4.8,Yes,Yes,55.0,70.0,NotPlaced
3041,8.9,0,2,1,79.0,4.6,No,No,62.0,75.0,NotPlaced
8529,6.5,1,1,0,82.0,4.6,Yes,Yes,67.0,71.0,NotPlaced
2246,8.0,1,2,1,83.0,4.0,Yes,Yes,75.0,68.0,Placed
1312,8.6,2,3,2,89.0,4.8,Yes,Yes,73.0,87.0,Placed
7985,8.3,1,3,2,82.0,4.8,Yes,Yes,77.0,88.0,Placed
2160,7.4,1,1,1,68.0,4.5,No,No,69.0,68.0,NotPlaced
6405,6.5,0,2,1,87.0,4.8,Yes,Yes,74.0,88.0,Placed
317,7.5,1,2,1,85.0,4.1,No,Yes,71.0,84.0,NotPlaced
1179,8.8,2,1,2,85.0,4.8,Yes,Yes,72.0,84.0,Placed
2805,7.4,1,1,1,77.0,4.1,No,No,55.0,64.0,NotPlaced
3813,7.5,0,2,1,70.0,4.4,No,Yes,55.0,69.0,NotPlaced
840,6.5,1,2,0,67.0,4.4,No,No,72.0,68.0,NotPlaced
1736,7.8,1,1,2,81.0,3.9,No,Yes,62.0,72.0,NotPlaced
8916,7.5,0,1,0,74.0,4.5,Yes,Yes,71.0,80.0,NotPlaced
2685,7.0,1,2,0,72.0,4.1,No,Yes,71.0,73.0,NotPlaced
8338,7.5,1,1,1,68.0,4.4,Yes,No,62.0,69.0,NotPlaced
1652,7.4,0,3,0,83.0,3.5,No,Yes,68.0,84.0,Placed
9319,6.5,0,2,1,71.0,3.8,No,Yes,55.0,72.0,NotPlaced
7391,7.5,1,1,0,71.0,3.6,No,No,60.0,65.0,NotPlaced
7195,7.6,1,1,1,71.0,4.1,Yes,Yes,62.0,79.0,NotPlaced
6312,7.7,0,1,1,67.0,3.8,No,No,55.0,63.0,NotPlaced
1462,6.5,1,1,1,83.0,4.1,No,Yes,81.0,66.0,Placed
5019,8.2,1,1,0,86.0,4.6,No,Yes,79.0,61.0,NotPlaced
6086,8.4,0,3,2,77.0,4.6,Yes,No,63.0,79.0,Placed
2649,8.5,1,3,1,89.0,4.6,Yes,Yes,78.0,82.0,NotPlaced
3580,8.3,0,1,2,75.0,4.2,No,Yes,73.0,69.0,NotPlaced
8954,8.4,2,3,2,87.0,4.6,Yes,No,83.0,87.0,Placed
6451,8.3,1,3,2,86.0,4.8,Yes,No,70.0,80.0,NotPlaced
1084,7.4,0,1,1,73.0,4.4,No,No,55.0,57.0,NotPlaced
1517,8.9,1,1,0,70.0,4.7,Yes,Yes,76.0,82.0,NotPlaced
5320,8.2,2,2,2,88.0,4.2,Yes,Yes,80.0,86.0,NotPlaced
7828,7.5,0,2,0,67.0,3.1,No,No,55.0,70.0,NotPlaced
8298,7.7,1,2,3,78.0,4.4,No,No,71.0,68.0,NotPlaced
7849,6.9,0,1,0,78.0,4.5,No,Yes,55.0,63.0,NotPlaced
8067,8.5,2,3,2,81.0,4.5,Yes,Yes,78.0,84.0,Placed
289,6.7,1,3,0,77.0,4.1,Yes,Yes,69.0,67.0,NotPlaced
2028,7.4,0,3,2,75.0,4.3,Yes,Yes,88.0,84.0,Placed
912,8.2,1,3,2,75.0,4.5,Yes,Yes,80.0,63.0,NotPlaced
3168,7.8,0,3,0,81.0,4.2,Yes,Yes,67.0,66.0,NotPlaced
4902,8.4,2,3,2,86.0,4.8,Yes,Yes,74.0,81.0,Placed
7449,7.6,1,2,1,67.0,4.6,No,Yes,61.0,67.0,NotPlaced
7975,8.1,1,1,0,81.0,3.5,Yes,Yes,78.0,84.0,NotPlaced
1352,8.4,2,3,2,85.0,4.5,No,Yes,86.0,81.0,Placed
4569,8.1,1,2,1,68.0,4.8,Yes,Yes,76.0,74.0,Placed
2783,7.5,1,2,2,89.0,4.8,Yes,Yes,70.0,84.0,Placed
7127,6.9,0,2,0,65.0,3.6,No,No,55.0,67.0,NotPlaced
3897,8.4,2,3,2,89.0,4.8,Yes,Yes,74.0,82.0,Placed
2061,7.1,1,1,0,79.0,3.8,No,No,55.0,61.0,NotPlaced
907,8.3,2,3,0,79.0,4.5,Yes,No,59.0,85.0,NotPlaced
8595,7.6,1,1,2,69.0,3.9,No,Yes,63.0,69.0,NotPlaced
5070,8.2,2,3,2,84.0,4.8,Yes,Yes,71.0,83.0,Placed
2846,6.5,1,3,0,64.0,4.6,No,No,71.0,64.0,NotPlaced
1465,7.6,1,1,0,75.0,3.9,Yes,Yes,80.0,75.0,NotPlaced
8764,7.9,1,2,0,77.0,3.8,Yes,Yes,58.0,78.0,NotPlaced
3831,7.5,0,1,0,85.0,3.9,Yes,Yes,82.0,81.0,NotPlaced
2812,8.5,1,3,1,82.0,4.7,Yes,Yes,80.0,70.0,Placed
5332,7.6,1,3,0,80.0,4.6,No,Yes,60.0,73.0,Placed
7173,7.3,1,2,0,80.0,3.7,No,Yes,55.0,69.0,Placed
1178,7.3,1,2,1,71.0,4.8,Yes,Yes,63.0,64.0,NotPlaced
6244,7.4,1,2,1,83.0,3.9,No,Yes,58.0,64.0,NotPlaced
3582,7.4,1,1,1,81.0,3.5,No,Yes,55.0,64.0,NotPlaced
9057,7.6,0,3,2,87.0,4.7,Yes,No,80.0,84.0,Placed
6215,8.6,1,2,2,73.0,4.8,Yes,No,76.0,82.0,Placed
8366,8.1,2,3,1,90.0,4.7,Yes,Yes,74.0,88.0,NotPlaced
7852,7.9,0,2,1,72.0,4.3,Yes,Yes,60.0,72.0,NotPlaced
7519,8.4,0,1,1,78.0,3.8,Yes,No,64.0,68.0,NotPlaced
4867,7.3,1,1,2,81.0,3.7,No,Yes,58.0,76.0,NotPlaced
340,8.4,0,3,2,85.0,4.6,Yes,Yes,90.0,79.0,NotPlaced
1704,7.0,1,1,1,61.0,3.5,No,No,55.0,67.0,NotPlaced
9226,7.7,1,2,2,83.0,3.9,Yes,Yes,81.0,75.0,NotPlaced
8157,8.3,2,3,3,90.0,4.8,Yes,Yes,76.0,77.0,Placed
9967,8.3,1,3,2,90.0,4.8,Yes,Yes,82.0,84.0,Placed
7398,8.0,2,3,2,90.0,4.8,Yes,Yes,81.0,87.0,Placed
2642,8.1,1,2,0,89.0,4.8,Yes,Yes,77.0,83.0,NotPlaced
1272,7.5,1,1,0,68.0,4.1,Yes,Yes,55.0,67.0,NotPlaced
8172,8.6,0,3,3,90.0,4.8,Yes,Yes,70.0,84.0,Placed
3920,8.2,1,3,2,82.0,4.3,Yes,Yes,69.0,81.0,NotPlaced
2487,8.1,1,3,2,85.0,4.7,Yes,Yes,68.0,88.0,Placed
5004,8.2,1,3,0,82.0,4.1,Yes,Yes,85.0,86.0,NotPlaced
7505,6.7,1,2,0,73.0,3.4,No,Yes,55.0,59.0,NotPlaced
8969,6.9,1,1,1,72.0,3.6,No,No,61.0,59.0,NotPlaced
3866,8.2,2,3,3,88.0,4.5,No,Yes,74.0,85.0,NotPlaced
8811,7.5,1,2,0,78.0,4.4,Yes,Yes,61.0,71.0,NotPlaced
7768,6.8,0,1,0,60.0,3.9,No,No,67.0,61.0,NotPlaced
4817,8.3,1,3,1,89.0,4.8,Yes,Yes,79.0,84.0,Placed
3713,7.7,1,1,0,60.0,3.7,No,Yes,66.0,63.0,NotPlaced
888,7.4,1,1,1,81.0,3.8,No,Yes,55.0,84.0,NotPlaced
8450,8.4,2,3,3,89.0,4.6,Yes,Yes,77.0,85.0,Placed
6879,6.5,1,2,0,70.0,4.0,No,Yes,68.0,66.0,NotPlaced
9207,7.5,1,1,0,60.0,4.2,No,Yes,55.0,59.0,Placed
4598,7.6,0,1,0,86.0,4.2,No,Yes,55.0,70.0,NotPlaced
3628,7.9,1,3,0,75.0,4.1,Yes,No,75.0,74.0,NotPlaced
2823,7.6,1,3,1,86.0,4.6,Yes,Yes,67.0,62.0,NotPlaced
6666,7.3,0,2,0,83.0,4.5,No,No,60.0,69.0,NotPlaced
5341,6.7,1,2,2,76.0,3.8,No,Yes,61.0,61.0,NotPlaced
5466,8.2,2,2,1,74.0,4.2,No,Yes,76.0,69.0,Placed
6437,8.3,1,3,2,79.0,4.4,Yes,No,70.0,86.0,NotPlaced
178,8.5,1,3,2,90.0,4.8,Yes,Yes,61.0,86.0,Placed
747,7.9,1,1,1,65.0,4.3,No,No,57.0,80.0,NotPlaced
7730,8.3,2,3,0,90.0,4.8,Yes,Yes,75.0,86.0,Placed
9921,7.3,1,3,2,75.0,4.2,Yes,Yes,72.0,84.0,NotPlaced
9367,6.5,1,2,0,78.0,4.0,Yes,Yes,69.0,65.0,NotPlaced
2830,8.4,2,2,2,77.0,4.8,Yes,Yes,71.0,84.0,Placed
7252,8.5,2,2,2,85.0,4.5,Yes,Yes,68.0,86.0,NotPlaced
6898,8.0,0,3,2,80.0,4.1,Yes,Yes,70.0,79.0,Placed
4371,6.6,0,2,0,64.0,3.8,No,Yes,55.0,70.0,NotPlaced
5334,7.5,0,1,2,73.0,3.9,No,Yes,55.0,67.0,Placed
8909,8.6,1,3,2,87.0,4.8,Yes,Yes,82.0,88.0,Placed
8871,8.2,2,3,2,83.0,4.6,Yes,Yes,69.0,77.0,Placed
3514,8.0,0,1,1,81.0,4.0,No,No,55.0,73.0,NotPlaced
1248,7.7,1,3,2,90.0,4.8,Yes,Yes,79.0,88.0,Placed
46,6.7,1,1,2,73.0,4.5,No,No,55.0,66.0,Placed
5475,7.5,1,3,0,90.0,4.3,Yes,Yes,78.0,83.0,Placed
5468,7.7,1,3,0,85.0,4.8,Yes,No,68.0,87.0,Placed
1869,7.4,1,1,1,75.0,3.7,No,No,61.0,68.0,NotPlaced
6754,7.8,1,3,0,83.0,4.8,Yes,Yes,70.0,85.0,NotPlaced
6308,8.9,1,3,2,90.0,4.3,Yes,Yes,66.0,83.0,Placed
4650,7.8,1,2,1,70.0,4.3,Yes,Yes,59.0,71.0,Placed
6842,8.2,2,3,2,90.0,4.8,Yes,Yes,80.0,87.0,Placed
2566,8.3,1,2,0,76.0,4.4,Yes,Yes,82.0,84.0,Placed
4236,8.4,1,2,2,79.0,4.2,Yes,No,77.0,81.0,NotPlaced
4190,8.2,1,3,1,88.0,4.8,Yes,Yes,63.0,81.0,Placed
6109,7.8,1,1,1,75.0,3.8,No,No,59.0,63.0,NotPlaced
6225,7.5,1,1,2,68.0,3.9,Yes,Yes,80.0,78.0,NotPlaced
9762,7.9,1,3,0,81.0,4.5,Yes,Yes,66.0,74.0,NotPlaced
4363,7.6,1,1,0,67.0,3.8,No,No,62.0,60.0,NotPlaced
2708,7.5,0,2,0,80.0,4.4,No,Yes,65.0,68.0,NotPlaced
116,7.6,1,1,1,67.0,3.5,No,No,55.0,67.0,NotPlaced
9070,6.5,1,2,0,76.0,3.7,No,No,56.0,67.0,NotPlaced
4808,6.5,1,1,1,68.0,4.7,No,No,59.0,73.0,NotPlaced
600,7.6,1,2,1,85.0,4.6,No,No,90.0,79.0,NotPlaced
3224,7.8,0,3,2,82.0,4.5,No,Yes,60.0,63.0,Placed
4084,8.1,1,3,0,90.0,4.4,Yes,Yes,89.0,80.0,Placed
582,8.7,2,3,2,90.0,4.8,Yes,Yes,77.0,86.0,Placed
6715,8.4,1,3,3,78.0,4.7,Yes,Yes,77.0,83.0,NotPlaced
3569,7.8,2,3,2,90.0,4.8,Yes,Yes,90.0,79.0,Placed
8455,8.3,0,2,0,85.0,4.2,No,No,56.0,67.0,NotPlaced
7320,8.5,0,3,0,90.0,4.8,Yes,Yes,55.0,86.0,Placed
9690,6.5,0,1,0,75.0,3.9,No,No,55.0,60.0,NotPlaced
8932,7.4,0,2,2,83.0,4.5,Yes,Yes,82.0,71.0,NotPlaced
8348,8.4,2,3,1,86.0,4.7,Yes,Yes,90.0,80.0,Placed
7228,8.7,2,1,2,81.0,4.5,Yes,Yes,80.0,80.0,NotPlaced
5515,7.2,1,2,1,77.0,4.1,No,Yes,55.0,64.0,NotPlaced
6612,8.6,1,3,2,82.0,4.8,Yes,Yes,88.0,81.0,Placed
5730,8.5,0,3,0,84.0,4.5,Yes,Yes,73.0,65.0,Placed
1693,7.8,2,3,0,90.0,4.7,Yes,Yes,80.0,78.0,Placed
5275,6.8,1,2,0,71.0,4.3,Yes,Yes,60.0,59.0,NotPlaced
8793,8.3,2,2,3,87.0,4.8,Yes,Yes,81.0,84.0,NotPlaced
7678,6.8,1,1,1,73.0,3.9,No,Yes,78.0,67.0,NotPlaced
1905,8.4,1,3,2,90.0,4.6,Yes,Yes,73.0,84.0,Placed
8389,7.4,1,1,0,72.0,4.1,No,Yes,76.0,74.0,NotPlaced
4511,7.4,0,1,1,67.0,4.5,Yes,No,55.0,68.0,NotPlaced
6492,8.2,1,1,2,79.0,4.8,Yes,Yes,61.0,58.0,NotPlaced
8002,8.1,2,3,2,90.0,4.6,Yes,Yes,79.0,84.0,Placed
914,7.6,1,3,0,80.0,4.3,Yes,Yes,84.0,67.0,NotPlaced
1538,7.8,2,2,0,69.0,3.7,No,No,70.0,67.0,NotPlaced
4282,6.6,1,1,0,72.0,4.2,No,No,55.0,61.0,NotPlaced
6157,7.8,1,2,0,86.0,4.6,No,Yes,56.0,66.0,NotPlaced
4208,6.9,1,2,2,77.0,4.0,No,Yes,55.0,64.0,NotPlaced
3245,7.7,0,3,1,68.0,4.4,Yes,No,62.0,62.0,NotPlaced
7513,6.9,1,2,1,74.0,4.0,Yes,Yes,59.0,66.0,NotPlaced
9751,7.5,1,1,0,69.0,3.9,No,Yes,55.0,72.0,NotPlaced
2283,7.5,1,3,1,78.0,4.0,No,No,83.0,73.0,NotPlaced
4073,7.5,1,2,0,78.0,3.7,No,No,70.0,67.0,NotPlaced
9579,8.6,1,3,2,88.0,4.8,Yes,Yes,70.0,83.0,Placed
6185,7.6,1,2,1,79.0,4.3,No,Yes,75.0,72.0,NotPlaced
1854,6.7,1,2,1,74.0,4.1,Yes,Yes,56.0,67.0,Placed
7972,7.7,1,3,0,80.0,4.8,Yes,Yes,76.0,86.0,Placed
8139,7.9,0,1,1,61.0,4.4,No,No,55.0,64.0,NotPlaced
740,6.5,2,1,0,79.0,3.6,No,No,63.0,65.0,NotPlaced
1205,7.4,0,2,0,78.0,4.4,No,Yes,78.0,69.0,NotPlaced
5168,8.8,2,3,2,84.0,4.3,Yes,Yes,82.0,81.0,Placed
3924,7.6,1,2,0,76.0,4.2,No,Yes,57.0,64.0,NotPlaced
8743,7.5,1,1,1,70.0,3.3,No,No,59.0,58.0,NotPlaced
4070,6.6,1,1,1,66.0,3.9,Yes,Yes,57.0,67.0,NotPlaced
4272,6.8,1,1,1,85.0,3.9,Yes,No,71.0,62.0,NotPlaced
4095,7.5,2,3,1,83.0,4.2,Yes,Yes,76.0,75.0,Placed
5216,7.5,1,2,1,76.0,3.8,No,No,55.0,63.0,NotPlaced
9107,8.3,2,3,2,90.0,4.8,Yes,Yes,80.0,81.0,Placed
3727,7.8,1,3,0,90.0,4.0,Yes,Yes,84.0,79.0,Placed
4957,7.4,1,2,1,71.0,4.1,No,Yes,62.0,72.0,NotPlaced
6655,8.3,1,3,2,83.0,4.7,Yes,No,77.0,87.0,Placed
3688,7.3,1,2,1,83.0,3.9,Yes,Yes,74.0,66.0,Placed
2131,8.1,0,2,0,70.0,4.8,Yes,Yes,78.0,86.0,Placed
3641,7.5,1,1,0,71.0,4.1,Yes,Yes,55.0,70.0,NotPlaced
7060,7.5,1,1,1,70.0,4.0,Yes,Yes,55.0,64.0,NotPlaced
2015,6.5,1,2,1,62.0,4.4,No,Yes,60.0,66.0,NotPlaced
4159,8.2,1,1,1,66.0,3.6,No,Yes,62.0,69.0,NotPlaced
9880,7.8,1,3,2,82.0,4.2,No,Yes,85.0,69.0,Placed
2377,8.2,2,3,2,90.0,4.8,Yes,Yes,76.0,85.0,Placed
6976,6.7,1,2,1,69.0,4.0,No,Yes,59.0,64.0,NotPlaced
2010,8.1,2,3,2,90.0,3.7,Yes,Yes,78.0,77.0,Placed
6967,6.8,1,2,0,75.0,4.3,Yes,Yes,73.0,73.0,NotPlaced
3031,7.8,1,1,0,74.0,3.8,No,No,61.0,68.0,NotPlaced
1757,7.8,2,3,2,90.0,4.8,Yes,Yes,74.0,88.0,Placed
2940,8.2,1,2,2,90.0,4.7,Yes,Yes,83.0,87.0,NotPlaced
7452,7.4,1,1,1,69.0,4.2,Yes,No,60.0,69.0,NotPlaced
386,8.5,1,3,2,74.0,4.1,No,Yes,76.0,68.0,Placed
5925,8.0,0,2,2,79.0,4.4,No,Yes,55.0,68.0,NotPlaced
335,8.0,1,2,1,88.0,3.6,No,Yes,69.0,69.0,NotPlaced
2995,6.5,0,1,1,90.0,3.7,No,Yes,64.0,71.0,NotPlaced
1131,7.4,1,2,1,63.0,3.6,Yes,Yes,57.0,61.0,NotPlaced
6141,6.9,0,2,0,69.0,3.4,No,No,66.0,72.0,NotPlaced
6168,6.5,0,3,0,81.0,3.8,No,Yes,59.0,69.0,NotPlaced
1973,8.2,1,1,0,75.0,4.1,Yes,No,65.0,70.0,NotPlaced
5412,7.7,1,3,0,78.0,4.4,Yes,No,55.0,62.0,NotPlaced
2810,6.5,1,1,0,77.0,3.9,Yes,Yes,78.0,67.0,NotPlaced
6134,8.4,2,3,2,90.0,4.8,Yes,Yes,73.0,85.0,Placed
8296,6.7,2,2,1,76.0,3.9,Yes,Yes,55.0,84.0,Placed
5453,7.5,1,2,1,81.0,4.2,No,Yes,61.0,68.0,NotPlaced
3621,7.3,0,1,1,69.0,4.6,No,No,58.0,65.0,NotPlaced
4751,6.7,1,1,0,71.0,4.5,No,No,58.0,59.0,NotPlaced
5478,7.8,1,1,1,65.0,3.7,No,No,55.0,64.0,NotPlaced
1515,7.5,1,1,0,65.0,3.8,No,Yes,55.0,74.0,NotPlaced
2547,6.9,1,2,1,60.0,4.8,Yes,Yes,69.0,69.0,NotPlaced
5878,7.8,1,2,0,78.0,3.7,Yes,Yes,86.0,64.0,Placed
8683,8.6,1,2,0,68.0,3.9,Yes,Yes,72.0,83.0,Placed
3865,6.5,1,1,1,68.0,3.7,No,No,55.0,64.0,NotPlaced
1389,7.8,1,3,2,89.0,4.6,Yes,Yes,72.0,81.0,Placed
6896,8.7,1,3,2,81.0,4.7,Yes,Yes,74.0,74.0,Placed
4318,8.6,2,3,2,90.0,4.8,Yes,Yes,84.0,87.0,Placed
7637,7.5,1,1,1,80.0,4.1,Yes,Yes,73.0,69.0,NotPlaced
7368,7.4,1,1,1,73.0,3.6,No,Yes,62.0,63.0,NotPlaced
3095,7.6,1,2,0,65.0,4.8,Yes,Yes,73.0,85.0,NotPlaced
2378,8.5,2,3,2,90.0,4.8,Yes,Yes,82.0,88.0,Placed
3010,8.2,2,3,2,90.0,4.8,Yes,Yes,78.0,88.0,Placed
5932,7.6,1,2,1,81.0,3.9,No,No,74.0,66.0,NotPlaced
9984,6.6,2,1,0,60.0,4.1,Yes,No,61.0,66.0,NotPlaced
8606,7.5,1,1,0,76.0,4.0,Yes,No,55.0,67.0,NotPlaced
2825,7.3,1,1,0,84.0,4.5,No,Yes,55.0,75.0,NotPlaced
4989,7.7,1,1,1,68.0,4.6,Yes,No,65.0,65.0,NotPlaced
2241,7.8,1,1,0,73.0,3.2,No,Yes,57.0,69.0,NotPlaced
4909,8.4,1,2,1,87.0,4.7,No,Yes,76.0,67.0,NotPlaced
4571,8.6,0,2,1,79.0,3.8,Yes,Yes,69.0,86.0,Placed
6930,6.7,1,1,1,63.0,4.6,No,No,55.0,69.0,NotPlaced
705,8.4,2,3,2,90.0,4.7,Yes,Yes,76.0,84.0,Placed
8995,7.9,1,1,0,73.0,4.0,No,Yes,62.0,64.0,NotPlaced
4734,8.6,1,3,0,74.0,4.4,Yes,Yes,86.0,81.0,Placed
9398,6.5,1,1,0,79.0,3.8,No,Yes,55.0,72.0,Placed
505,6.7,2,0,0,69.0,3.9,No,Yes,76.0,71.0,NotPlaced
3818,7.5,1,2,0,72.0,4.2,Yes,No,63.0,69.0,NotPlaced
7261,6.8,2,2,0,76.0,4.2,No,Yes,59.0,65.0,NotPlaced
7180,6.6,2,1,2,90.0,4.8,Yes,No,84.0,67.0,NotPlaced
9427,7.4,1,2,1,72.0,4.4,Yes,Yes,61.0,82.0,Placed
199,7.6,1,1,1,82.0,4.8,Yes,Yes,79.0,86.0,Placed
6628,8.2,2,3,2,90.0,4.8,Yes,Yes,74.0,85.0,NotPlaced
8798,8.5,2,2,2,82.0,4.5,Yes,Yes,55.0,81.0,NotPlaced
7701,8.2,1,2,0,88.0,4.3,No,No,76.0,81.0,Placed
5083,8.3,2,1,2,81.0,4.8,Yes,No,89.0,83.0,NotPlaced
7357,7.7,2,2,2,85.0,4.7,Yes,Yes,83.0,82.0,Placed
1808,8.4,1,3,2,90.0,4.8,Yes,Yes,72.0,85.0,Placed
7338,6.6,1,2,0,81.0,4.5,Yes,Yes,62.0,64.0,Placed
7647,8.3,2,3,0,90.0,4.8,Yes,Yes,84.0,86.0,Placed
2196,8.3,1,3,2,79.0,4.4,Yes,Yes,78.0,83.0,Placed
591,6.5,0,3,0,68.0,4.2,Yes,No,64.0,62.0,Placed
5580,8.4,1,2,2,79.0,4.8,Yes,Yes,61.0,81.0,NotPlaced
399,7.4,1,1,1,87.0,4.6,No,Yes,68.0,65.0,NotPlaced
7967,6.5,0,1,0,64.0,4.1,No,No,63.0,70.0,NotPlaced
902,8.0,1,2,1,81.0,4.4,Yes,Yes,83.0,84.0,Placed
198,8.5,2,3,0,86.0,4.2,Yes,Yes,60.0,85.0,Placed
875,6.5,1,1,2,71.0,4.1,Yes,Yes,64.0,85.0,NotPlaced
5610,6.5,1,1,0,85.0,4.6,No,Yes,59.0,65.0,NotPlaced
1796,8.3,0,2,2,82.0,4.4,No,Yes,81.0,67.0,NotPlaced
4952,6.5,2,1,1,73.0,4.3,Yes,No,86.0,81.0,NotPlaced
6647,8.5,2,3,2,78.0,4.8,Yes,Yes,68.0,84.0,Placed
2909,7.4,1,1,1,77.0,3.9,No,Yes,59.0,69.0,NotPlaced
7347,8.2,2,3,0,76.0,4.2,Yes,Yes,72.0,67.0,Placed
877,8.7,1,3,2,90.0,4.8,Yes,Yes,76.0,85.0,Placed
6430,8.5,1,1,2,77.0,4.6,No,Yes,55.0,82.0,Placed
331,6.5,0,2,0,80.0,4.6,Yes,Yes,62.0,86.0,Placed
7633,7.5,1,1,0,77.0,4.0,No,Yes,55.0,63.0,NotPlaced
8639,6.9,1,2,0,67.0,3.7,No,Yes,76.0,71.0,NotPlaced
8818,7.8,1,1,0,66.0,3.7,Yes,Yes,62.0,67.0,Placed
8191,7.6,1,2,0,67.0,4.2,No,Yes,74.0,75.0,NotPlaced
3544,6.8,0,2,1,71.0,4.0,No,No,58.0,70.0,NotPlaced
2360,8.8,1,3,0,86.0,4.4,Yes,Yes,63.0,72.0,NotPlaced
3169,7.7,1,2,0,82.0,4.1,No,No,55.0,65.0,NotPlaced
5410,8.1,1,3,2,90.0,4.7,Yes,Yes,85.0,83.0,Placed
7753,7.5,1,2,0,79.0,4.4,Yes,No,62.0,69.0,NotPlaced
3912,7.6,1,2,2,72.0,4.5,Yes,No,87.0,84.0,Placed
6769,8.3,1,2,0,70.0,4.3,Yes,Yes,72.0,81.0,NotPlaced
1994,7.6,2,1,0,77.0,4.2,No,Yes,72.0,68.0,Placed
3538,8.4,1,1,0,74.0,4.3,Yes,Yes,72.0,88.0,NotPlaced
6004,8.3,1,2,1,76.0,4.2,Yes,Yes,78.0,80.0,NotPlaced
7183,8.0,2,2,2,85.0,4.7,Yes,Yes,75.0,84.0,Placed
4323,7.9,1,3,1,71.0,4.6,Yes,Yes,57.0,68.0,NotPlaced
6237,7.8,1,3,0,82.0,3.9,No,No,55.0,83.0,NotPlaced
152,8.6,0,3,2,90.0,4.8,Yes,Yes,73.0,78.0,Placed
6156,8.3,1,3,2,89.0,4.7,Yes,Yes,69.0,85.0,Placed
9556,7.5,2,3,0,90.0,4.7,Yes,No,88.0,86.0,Placed
8318,6.7,0,1,0,74.0,4.0,No,No,60.0,63.0,NotPlaced
4916,7.5,0,3,2,90.0,4.3,No,Yes,89.0,86.0,Placed
7598,7.0,1,1,2,83.0,4.8,Yes,Yes,83.0,80.0,Placed
2539,8.4,2,3,2,90.0,4.8,Yes,Yes,69.0,63.0,Placed
9292,8.7,1,3,0,89.0,4.5,Yes,Yes,70.0,84.0,Placed
3092,8.1,1,2,0,90.0,4.6,Yes,Yes,84.0,86.0,Placed
9013,6.8,1,1,0,77.0,4.2,Yes,Yes,64.0,64.0,NotPlaced
5533,7.5,1,2,1,72.0,4.5,Yes,Yes,78.0,81.0,NotPlaced
2877,7.8,1,2,0,78.0,4.8,No,Yes,57.0,74.0,NotPlaced
9801,7.5,1,2,1,72.0,4.8,No,Yes,55.0,73.0,NotPlaced
5197,8.3,1,1,2,88.0,3.8,Yes,Yes,89.0,68.0,Placed
7745,8.0,1,2,1,80.0,4.7,Yes,Yes,70.0,81.0,NotPlaced
9288,8.0,2,3,2,90.0,4.8,Yes,Yes,75.0,88.0,Placed
1533,8.0,2,3,2,90.0,4.1,Yes,No,88.0,79.0,NotPlaced
4325,8.3,2,3,2,82.0,4.7,Yes,Yes,79.0,82.0,Placed
9518,7.8,1,2,0,83.0,3.5,No,No,57.0,63.0,NotPlaced
3572,7.1,2,1,1,77.0,4.4,No,Yes,75.0,82.0,Placed
4374,8.3,0,3,2,87.0,4.7,Yes,Yes,77.0,83.0,Placed
9095,8.3,0,3,2,90.0,4.7,Yes,Yes,85.0,88.0,Placed
4587,6.6,1,1,0,90.0,3.9,No,Yes,55.0,66.0,NotPlaced
6178,7.6,1,1,2,85.0,4.3,No,Yes,60.0,87.0,Placed
5855,7.4,1,3,2,70.0,4.4,No,No,58.0,70.0,NotPlaced
3706,7.6,0,3,0,71.0,3.9,Yes,Yes,57.0,75.0,NotPlaced
2867,7.7,1,3,1,76.0,4.0,No,No,65.0,61.0,NotPlaced
1113,7.4,1,3,1,87.0,3.6,No,No,57.0,61.0,NotPlaced
504,7.2,0,2,1,60.0,3.6,No,No,74.0,71.0,NotPlaced
8513,7.5,1,2,2,68.0,4.0,Yes,Yes,69.0,68.0,Placed
1795,7.4,1,2,1,76.0,4.3,No,Yes,77.0,71.0,NotPlaced
1468,6.6,1,1,1,71.0,4.2,Yes,Yes,55.0,71.0,NotPlaced
1644,8.4,2,3,0,84.0,4.8,Yes,Yes,71.0,81.0,NotPlaced
7576,8.3,2,3,2,90.0,4.4,Yes,Yes,90.0,84.0,Placed
1241,8.2,1,3,2,90.0,4.4,Yes,Yes,85.0,84.0,Placed
6849,7.6,1,2,1,80.0,4.8,No,Yes,82.0,65.0,NotPlaced
9081,6.9,1,1,0,78.0,3.9,Yes,Yes,73.0,62.0,NotPlaced
3365,6.6,1,3,2,90.0,4.3,Yes,Yes,82.0,80.0,Placed
4764,7.5,1,1,0,64.0,4.0,No,No,58.0,71.0,NotPlaced
3636,7.4,1,1,1,71.0,4.4,Yes,Yes,68.0,66.0,NotPlaced
8593,6.5,2,3,2,80.0,4.8,Yes,Yes,78.0,82.0,NotPlaced
3936,7.5,1,1,0,84.0,4.2,No,Yes,56.0,69.0,NotPlaced
5845,7.8,1,3,2,87.0,4.8,Yes,Yes,67.0,88.0,Placed
2046,7.5,0,1,1,70.0,4.3,No,No,64.0,66.0,NotPlaced
4958,7.9,1,3,1,76.0,4.3,No,No,62.0,65.0,NotPlaced
6063,7.5,1,3,1,73.0,4.0,No,Yes,55.0,68.0,NotPlaced
6431,8.4,2,3,3,90.0,4.8,Yes,No,66.0,71.0,NotPlaced
5350,7.7,1,1,0,71.0,3.5,No,Yes,59.0,64.0,NotPlaced
4288,8.0,2,3,2,89.0,4.8,Yes,No,86.0,83.0,Placed
4653,7.5,1,2,1,79.0,4.5,No,Yes,61.0,70.0,NotPlaced
6917,6.5,1,1,1,70.0,3.5,No,Yes,60.0,75.0,NotPlaced
9169,7.3,0,3,1,70.0,3.8,Yes,No,56.0,76.0,Placed
4018,7.8,1,2,0,78.0,4.0,Yes,Yes,67.0,72.0,NotPlaced
7280,8.0,1,1,2,78.0,4.3,Yes,No,67.0,69.0,NotPlaced
2926,7.2,1,1,1,62.0,4.0,No,No,74.0,63.0,NotPlaced
5355,6.9,1,3,2,65.0,4.0,No,Yes,79.0,60.0,NotPlaced
8761,8.3,2,3,0,88.0,4.8,Yes,Yes,77.0,81.0,NotPlaced
8535,8.3,2,2,1,87.0,4.5,Yes,Yes,82.0,80.0,NotPlaced
1041,8.2,2,1,0,74.0,4.5,Yes,Yes,77.0,67.0,NotPlaced
5577,7.5,1,1,0,68.0,3.6,No,Yes,69.0,62.0,NotPlaced
485,6.5,1,1,0,74.0,3.9,No,No,70.0,67.0,NotPlaced
453,7.6,0,2,0,83.0,4.2,No,Yes,55.0,70.0,NotPlaced
4998,8.5,1,1,2,75.0,4.8,No,Yes,75.0,62.0,Placed
6259,7.5,0,1,0,72.0,4.0,No,Yes,55.0,87.0,NotPlaced
4710,8.4,2,3,3,90.0,4.6,Yes,Yes,70.0,78.0,Placed
3576,8.6,2,3,2,90.0,4.8,Yes,Yes,71.0,80.0,Placed
8620,8.2,1,1,2,90.0,4.8,Yes,Yes,71.0,87.0,Placed
5677,7.7,0,1,0,66.0,3.7,No,No,55.0,70.0,NotPlaced
8792,6.5,1,1,1,76.0,4.8,Yes,No,57.0,79.0,NotPlaced
6111,7.6,1,1,0,69.0,3.4,Yes,Yes,73.0,59.0,NotPlaced
3895,7.6,1,1,0,68.0,4.0,No,No,62.0,72.0,NotPlaced
3050,7.8,2,3,2,90.0,4.5,Yes,Yes,82.0,82.0,Placed
7440,8.1,0,2,0,84.0,4.0,Yes,Yes,68.0,69.0,NotPlaced
8096,7.5,1,1,1,76.0,3.6,No,No,58.0,70.0,NotPlaced
6905,8.2,1,3,0,79.0,4.6,No,Yes,71.0,68.0,NotPlaced
6199,7.1,2,1,1,81.0,4.6,Yes,Yes,77.0,83.0,NotPlaced
2678,7.2,1,2,3,78.0,4.5,Yes,Yes,70.0,74.0,NotPlaced
9256,7.7,0,1,0,73.0,4.3,Yes,Yes,57.0,65.0,Placed
9308,8.3,1,3,2,85.0,4.8,Yes,Yes,80.0,82.0,Placed
5809,8.1,2,3,2,90.0,4.8,Yes,Yes,90.0,83.0,Placed
9760,7.7,0,2,1,71.0,4.3,Yes,Yes,60.0,73.0,NotPlaced
1997,7.7,1,2,0,79.0,4.1,Yes,Yes,66.0,72.0,NotPlaced
5998,7.7,1,2,0,78.0,4.0,No,Yes,57.0,68.0,NotPlaced
2976,8.3,1,2,1,74.0,4.2,Yes,Yes,76.0,81.0,NotPlaced
6349,8.6,2,3,2,88.0,4.7,Yes,Yes,73.0,84.0,NotPlaced
6231,7.6,1,1,1,65.0,3.5,No,No,55.0,58.0,NotPlaced
7463,7.5,0,1,2,72.0,4.4,No,Yes,55.0,69.0,NotPlaced
5337,8.0,1,3,0,77.0,4.7,Yes,Yes,60.0,85.0,Placed
4022,8.5,0,1,0,86.0,4.7,Yes,Yes,72.0,83.0,Placed
2967,6.7,2,1,1,75.0,4.6,No,No,61.0,67.0,NotPlaced
6122,8.1,2,1,0,76.0,4.3,No,No,67.0,71.0,NotPlaced
3415,6.6,1,1,0,73.0,4.6,No,No,66.0,72.0,NotPlaced
3770,7.6,1,2,1,87.0,4.2,No,Yes,75.0,68.0,NotPlaced
950,8.0,0,3,0,88.0,4.6,Yes,Yes,84.0,70.0,Placed
1024,7.4,1,1,0,64.0,4.7,Yes,Yes,55.0,72.0,NotPlaced
9537,7.5,1,2,1,78.0,4.8,Yes,Yes,58.0,84.0,NotPlaced
1576,7.6,1,3,2,84.0,4.4,Yes,Yes,82.0,85.0,Placed
4296,8.6,2,3,2,83.0,4.8,Yes,No,55.0,67.0,NotPlaced
3432,8.2,0,3,2,79.0,3.9,No,Yes,81.0,65.0,NotPlaced
7781,8.1,1,3,0,87.0,4.1,No,Yes,78.0,85.0,Placed
2713,6.8,1,1,0,73.0,4.3,No,No,63.0,68.0,NotPlaced
7276,8.3,1,2,1,77.0,3.5,No,Yes,65.0,68.0,NotPlaced
3567,8.2,2,1,2,90.0,4.8,Yes,No,73.0,70.0,NotPlaced
9980,8.3,2,3,2,90.0,4.7,Yes,Yes,79.0,73.0,Placed
28,8.3,1,1,1,81.0,4.5,Yes,Yes,64.0,65.0,NotPlaced
5009,8.2,2,3,2,90.0,4.8,Yes,No,77.0,83.0,Placed
6366,7.6,0,2,1,80.0,4.6,Yes,Yes,72.0,83.0,NotPlaced
5786,7.6,1,2,1,77.0,4.4,No,Yes,55.0,68.0,NotPlaced
7997,7.5,2,3,0,85.0,4.3,No,No,55.0,69.0,Placed
9130,8.5,2,1,0,86.0,4.7,Yes,Yes,64.0,83.0,NotPlaced
2821,8.1,2,3,2,90.0,4.8,Yes,Yes,81.0,87.0,Placed
7407,6.7,1,1,2,74.0,4.3,Yes,No,62.0,72.0,Placed
3481,6.7,1,1,0,89.0,4.6,No,No,55.0,68.0,NotPlaced
2545,8.2,0,1,1,85.0,4.7,Yes,No,81.0,66.0,NotPlaced
1966,6.8,0,1,0,70.0,3.3,No,No,55.0,70.0,NotPlaced
2334,8.0,0,3,2,90.0,4.8,Yes,Yes,79.0,83.0,Placed
1828,7.5,1,1,1,69.0,4.0,No,Yes,61.0,69.0,NotPlaced
420,7.8,1,3,0,78.0,4.4,No,Yes,77.0,70.0,Placed
9498,7.4,1,1,0,76.0,4.7,Yes,Yes,61.0,82.0,Placed
3755,8.4,2,3,2,90.0,4.7,Yes,Yes,88.0,80.0,Placed
1484,8.3,1,3,2,90.0,4.8,Yes,Yes,70.0,82.0,Placed
7951,8.3,1,3,2,88.0,4.8,Yes,Yes,76.0,86.0,Placed
1276,8.5,2,3,0,90.0,4.8,Yes,Yes,73.0,88.0,Placed
698,7.7,1,2,1,74.0,4.1,No,Yes,67.0,64.0,NotPlaced
1257,7.6,1,1,1,77.0,4.1,No,Yes,64.0,70.0,NotPlaced
2418,7.5,0,3,0,78.0,4.7,No,No,55.0,70.0,NotPlaced
2579,6.7,0,2,0,82.0,4.3,No,Yes,55.0,62.0,NotPlaced
1988,7.5,0,2,1,67.0,4.4,No,Yes,55.0,68.0,NotPlaced
3300,7.1,1,3,2,76.0,4.8,Yes,Yes,78.0,80.0,Placed
6123,7.4,1,1,1,78.0,4.8,Yes,Yes,72.0,61.0,NotPlaced
6217,7.4,0,1,0,65.0,4.2,No,No,64.0,67.0,NotPlaced
2357,7.5,1,1,0,66.0,4.1,No,No,63.0,60.0,NotPlaced
5200,6.5,0,1,0,69.0,3.6,No,Yes,71.0,72.0,NotPlaced
9705,8.1,1,3,0,81.0,3.8,Yes,Yes,76.0,83.0,Placed
7742,8.4,1,3,3,90.0,4.8,Yes,Yes,76.0,86.0,Placed
5166,6.6,1,3,2,85.0,4.7,Yes,Yes,77.0,84.0,Placed
5748,7.7,1,1,0,71.0,4.1,Yes,Yes,75.0,70.0,NotPlaced
4138,7.5,0,1,2,78.0,4.5,Yes,Yes,76.0,67.0,NotPlaced
8525,7.9,2,2,0,77.0,4.4,No,Yes,68.0,68.0,Placed
4725,8.3,2,3,2,90.0,4.4,Yes,Yes,84.0,86.0,Placed
4119,7.8,0,2,0,71.0,4.4,No,Yes,74.0,65.0,NotPlaced
9507,7.7,1,2,0,74.0,3.9,No,Yes,55.0,71.0,NotPlaced
5636,6.6,0,2,0,64.0,3.3,No,Yes,57.0,65.0,NotPlaced
9973,8.4,2,3,2,90.0,4.8,Yes,Yes,85.0,87.0,Placed
2533,7.5,1,3,0,83.0,4.7,Yes,Yes,59.0,87.0,Placed
2788,8.6,1,3,2,87.0,4.1,Yes,Yes,80.0,86.0,Placed
6804,6.5,1,3,1,83.0,4.8,Yes,Yes,78.0,69.0,NotPlaced
7428,8.1,1,2,2,83.0,4.8,Yes,Yes,81.0,82.0,Placed
3724,7.6,0,2,0,68.0,4.6,No,No,59.0,65.0,NotPlaced
2488,6.5,1,2,1,82.0,4.0,No,Yes,55.0,62.0,NotPlaced
7659,7.3,0,2,2,86.0,4.8,Yes,Yes,74.0,86.0,Placed
2458,8.1,0,2,3,72.0,3.2,Yes,Yes,73.0,83.0,Placed
713,7.5,1,1,0,81.0,4.6,Yes,Yes,60.0,67.0,NotPlaced
4015,6.6,1,2,2,77.0,4.0,No,Yes,63.0,65.0,NotPlaced
3664,7.3,1,2,0,82.0,4.6,Yes,Yes,71.0,70.0,NotPlaced
1338,7.5,2,3,1,90.0,4.4,No,Yes,81.0,81.0,NotPlaced
2991,8.3,2,3,2,86.0,4.8,Yes,Yes,78.0,86.0,Placed
6311,6.8,1,1,0,60.0,4.0,No,Yes,64.0,66.0,NotPlaced
3689,7.4,1,3,1,81.0,4.7,No,Yes,69.0,74.0,NotPlaced
4968,8.0,1,3,2,90.0,4.8,Yes,Yes,69.0,85.0,NotPlaced
3184,7.9,1,3,2,88.0,4.8,Yes,Yes,77.0,88.0,NotPlaced
6277,8.5,2,3,2,90.0,4.8,Yes,No,75.0,85.0,Placed
2709,8.5,2,1,2,83.0,4.3,Yes,Yes,65.0,84.0,NotPlaced
1872,7.6,1,2,1,67.0,4.1,No,No,58.0,70.0,NotPlaced
2234,8.4,2,3,2,84.0,4.8,No,Yes,73.0,71.0,Placed
8769,7.6,1,2,0,82.0,3.9,No,No,58.0,68.0,NotPlaced
9312,7.3,1,1,1,70.0,3.9,No,No,59.0,62.0,NotPlaced
6200,7.7,2,3,2,76.0,4.8,Yes,Yes,70.0,85.0,Placed
6201,6.5,2,1,0,76.0,3.7,Yes,Yes,61.0,73.0,NotPlaced
9615,8.3,1,3,0,90.0,4.8,Yes,Yes,83.0,82.0,Placed
6053,7.4,0,1,0,79.0,3.3,No,Yes,58.0,61.0,NotPlaced
6733,7.0,1,1,1,75.0,4.8,No,No,64.0,70.0,NotPlaced
8907,7.5,1,2,1,79.0,4.5,No,Yes,64.0,68.0,NotPlaced
7413,7.4,0,1,1,69.0,4.3,No,Yes,55.0,76.0,NotPlaced
8551,6.9,1,1,0,78.0,4.3,Yes,Yes,55.0,72.0,NotPlaced
1480,7.6,0,1,0,65.0,3.4,No,No,59.0,72.0,NotPlaced
4171,7.4,1,1,0,74.0,3.7,No,No,78.0,65.0,NotPlaced
4901,7.4,1,2,1,70.0,3.8,Yes,Yes,70.0,68.0,NotPlaced
4980,8.6,1,3,2,90.0,4.8,Yes,Yes,78.0,87.0,Placed
2439,7.4,0,2,0,76.0,4.5,No,Yes,72.0,85.0,NotPlaced
4458,7.5,0,3,0,88.0,4.0,No,Yes,71.0,86.0,NotPlaced
2707,8.8,1,3,3,90.0,4.8,Yes,Yes,75.0,84.0,NotPlaced
7358,8.1,1,3,0,87.0,4.7,Yes,Yes,83.0,85.0,Placed
2198,7.6,0,2,2,78.0,4.4,Yes,Yes,80.0,71.0,NotPlaced
2971,6.5,1,1,1,83.0,4.7,No,No,55.0,71.0,NotPlaced
1673,6.6,0,1,1,71.0,3.5,No,No,55.0,60.0,NotPlaced
8970,7.9,1,2,1,81.0,4.8,No,Yes,74.0,65.0,NotPlaced
9380,7.6,1,1,1,72.0,4.5,Yes,Yes,57.0,68.0,NotPlaced
5137,6.5,0,1,0,88.0,4.3,Yes,Yes,76.0,88.0,Placed
1472,8.2,1,2,1,83.0,4.7,No,Yes,71.0,72.0,Placed
1305,8.6,1,3,2,79.0,4.5,Yes,Yes,68.0,82.0,Placed
7469,8.5,0,2,2,85.0,4.1,Yes,Yes,59.0,82.0,Placed
2780,8.1,2,3,2,82.0,4.2,Yes,Yes,72.0,82.0,NotPlaced
3973,7.7,1,2,1,81.0,3.6,Yes,Yes,70.0,63.0,Placed
1216,6.9,1,3,2,82.0,3.5,Yes,Yes,59.0,60.0,Placed
1884,7.4,1,1,0,69.0,4.4,No,No,57.0,66.0,NotPlaced
210,7.8,1,3,0,88.0,4.8,Yes,Yes,70.0,78.0,Placed
2134,8.2,2,3,2,90.0,4.8,Yes,No,83.0,82.0,Placed
1823,8.1,1,3,2,79.0,4.6,No,Yes,64.0,80.0,Placed
5314,8.4,2,3,2,83.0,4.5,Yes,Yes,74.0,86.0,Placed
5066,6.6,1,2,0,79.0,4.4,No,Yes,66.0,68.0,NotPlaced
9433,8.1,2,2,0,90.0,4.8,Yes,Yes,71.0,83.0,Placed
9368,8.1,1,3,0,90.0,4.8,Yes,Yes,74.0,84.0,Placed
9594,6.7,0,2,0,73.0,4.5,No,Yes,60.0,58.0,NotPlaced
2127,8.7,2,3,2,90.0,4.8,Yes,Yes,73.0,82.0,Placed
8684,8.1,1,3,0,75.0,4.5,No,Yes,71.0,68.0,Placed
5386,8.0,1,2,0,68.0,4.5,Yes,No,62.0,65.0,NotPlaced
1672,8.4,1,2,0,80.0,3.3,No,No,55.0,63.0,NotPlaced
209,8.3,2,3,3,90.0,4.5,Yes,Yes,70.0,88.0,Placed
797,8.3,1,3,2,82.0,4.6,Yes,No,80.0,81.0,NotPlaced
7217,8.3,0,1,1,73.0,4.3,No,Yes,59.0,71.0,Placed
5668,6.5,1,3,1,79.0,4.2,Yes,Yes,56.0,65.0,NotPlaced
3874,7.7,1,1,2,86.0,4.2,Yes,Yes,58.0,80.0,NotPlaced
6469,7.5,1,3,0,80.0,4.0,Yes,Yes,79.0,83.0,NotPlaced
4615,6.7,0,1,0,82.0,3.8,No,No,67.0,63.0,NotPlaced
7802,8.5,2,3,1,84.0,4.4,Yes,Yes,87.0,84.0,Placed
8583,7.8,2,1,2,90.0,4.8,Yes,Yes,73.0,83.0,Placed
507,6.6,2,3,1,72.0,4.6,Yes,No,56.0,57.0,NotPlaced
1938,7.6,2,2,1,90.0,4.7,Yes,Yes,70.0,70.0,NotPlaced
5374,8.0,2,3,0,84.0,4.6,Yes,Yes,76.0,83.0,Placed
8822,7.4,1,2,0,75.0,3.9,No,Yes,69.0,70.0,Placed
4041,7.9,1,2,1,86.0,4.2,No,Yes,60.0,63.0,NotPlaced
2719,6.5,0,1,0,68.0,3.6,No,Yes,60.0,75.0,NotPlaced
4204,8.2,1,3,1,80.0,3.9,Yes,Yes,78.0,85.0,Placed
195,6.5,0,1,0,75.0,3.7,No,No,58.0,62.0,NotPlaced
7528,6.6,2,1,0,67.0,3.9,No,No,55.0,74.0,NotPlaced
9532,8.1,1,3,2,90.0,4.8,Yes,Yes,90.0,85.0,Placed
8043,8.1,2,3,2,90.0,4.8,Yes,Yes,83.0,84.0,Placed
7690,8.4,1,2,2,73.0,4.3,Yes,No,71.0,79.0,Placed
9643,7.5,1,1,0,63.0,4.1,Yes,Yes,63.0,71.0,NotPlaced
2330,8.0,1,3,0,83.0,4.1,Yes,Yes,82.0,83.0,Placed
8777,8.2,2,3,0,90.0,4.8,Yes,Yes,68.0,82.0,Placed
5893,7.8,1,3,2,90.0,4.8,Yes,Yes,80.0,88.0,Placed
3845,7.4,1,1,0,85.0,3.5,No,No,68.0,73.0,NotPlaced
5723,7.7,1,0,0,75.0,3.6,Yes,Yes,55.0,82.0,Placed
9953,8.1,2,3,2,90.0,4.8,Yes,Yes,74.0,86.0,Placed
7562,7.3,1,2,1,88.0,4.8,No,No,55.0,74.0,NotPlaced
3708,8.2,0,3,0,84.0,4.7,Yes,No,62.0,65.0,Placed
9887,6.8,0,2,2,80.0,4.5,No,Yes,63.0,66.0,NotPlaced
3906,7.6,0,2,0,87.0,3.8,No,Yes,60.0,66.0,NotPlaced
2672,8.4,1,1,1,82.0,4.3,Yes,Yes,60.0,82.0,NotPlaced
6362,8.0,1,3,2,90.0,4.8,Yes,Yes,76.0,84.0,Placed
2643,8.5,0,2,1,89.0,4.8,Yes,Yes,56.0,72.0,Placed
5169,8.2,2,3,1,90.0,4.7,Yes,Yes,79.0,85.0,Placed
4722,7.8,2,3,2,84.0,4.4,Yes,No,87.0,80.0,NotPlaced
9895,7.8,2,3,0,88.0,4.5,No,Yes,74.0,69.0,Placed
7350,7.7,1,1,1,76.0,4.6,Yes,Yes,59.0,82.0,NotPlaced
6351,7.9,1,3,2,80.0,4.8,Yes,Yes,89.0,86.0,Placed
4464,7.2,1,1,1,72.0,4.0,No,Yes,55.0,69.0,Placed
1478,7.4,1,2,0,76.0,4.2,Yes,Yes,75.0,65.0,NotPlaced
3923,7.8,1,1,0,71.0,4.0,No,Yes,55.0,65.0,NotPlaced
4992,6.9,1,1,0,61.0,3.5,No,No,66.0,66.0,NotPlaced
2726,8.4,1,2,0,78.0,4.2,Yes,Yes,69.0,70.0,NotPlaced
5506,6.5,0,3,1,75.0,4.3,No,No,69.0,62.0,Placed
2705,7.5,1,2,2,72.0,4.1,Yes,Yes,66.0,70.0,NotPlaced
6667,7.1,1,3,2,72.0,3.8,Yes,No,57.0,62.0,NotPlaced
7369,8.0,2,3,0,88.0,4.5,Yes,No,77.0,84.0,NotPlaced
997,8.2,2,3,2,90.0,4.8,Yes,Yes,87.0,88.0,Placed
8065,7.0,1,1,1,68.0,3.7,No,No,55.0,68.0,NotPlaced
3657,7.8,1,2,0,83.0,4.8,Yes,Yes,77.0,68.0,Placed
859,8.6,2,3,2,90.0,4.8,Yes,Yes,79.0,82.0,Placed
7096,7.1,1,1,2,73.0,4.2,Yes,No,78.0,62.0,NotPlaced
220,7.9,2,2,2,88.0,4.8,Yes,Yes,81.0,85.0,Placed
2721,7.5,1,1,0,69.0,4.3,No,No,60.0,71.0,NotPlaced
1804,6.5,1,2,0,84.0,4.7,No,Yes,61.0,68.0,NotPlaced
8085,6.5,1,2,0,67.0,4.1,No,Yes,57.0,71.0,NotPlaced
4583,6.7,1,1,1,67.0,4.0,No,Yes,55.0,69.0,NotPlaced
6335,7.6,1,2,1,75.0,4.1,Yes,Yes,64.0,67.0,NotPlaced
139,7.9,1,3,1,75.0,3.7,No,Yes,62.0,65.0,NotPlaced
2344,7.5,1,2,0,65.0,3.5,No,No,55.0,63.0,NotPlaced
6946,7.5,0,3,1,79.0,4.4,Yes,Yes,55.0,67.0,NotPlaced
7329,6.6,1,1,0,83.0,4.4,No,No,55.0,62.0,NotPlaced
2284,7.6,1,1,1,70.0,4.5,No,No,62.0,71.0,NotPlaced
4052,7.8,2,3,2,88.0,4.5,Yes,Yes,71.0,85.0,Placed
1696,8.4,1,3,0,85.0,3.9,Yes,Yes,77.0,73.0,Placed
9480,8.2,2,3,0,76.0,3.9,Yes,Yes,75.0,66.0,NotPlaced
6903,7.2,1,2,0,79.0,4.1,No,Yes,55.0,64.0,NotPlaced
7968,8.7,1,3,2,90.0,4.7,Yes,Yes,79.0,80.0,Placed
6893,7.2,1,2,0,71.0,3.2,No,No,55.0,69.0,NotPlaced
559,8.6,1,3,2,90.0,4.8,Yes,Yes,90.0,88.0,Placed
7512,8.2,0,1,1,64.0,3.9,No,Yes,55.0,82.0,NotPlaced
6062,8.1,2,3,2,89.0,4.8,Yes,Yes,89.0,71.0,NotPlaced
6714,7.6,2,3,2,90.0,4.7,Yes,Yes,89.0,82.0,Placed
6498,7.2,0,1,1,76.0,4.2,No,No,55.0,69.0,NotPlaced
1375,7.5,1,2,2,86.0,3.6,No,No,74.0,86.0,Placed
2179,8.4,2,3,2,90.0,4.8,Yes,Yes,88.0,80.0,Placed
4798,7.7,2,3,0,80.0,4.8,Yes,Yes,73.0,83.0,Placed
6104,7.6,2,3,2,90.0,4.4,Yes,Yes,77.0,83.0,Placed
9490,8.2,2,3,0,80.0,4.3,Yes,Yes,74.0,66.0,NotPlaced
7679,7.6,1,2,3,81.0,4.6,Yes,Yes,73.0,82.0,NotPlaced
1955,6.5,0,2,1,77.0,4.1,Yes,No,55.0,68.0,NotPlaced
5747,7.6,0,1,1,70.0,3.9,No,Yes,61.0,71.0,NotPlaced
1426,7.5,1,2,1,83.0,4.6,No,Yes,62.0,69.0,NotPlaced
9215,8.1,1,3,2,90.0,4.7,Yes,Yes,71.0,85.0,NotPlaced
1543,6.7,1,1,0,74.0,4.1,No,Yes,55.0,68.0,NotPlaced
8403,7.0,1,2,0,77.0,4.1,No,Yes,66.0,73.0,NotPlaced
9697,7.7,1,1,0,81.0,3.9,No,No,55.0,65.0,NotPlaced
9149,6.8,1,2,2,83.0,4.5,Yes,Yes,77.0,64.0,Placed
1101,7.8,1,1,2,81.0,4.8,Yes,Yes,79.0,65.0,Placed
9182,7.6,1,1,0,72.0,4.5,No,No,55.0,57.0,NotPlaced
3121,7.4,1,1,0,68.0,3.5,No,No,61.0,70.0,NotPlaced
5798,8.2,1,2,2,84.0,4.5,Yes,Yes,68.0,63.0,Placed
2316,7.5,1,1,0,76.0,4.5,Yes,Yes,79.0,88.0,Placed
4424,6.9,2,1,2,89.0,4.7,Yes,Yes,78.0,81.0,Placed
9743,6.5,1,1,1,67.0,3.6,No,No,55.0,65.0,NotPlaced
6975,8.2,2,3,2,90.0,4.5,Yes,Yes,83.0,83.0,Placed
5118,6.8,0,1,0,73.0,4.5,No,No,59.0,60.0,NotPlaced
2965,7.8,1,3,1,90.0,4.4,Yes,Yes,85.0,82.0,Placed
450,8.3,2,3,2,87.0,4.8,Yes,Yes,74.0,80.0,NotPlaced
5879,8.3,1,3,2,85.0,4.7,Yes,Yes,74.0,78.0,NotPlaced
3423,6.6,0,1,1,81.0,3.5,No,Yes,55.0,70.0,NotPlaced
5565,8.0,2,1,2,88.0,3.8,Yes,No,82.0,82.0,NotPlaced
1442,6.6,1,2,0,81.0,4.8,Yes,Yes,70.0,85.0,NotPlaced
7411,7.6,1,1,0,60.0,3.6,No,No,55.0,64.0,NotPlaced
2751,7.7,0,2,1,72.0,4.4,No,Yes,58.0,66.0,NotPlaced
2133,8.1,1,1,0,62.0,3.0,No,No,55.0,67.0,NotPlaced
7281,8.2,2,3,2,90.0,4.8,Yes,Yes,82.0,84.0,Placed
93,8.1,1,3,2,89.0,4.6,Yes,Yes,86.0,80.0,Placed
9573,7.8,0,2,0,86.0,4.3,No,Yes,56.0,73.0,NotPlaced
4927,8.6,2,3,2,90.0,4.8,Yes,Yes,73.0,88.0,Placed
9773,8.2,1,2,1,90.0,4.7,Yes,Yes,81.0,70.0,NotPlaced
2486,8.0,1,2,0,72.0,4.8,Yes,No,87.0,67.0,NotPlaced
3397,6.5,0,1,1,70.0,4.2,No,No,70.0,65.0,NotPlaced
2034,6.9,1,1,1,67.0,4.5,No,Yes,55.0,71.0,NotPlaced
6283,7.6,1,1,0,78.0,4.8,Yes,Yes,67.0,73.0,NotPlaced
346,7.1,1,1,1,63.0,3.6,No,Yes,58.0,68.0,NotPlaced
1346,8.3,1,3,0,90.0,4.1,Yes,Yes,82.0,81.0,Placed
6971,7.8,0,2,1,82.0,4.4,Yes,Yes,73.0,88.0,Placed
9939,7.4,1,1,2,69.0,4.5,No,Yes,57.0,70.0,NotPlaced
5321,7.9,1,2,0,90.0,4.8,No,Yes,75.0,85.0,NotPlaced
7091,8.0,0,3,2,81.0,4.5,Yes,Yes,85.0,88.0,Placed
609,6.8,1,1,0,74.0,3.8,No,Yes,62.0,67.0,NotPlaced
1647,8.5,0,3,2,90.0,4.3,Yes,Yes,80.0,85.0,Placed
7450,7.5,1,2,0,78.0,3.9,No,No,66.0,68.0,NotPlaced
8817,8.0,1,3,0,80.0,4.0,Yes,Yes,83.0,68.0,NotPlaced
5787,8.1,1,3,2,75.0,3.9,Yes,Yes,74.0,83.0,NotPlaced
5946,8.1,0,3,2,84.0,4.8,Yes,Yes,74.0,86.0,NotPlaced
3419,8.0,1,3,2,85.0,4.8,Yes,Yes,76.0,83.0,Placed
3177,6.8,1,2,0,67.0,4.1,No,Yes,57.0,65.0,NotPlaced
6484,6.5,0,1,1,60.0,4.1,No,No,55.0,66.0,NotPlaced
6736,7.9,0,1,0,78.0,4.4,Yes,Yes,77.0,73.0,NotPlaced
4735,8.1,2,3,2,90.0,4.8,Yes,Yes,72.0,83.0,Placed
2335,7.6,1,3,2,90.0,4.3,Yes,Yes,55.0,86.0,Placed
830,7.4,0,1,1,69.0,3.5,No,No,69.0,63.0,NotPlaced
1866,6.7,0,2,0,83.0,4.0,No,Yes,55.0,66.0,NotPlaced
8875,6.5,0,2,0,77.0,4.4,No,Yes,55.0,65.0,NotPlaced
4560,6.9,1,1,0,67.0,3.8,No,No,70.0,60.0,NotPlaced
6646,8.2,2,3,0,83.0,4.3,Yes,Yes,84.0,87.0,Placed
4642,8.3,2,3,2,90.0,4.8,Yes,Yes,73.0,87.0,Placed
8607,6.5,1,1,1,68.0,4.4,Yes,No,60.0,60.0,NotPlaced
9454,8.4,0,1,0,83.0,4.6,Yes,Yes,88.0,84.0,NotPlaced
8653,7.6,1,2,1,80.0,3.9,No,Yes,80.0,66.0,NotPlaced
4740,7.9,2,3,2,90.0,4.8,Yes,No,88.0,77.0,Placed
5995,6.5,1,3,0,72.0,4.6,Yes,Yes,85.0,69.0,Placed
5281,8.4,1,2,0,81.0,4.1,No,Yes,81.0,71.0,Placed
8058,8.3,1,3,2,90.0,4.7,Yes,Yes,69.0,80.0,Placed
6065,8.3,1,2,1,79.0,4.2,No,No,55.0,72.0,NotPlaced
2090,8.7,1,1,2,80.0,3.8,Yes,Yes,60.0,75.0,NotPlaced
8458,7.3,1,2,1,83.0,3.2,No,Yes,68.0,71.0,NotPlaced
6847,7.4,1,1,1,70.0,4.5,No,No,55.0,67.0,NotPlaced
3409,7.8,2,3,2,90.0,4.8,Yes,Yes,68.0,87.0,Placed
8966,7.5,1,3,0,83.0,4.2,Yes,Yes,75.0,80.0,NotPlaced
5697,8.1,0,3,0,86.0,3.7,Yes,Yes,90.0,85.0,Placed
2019,8.0,0,3,2,90.0,4.7,Yes,Yes,71.0,88.0,Placed
4804,8.4,2,1,0,77.0,4.6,No,Yes,55.0,60.0,NotPlaced
8566,8.4,1,3,0,86.0,3.6,Yes,Yes,76.0,87.0,Placed
293,7.5,0,1,1,80.0,4.2,Yes,No,84.0,64.0,NotPlaced
7836,6.5,1,1,0,78.0,4.4,No,Yes,66.0,74.0,NotPlaced
9200,7.8,1,3,2,75.0,4.3,Yes,Yes,55.0,79.0,NotPlaced
3672,8.8,2,3,2,90.0,4.8,Yes,Yes,80.0,83.0,Placed
282,8.2,1,2,1,79.0,3.8,Yes,Yes,55.0,70.0,NotPlaced
1463,8.2,2,3,2,90.0,4.8,Yes,Yes,75.0,85.0,NotPlaced
1282,7.7,1,3,0,81.0,4.1,Yes,Yes,77.0,68.0,Placed
6337,7.8,1,2,2,90.0,4.8,Yes,Yes,81.0,80.0,Placed
2011,7.2,0,1,1,73.0,3.4,No,Yes,73.0,70.0,NotPlaced
3882,7.6,0,2,0,71.0,4.3,No,No,67.0,58.0,NotPlaced
24,7.4,1,1,0,60.0,3.8,No,No,55.0,71.0,NotPlaced
2353,6.5,1,3,2,85.0,3.7,Yes,Yes,79.0,86.0,Placed
389,6.7,1,2,0,86.0,4.4,No,No,76.0,73.0,Placed
8526,7.9,1,2,2,83.0,4.8,Yes,Yes,77.0,85.0,Placed
2014,7.9,1,2,0,75.0,3.8,Yes,No,57.0,66.0,NotPlaced
9009,6.5,1,3,1,75.0,4.5,No,No,60.0,64.0,NotPlaced
3322,6.7,1,1,0,63.0,4.0,No,Yes,55.0,65.0,NotPlaced
5487,7.2,1,1,1,68.0,3.4,No,No,55.0,63.0,NotPlaced
5161,8.2,1,1,0,68.0,4.0,No,Yes,83.0,64.0,NotPlaced
7748,6.7,0,1,1,76.0,3.9,No,Yes,55.0,65.0,NotPlaced
2217,8.2,1,2,0,68.0,4.2,No,No,57.0,64.0,NotPlaced
2664,7.7,0,3,0,83.0,4.2,Yes,Yes,71.0,82.0,NotPlaced
5962,8.2,0,2,1,75.0,4.6,Yes,No,82.0,72.0,NotPlaced
1706,6.6,2,1,1,77.0,3.4,No,No,66.0,66.0,NotPlaced
2758,8.6,1,3,3,78.0,4.7,Yes,Yes,76.0,87.0,Placed
1260,7.6,1,2,1,76.0,4.3,Yes,Yes,74.0,82.0,Placed
756,7.8,1,2,3,87.0,4.4,Yes,Yes,75.0,84.0,NotPlaced
9890,8.2,0,3,2,90.0,4.7,Yes,Yes,76.0,85.0,Placed
466,6.7,1,1,1,66.0,3.6,No,No,55.0,67.0,NotPlaced
4276,8.3,2,2,1,88.0,4.6,Yes,Yes,80.0,81.0,Placed
1721,7.6,1,2,1,74.0,4.4,Yes,Yes,73.0,72.0,Placed
673,8.8,1,3,2,83.0,4.8,Yes,Yes,72.0,84.0,Placed
2567,7.5,1,1,0,68.0,4.8,No,Yes,63.0,69.0,NotPlaced
155,7.2,1,3,1,75.0,4.2,Yes,Yes,64.0,84.0,NotPlaced
5508,7.0,1,2,0,67.0,3.5,No,Yes,55.0,63.0,NotPlaced
1058,8.5,2,3,2,89.0,4.8,Yes,Yes,74.0,83.0,Placed
3473,7.4,1,1,0,70.0,3.7,No,Yes,61.0,72.0,NotPlaced
3416,8.1,2,2,1,86.0,4.4,Yes,Yes,57.0,65.0,Placed
5430,7.6,1,2,0,86.0,4.8,No,Yes,68.0,65.0,Placed
9780,7.2,0,1,1,65.0,3.8,No,Yes,55.0,59.0,NotPlaced
3630,8.2,1,3,2,90.0,4.8,Yes,Yes,88.0,85.0,Placed
787,7.4,1,1,1,67.0,4.5,No,No,55.0,67.0,NotPlaced
6433,6.5,1,3,0,77.0,4.4,No,No,55.0,70.0,NotPlaced
4517,8.5,1,3,0,76.0,3.9,Yes,Yes,64.0,61.0,NotPlaced
2733,7.4,1,2,1,71.0,4.3,Yes,Yes,67.0,73.0,NotPlaced
8351,6.6,0,1,0,71.0,4.3,No,Yes,56.0,64.0,NotPlaced
4778,7.5,1,1,0,75.0,4.8,No,Yes,68.0,68.0,NotPlaced
5025,6.6,1,1,1,77.0,4.0,No,No,57.0,66.0,NotPlaced
9755,7.6,0,1,0,70.0,3.5,No,Yes,64.0,70.0,NotPlaced
3091,6.5,1,1,0,74.0,3.6,No,Yes,58.0,67.0,NotPlaced
9438,7.9,1,2,2,71.0,4.3,Yes,Yes,77.0,85.0,NotPlaced
4954,7.4,1,2,0,69.0,4.1,No,No,58.0,71.0,NotPlaced
496,8.8,1,3,2,88.0,4.8,Yes,Yes,79.0,86.0,Placed
9494,8.5,2,3,2,90.0,4.6,Yes,Yes,81.0,76.0,Placed
5891,6.9,0,1,0,72.0,4.4,No,No,55.0,57.0,NotPlaced
3011,6.5,1,2,1,82.0,4.4,No,Yes,55.0,69.0,NotPlaced
6446,6.5,1,3,0,80.0,4.3,Yes,Yes,82.0,68.0,NotPlaced
6209,6.8,0,1,0,70.0,3.9,No,Yes,78.0,68.0,NotPlaced
2109,7.5,1,1,0,70.0,4.4,No,Yes,70.0,64.0,NotPlaced
8390,8.3,1,3,2,90.0,4.7,Yes,Yes,80.0,85.0,Placed
6493,8.0,0,2,0,76.0,3.8,No,Yes,55.0,65.0,NotPlaced
2256,6.8,1,2,0,75.0,4.5,Yes,Yes,76.0,80.0,NotPlaced
5669,8.3,1,2,0,82.0,4.5,Yes,Yes,71.0,67.0,Placed
4765,7.4,1,2,0,76.0,4.5,No,No,68.0,73.0,NotPlaced
7953,8.5,2,3,0,89.0,4.5,Yes,Yes,81.0,80.0,Placed
3910,8.2,1,3,2,89.0,4.4,Yes,Yes,73.0,69.0,Placed
5317,8.6,2,1,2,69.0,3.8,Yes,Yes,74.0,81.0,Placed
3273,6.6,1,1,1,68.0,4.1,Yes,Yes,77.0,69.0,NotPlaced
949,8.1,1,2,0,88.0,4.6,Yes,Yes,82.0,86.0,Placed
7923,8.7,2,3,3,90.0,4.7,Yes,Yes,84.0,81.0,Placed
9513,8.2,1,2,1,71.0,4.6,Yes,Yes,87.0,85.0,NotPlaced
6615,6.5,1,1,1,81.0,4.3,No,Yes,67.0,70.0,NotPlaced
7720,8.8,1,2,0,76.0,4.2,Yes,No,61.0,67.0,NotPlaced
6532,7.5,1,2,0,64.0,3.4,No,Yes,55.0,68.0,NotPlaced
3677,7.9,1,3,0,69.0,4.0,Yes,Yes,62.0,70.0,Placed
8148,7.5,1,2,1,66.0,4.0,No,Yes,58.0,76.0,NotPlaced
9464,7.4,1,2,0,80.0,4.1,No,Yes,64.0,86.0,NotPlaced
8322,7.9,2,3,2,90.0,4.8,Yes,Yes,77.0,83.0,Placed
9240,6.7,1,2,0,82.0,4.7,Yes,Yes,71.0,87.0,Placed
2447,8.4,2,1,1,88.0,4.8,Yes,Yes,85.0,84.0,NotPlaced
3566,7.5,1,1,1,79.0,4.4,Yes,Yes,55.0,67.0,NotPlaced
4661,7.5,1,1,1,69.0,3.4,No,Yes,59.0,71.0,NotPlaced
6585,8.0,1,1,1,76.0,3.8,Yes,Yes,62.0,69.0,NotPlaced
9137,8.0,2,3,0,90.0,4.4,Yes,Yes,78.0,85.0,Placed
9487,7.5,2,1,0,84.0,3.8,No,No,61.0,63.0,Placed
53,8.1,2,3,2,90.0,4.7,Yes,Yes,82.0,82.0,Placed
186,6.5,0,1,0,78.0,3.7,Yes,Yes,75.0,69.0,NotPlaced
3222,8.3,1,3,2,83.0,4.6,Yes,No,69.0,87.0,Placed
265,7.4,1,1,0,88.0,4.5,No,Yes,76.0,71.0,Placed
5796,6.6,1,1,0,69.0,3.8,No,Yes,61.0,64.0,NotPlaced
8059,8.4,2,3,2,90.0,4.8,Yes,Yes,79.0,84.0,Placed
6789,8.2,1,3,2,88.0,4.8,Yes,Yes,77.0,80.0,NotPlaced
1474,8.4,2,3,2,90.0,4.8,Yes,Yes,71.0,85.0,NotPlaced
7930,8.5,1,2,2,77.0,4.3,Yes,Yes,80.0,77.0,Placed
8340,8.3,1,3,2,90.0,4.8,Yes,Yes,73.0,83.0,Placed
4792,8.2,2,3,0,87.0,4.3,Yes,Yes,83.0,84.0,Placed
5859,6.6,1,2,1,66.0,4.6,Yes,No,57.0,70.0,NotPlaced
8783,8.4,0,1,0,90.0,4.8,No,Yes,55.0,65.0,Placed
5208,8.6,1,1,2,73.0,3.8,Yes,No,64.0,64.0,NotPlaced
8422,8.3,2,3,2,90.0,4.8,Yes,Yes,78.0,85.0,Placed
7288,6.5,1,2,3,81.0,4.2,No,Yes,57.0,67.0,NotPlaced
7563,6.7,0,2,0,75.0,4.2,No,Yes,55.0,64.0,NotPlaced
8492,8.5,2,2,2,87.0,4.8,Yes,Yes,88.0,86.0,Placed
5655,6.5,1,1,0,74.0,4.2,No,Yes,55.0,78.0,NotPlaced
3078,7.7,1,1,1,90.0,4.1,No,Yes,75.0,71.0,Placed
2049,8.6,2,3,1,90.0,4.8,Yes,Yes,75.0,88.0,Placed
7464,7.7,1,3,2,90.0,4.6,No,Yes,81.0,79.0,Placed
2507,8.3,1,0,0,73.0,4.6,Yes,Yes,70.0,85.0,Placed
6681,7.9,0,3,2,90.0,4.6,Yes,Yes,79.0,88.0,Placed
7712,6.5,1,1,0,67.0,4.0,No,No,60.0,67.0,NotPlaced
969,7.6,1,2,0,73.0,4.0,Yes,Yes,75.0,64.0,NotPlaced
9379,7.5,1,1,1,65.0,3.9,No,Yes,55.0,72.0,NotPlaced
5130,6.7,1,1,1,76.0,3.9,No,No,62.0,65.0,NotPlaced
4855,7.4,1,1,1,80.0,3.6,Yes,Yes,78.0,74.0,NotPlaced
6609,8.5,1,3,2,90.0,4.8,Yes,Yes,85.0,85.0,NotPlaced
9944,8.2,2,3,1,83.0,4.3,No,Yes,57.0,62.0,Placed
3230,8.3,2,1,1,79.0,4.2,Yes,No,78.0,74.0,NotPlaced
8829,8.2,2,3,2,85.0,4.8,Yes,Yes,73.0,85.0,Placed
6032,7.6,1,1,0,73.0,4.2,No,Yes,55.0,69.0,NotPlaced
1345,8.2,2,3,2,90.0,4.8,Yes,Yes,82.0,88.0,Placed
1017,8.1,2,3,3,76.0,4.5,Yes,Yes,69.0,67.0,NotPlaced
404,8.5,2,3,2,90.0,4.8,Yes,Yes,80.0,84.0,Placed
3703,8.2,1,1,1,79.0,4.8,Yes,Yes,55.0,67.0,NotPlaced
1394,7.6,1,2,0,75.0,4.8,No,No,61.0,69.0,NotPlaced
2495,7.9,1,3,2,90.0,4.6,Yes,Yes,81.0,88.0,Placed
8429,6.9,1,1,1,64.0,4.6,No,No,55.0,61.0,NotPlaced
8072,7.4,0,1,0,65.0,4.2,No,No,55.0,70.0,NotPlaced
6136,6.5,1,1,1,69.0,4.2,Yes,No,70.0,69.0,Placed
7165,7.2,2,3,0,85.0,4.8,No,Yes,79.0,82.0,NotPlaced
204,8.2,0,2,1,82.0,4.5,Yes,Yes,78.0,87.0,Placed
5323,7.6,1,1,0,77.0,4.2,Yes,Yes,68.0,86.0,NotPlaced
456,7.7,1,3,2,84.0,4.6,Yes,Yes,80.0,83.0,Placed
6008,6.8,0,1,1,68.0,3.9,No,No,64.0,62.0,NotPlaced
6357,7.6,0,1,1,70.0,3.9,No,No,71.0,63.0,Placed
9904,7.6,1,2,0,76.0,4.0,No,Yes,55.0,67.0,NotPlaced
3398,7.2,2,1,1,78.0,4.3,Yes,Yes,90.0,63.0,Placed
4963,9.1,1,1,0,75.0,3.8,No,No,55.0,62.0,Placed
7331,8.4,0,2,2,87.0,4.3,Yes,Yes,77.0,67.0,NotPlaced
4081,8.0,1,3,0,65.0,4.4,Yes,Yes,55.0,68.0,NotPlaced
3259,6.7,0,1,1,66.0,3.9,No,Yes,55.0,61.0,NotPlaced
9514,8.3,1,3,1,86.0,4.3,No,Yes,70.0,70.0,Placed
5504,6.7,1,2,0,89.0,4.7,No,Yes,55.0,82.0,NotPlaced
8007,6.8,1,1,1,75.0,3.8,No,Yes,57.0,67.0,NotPlaced
2268,8.0,1,1,0,77.0,3.9,Yes,Yes,72.0,68.0,Placed
7170,8.0,2,1,2,78.0,4.4,No,Yes,80.0,66.0,Placed
3082,8.2,1,1,0,75.0,4.5,No,No,60.0,87.0,NotPlaced
3392,8.0,1,2,1,82.0,4.4,No,Yes,81.0,65.0,Placed
1572,8.9,2,3,2,90.0,4.8,Yes,Yes,72.0,86.0,Placed
1482,8.0,2,3,2,90.0,4.8,Yes,Yes,79.0,78.0,Placed
5479,7.9,1,3,2,82.0,4.4,Yes,Yes,70.0,86.0,NotPlaced
1532,7.6,1,2,2,81.0,3.8,Yes,No,84.0,86.0,Placed
7080,7.6,1,3,0,81.0,4.2,No,Yes,83.0,69.0,Placed
1691,8.2,2,3,2,90.0,4.8,Yes,No,75.0,80.0,Placed
9218,8.7,0,2,2,89.0,4.6,Yes,Yes,77.0,85.0,Placed
4232,8.6,1,3,2,90.0,4.8,Yes,Yes,74.0,84.0,Placed
5035,7.6,1,1,1,81.0,4.0,No,Yes,65.0,65.0,NotPlaced
5974,7.5,1,2,0,82.0,4.2,No,Yes,77.0,64.0,NotPlaced
4732,7.8,2,3,1,79.0,3.9,Yes,Yes,82.0,64.0,NotPlaced
6550,6.9,0,1,0,72.0,4.6,No,Yes,55.0,67.0,NotPlaced
1981,8.4,1,3,2,88.0,4.5,Yes,Yes,73.0,82.0,Placed
5844,8.0,1,3,2,90.0,4.3,Yes,Yes,66.0,85.0,Placed
4110,7.8,0,1,1,72.0,3.9,No,No,58.0,71.0,NotPlaced
2752,8.6,0,3,2,90.0,4.8,Yes,Yes,77.0,83.0,Placed
4997,7.7,1,3,2,81.0,4.7,Yes,Yes,73.0,66.0,NotPlaced
5736,7.3,1,3,0,77.0,4.5,Yes,Yes,55.0,66.0,NotPlaced
3717,8.7,1,1,2,80.0,3.6,No,Yes,58.0,73.0,Placed
5322,6.6,1,2,0,73.0,4.3,Yes,No,58.0,66.0,NotPlaced
8382,7.6,1,1,1,77.0,4.8,No,Yes,63.0,68.0,NotPlaced
1387,7.9,1,1,0,61.0,4.4,Yes,Yes,55.0,67.0,NotPlaced
5032,8.0,1,3,0,80.0,4.7,No,Yes,68.0,83.0,Placed
1470,6.8,1,2,1,76.0,3.8,No,Yes,59.0,69.0,NotPlaced
5659,8.0,1,3,2,89.0,4.3,Yes,Yes,84.0,88.0,Placed
9818,8.2,2,2,2,90.0,4.8,Yes,Yes,89.0,84.0,Placed
3131,8.5,1,2,2,79.0,4.3,Yes,Yes,82.0,84.0,Placed
27,7.4,2,3,2,78.0,4.3,Yes,Yes,76.0,82.0,NotPlaced
7328,7.7,1,3,2,78.0,4.6,Yes,Yes,83.0,81.0,NotPlaced
3668,8.4,2,3,2,90.0,4.8,Yes,Yes,78.0,76.0,Placed
3987,7.5,1,1,1,71.0,4.3,No,Yes,55.0,72.0,NotPlaced
8094,8.1,1,3,0,90.0,4.8,Yes,Yes,75.0,81.0,Placed
9885,6.7,1,1,0,76.0,3.8,Yes,Yes,60.0,67.0,NotPlaced
2497,8.0,0,3,1,80.0,4.6,Yes,Yes,86.0,84.0,Placed
9848,7.6,1,1,1,82.0,3.9,No,Yes,55.0,70.0,NotPlaced
5947,7.8,0,1,1,84.0,4.3,Yes,No,67.0,80.0,NotPlaced
5649,7.4,1,1,0,77.0,3.6,No,Yes,73.0,78.0,NotPlaced
1590,7.6,1,3,0,83.0,4.1,Yes,Yes,57.0,67.0,NotPlaced
2355,8.0,2,3,2,90.0,4.8,Yes,Yes,88.0,83.0,Placed
3816,7.8,1,1,2,90.0,4.0,Yes,Yes,71.0,83.0,NotPlaced
4115,7.6,0,2,0,64.0,4.8,No,No,60.0,64.0,NotPlaced
6619,6.8,1,3,0,80.0,4.4,Yes,No,78.0,67.0,NotPlaced
1738,8.4,0,1,0,86.0,4.3,Yes,Yes,57.0,67.0,Placed
8215,8.4,2,3,2,90.0,4.8,Yes,Yes,76.0,87.0,Placed
1666,8.6,1,2,0,87.0,4.8,Yes,Yes,74.0,76.0,Placed
3307,7.5,1,2,1,60.0,3.4,Yes,Yes,78.0,84.0,NotPlaced
4368,8.2,2,3,3,81.0,4.8,Yes,Yes,82.0,80.0,Placed
9116,7.6,0,1,1,77.0,4.3,No,Yes,55.0,63.0,NotPlaced
7962,8.0,0,3,3,84.0,4.8,Yes,Yes,90.0,84.0,Placed
3700,8.6,2,3,2,90.0,4.8,Yes,Yes,75.0,88.0,Placed
5825,7.1,0,3,2,74.0,4.5,Yes,Yes,59.0,79.0,NotPlaced
1460,8.7,2,3,2,90.0,4.8,Yes,Yes,88.0,87.0,Placed
560,7.6,2,2,0,72.0,4.3,No,Yes,77.0,67.0,Placed
5340,7.5,1,1,1,68.0,4.6,Yes,Yes,59.0,65.0,NotPlaced
1782,8.4,2,3,2,80.0,4.5,Yes,Yes,57.0,64.0,Placed
541,8.7,2,3,2,90.0,4.8,Yes,Yes,75.0,88.0,Placed
7573,7.4,1,1,0,67.0,3.7,No,No,65.0,65.0,NotPlaced
9388,7.9,2,2,0,71.0,4.4,Yes,No,55.0,69.0,NotPlaced
7404,7.5,2,3,0,81.0,4.8,Yes,Yes,80.0,80.0,Placed
3232,8.4,2,2,0,74.0,4.3,Yes,No,60.0,73.0,Placed
3211,8.4,2,3,0,74.0,4.3,Yes,Yes,74.0,84.0,NotPlaced
9836,7.7,0,2,0,71.0,4.8,Yes,Yes,59.0,69.0,NotPlaced
1528,7.5,1,2,0,73.0,4.7,Yes,Yes,55.0,70.0,Placed
5012,6.5,0,1,1,60.0,3.7,No,No,61.0,68.0,NotPlaced
4131,7.8,0,1,1,78.0,4.7,No,Yes,63.0,61.0,Placed
3327,6.8,1,1,1,72.0,4.8,No,Yes,62.0,67.0,NotPlaced
43,6.7,0,1,1,72.0,4.4,No,No,55.0,60.0,NotPlaced
9205,8.0,2,2,2,87.0,4.8,Yes,Yes,78.0,73.0,Placed
1688,7.4,1,2,0,81.0,4.8,Yes,No,55.0,69.0,NotPlaced
9943,8.1,2,2,2,90.0,4.8,Yes,Yes,80.0,70.0,Placed
3405,8.5,2,1,2,77.0,4.5,Yes,Yes,66.0,71.0,Placed
8301,8.2,2,3,2,73.0,4.3,Yes,Yes,55.0,70.0,NotPlaced
7913,7.8,2,2,2,81.0,4.5,Yes,Yes,85.0,57.0,Placed
7591,8.2,1,3,0,82.0,4.7,Yes,Yes,76.0,84.0,NotPlaced
4874,8.3,1,3,2,90.0,4.5,No,Yes,77.0,81.0,NotPlaced
4713,6.6,1,1,1,72.0,4.3,No,No,63.0,74.0,NotPlaced
6679,8.0,1,3,2,90.0,4.0,No,Yes,78.0,86.0,Placed
4742,8.4,0,3,2,88.0,3.7,Yes,Yes,76.0,85.0,Placed
2233,8.3,2,3,2,90.0,4.8,Yes,Yes,88.0,87.0,Placed
5058,6.8,1,1,0,76.0,4.0,No,No,60.0,58.0,NotPlaced
9383,8.3,2,3,0,87.0,4.8,Yes,Yes,59.0,84.0,Placed
2989,6.5,1,1,1,60.0,3.4,No,No,55.0,68.0,NotPlaced
8632,7.3,1,3,0,80.0,4.2,No,No,67.0,64.0,NotPlaced
975,7.7,1,2,1,69.0,4.1,No,Yes,78.0,63.0,NotPlaced
8645,8.5,2,3,0,90.0,3.8,Yes,Yes,87.0,84.0,Placed
2005,6.7,1,2,0,76.0,4.8,Yes,Yes,59.0,66.0,Placed
3194,8.1,2,2,0,78.0,4.8,Yes,No,58.0,79.0,NotPlaced
1261,8.3,2,3,2,81.0,4.7,Yes,No,89.0,85.0,Placed
8889,8.4,1,3,2,90.0,4.8,Yes,Yes,82.0,87.0,Placed
1021,7.8,2,2,2,81.0,4.8,Yes,Yes,74.0,88.0,Placed
2058,8.4,2,3,2,90.0,4.8,Yes,Yes,74.0,88.0,Placed
1734,7.6,1,3,2,90.0,4.4,Yes,No,73.0,81.0,Placed
425,7.9,0,1,0,85.0,4.5,Yes,No,76.0,81.0,NotPlaced
2009,8.5,2,3,0,76.0,4.8,Yes,Yes,85.0,88.0,Placed
2903,8.2,1,3,3,82.0,4.0,Yes,Yes,80.0,84.0,NotPlaced
4629,8.5,1,3,2,89.0,4.8,Yes,Yes,82.0,83.0,Placed
5362,8.5,2,3,2,90.0,4.8,Yes,Yes,79.0,86.0,Placed
7074,8.7,1,3,1,90.0,4.7,Yes,Yes,83.0,88.0,Placed
4435,7.8,1,3,2,84.0,4.6,Yes,Yes,66.0,84.0,Placed
8946,7.3,1,2,1,68.0,4.6,No,Yes,65.0,70.0,NotPlaced
9876,6.5,1,2,0,68.0,3.7,No,Yes,58.0,65.0,NotPlaced
4726,8.3,1,2,2,76.0,4.5,No,Yes,74.0,70.0,Placed
8396,8.3,2,3,2,90.0,4.8,Yes,Yes,76.0,86.0,Placed
5769,7.5,1,2,2,89.0,4.8,Yes,Yes,78.0,75.0,Placed
3646,7.9,2,3,0,81.0,4.6,Yes,Yes,82.0,79.0,NotPlaced
5638,6.6,2,3,0,73.0,4.5,Yes,Yes,75.0,72.0,NotPlaced
7971,6.6,1,1,0,76.0,4.2,Yes,No,55.0,65.0,NotPlaced
3373,7.4,1,1,2,85.0,4.4,Yes,No,75.0,67.0,Placed
5576,7.6,1,2,1,79.0,4.5,No,Yes,55.0,68.0,NotPlaced
699,8.7,2,3,3,81.0,4.2,Yes,Yes,87.0,84.0,Placed
1076,7.5,1,2,2,71.0,4.1,No,Yes,72.0,83.0,Placed
1684,7.7,1,1,0,71.0,4.2,No,Yes,70.0,71.0,NotPlaced
2548,8.7,1,3,0,87.0,4.8,Yes,Yes,65.0,82.0,NotPlaced
3118,7.9,1,3,1,82.0,4.1,No,Yes,55.0,69.0,NotPlaced
972,6.7,1,2,0,77.0,4.4,No,Yes,58.0,65.0,NotPlaced
1365,8.4,1,1,2,82.0,4.8,Yes,Yes,63.0,67.0,Placed
1135,6.7,1,1,1,67.0,3.7,No,No,56.0,64.0,NotPlaced
3264,8.3,2,3,2,90.0,4.6,Yes,Yes,70.0,84.0,Placed
240,6.7,0,1,1,71.0,4.7,No,Yes,76.0,70.0,NotPlaced
682,8.1,2,2,0,71.0,4.4,Yes,Yes,78.0,83.0,Placed
9575,7.7,1,2,1,84.0,4.5,Yes,Yes,69.0,69.0,Placed
1002,7.6,1,2,1,78.0,4.3,No,Yes,60.0,71.0,NotPlaced
4675,7.5,1,2,0,78.0,4.4,Yes,Yes,67.0,62.0,Placed
4096,8.5,2,3,2,82.0,4.7,Yes,Yes,75.0,88.0,Placed
2980,8.2,2,3,2,90.0,4.8,Yes,Yes,79.0,84.0,Placed
3129,6.9,0,2,0,63.0,4.3,No,No,69.0,68.0,NotPlaced
4645,7.7,0,1,1,74.0,4.0,No,Yes,62.0,65.0,NotPlaced
7089,7.6,1,1,0,81.0,4.2,Yes,No,55.0,82.0,NotPlaced
1418,7.6,0,1,0,71.0,3.9,No,No,55.0,63.0,NotPlaced
8592,7.8,0,3,1,90.0,3.8,No,Yes,55.0,71.0,NotPlaced
511,7.9,1,2,1,63.0,4.2,No,Yes,56.0,69.0,NotPlaced
3768,8.2,2,3,2,90.0,4.8,Yes,Yes,76.0,78.0,Placed
2582,7.9,1,3,0,78.0,4.2,No,Yes,55.0,74.0,Placed
7966,7.3,1,2,1,68.0,4.3,Yes,Yes,62.0,71.0,NotPlaced
3152,7.7,0,3,0,88.0,4.8,Yes,Yes,73.0,77.0,Placed
8042,8.4,0,1,2,89.0,4.8,Yes,Yes,62.0,87.0,Placed
9495,8.5,1,3,2,90.0,4.8,Yes,Yes,78.0,88.0,Placed
1894,8.2,1,1,1,71.0,3.5,No,No,56.0,65.0,NotPlaced
9930,8.5,1,3,2,83.0,4.4,Yes,Yes,84.0,83.0,Placed
3424,6.7,1,1,0,76.0,4.6,Yes,No,79.0,65.0,Placed
8959,7.7,1,1,1,74.0,4.5,No,No,55.0,62.0,NotPlaced
5121,8.0,1,3,2,81.0,4.8,Yes,No,64.0,85.0,NotPlaced
3004,8.2,1,2,1,90.0,4.8,Yes,No,82.0,63.0,NotPlaced
8402,8.2,0,3,2,83.0,4.7,Yes,Yes,72.0,86.0,NotPlaced
6060,8.9,1,3,1,84.0,4.8,Yes,Yes,82.0,81.0,NotPlaced
1373,7.5,2,1,1,60.0,3.2,No,Yes,55.0,67.0,NotPlaced
2639,7.6,0,1,0,69.0,3.4,No,No,60.0,74.0,NotPlaced
7425,6.5,1,1,0,60.0,3.5,No,Yes,59.0,74.0,NotPlaced
2311,8.3,0,3,0,88.0,4.7,Yes,Yes,70.0,80.0,NotPlaced
1663,8.0,1,3,2,90.0,4.5,No,Yes,77.0,76.0,Placed
8788,6.8,1,1,1,78.0,3.8,No,No,58.0,68.0,NotPlaced
1789,6.7,2,1,2,72.0,4.5,No,Yes,77.0,69.0,NotPlaced
5778,8.0,1,1,1,77.0,4.7,No,Yes,55.0,71.0,NotPlaced
4181,8.4,1,1,2,79.0,4.6,No,Yes,76.0,85.0,NotPlaced
4328,7.6,1,1,1,62.0,3.4,No,No,60.0,62.0,NotPlaced
6180,7.6,2,1,1,66.0,3.7,No,No,64.0,71.0,NotPlaced
8985,8.4,0,3,2,83.0,4.0,Yes,No,62.0,64.0,Placed
9771,8.1,1,3,2,90.0,4.6,Yes,Yes,76.0,86.0,NotPlaced
986,7.9,2,1,2,89.0,4.8,Yes,No,78.0,77.0,NotPlaced
3966,8.1,1,3,2,80.0,4.4,Yes,Yes,83.0,72.0,NotPlaced
3493,7.8,2,3,0,89.0,4.5,Yes,Yes,77.0,82.0,Placed
8068,6.7,1,1,0,64.0,3.7,No,Yes,55.0,60.0,NotPlaced
1197,6.8,1,1,0,78.0,3.7,No,Yes,61.0,65.0,Placed
247,8.4,0,2,1,85.0,4.3,Yes,Yes,62.0,81.0,Placed
7436,7.7,1,2,1,70.0,4.8,Yes,Yes,74.0,85.0,NotPlaced
1887,7.4,1,2,0,80.0,4.2,Yes,Yes,83.0,80.0,Placed
8056,7.6,2,3,2,90.0,4.8,Yes,Yes,89.0,84.0,Placed
8518,7.7,1,2,0,75.0,4.4,No,No,60.0,73.0,NotPlaced
5557,8.1,1,1,3,75.0,4.0,No,No,55.0,66.0,NotPlaced
3454,7.6,1,2,0,65.0,4.3,Yes,Yes,71.0,62.0,NotPlaced
6263,8.2,0,1,2,79.0,4.4,No,Yes,80.0,73.0,Placed
8316,7.6,1,2,1,74.0,4.7,No,Yes,77.0,85.0,NotPlaced
2188,8.6,1,2,2,85.0,3.7,Yes,Yes,81.0,83.0,NotPlaced
9669,7.7,1,1,1,78.0,3.2,No,No,58.0,64.0,NotPlaced
5145,8.8,1,3,2,90.0,4.8,Yes,Yes,77.0,83.0,Placed
915,7.6,1,1,0,81.0,4.5,No,No,62.0,67.0,NotPlaced
6572,7.4,1,3,1,82.0,4.4,Yes,No,56.0,83.0,NotPlaced
8517,7.4,2,3,2,80.0,4.8,Yes,Yes,70.0,67.0,NotPlaced
2673,6.7,1,2,0,90.0,4.7,Yes,Yes,55.0,82.0,Placed
6205,8.4,1,3,1,75.0,4.8,Yes,Yes,79.0,68.0,NotPlaced
518,7.7,2,3,0,78.0,4.1,Yes,Yes,70.0,81.0,NotPlaced
711,8.4,2,3,2,84.0,4.5,Yes,Yes,78.0,78.0,Placed
6544,6.5,1,2,1,68.0,4.5,Yes,Yes,69.0,71.0,NotPlaced
8853,8.2,2,3,2,90.0,4.8,Yes,Yes,71.0,80.0,Placed
9747,7.3,0,1,1,72.0,3.6,No,Yes,59.0,67.0,NotPlaced
8702,7.9,0,3,1,81.0,4.6,No,No,66.0,70.0,NotPlaced
7763,6.5,1,2,1,69.0,4.3,No,No,55.0,61.0,NotPlaced
313,8.2,2,3,2,90.0,4.6,Yes,Yes,77.0,88.0,Placed
943,6.5,2,3,0,82.0,4.3,No,Yes,56.0,70.0,NotPlaced
9373,8.2,2,1,0,87.0,4.8,Yes,Yes,74.0,85.0,Placed
2380,8.5,1,1,2,72.0,4.0,Yes,Yes,80.0,82.0,Placed
9564,7.3,1,2,2,82.0,4.2,No,No,70.0,65.0,NotPlaced
5971,8.8,2,3,2,90.0,4.8,Yes,Yes,79.0,84.0,Placed
3694,8.7,2,3,2,90.0,4.4,Yes,Yes,69.0,85.0,Placed
8498,8.3,1,2,2,76.0,4.0,Yes,Yes,74.0,62.0,NotPlaced
7774,8.3,1,2,0,75.0,3.8,No,Yes,55.0,67.0,NotPlaced
1743,8.3,0,1,0,80.0,3.9,Yes,Yes,79.0,68.0,NotPlaced
8630,6.5,2,3,2,80.0,4.0,Yes,Yes,72.0,86.0,Placed
5285,7.5,1,1,1,61.0,4.4,No,Yes,55.0,71.0,NotPlaced
120,7.4,1,2,1,75.0,4.2,No,Yes,55.0,74.0,NotPlaced
3814,7.4,0,1,0,74.0,4.2,No,No,59.0,76.0,NotPlaced
6229,7.7,2,3,0,73.0,4.6,Yes,No,79.0,57.0,NotPlaced
8692,7.8,2,3,2,90.0,4.5,Yes,Yes,78.0,83.0,Placed
3699,7.3,1,1,0,76.0,4.3,No,No,55.0,66.0,NotPlaced
5593,8.2,1,3,2,90.0,4.8,Yes,Yes,85.0,77.0,Placed
8499,7.4,2,2,1,82.0,4.6,Yes,Yes,73.0,88.0,NotPlaced
7835,6.5,1,3,1,76.0,4.1,Yes,Yes,55.0,74.0,NotPlaced
5986,8.4,2,3,2,77.0,4.5,Yes,Yes,74.0,83.0,NotPlaced
7915,7.5,1,3,2,80.0,4.6,No,No,73.0,80.0,Placed
9344,6.8,1,1,1,67.0,4.4,No,No,68.0,65.0,NotPlaced
9275,8.4,1,1,1,83.0,4.8,Yes,No,69.0,83.0,Placed
5493,8.4,1,1,0,78.0,4.3,Yes,Yes,55.0,69.0,Placed
7726,8.1,1,3,2,81.0,4.5,No,Yes,70.0,85.0,NotPlaced
605,8.2,0,1,0,73.0,4.8,Yes,Yes,55.0,66.0,Placed
1417,7.5,1,1,3,77.0,4.1,No,Yes,83.0,69.0,NotPlaced
4755,8.0,2,1,2,81.0,3.9,No,No,64.0,70.0,Placed
9035,7.7,1,1,1,73.0,4.2,No,No,55.0,67.0,NotPlaced
176,6.7,1,2,0,73.0,4.5,No,Yes,55.0,65.0,NotPlaced
2581,8.0,0,1,1,67.0,4.1,Yes,Yes,62.0,61.0,Placed
9619,8.2,2,3,2,80.0,4.0,Yes,Yes,78.0,83.0,Placed
594,8.0,1,3,0,87.0,4.3,Yes,Yes,79.0,67.0,NotPlaced
7462,8.1,0,3,2,90.0,4.8,Yes,Yes,79.0,86.0,Placed
6256,6.6,1,1,0,61.0,3.0,No,No,67.0,70.0,NotPlaced
2536,8.1,1,3,2,90.0,4.8,Yes,Yes,86.0,80.0,Placed
1110,8.3,2,3,2,89.0,4.4,Yes,Yes,66.0,84.0,Placed
4693,7.2,1,3,2,87.0,4.8,Yes,Yes,81.0,88.0,Placed
4382,6.7,1,3,0,73.0,4.5,Yes,Yes,70.0,73.0,Placed
4754,8.4,0,3,0,83.0,4.5,Yes,Yes,85.0,67.0,Placed
6796,7.6,0,3,2,83.0,4.8,No,Yes,76.0,71.0,Placed
1007,8.3,0,3,2,75.0,3.8,Yes,Yes,83.0,85.0,Placed
6960,7.5,1,1,1,66.0,4.4,No,No,69.0,61.0,NotPlaced
125,8.4,2,1,2,76.0,4.1,No,No,56.0,63.0,NotPlaced
7761,8.0,1,3,0,86.0,4.2,Yes,Yes,73.0,88.0,Placed
3090,7.1,1,1,1,72.0,3.9,No,No,57.0,57.0,NotPlaced
2853,7.7,1,1,0,72.0,4.2,No,No,55.0,66.0,NotPlaced
3771,8.8,1,3,2,90.0,4.8,Yes,Yes,85.0,83.0,Placed
6121,8.1,2,3,2,87.0,4.8,No,Yes,76.0,82.0,NotPlaced
5470,8.5,2,3,2,90.0,4.8,Yes,Yes,85.0,87.0,Placed
2796,8.1,1,3,2,90.0,4.5,Yes,Yes,76.0,82.0,Placed
3323,8.3,2,3,2,70.0,4.2,Yes,Yes,82.0,68.0,NotPlaced
2039,8.3,1,3,1,90.0,4.8,Yes,Yes,83.0,87.0,Placed
6803,7.9,1,2,2,89.0,4.8,Yes,Yes,82.0,83.0,Placed
7315,8.5,1,3,0,88.0,4.7,Yes,Yes,76.0,83.0,Placed
1557,7.4,0,2,1,76.0,4.1,No,No,60.0,69.0,NotPlaced
2954,6.7,2,1,1,77.0,4.5,Yes,Yes,64.0,62.0,NotPlaced
8084,7.9,1,1,0,75.0,4.3,No,No,75.0,75.0,Placed
5967,6.6,1,3,2,87.0,4.8,Yes,Yes,88.0,83.0,Placed
2724,7.7,0,3,0,87.0,4.7,Yes,Yes,81.0,60.0,Placed
860,6.5,1,2,0,84.0,4.3,No,Yes,80.0,69.0,NotPlaced
7382,7.5,0,1,1,74.0,4.0,No,Yes,55.0,69.0,NotPlaced
4956,8.2,2,1,0,79.0,4.6,Yes,No,63.0,65.0,NotPlaced
8973,7.8,1,3,2,90.0,4.8,Yes,Yes,75.0,86.0,Placed
3359,6.8,1,1,0,76.0,4.3,No,No,67.0,65.0,NotPlaced
1357,7.8,1,1,2,79.0,4.7,No,No,55.0,65.0,NotPlaced
9306,7.6,1,2,2,75.0,4.7,No,Yes,65.0,68.0,NotPlaced
7557,7.6,0,2,1,77.0,4.7,Yes,Yes,76.0,65.0,NotPlaced
6418,8.3,1,3,1,88.0,4.8,Yes,Yes,79.0,86.0,Placed
8514,7.4,1,1,1,69.0,3.9,No,No,55.0,66.0,NotPlaced
3507,6.5,0,1,0,79.0,4.3,No,No,66.0,62.0,NotPlaced
150,7.9,2,1,0,83.0,4.0,Yes,Yes,63.0,70.0,NotPlaced
7547,8.0,2,3,2,87.0,4.8,Yes,Yes,75.0,81.0,Placed
8485,8.5,2,3,2,90.0,4.8,Yes,Yes,77.0,88.0,Placed
2824,7.5,1,3,3,68.0,4.1,Yes,Yes,67.0,71.0,NotPlaced
7667,6.7,0,1,1,71.0,4.2,No,No,55.0,69.0,NotPlaced
7983,6.5,1,2,0,85.0,4.7,No,Yes,55.0,59.0,Placed
499,7.5,0,2,0,71.0,3.4,No,No,55.0,62.0,NotPlaced
6642,6.7,0,1,0,69.0,4.5,No,No,65.0,60.0,NotPlaced
2016,7.7,0,3,2,84.0,4.8,Yes,Yes,75.0,86.0,Placed
5224,7.7,0,2,0,76.0,3.7,No,Yes,58.0,67.0,NotPlaced
743,8.3,1,3,2,86.0,4.8,Yes,Yes,66.0,88.0,Placed
8554,8.1,0,3,2,90.0,4.8,Yes,Yes,78.0,86.0,Placed
7524,8.1,2,3,2,83.0,4.5,Yes,Yes,83.0,82.0,Placed
9010,8.3,1,3,0,90.0,4.8,Yes,Yes,81.0,86.0,Placed
5253,8.1,0,2,1,75.0,4.1,No,Yes,55.0,69.0,Placed
3116,7.4,0,1,1,67.0,3.4,No,No,62.0,64.0,NotPlaced
1633,6.5,1,2,0,82.0,4.1,Yes,Yes,70.0,66.0,NotPlaced
9236,8.4,0,1,1,85.0,4.8,Yes,Yes,75.0,81.0,Placed
413,7.8,0,1,1,63.0,4.5,No,No,61.0,65.0,NotPlaced
1729,8.2,2,3,2,87.0,4.7,Yes,No,90.0,66.0,Placed
7213,7.9,0,3,2,82.0,4.4,Yes,Yes,74.0,83.0,Placed
4999,7.5,1,2,0,83.0,4.2,No,Yes,60.0,71.0,NotPlaced
4538,7.5,1,1,0,75.0,4.4,No,No,68.0,69.0,NotPlaced
5242,8.4,1,3,0,90.0,4.6,Yes,Yes,78.0,87.0,Placed
2710,7.9,2,3,2,90.0,4.8,Yes,Yes,81.0,87.0,Placed
833,8.0,1,2,0,87.0,4.4,Yes,Yes,87.0,82.0,Placed
1664,6.5,1,1,1,78.0,3.5,No,Yes,62.0,72.0,NotPlaced
8312,8.4,2,3,2,90.0,4.7,Yes,Yes,69.0,88.0,Placed
1763,8.1,0,3,0,81.0,4.5,No,Yes,77.0,67.0,Placed
9404,7.4,1,1,3,85.0,4.0,Yes,Yes,74.0,71.0,NotPlaced
8637,8.5,2,3,2,90.0,4.8,Yes,Yes,76.0,86.0,Placed
3749,7.5,2,3,2,90.0,4.8,Yes,Yes,84.0,88.0,Placed
9620,7.4,2,1,2,62.0,4.7,No,No,55.0,71.0,NotPlaced
6691,8.3,2,3,2,86.0,4.8,Yes,Yes,81.0,80.0,Placed
8618,7.6,1,0,1,75.0,4.8,Yes,Yes,83.0,80.0,Placed
4760,7.6,0,1,1,68.0,4.1,No,No,63.0,64.0,NotPlaced
4036,8.5,1,3,2,90.0,4.5,Yes,Yes,76.0,84.0,Placed
2052,7.6,0,1,1,75.0,4.2,No,Yes,55.0,63.0,NotPlaced
5252,6.9,1,1,1,67.0,3.9,No,Yes,62.0,66.0,NotPlaced
6163,8.5,2,3,2,90.0,4.8,Yes,Yes,82.0,83.0,Placed
3384,8.3,1,2,0,80.0,4.8,Yes,Yes,73.0,83.0,Placed
8414,7.4,1,1,0,72.0,3.6,No,No,55.0,71.0,NotPlaced
1374,8.2,0,1,1,79.0,4.3,Yes,Yes,57.0,68.0,NotPlaced
1570,8.4,2,3,2,90.0,4.8,Yes,Yes,79.0,88.0,Placed
8071,8.8,1,3,2,90.0,4.8,Yes,Yes,75.0,82.0,Placed
2946,8.0,1,2,0,85.0,4.3,Yes,Yes,69.0,81.0,NotPlaced
8192,6.5,1,2,0,89.0,4.5,No,Yes,61.0,70.0,NotPlaced
2214,8.1,0,1,2,81.0,4.1,Yes,Yes,74.0,66.0,Placed
6501,7.9,0,1,1,69.0,3.6,Yes,Yes,76.0,63.0,NotPlaced
2711,6.6,1,1,1,71.0,4.0,No,Yes,55.0,63.0,NotPlaced
759,7.6,0,1,0,66.0,3.5,No,No,55.0,67.0,NotPlaced
7708,6.6,1,1,1,85.0,4.1,Yes,Yes,80.0,85.0,NotPlaced
4378,8.3,1,2,0,70.0,4.8,Yes,Yes,83.0,82.0,Placed
8870,8.6,2,1,0,70.0,4.2,No,Yes,56.0,64.0,NotPlaced
7956,8.6,1,2,2,77.0,4.3,No,No,55.0,59.0,Placed
6705,8.2,1,1,1,64.0,3.7,No,No,59.0,66.0,NotPlaced
667,8.7,2,3,2,87.0,4.8,Yes,Yes,55.0,84.0,Placed
9552,8.5,1,3,2,87.0,3.7,Yes,Yes,69.0,83.0,Placed
1471,8.4,0,1,0,80.0,4.5,No,No,77.0,72.0,Placed
5287,6.5,1,1,0,71.0,3.6,No,No,55.0,65.0,NotPlaced
7597,8.2,1,1,2,89.0,4.8,Yes,Yes,87.0,84.0,Placed
1752,7.2,0,1,1,79.0,4.1,No,Yes,83.0,67.0,Placed
3974,7.6,1,0,0,84.0,4.8,Yes,Yes,60.0,69.0,Placed
1419,8.8,2,3,0,86.0,4.5,Yes,Yes,70.0,83.0,NotPlaced
2181,7.5,1,2,0,87.0,4.5,No,No,57.0,72.0,NotPlaced
3005,8.7,2,3,2,90.0,4.8,Yes,Yes,89.0,86.0,Placed
6915,8.2,2,3,2,90.0,4.8,Yes,Yes,84.0,82.0,Placed
6052,8.1,2,3,2,88.0,4.4,No,No,73.0,82.0,Placed
5679,8.6,2,3,1,90.0,4.8,Yes,Yes,75.0,83.0,Placed
4996,8.3,0,3,2,80.0,4.7,Yes,Yes,79.0,85.0,NotPlaced
2253,7.7,1,1,1,75.0,4.6,No,Yes,72.0,75.0,NotPlaced
2843,8.0,1,2,0,86.0,4.8,Yes,Yes,67.0,73.0,NotPlaced
5029,8.3,1,3,1,83.0,4.8,Yes,No,65.0,80.0,NotPlaced
8965,8.4,2,2,2,84.0,4.7,Yes,Yes,85.0,82.0,Placed
1740,7.8,2,3,2,73.0,4.6,Yes,No,73.0,62.0,NotPlaced
2912,6.7,1,2,1,64.0,3.8,No,Yes,82.0,64.0,NotPlaced
4051,6.6,1,1,0,76.0,4.0,No,No,57.0,58.0,NotPlaced
3767,6.9,0,2,1,78.0,4.1,No,Yes,55.0,64.0,NotPlaced
6463,8.4,2,3,1,76.0,4.8,Yes,Yes,56.0,80.0,NotPlaced
3764,7.7,2,2,0,80.0,4.0,No,No,55.0,65.0,NotPlaced
5888,8.1,2,3,2,88.0,4.7,Yes,Yes,80.0,87.0,Placed
2315,8.7,1,2,1,90.0,4.6,No,No,74.0,68.0,NotPlaced
9143,7.7,1,3,3,88.0,4.8,Yes,No,75.0,85.0,NotPlaced
229,7.4,1,2,0,77.0,4.5,No,Yes,66.0,86.0,NotPlaced
8383,7.5,1,1,1,68.0,4.5,No,Yes,59.0,63.0,NotPlaced
984,8.4,1,3,2,90.0,4.8,Yes,Yes,80.0,78.0,Placed
533,7.6,0,1,1,73.0,4.4,No,Yes,70.0,67.0,NotPlaced
9037,6.9,1,1,1,84.0,4.7,Yes,No,55.0,73.0,NotPlaced
4396,8.4,2,1,0,84.0,4.4,Yes,Yes,83.0,58.0,NotPlaced
4135,7.2,1,1,1,66.0,3.5,No,No,55.0,74.0,NotPlaced
4177,8.3,1,3,1,90.0,4.8,Yes,Yes,70.0,79.0,Placed
3007,7.9,1,2,2,83.0,4.5,Yes,No,69.0,87.0,Placed
4709,8.0,2,2,2,77.0,4.8,Yes,No,76.0,80.0,NotPlaced
7006,7.7,1,3,2,84.0,4.8,No,Yes,70.0,67.0,NotPlaced
5245,8.6,1,1,0,69.0,4.7,No,Yes,58.0,72.0,NotPlaced
7311,8.5,1,1,2,85.0,4.3,Yes,Yes,57.0,61.0,NotPlaced
2195,7.4,1,1,0,74.0,4.4,Yes,Yes,71.0,81.0,Placed
5889,8.0,0,1,0,72.0,4.2,No,No,67.0,67.0,NotPlaced
4600,7.4,0,1,0,62.0,3.9,No,No,55.0,61.0,NotPlaced
1458,8.2,2,3,2,90.0,4.5,Yes,Yes,83.0,82.0,Placed
6758,7.9,1,2,0,86.0,4.5,Yes,Yes,76.0,70.0,NotPlaced
7874,7.9,1,2,2,87.0,3.6,Yes,No,80.0,88.0,Placed
8826,8.2,2,3,0,89.0,4.4,Yes,Yes,84.0,86.0,NotPlaced
9486,6.6,0,2,1,79.0,4.2,Yes,Yes,71.0,84.0,NotPlaced
9192,7.7,1,1,1,73.0,4.2,Yes,Yes,70.0,79.0,NotPlaced
145,8.4,1,2,1,74.0,4.3,Yes,Yes,59.0,80.0,Placed
9089,7.8,2,3,2,90.0,4.7,Yes,Yes,70.0,84.0,Placed
4046,8.0,1,3,2,83.0,4.7,Yes,Yes,55.0,73.0,Placed
8467,8.4,2,3,2,90.0,4.8,Yes,No,82.0,82.0,Placed
639,7.4,1,2,0,68.0,4.3,No,Yes,56.0,67.0,NotPlaced
320,7.5,1,1,1,81.0,4.5,Yes,Yes,64.0,68.0,NotPlaced
7431,8.0,1,1,1,80.0,4.2,No,Yes,74.0,68.0,NotPlaced
8860,7.8,1,2,1,74.0,4.8,Yes,Yes,69.0,81.0,NotPlaced
670,7.6,1,1,0,76.0,4.0,No,Yes,75.0,70.0,Placed
4330,8.5,2,3,2,90.0,4.2,Yes,No,73.0,83.0,Placed
6616,6.7,1,2,1,64.0,3.1,No,Yes,55.0,68.0,NotPlaced
6025,7.6,2,2,1,72.0,3.9,Yes,No,79.0,80.0,NotPlaced
7215,7.5,1,1,3,77.0,4.4,No,Yes,55.0,64.0,NotPlaced
6355,7.3,1,1,0,74.0,3.7,No,No,62.0,65.0,NotPlaced
6866,8.8,2,3,2,90.0,4.8,Yes,Yes,70.0,83.0,Placed
5571,6.8,0,1,0,75.0,4.7,No,Yes,57.0,62.0,NotPlaced
7235,8.4,1,3,0,86.0,4.7,Yes,Yes,79.0,84.0,Placed
4724,7.5,1,1,0,81.0,4.2,No,Yes,55.0,59.0,NotPlaced
3139,8.3,1,2,0,78.0,4.5,No,Yes,63.0,60.0,NotPlaced
2616,7.7,0,2,0,80.0,4.3,No,Yes,75.0,67.0,NotPlaced
9440,7.7,1,2,0,73.0,4.8,Yes,Yes,55.0,63.0,Placed
821,7.9,1,2,1,82.0,4.5,Yes,Yes,67.0,63.0,NotPlaced
5086,7.7,1,0,0,65.0,3.9,Yes,No,55.0,71.0,NotPlaced
7136,7.4,1,1,1,79.0,4.3,Yes,Yes,61.0,68.0,NotPlaced
6120,7.8,1,3,0,90.0,3.7,Yes,Yes,71.0,85.0,NotPlaced
7567,7.6,0,3,1,81.0,4.6,Yes,Yes,61.0,71.0,NotPlaced
1173,7.6,1,1,2,78.0,4.2,No,No,78.0,60.0,NotPlaced
2773,8.3,1,3,2,87.0,4.8,Yes,Yes,79.0,85.0,Placed
7698,6.6,0,1,1,71.0,3.4,No,No,56.0,70.0,NotPlaced
156,7.7,0,1,0,81.0,4.8,Yes,Yes,69.0,63.0,Placed
8398,6.5,1,2,0,76.0,4.5,Yes,Yes,75.0,82.0,NotPlaced
4771,7.4,1,1,0,77.0,3.8,No,Yes,55.0,73.0,NotPlaced
6020,8.0,1,3,2,89.0,4.8,Yes,Yes,87.0,80.0,Placed
29,7.5,1,2,1,84.0,4.4,No,No,66.0,73.0,NotPlaced
3363,8.1,1,2,0,79.0,4.1,Yes,Yes,85.0,68.0,Placed
6309,6.6,2,2,0,80.0,4.8,Yes,Yes,57.0,84.0,NotPlaced
3119,8.1,1,2,1,85.0,4.7,No,Yes,55.0,80.0,NotPlaced
4313,8.6,2,3,2,90.0,4.8,Yes,No,82.0,87.0,Placed
5141,8.5,2,3,2,90.0,4.8,Yes,Yes,78.0,83.0,Placed
5289,7.8,1,1,0,61.0,4.1,No,No,57.0,67.0,NotPlaced
6094,8.1,1,2,2,77.0,3.3,Yes,Yes,73.0,71.0,NotPlaced
5673,8.2,2,3,2,90.0,4.8,Yes,Yes,90.0,84.0,Placed
8874,8.1,2,3,2,90.0,4.8,Yes,Yes,75.0,86.0,Placed
334,8.6,1,3,2,81.0,4.8,Yes,Yes,71.0,82.0,Placed
8923,8.4,1,3,0,90.0,4.8,Yes,No,75.0,82.0,Placed
3358,7.7,2,1,0,85.0,4.4,Yes,No,66.0,75.0,Placed
2251,6.5,1,2,1,66.0,4.2,No,No,55.0,72.0,NotPlaced
7589,6.8,1,2,1,75.0,4.0,No,Yes,62.0,76.0,NotPlaced
9339,6.9,0,1,1,60.0,3.6,No,Yes,55.0,59.0,NotPlaced
7805,6.6,2,3,1,85.0,4.1,No,No,74.0,69.0,NotPlaced
7351,8.3,1,3,2,89.0,4.8,Yes,Yes,81.0,85.0,Placed
9776,6.6,1,1,1,85.0,3.4,No,No,55.0,66.0,Placed
7584,8.5,1,3,0,90.0,4.5,Yes,Yes,74.0,83.0,Placed
9580,7.8,2,3,0,90.0,4.6,Yes,Yes,86.0,82.0,NotPlaced
9336,8.2,1,3,2,86.0,4.7,Yes,Yes,63.0,88.0,Placed
2244,7.5,1,2,0,79.0,3.8,No,No,64.0,70.0,NotPlaced
40,6.7,0,3,2,88.0,4.2,Yes,Yes,72.0,86.0,Placed
3743,7.5,1,1,0,72.0,3.7,No,Yes,56.0,68.0,NotPlaced
8011,8.1,1,3,2,89.0,4.6,Yes,Yes,80.0,85.0,Placed
8698,8.4,0,3,2,69.0,4.5,Yes,Yes,55.0,84.0,Placed
4770,7.5,1,1,0,69.0,4.5,No,No,64.0,66.0,NotPlaced
9847,8.3,2,2,0,74.0,4.8,Yes,Yes,57.0,68.0,Placed
7472,7.6,1,2,0,70.0,3.6,No,Yes,56.0,66.0,NotPlaced
3604,6.9,2,1,2,90.0,4.8,Yes,Yes,82.0,85.0,Placed
9670,7.7,1,3,2,74.0,4.2,Yes,Yes,55.0,84.0,NotPlaced
1301,8.3,2,3,2,80.0,4.2,Yes,Yes,76.0,87.0,Placed
2607,8.6,2,3,2,79.0,4.8,Yes,Yes,75.0,86.0,Placed
9888,8.2,0,2,2,79.0,4.5,Yes,Yes,55.0,86.0,NotPlaced
691,8.5,2,2,2,84.0,4.5,Yes,Yes,81.0,84.0,Placed
4418,8.0,2,1,0,90.0,4.3,No,Yes,71.0,83.0,NotPlaced
2951,8.1,1,3,2,90.0,4.8,Yes,Yes,84.0,88.0,Placed
9530,7.6,0,1,1,69.0,3.9,No,No,55.0,69.0,NotPlaced
3963,8.7,2,3,0,90.0,4.8,Yes,No,76.0,78.0,Placed
5712,8.3,1,3,2,90.0,4.8,Yes,Yes,84.0,83.0,Placed
762,8.3,0,1,1,72.0,3.5,No,No,60.0,71.0,NotPlaced
1253,8.2,2,3,2,90.0,4.8,Yes,Yes,81.0,88.0,Placed
2981,7.8,2,3,3,82.0,4.3,Yes,Yes,88.0,84.0,NotPlaced
2816,8.6,1,2,0,80.0,4.2,No,No,55.0,68.0,NotPlaced
2126,7.7,1,3,0,86.0,4.8,Yes,Yes,79.0,84.0,Placed
7889,8.5,2,3,2,90.0,4.8,Yes,Yes,83.0,86.0,Placed
1333,8.8,2,3,2,90.0,4.8,Yes,Yes,77.0,85.0,Placed
5552,8.0,2,2,2,89.0,4.2,Yes,Yes,82.0,84.0,Placed
2379,8.6,2,3,2,90.0,4.8,Yes,Yes,65.0,82.0,Placed
5098,8.3,0,1,0,73.0,3.8,Yes,Yes,72.0,80.0,NotPlaced
3361,7.9,0,2,0,70.0,4.7,Yes,Yes,77.0,85.0,Placed
2854,7.3,1,1,0,66.0,3.8,No,No,60.0,73.0,NotPlaced
5193,6.5,1,2,0,70.0,3.4,No,No,58.0,72.0,NotPlaced
5621,7.7,2,3,2,90.0,4.8,Yes,Yes,88.0,85.0,Placed
8660,6.5,1,1,0,87.0,4.8,No,No,63.0,66.0,Placed
6,7.0,0,2,2,71.0,4.2,Yes,No,55.0,66.0,NotPlaced
5615,8.3,1,1,2,74.0,4.1,Yes,Yes,55.0,66.0,NotPlaced
2115,8.3,0,1,1,77.0,3.8,Yes,Yes,78.0,84.0,NotPlaced
7619,7.4,2,3,2,79.0,4.7,Yes,No,87.0,84.0,Placed
7824,7.8,1,2,0,79.0,4.4,Yes,Yes,71.0,81.0,NotPlaced
9170,7.6,2,2,0,77.0,4.5,No,Yes,69.0,65.0,NotPlaced
3065,8.6,2,3,2,90.0,4.8,Yes,Yes,71.0,81.0,Placed
8688,6.8,1,2,2,70.0,3.8,No,Yes,55.0,67.0,NotPlaced
7149,8.3,0,3,2,90.0,4.8,Yes,Yes,85.0,85.0,Placed
9654,8.5,1,0,2,70.0,4.2,Yes,No,63.0,67.0,NotPlaced
5131,7.7,0,1,0,73.0,4.3,Yes,No,55.0,57.0,Placed
532,7.7,2,1,0,75.0,4.4,Yes,No,81.0,82.0,NotPlaced
788,8.2,1,3,2,87.0,4.7,Yes,Yes,73.0,86.0,Placed
9124,7.0,1,1,1,70.0,3.3,No,Yes,55.0,68.0,NotPlaced
2050,7.5,0,2,1,78.0,3.8,No,Yes,82.0,68.0,NotPlaced
5734,8.0,2,1,0,78.0,4.6,No,No,63.0,71.0,Placed
2324,7.7,1,1,0,75.0,3.6,No,Yes,59.0,71.0,NotPlaced
7795,8.2,2,3,2,90.0,4.8,Yes,Yes,83.0,82.0,Placed
3377,8.2,2,3,2,87.0,4.6,Yes,No,87.0,86.0,Placed
704,7.7,1,2,0,78.0,3.6,No,Yes,64.0,81.0,NotPlaced
227,8.0,2,2,2,87.0,3.8,Yes,Yes,79.0,78.0,Placed
4412,7.5,1,3,1,74.0,4.7,Yes,Yes,78.0,68.0,Placed
2633,8.4,2,2,0,80.0,4.0,Yes,No,71.0,84.0,NotPlaced
3812,7.7,0,1,0,77.0,4.6,No,No,79.0,61.0,NotPlaced
9417,8.3,2,3,2,80.0,4.3,Yes,Yes,82.0,87.0,Placed
8739,7.3,1,1,0,77.0,4.0,No,Yes,55.0,59.0,NotPlaced
4053,7.5,2,1,2,86.0,4.6,No,Yes,82.0,83.0,Placed
6623,8.6,1,2,0,85.0,4.2,No,Yes,71.0,67.0,Placed
5639,7.5,1,3,2,90.0,4.8,Yes,Yes,71.0,84.0,Placed
1439,7.6,0,2,0,79.0,4.3,No,No,55.0,63.0,Placed
8575,8.3,1,2,0,73.0,4.8,Yes,Yes,74.0,86.0,NotPlaced
328,8.7,1,3,0,86.0,4.5,Yes,Yes,77.0,81.0,Placed
7650,8.3,1,3,2,89.0,3.4,Yes,Yes,77.0,85.0,Placed
6912,6.7,1,3,2,71.0,3.7,Yes,Yes,87.0,71.0,NotPlaced
2743,7.6,1,3,0,80.0,4.8,Yes,Yes,73.0,78.0,Placed
3123,7.6,1,2,0,80.0,3.8,Yes,Yes,55.0,66.0,NotPlaced
7400,7.8,1,3,2,78.0,4.8,Yes,No,84.0,66.0,NotPlaced
5027,8.3,2,3,2,89.0,4.8,Yes,Yes,83.0,82.0,Placed
4239,8.5,0,3,2,83.0,4.5,No,No,70.0,69.0,NotPlaced
6825,8.0,1,1,2,83.0,4.4,Yes,No,71.0,74.0,NotPlaced
8734,6.5,2,1,0,74.0,4.5,No,No,63.0,83.0,NotPlaced
5651,7.6,1,1,1,71.0,4.2,Yes,Yes,63.0,63.0,NotPlaced
9873,7.5,1,2,1,74.0,3.8,Yes,Yes,77.0,84.0,NotPlaced
9778,8.6,1,3,2,85.0,4.8,Yes,Yes,77.0,72.0,Placed
4671,8.1,1,3,2,90.0,4.3,Yes,Yes,73.0,86.0,Placed
5717,6.5,1,2,1,68.0,4.8,No,No,55.0,68.0,NotPlaced
4711,7.1,2,1,2,77.0,4.1,Yes,Yes,61.0,68.0,NotPlaced
2385,7.5,1,2,0,81.0,4.8,Yes,Yes,55.0,79.0,NotPlaced
3927,6.5,1,2,1,77.0,4.2,No,No,62.0,71.0,NotPlaced
3629,8.3,2,3,2,90.0,4.4,Yes,Yes,85.0,85.0,Placed
2291,8.7,1,3,2,80.0,4.7,Yes,Yes,76.0,82.0,Placed
2662,7.5,1,2,0,74.0,4.3,No,No,55.0,65.0,NotPlaced
3404,8.7,1,3,0,77.0,3.5,Yes,Yes,56.0,58.0,Placed
6584,7.5,1,1,2,72.0,4.3,No,No,55.0,66.0,NotPlaced
3120,7.7,1,2,2,85.0,4.8,Yes,Yes,87.0,86.0,Placed
9940,8.4,1,2,2,81.0,4.6,Yes,Yes,68.0,81.0,NotPlaced
4666,7.5,1,1,1,76.0,3.9,No,Yes,77.0,67.0,NotPlaced
3821,6.6,1,1,0,61.0,4.1,No,Yes,55.0,73.0,NotPlaced
3249,8.1,2,1,1,90.0,4.4,No,No,70.0,84.0,Placed
2035,8.2,1,2,2,86.0,4.2,Yes,Yes,73.0,73.0,NotPlaced
7164,8.7,1,3,0,90.0,4.5,Yes,Yes,82.0,85.0,Placed
4271,7.9,2,1,1,85.0,4.2,Yes,Yes,79.0,70.0,Placed
3156,6.6,0,1,0,73.0,4.3,Yes,Yes,58.0,68.0,NotPlaced
2390,6.5,0,1,0,90.0,4.5,Yes,Yes,56.0,82.0,NotPlaced
9648,7.3,1,3,0,77.0,4.2,No,No,66.0,62.0,NotPlaced
9550,8.2,2,3,2,88.0,4.7,Yes,Yes,83.0,83.0,Placed
3126,8.3,1,3,1,87.0,4.4,Yes,Yes,59.0,83.0,Placed
1332,8.0,1,3,2,90.0,4.8,Yes,Yes,75.0,82.0,Placed
9850,6.8,2,2,2,80.0,4.5,Yes,Yes,72.0,82.0,Placed
3204,8.6,2,3,2,90.0,4.7,Yes,Yes,75.0,88.0,Placed
6396,8.6,2,3,2,86.0,4.3,Yes,Yes,77.0,86.0,Placed
4160,7.5,1,1,1,73.0,4.1,No,Yes,55.0,75.0,NotPlaced
686,8.7,0,1,2,82.0,4.5,Yes,Yes,73.0,86.0,Placed
3988,8.1,1,1,0,85.0,3.1,No,Yes,55.0,65.0,NotPlaced
9554,7.6,2,3,1,78.0,3.8,No,Yes,62.0,64.0,NotPlaced
5599,8.5,2,3,2,89.0,4.8,Yes,Yes,81.0,78.0,Placed
3714,6.7,0,1,1,79.0,3.6,Yes,No,74.0,70.0,NotPlaced
7377,6.6,1,1,0,78.0,4.6,No,Yes,55.0,67.0,NotPlaced
1728,6.5,1,1,0,71.0,4.5,No,No,61.0,65.0,NotPlaced
4547,8.3,0,3,0,86.0,4.5,Yes,Yes,69.0,78.0,Placed
706,7.8,0,1,0,78.0,4.0,Yes,No,64.0,69.0,NotPlaced
2564,7.6,1,1,2,73.0,4.2,Yes,No,64.0,76.0,NotPlaced
7081,7.8,1,3,0,76.0,4.7,Yes,Yes,57.0,82.0,Placed
2402,8.3,1,2,0,72.0,4.2,No,No,63.0,74.0,NotPlaced
6560,8.3,2,3,2,86.0,4.8,Yes,Yes,78.0,83.0,Placed
2221,6.5,1,2,3,77.0,4.4,Yes,No,64.0,80.0,NotPlaced
1876,7.7,2,1,1,80.0,4.7,Yes,Yes,56.0,85.0,Placed
360,7.7,1,2,0,68.0,3.9,No,Yes,62.0,63.0,NotPlaced
443,8.2,0,3,2,78.0,4.5,No,Yes,88.0,84.0,Placed
6990,8.0,2,3,1,87.0,4.3,Yes,No,70.0,84.0,NotPlaced
3609,7.9,1,1,0,78.0,3.9,Yes,Yes,82.0,62.0,NotPlaced
8765,8.8,2,3,2,90.0,4.7,Yes,Yes,80.0,86.0,Placed
6762,7.4,0,2,0,81.0,3.8,Yes,Yes,72.0,73.0,NotPlaced
6301,8.0,1,1,0,75.0,3.6,Yes,Yes,78.0,83.0,Placed
2884,7.6,2,3,0,90.0,4.8,Yes,No,74.0,85.0,NotPlaced
7670,6.7,0,2,1,71.0,3.7,No,No,55.0,67.0,NotPlaced
1118,7.8,1,1,1,78.0,4.5,No,Yes,78.0,66.0,NotPlaced
9645,7.7,1,2,0,78.0,3.7,No,Yes,75.0,86.0,NotPlaced
6384,6.5,1,2,1,70.0,3.9,Yes,Yes,74.0,85.0,NotPlaced
952,6.7,1,2,1,78.0,4.4,No,No,60.0,88.0,NotPlaced
5205,7.3,1,1,0,66.0,3.7,No,No,59.0,68.0,NotPlaced
5420,7.5,0,2,0,79.0,3.7,No,No,78.0,85.0,Placed
4704,7.5,1,1,1,80.0,4.1,No,Yes,55.0,65.0,NotPlaced
7489,8.0,0,2,0,85.0,3.8,Yes,Yes,75.0,69.0,NotPlaced
5772,8.8,2,3,0,88.0,4.7,No,Yes,58.0,87.0,Placed
927,7.3,0,1,1,74.0,4.1,No,No,64.0,72.0,NotPlaced
3345,7.4,0,2,0,71.0,3.8,No,No,55.0,64.0,NotPlaced
1074,8.3,2,3,2,90.0,4.7,Yes,Yes,82.0,83.0,NotPlaced
4289,6.5,1,2,0,86.0,3.9,No,No,55.0,67.0,NotPlaced
8696,7.5,1,1,0,90.0,4.6,No,Yes,68.0,73.0,NotPlaced
8199,7.4,1,1,0,74.0,3.8,No,No,73.0,70.0,NotPlaced
5583,8.8,1,2,2,77.0,4.3,Yes,Yes,74.0,79.0,Placed
8131,7.4,2,2,2,86.0,4.0,No,Yes,74.0,68.0,NotPlaced
3255,7.6,1,1,1,73.0,4.1,No,No,55.0,67.0,NotPlaced
6074,6.8,0,3,1,74.0,4.5,Yes,Yes,83.0,69.0,Placed
5078,7.3,1,1,0,65.0,3.9,No,No,69.0,67.0,NotPlaced
5369,6.8,1,1,0,66.0,3.5,No,No,56.0,72.0,NotPlaced
3110,7.4,1,2,1,75.0,4.3,No,Yes,55.0,66.0,NotPlaced
1422,8.1,2,2,3,76.0,4.1,Yes,Yes,55.0,88.0,NotPlaced
4362,6.5,1,3,1,76.0,4.8,No,Yes,65.0,65.0,NotPlaced
7458,8.2,2,3,2,88.0,4.3,Yes,No,70.0,88.0,Placed
4532,6.6,1,1,0,77.0,3.9,No,No,55.0,70.0,NotPlaced
993,7.8,1,1,2,82.0,4.3,Yes,Yes,59.0,65.0,Placed
8934,7.2,1,1,0,73.0,3.8,No,No,59.0,65.0,NotPlaced
6605,8.3,1,3,2,90.0,4.6,Yes,Yes,85.0,84.0,Placed
9783,7.5,1,1,0,81.0,4.7,Yes,Yes,57.0,64.0,Placed
6403,7.7,0,3,0,74.0,4.2,Yes,Yes,74.0,81.0,Placed
4639,8.2,1,1,2,86.0,3.4,No,Yes,80.0,71.0,NotPlaced
3951,8.2,2,3,2,90.0,4.8,Yes,Yes,83.0,85.0,Placed
1334,7.5,0,1,0,80.0,4.5,No,No,58.0,67.0,NotPlaced
3188,8.2,1,1,1,68.0,3.7,Yes,No,68.0,62.0,NotPlaced
8153,7.6,1,2,1,87.0,4.3,No,No,60.0,80.0,NotPlaced
3663,7.8,0,1,1,79.0,4.7,Yes,Yes,82.0,75.0,Placed
7553,7.5,0,2,0,81.0,3.6,No,Yes,55.0,68.0,Placed
6514,7.7,1,1,0,78.0,3.9,No,Yes,69.0,72.0,NotPlaced
12,7.9,1,3,2,90.0,4.8,Yes,Yes,71.0,87.0,Placed
1381,8.3,2,3,2,90.0,4.8,Yes,Yes,78.0,66.0,Placed
6989,6.8,1,2,0,88.0,4.8,Yes,Yes,80.0,64.0,Placed
5953,7.7,1,3,1,89.0,4.8,Yes,Yes,88.0,83.0,Placed
5887,7.7,1,1,0,78.0,3.8,No,Yes,55.0,61.0,NotPlaced
7654,8.2,2,3,2,87.0,4.8,Yes,Yes,83.0,83.0,Placed
529,8.1,1,3,0,88.0,4.3,No,No,72.0,85.0,NotPlaced
6698,7.6,1,1,0,77.0,4.1,No,Yes,57.0,67.0,Placed
7046,7.9,2,3,2,90.0,4.8,Yes,Yes,70.0,86.0,Placed
3317,7.9,1,2,1,87.0,4.4,Yes,No,58.0,83.0,NotPlaced
5530,6.8,1,2,0,78.0,4.3,Yes,Yes,75.0,71.0,Placed
8501,6.7,1,1,0,74.0,3.7,No,Yes,55.0,67.0,NotPlaced
3390,7.9,2,3,2,90.0,4.6,Yes,Yes,82.0,81.0,Placed
5266,8.3,2,3,2,90.0,4.8,Yes,Yes,77.0,83.0,Placed
9109,6.5,1,1,1,66.0,4.0,No,Yes,60.0,73.0,NotPlaced
8578,6.5,1,2,1,72.0,4.5,No,No,60.0,69.0,NotPlaced
1475,7.8,2,3,2,90.0,4.8,Yes,Yes,84.0,86.0,Placed
3889,8.7,2,3,2,90.0,4.8,Yes,Yes,80.0,83.0,Placed
6300,8.1,2,2,0,72.0,4.2,No,Yes,55.0,68.0,Placed
8393,7.4,1,2,3,83.0,4.7,Yes,Yes,59.0,81.0,Placed
1194,7.6,1,1,2,73.0,3.6,No,Yes,62.0,72.0,NotPlaced
3228,8.3,2,3,3,90.0,4.8,Yes,Yes,90.0,83.0,Placed
5605,8.4,2,3,2,88.0,4.5,Yes,Yes,90.0,79.0,Placed
1240,7.4,1,1,0,78.0,4.5,Yes,Yes,70.0,78.0,Placed
7521,7.9,1,3,2,87.0,4.8,Yes,Yes,82.0,88.0,Placed
9857,7.9,0,1,0,79.0,4.2,No,No,55.0,62.0,NotPlaced
8961,7.9,1,3,3,80.0,4.1,Yes,Yes,71.0,84.0,Placed
2626,7.6,1,1,0,89.0,4.2,No,Yes,55.0,68.0,NotPlaced
2078,6.9,1,1,0,76.0,4.5,No,No,58.0,58.0,Placed
989,6.9,1,2,0,85.0,4.8,Yes,Yes,73.0,87.0,Placed
6602,7.5,1,3,1,77.0,4.8,No,Yes,69.0,73.0,Placed
3062,8.1,2,3,2,89.0,4.8,Yes,Yes,88.0,67.0,NotPlaced
2836,8.6,2,2,1,74.0,4.0,No,No,59.0,63.0,NotPlaced
7402,6.7,1,1,0,73.0,3.5,Yes,Yes,55.0,63.0,NotPlaced
3333,7.4,0,1,0,60.0,3.0,No,No,55.0,70.0,NotPlaced
1029,8.3,1,1,0,80.0,4.4,No,No,71.0,62.0,NotPlaced
2372,7.8,0,2,0,74.0,4.2,No,Yes,55.0,68.0,NotPlaced
1593,9.0,1,3,2,78.0,4.8,Yes,Yes,79.0,85.0,Placed
6013,7.5,1,2,0,74.0,4.6,No,Yes,58.0,75.0,NotPlaced
1087,8.4,0,3,0,75.0,4.6,Yes,Yes,73.0,83.0,Placed
2953,8.6,1,3,2,89.0,4.6,Yes,Yes,75.0,83.0,Placed
1833,8.5,2,3,2,90.0,4.8,Yes,Yes,81.0,85.0,Placed
1136,7.4,0,1,1,68.0,4.1,No,Yes,55.0,74.0,NotPlaced
6452,8.4,2,3,2,90.0,4.6,Yes,Yes,74.0,80.0,NotPlaced
6440,8.3,1,3,2,89.0,4.4,Yes,Yes,63.0,81.0,Placed
7590,7.9,1,0,3,90.0,4.8,Yes,Yes,68.0,88.0,NotPlaced
9974,7.7,1,2,1,68.0,4.2,No,Yes,55.0,85.0,NotPlaced
2468,7.9,1,1,1,89.0,4.0,No,Yes,81.0,70.0,NotPlaced
5939,8.5,1,3,1,84.0,4.3,Yes,Yes,80.0,82.0,Placed
6994,7.9,1,2,0,73.0,4.5,Yes,No,68.0,74.0,Placed
9092,6.5,0,1,1,80.0,3.2,No,No,71.0,60.0,NotPlaced
5776,7.5,1,1,0,72.0,4.4,Yes,Yes,55.0,61.0,Placed
8330,6.7,1,2,1,76.0,4.6,Yes,Yes,71.0,68.0,NotPlaced
1960,6.5,2,1,2,86.0,4.7,Yes,No,65.0,82.0,Placed
3196,7.6,0,1,0,75.0,4.3,Yes,Yes,55.0,66.0,NotPlaced
3921,7.8,1,2,0,70.0,4.8,Yes,Yes,74.0,67.0,NotPlaced
3283,8.7,1,1,0,83.0,4.3,No,No,66.0,70.0,Placed
2848,8.4,1,3,0,81.0,4.8,Yes,Yes,85.0,88.0,Placed
874,8.6,2,3,2,90.0,4.8,Yes,Yes,84.0,85.0,Placed
4250,8.1,2,3,2,87.0,4.7,Yes,No,73.0,87.0,Placed
9172,7.9,0,2,0,82.0,4.2,Yes,Yes,75.0,60.0,Placed
5741,7.4,1,2,1,68.0,3.6,No,No,55.0,64.0,NotPlaced
3304,7.5,0,1,0,75.0,3.7,No,No,61.0,70.0,NotPlaced
2498,8.4,1,2,0,82.0,4.4,Yes,Yes,71.0,83.0,NotPlaced
6093,8.0,1,3,0,90.0,4.8,Yes,Yes,76.0,83.0,Placed
7839,7.4,1,3,2,90.0,4.0,Yes,Yes,71.0,83.0,Placed
1610,7.6,1,1,1,68.0,4.1,No,No,55.0,71.0,NotPlaced
6118,7.9,1,3,1,67.0,4.4,Yes,No,71.0,77.0,NotPlaced
2411,8.4,0,3,0,80.0,4.3,Yes,Yes,82.0,83.0,NotPlaced
8631,6.5,1,1,1,73.0,4.0,Yes,No,55.0,62.0,NotPlaced
4359,7.8,2,3,0,90.0,4.8,Yes,Yes,78.0,83.0,Placed
8953,8.2,2,3,2,81.0,4.8,Yes,Yes,84.0,64.0,NotPlaced
4913,7.6,0,1,0,81.0,4.4,Yes,Yes,84.0,83.0,Placed
9841,6.5,1,1,2,85.0,4.6,Yes,Yes,55.0,65.0,Placed
7943,7.9,1,1,1,76.0,3.8,Yes,Yes,80.0,67.0,Placed
3909,7.2,0,1,0,73.0,4.1,Yes,Yes,72.0,83.0,Placed
4126,7.5,1,2,1,80.0,4.0,No,Yes,55.0,65.0,NotPlaced
3291,7.7,0,2,0,70.0,3.6,No,Yes,57.0,66.0,NotPlaced
6024,7.8,1,3,0,89.0,4.6,Yes,Yes,77.0,88.0,Placed
7620,7.7,1,2,0,80.0,4.0,No,Yes,57.0,67.0,NotPlaced
8840,7.9,1,3,2,90.0,4.8,Yes,No,78.0,83.0,NotPlaced
4951,8.1,0,2,2,75.0,4.3,Yes,Yes,84.0,88.0,Placed
5382,8.8,2,3,2,86.0,4.7,Yes,Yes,73.0,88.0,Placed
7610,7.5,1,1,0,71.0,4.0,No,No,63.0,64.0,NotPlaced
831,8.6,0,3,2,88.0,4.8,Yes,Yes,85.0,83.0,Placed
620,7.7,1,1,0,73.0,3.9,No,Yes,59.0,67.0,Placed
7559,8.2,1,2,2,81.0,4.8,Yes,Yes,75.0,87.0,Placed
1435,8.5,1,3,0,74.0,4.0,Yes,Yes,80.0,58.0,NotPlaced
3673,8.4,2,1,2,85.0,4.1,Yes,Yes,81.0,66.0,Placed
4020,7.6,0,1,0,71.0,3.7,No,Yes,55.0,73.0,NotPlaced
378,7.4,1,2,0,77.0,4.1,Yes,Yes,55.0,77.0,NotPlaced
6614,7.7,1,2,0,79.0,4.7,Yes,Yes,79.0,66.0,Placed
5700,8.2,1,2,1,86.0,4.5,Yes,Yes,74.0,83.0,Placed
8195,8.1,2,3,2,77.0,4.5,Yes,Yes,84.0,68.0,NotPlaced
163,6.7,1,1,0,75.0,4.2,No,No,56.0,64.0,NotPlaced
3539,8.2,1,1,0,79.0,4.5,Yes,Yes,81.0,63.0,Placed
3036,8.0,2,3,3,84.0,4.0,Yes,Yes,75.0,60.0,NotPlaced
3315,8.9,1,3,0,84.0,4.5,Yes,Yes,72.0,84.0,Placed
4936,8.4,2,3,2,90.0,4.8,Yes,Yes,69.0,83.0,Placed
174,8.0,1,1,1,78.0,4.4,No,No,66.0,68.0,NotPlaced
7844,8.0,2,3,2,79.0,4.8,Yes,Yes,85.0,85.0,Placed
7581,6.5,0,3,2,73.0,4.5,Yes,Yes,74.0,84.0,Placed
2586,6.6,1,1,0,60.0,4.2,No,Yes,62.0,67.0,NotPlaced
8323,6.5,1,2,1,65.0,4.6,No,Yes,62.0,87.0,NotPlaced
8421,8.0,1,3,1,90.0,4.4,No,Yes,82.0,67.0,NotPlaced
990,6.7,0,1,0,71.0,4.3,No,No,67.0,60.0,NotPlaced
9002,7.5,1,1,0,77.0,4.6,No,No,79.0,72.0,NotPlaced
232,7.4,2,1,1,87.0,4.5,Yes,Yes,68.0,84.0,NotPlaced
1259,8.1,2,3,2,86.0,4.8,Yes,Yes,75.0,86.0,Placed
547,6.5,1,1,1,74.0,4.0,No,No,56.0,73.0,NotPlaced
3051,8.2,1,1,1,76.0,3.5,No,Yes,85.0,63.0,Placed
6997,8.6,2,3,2,90.0,4.8,Yes,Yes,84.0,85.0,NotPlaced
274,6.8,1,1,0,73.0,3.7,No,Yes,55.0,65.0,NotPlaced
7686,6.7,1,2,1,81.0,4.5,Yes,Yes,71.0,83.0,Placed
270,6.6,1,2,1,65.0,4.1,No,No,56.0,58.0,NotPlaced
1243,8.3,0,1,2,90.0,4.8,Yes,Yes,81.0,82.0,Placed
8183,7.3,1,2,0,83.0,4.5,Yes,Yes,56.0,71.0,Placed
5455,8.4,2,3,2,87.0,4.8,Yes,No,87.0,87.0,Placed
9539,7.8,1,2,1,69.0,4.5,Yes,No,71.0,67.0,NotPlaced
9482,7.9,1,2,2,78.0,3.9,Yes,Yes,75.0,70.0,NotPlaced
9789,8.5,1,3,0,81.0,4.8,Yes,Yes,73.0,83.0,Placed
4254,8.2,1,3,2,87.0,4.6,Yes,Yes,78.0,82.0,Placed
6760,7.6,2,3,0,90.0,4.8,Yes,Yes,78.0,88.0,Placed
5914,7.4,1,1,1,80.0,4.7,Yes,Yes,68.0,70.0,NotPlaced
3952,7.5,0,3,0,67.0,4.1,Yes,Yes,74.0,67.0,NotPlaced
1054,8.3,1,2,1,71.0,3.9,No,No,55.0,66.0,NotPlaced
8030,7.5,0,1,0,71.0,4.1,No,Yes,73.0,66.0,NotPlaced
58,8.4,2,2,2,81.0,4.6,Yes,Yes,77.0,82.0,Placed
7097,8.2,2,3,2,90.0,4.8,Yes,Yes,84.0,88.0,Placed
4545,8.5,0,2,0,90.0,4.4,Yes,Yes,79.0,61.0,Placed
7371,6.5,1,1,0,86.0,4.2,Yes,Yes,65.0,65.0,NotPlaced
1606,8.2,0,2,0,89.0,4.1,No,Yes,55.0,82.0,NotPlaced
7049,6.7,0,1,0,68.0,3.5,No,No,63.0,68.0,NotPlaced
3759,7.7,1,3,3,87.0,3.9,Yes,Yes,80.0,65.0,NotPlaced
6630,8.4,2,3,2,90.0,4.8,Yes,Yes,83.0,84.0,Placed
1797,7.2,1,1,1,68.0,4.0,No,No,58.0,66.0,NotPlaced
7264,6.8,1,1,0,60.0,3.5,No,Yes,55.0,57.0,NotPlaced
7510,7.8,2,2,2,79.0,4.5,Yes,No,72.0,86.0,NotPlaced
6467,7.6,1,1,0,83.0,4.8,Yes,Yes,79.0,79.0,NotPlaced
9711,7.3,1,1,0,77.0,4.0,No,No,63.0,66.0,NotPlaced
6549,7.1,0,2,2,89.0,4.2,Yes,Yes,61.0,76.0,Placed
5930,6.6,1,1,0,78.0,4.3,No,Yes,83.0,70.0,NotPlaced
7653,7.3,0,1,1,70.0,3.9,No,No,55.0,71.0,NotPlaced
9058,7.5,1,2,1,71.0,4.1,No,Yes,58.0,65.0,NotPlaced
2069,7.5,1,3,0,83.0,4.8,Yes,Yes,73.0,87.0,Placed
1675,6.6,1,2,1,70.0,4.6,Yes,Yes,76.0,84.0,NotPlaced
6874,6.5,0,2,1,75.0,3.5,No,Yes,61.0,68.0,NotPlaced
1744,7.7,1,3,0,78.0,4.7,Yes,Yes,88.0,79.0,Placed
6138,7.5,1,1,2,78.0,4.3,Yes,No,58.0,70.0,Placed
6574,7.6,1,1,2,74.0,4.3,No,Yes,55.0,66.0,Placed
7529,7.3,1,1,2,82.0,4.0,Yes,Yes,59.0,75.0,NotPlaced
6319,7.7,0,1,1,83.0,3.7,No,Yes,55.0,69.0,NotPlaced
2542,8.4,1,2,2,72.0,4.6,Yes,Yes,70.0,67.0,NotPlaced
5165,6.5,1,3,1,86.0,4.5,Yes,Yes,82.0,82.0,Placed
2757,8.4,2,3,2,90.0,4.8,Yes,Yes,81.0,81.0,Placed
8742,7.7,1,1,1,64.0,4.5,No,No,55.0,65.0,NotPlaced
8023,7.2,1,2,2,75.0,4.3,No,Yes,75.0,75.0,NotPlaced
6632,7.4,0,2,0,85.0,4.4,No,No,89.0,69.0,NotPlaced
2386,6.5,1,3,1,90.0,4.5,No,No,74.0,62.0,NotPlaced
7752,8.7,2,3,0,82.0,4.1,Yes,Yes,72.0,79.0,Placed
8308,7.5,0,1,0,82.0,4.6,Yes,Yes,62.0,69.0,Placed
5365,8.4,2,3,2,84.0,4.2,Yes,Yes,81.0,84.0,Placed
9746,8.9,0,3,0,83.0,4.8,Yes,Yes,80.0,85.0,Placed
5295,6.7,1,1,0,70.0,3.9,No,Yes,56.0,67.0,NotPlaced
2546,8.3,1,3,1,72.0,4.3,Yes,Yes,55.0,67.0,NotPlaced
7775,6.6,1,3,1,79.0,3.2,No,Yes,62.0,69.0,NotPlaced
361,8.7,1,3,2,90.0,4.7,Yes,Yes,81.0,80.0,Placed
4168,7.7,2,2,0,79.0,4.2,Yes,Yes,58.0,73.0,Placed
5343,7.5,0,1,1,78.0,3.5,No,Yes,55.0,78.0,NotPlaced
9231,6.7,0,3,2,86.0,4.8,Yes,Yes,67.0,73.0,Placed
570,7.4,1,3,0,81.0,4.7,Yes,Yes,76.0,84.0,Placed
7881,8.4,0,1,0,80.0,4.5,Yes,Yes,87.0,78.0,NotPlaced
2199,8.3,0,3,0,82.0,4.5,Yes,Yes,73.0,81.0,Placed
3022,7.7,1,3,2,78.0,4.1,Yes,Yes,77.0,82.0,Placed
8283,7.4,1,1,1,70.0,4.3,No,Yes,72.0,75.0,NotPlaced
537,8.1,2,3,2,84.0,4.6,Yes,Yes,78.0,84.0,Placed
8984,7.4,1,3,0,84.0,4.6,No,No,64.0,84.0,NotPlaced
3128,7.4,1,1,1,70.0,3.7,No,No,55.0,68.0,NotPlaced
3334,6.5,2,1,1,83.0,3.6,Yes,Yes,76.0,67.0,NotPlaced
8354,8.6,2,3,2,90.0,4.8,Yes,Yes,89.0,84.0,Placed
3679,7.9,2,3,0,81.0,3.6,Yes,No,89.0,86.0,Placed
10,7.8,1,3,2,79.0,4.4,Yes,Yes,85.0,86.0,Placed
7381,8.5,0,3,2,90.0,4.6,No,Yes,74.0,72.0,Placed
4582,8.3,1,3,0,84.0,4.4,Yes,Yes,82.0,80.0,Placed
9733,8.4,1,3,1,80.0,4.6,Yes,Yes,74.0,81.0,Placed
9870,8.5,0,3,1,85.0,3.8,Yes,Yes,73.0,84.0,Placed
4005,7.9,1,1,1,75.0,4.4,Yes,Yes,74.0,70.0,NotPlaced
444,8.1,1,2,2,76.0,4.5,Yes,Yes,79.0,81.0,Placed
844,7.1,1,1,1,72.0,4.3,No,Yes,55.0,65.0,NotPlaced
8750,7.5,0,2,0,68.0,4.0,No,Yes,67.0,71.0,Placed
7784,8.2,1,3,2,90.0,4.4,Yes,Yes,71.0,81.0,Placed
4277,8.3,1,3,0,84.0,4.7,Yes,Yes,77.0,86.0,Placed
9571,6.5,1,1,1,66.0,3.6,No,No,59.0,69.0,NotPlaced
9982,7.8,1,1,0,76.0,3.9,No,Yes,57.0,64.0,NotPlaced
8589,7.5,1,1,3,78.0,4.5,No,No,69.0,73.0,NotPlaced
7651,6.5,0,1,0,66.0,4.0,No,Yes,66.0,72.0,NotPlaced
2570,8.4,1,3,2,90.0,4.7,Yes,Yes,81.0,88.0,Placed
3681,7.8,0,1,2,76.0,4.3,Yes,Yes,60.0,73.0,NotPlaced
1036,7.7,1,2,0,71.0,4.5,Yes,Yes,71.0,68.0,NotPlaced
4089,8.2,0,3,1,90.0,4.8,Yes,Yes,82.0,84.0,Placed
9749,7.4,1,1,0,65.0,3.7,No,No,65.0,66.0,NotPlaced
8465,7.1,0,1,0,73.0,4.1,No,Yes,55.0,64.0,NotPlaced
4061,7.9,1,2,1,77.0,4.2,Yes,Yes,84.0,64.0,Placed
2155,7.8,1,2,0,82.0,4.0,No,Yes,70.0,60.0,NotPlaced
8948,8.0,2,3,2,81.0,3.9,Yes,Yes,79.0,81.0,NotPlaced
4739,7.6,0,3,0,85.0,4.3,No,Yes,64.0,83.0,Placed
7936,7.7,1,1,1,65.0,3.5,No,No,60.0,69.0,NotPlaced
517,7.3,1,1,1,69.0,4.2,No,No,55.0,65.0,NotPlaced
8510,8.4,1,3,0,75.0,4.6,Yes,Yes,81.0,84.0,NotPlaced
506,7.3,0,3,2,77.0,4.6,Yes,Yes,72.0,88.0,Placed
2690,6.5,1,2,0,84.0,4.7,No,Yes,55.0,60.0,NotPlaced
5883,6.9,1,1,0,76.0,4.0,No,No,55.0,66.0,Placed
9612,6.5,2,2,1,88.0,3.9,No,Yes,68.0,73.0,NotPlaced
7238,6.8,1,2,1,79.0,4.6,No,No,63.0,78.0,NotPlaced
3822,7.1,1,1,2,78.0,4.6,Yes,Yes,72.0,82.0,Placed
3341,8.4,0,2,1,87.0,4.4,No,Yes,72.0,68.0,Placed
6920,7.3,0,1,1,69.0,3.7,No,Yes,59.0,59.0,NotPlaced
3019,7.6,2,2,2,81.0,4.3,No,Yes,85.0,82.0,NotPlaced
5780,8.6,1,3,0,82.0,4.3,Yes,Yes,71.0,82.0,Placed
1760,8.1,2,3,2,82.0,4.5,Yes,Yes,79.0,87.0,NotPlaced
7948,8.5,0,3,2,90.0,4.6,Yes,Yes,74.0,87.0,Placed
6548,7.7,0,1,0,82.0,4.7,Yes,Yes,62.0,68.0,NotPlaced
5477,6.6,1,1,2,76.0,4.0,Yes,Yes,71.0,85.0,NotPlaced
2263,8.3,1,2,1,84.0,4.7,Yes,Yes,59.0,69.0,NotPlaced
3554,8.4,2,1,2,78.0,4.1,Yes,Yes,55.0,64.0,NotPlaced
5582,8.3,1,1,0,75.0,4.2,Yes,Yes,86.0,86.0,Placed
4220,7.1,1,1,1,69.0,3.3,No,No,65.0,61.0,NotPlaced
8770,8.3,1,3,2,90.0,4.8,Yes,Yes,88.0,73.0,Placed
8018,7.4,0,1,0,76.0,4.0,No,No,60.0,70.0,NotPlaced
8038,8.1,1,2,0,83.0,4.1,Yes,No,66.0,66.0,NotPlaced
718,6.9,1,1,1,74.0,4.4,No,No,86.0,63.0,NotPlaced
8381,7.6,1,1,0,79.0,4.2,Yes,No,57.0,61.0,NotPlaced
3733,8.3,1,3,2,90.0,4.8,Yes,Yes,71.0,84.0,Placed
9538,8.0,1,1,1,70.0,4.0,No,Yes,72.0,64.0,NotPlaced
657,7.4,1,3,0,88.0,4.2,Yes,Yes,55.0,74.0,NotPlaced
4369,7.5,1,2,1,77.0,3.7,No,Yes,55.0,70.0,NotPlaced
6470,7.7,0,1,1,90.0,4.4,No,Yes,80.0,64.0,NotPlaced
4445,7.7,0,2,1,81.0,4.6,Yes,Yes,59.0,72.0,NotPlaced
6097,8.3,1,3,2,90.0,4.8,Yes,Yes,79.0,80.0,Placed
8162,8.0,2,3,0,90.0,4.8,No,Yes,65.0,86.0,NotPlaced
8136,8.2,0,3,0,77.0,4.0,Yes,No,69.0,85.0,NotPlaced
7587,8.1,2,3,2,87.0,4.8,Yes,No,84.0,86.0,Placed
2203,6.8,0,1,1,79.0,4.2,Yes,Yes,60.0,82.0,NotPlaced
8159,7.0,1,1,0,79.0,4.3,No,No,55.0,70.0,NotPlaced
4912,7.1,1,2,1,73.0,3.9,No,Yes,79.0,72.0,Placed
2066,7.7,1,2,1,69.0,4.5,No,Yes,55.0,61.0,NotPlaced
4311,7.6,0,1,1,62.0,3.9,No,No,65.0,58.0,NotPlaced
8115,6.5,0,1,0,73.0,3.7,No,No,57.0,67.0,NotPlaced
6798,7.5,1,1,0,68.0,3.6,No,Yes,67.0,66.0,NotPlaced
9395,7.7,0,2,3,74.0,4.0,Yes,Yes,90.0,84.0,NotPlaced
9877,7.4,2,3,0,80.0,4.5,Yes,Yes,77.0,87.0,Placed
6941,6.5,1,2,0,74.0,4.6,No,Yes,56.0,62.0,Placed
9892,7.7,1,3,1,72.0,4.5,Yes,Yes,67.0,85.0,Placed
4542,8.3,2,3,0,90.0,4.8,Yes,Yes,87.0,79.0,Placed
4275,6.9,1,2,1,81.0,4.3,No,Yes,59.0,68.0,NotPlaced
3611,6.5,1,1,0,85.0,3.6,No,No,55.0,72.0,NotPlaced
6527,8.1,2,3,2,90.0,4.8,Yes,Yes,80.0,87.0,Placed
1030,6.9,1,1,0,70.0,4.6,Yes,Yes,65.0,82.0,Placed
7332,8.0,1,2,1,78.0,3.6,Yes,Yes,79.0,83.0,NotPlaced
8431,6.5,0,1,1,66.0,4.6,No,No,62.0,66.0,NotPlaced
7963,8.3,0,1,0,87.0,4.5,No,Yes,74.0,69.0,Placed
9593,7.5,1,3,2,88.0,4.5,Yes,Yes,70.0,84.0,Placed
3281,6.5,1,1,2,90.0,4.8,Yes,No,75.0,80.0,NotPlaced
1968,6.5,0,1,0,86.0,3.9,No,No,72.0,70.0,NotPlaced
8776,8.4,2,3,2,90.0,4.5,Yes,Yes,69.0,81.0,NotPlaced
2503,7.7,1,1,0,67.0,4.0,No,No,55.0,69.0,NotPlaced
2145,8.5,0,3,2,87.0,4.7,Yes,Yes,58.0,76.0,Placed
1937,8.6,2,3,2,89.0,4.8,Yes,No,79.0,78.0,Placed
3105,8.7,2,3,1,90.0,4.8,Yes,Yes,72.0,83.0,NotPlaced
2150,6.5,1,1,0,77.0,4.3,No,No,66.0,60.0,NotPlaced
4372,8.2,1,3,2,90.0,4.6,Yes,Yes,75.0,82.0,Placed
6672,8.3,2,1,0,79.0,4.0,Yes,Yes,62.0,67.0,Placed
2454,8.0,1,2,3,74.0,4.0,Yes,Yes,78.0,83.0,Placed
4948,6.7,1,1,2,89.0,4.3,Yes,Yes,73.0,67.0,NotPlaced
9627,7.6,2,2,2,89.0,4.6,Yes,Yes,68.0,79.0,Placed
8872,7.6,2,2,2,60.0,4.4,No,No,55.0,61.0,NotPlaced
8442,6.5,1,1,0,68.0,4.0,No,Yes,55.0,69.0,NotPlaced
2045,7.8,0,2,0,89.0,3.9,Yes,Yes,70.0,74.0,NotPlaced
4114,8.7,1,3,0,78.0,3.2,Yes,Yes,55.0,80.0,NotPlaced
84,8.3,2,3,1,90.0,4.2,Yes,Yes,82.0,83.0,Placed
9687,8.4,2,1,0,90.0,4.4,Yes,Yes,72.0,82.0,Placed
9283,8.8,0,3,0,88.0,4.6,Yes,Yes,65.0,84.0,Placed
9036,8.2,0,2,1,75.0,4.4,Yes,Yes,73.0,67.0,Placed
5818,8.3,2,3,1,90.0,4.8,Yes,Yes,69.0,83.0,Placed
1855,7.3,1,2,2,84.0,4.4,Yes,Yes,76.0,81.0,Placed
623,8.3,1,2,2,88.0,4.4,Yes,Yes,78.0,86.0,Placed
6547,7.4,1,2,0,70.0,4.1,Yes,No,77.0,69.0,NotPlaced
8489,7.8,1,1,0,73.0,4.6,No,Yes,64.0,69.0,NotPlaced
1223,6.9,1,3,2,86.0,4.4,Yes,Yes,79.0,70.0,Placed
1996,6.5,0,3,0,73.0,4.6,Yes,Yes,75.0,74.0,Placed
5735,6.5,1,1,0,72.0,4.8,No,No,68.0,70.0,NotPlaced
4451,7.6,2,3,1,74.0,4.2,Yes,Yes,81.0,63.0,NotPlaced
869,7.4,1,2,1,67.0,4.2,No,Yes,58.0,64.0,NotPlaced
2144,6.6,1,2,2,73.0,3.3,Yes,Yes,64.0,83.0,Placed
6428,8.2,2,3,2,90.0,4.8,Yes,Yes,85.0,83.0,Placed
5961,6.5,1,1,0,69.0,4.5,No,No,55.0,70.0,NotPlaced
142,7.6,1,1,0,73.0,4.3,No,Yes,55.0,76.0,Placed
3775,7.7,1,2,1,83.0,4.5,No,No,65.0,70.0,Placed
7870,8.3,2,3,2,90.0,4.7,Yes,Yes,77.0,81.0,Placed
1141,7.7,2,1,1,79.0,4.6,Yes,Yes,89.0,87.0,Placed
7919,6.8,1,1,0,79.0,4.3,No,Yes,56.0,70.0,Placed
5304,7.6,2,2,0,73.0,4.4,Yes,Yes,83.0,87.0,Placed
9608,8.4,2,3,2,88.0,4.7,Yes,Yes,78.0,85.0,Placed
4216,6.5,2,3,2,84.0,4.6,Yes,Yes,69.0,83.0,NotPlaced
6040,8.1,0,1,2,90.0,4.7,Yes,Yes,78.0,74.0,Placed
3614,7.6,1,2,0,82.0,4.3,No,Yes,64.0,71.0,NotPlaced
6417,7.6,1,3,2,75.0,4.3,Yes,No,55.0,64.0,NotPlaced
6853,7.6,1,1,1,72.0,4.5,No,No,55.0,66.0,NotPlaced
8209,6.9,1,2,0,80.0,3.4,No,No,55.0,71.0,NotPlaced
4356,7.6,0,1,0,68.0,4.0,No,Yes,56.0,70.0,NotPlaced
724,6.5,1,3,2,75.0,4.7,Yes,No,78.0,62.0,NotPlaced
820,7.7,1,2,2,90.0,4.8,No,No,62.0,86.0,NotPlaced
1065,7.7,1,1,1,77.0,4.1,Yes,Yes,74.0,61.0,NotPlaced
5972,7.6,0,3,0,88.0,4.6,Yes,No,82.0,81.0,Placed
6046,7.5,1,3,2,89.0,4.8,Yes,Yes,61.0,70.0,NotPlaced
4224,7.4,1,1,0,75.0,4.3,No,Yes,62.0,66.0,NotPlaced
3362,7.4,1,1,0,85.0,3.7,No,No,57.0,67.0,NotPlaced
8572,8.7,2,3,2,90.0,4.8,Yes,Yes,80.0,84.0,Placed
8553,7.7,2,2,0,80.0,3.8,Yes,Yes,62.0,72.0,NotPlaced
2844,8.1,1,3,1,68.0,4.7,No,Yes,59.0,68.0,NotPlaced
9021,7.5,1,1,0,82.0,4.5,No,Yes,62.0,72.0,NotPlaced
2384,7.7,1,1,1,70.0,4.3,Yes,Yes,75.0,70.0,NotPlaced
5870,6.7,0,2,0,74.0,3.6,No,Yes,82.0,69.0,Placed
4149,7.6,1,1,0,69.0,4.2,No,Yes,55.0,66.0,NotPlaced
6246,8.4,2,3,0,90.0,4.2,Yes,Yes,82.0,85.0,Placed
893,7.9,1,1,2,74.0,4.8,Yes,No,80.0,79.0,NotPlaced
3111,7.1,1,1,2,71.0,4.2,No,Yes,57.0,71.0,NotPlaced
6888,7.7,1,1,1,69.0,4.5,No,Yes,55.0,60.0,NotPlaced
2400,7.7,1,1,0,72.0,4.2,No,No,55.0,63.0,NotPlaced
9900,8.1,0,1,2,80.0,4.3,Yes,Yes,81.0,86.0,NotPlaced
8286,6.5,1,2,0,81.0,4.1,No,No,55.0,85.0,NotPlaced
3652,8.4,2,3,2,90.0,4.7,Yes,Yes,73.0,88.0,Placed
9624,7.6,1,2,0,66.0,3.5,No,Yes,57.0,62.0,NotPlaced
1878,7.4,0,1,1,81.0,3.5,Yes,Yes,71.0,65.0,NotPlaced
8428,8.7,2,3,2,90.0,4.8,Yes,Yes,74.0,81.0,Placed
5024,7.5,0,1,2,81.0,4.1,Yes,Yes,84.0,81.0,NotPlaced
8834,6.5,1,2,0,76.0,4.3,No,No,58.0,66.0,NotPlaced
3076,7.7,0,3,2,90.0,4.5,No,Yes,86.0,86.0,Placed
4083,7.5,1,1,0,60.0,3.3,No,Yes,55.0,72.0,NotPlaced
5271,6.9,1,3,0,90.0,3.8,Yes,Yes,80.0,78.0,Placed
9787,7.4,1,1,1,65.0,3.6,No,No,55.0,61.0,NotPlaced
6364,8.4,0,3,0,90.0,4.3,Yes,No,59.0,66.0,Placed
9683,7.6,1,2,1,73.0,3.7,No,Yes,55.0,62.0,NotPlaced
5740,8.0,2,3,2,90.0,4.6,Yes,Yes,77.0,84.0,Placed
2634,7.5,1,1,0,80.0,4.7,No,No,56.0,82.0,Placed
5096,7.7,0,1,0,79.0,4.0,No,Yes,59.0,59.0,NotPlaced
135,8.0,0,1,0,60.0,4.0,No,No,57.0,70.0,NotPlaced
6188,8.8,1,3,2,90.0,4.8,Yes,Yes,81.0,84.0,Placed
2008,8.2,1,3,2,79.0,4.0,Yes,Yes,73.0,67.0,NotPlaced
8805,8.2,1,3,2,90.0,4.8,No,Yes,71.0,83.0,Placed
6782,7.1,1,1,3,83.0,4.2,Yes,Yes,82.0,86.0,Placed
590,7.8,1,2,0,81.0,3.9,No,No,63.0,71.0,NotPlaced
1233,7.0,0,1,2,72.0,4.0,Yes,Yes,56.0,62.0,NotPlaced
8156,8.3,1,1,0,86.0,4.2,No,Yes,55.0,71.0,Placed
9517,8.1,2,3,1,85.0,4.8,Yes,Yes,71.0,85.0,Placed
3379,7.5,2,2,0,73.0,3.3,No,No,55.0,62.0,NotPlaced
3970,6.5,1,1,1,77.0,4.1,Yes,Yes,72.0,67.0,NotPlaced
8309,6.5,0,2,1,65.0,4.2,Yes,No,57.0,62.0,NotPlaced
5431,8.1,0,3,1,80.0,4.6,Yes,Yes,80.0,81.0,Placed
2281,8.3,0,3,2,74.0,4.1,Yes,Yes,70.0,84.0,NotPlaced
9823,7.5,1,1,0,75.0,4.3,No,Yes,56.0,66.0,NotPlaced
3452,7.0,0,1,1,67.0,4.1,No,Yes,69.0,81.0,NotPlaced
6945,8.5,2,3,2,84.0,4.0,Yes,Yes,72.0,80.0,Placed
5093,7.4,1,1,1,77.0,4.1,Yes,Yes,73.0,74.0,NotPlaced
72,6.7,0,2,1,79.0,4.1,No,No,78.0,67.0,NotPlaced
3899,7.0,0,1,1,81.0,4.6,Yes,Yes,77.0,87.0,Placed
9318,7.7,1,3,2,70.0,3.8,Yes,Yes,76.0,80.0,NotPlaced
264,6.5,1,3,0,80.0,3.7,No,No,59.0,66.0,NotPlaced
166,6.5,0,1,1,79.0,3.9,No,No,55.0,66.0,NotPlaced
7106,8.2,2,3,2,89.0,4.0,Yes,No,77.0,82.0,Placed
9685,6.5,0,1,0,80.0,3.6,No,No,88.0,66.0,NotPlaced
5539,8.3,2,3,0,80.0,4.2,No,No,87.0,68.0,NotPlaced
4579,8.4,0,1,3,83.0,4.3,Yes,Yes,71.0,74.0,NotPlaced
8633,7.8,0,2,1,62.0,3.6,No,No,55.0,66.0,NotPlaced
2588,8.8,1,1,0,69.0,4.7,Yes,Yes,70.0,83.0,NotPlaced
1034,7.7,1,2,1,85.0,4.6,Yes,Yes,76.0,83.0,Placed
5547,7.6,0,1,2,79.0,4.8,Yes,Yes,56.0,85.0,Placed
7214,7.6,2,1,0,84.0,4.4,Yes,No,55.0,83.0,NotPlaced
454,7.0,1,1,1,71.0,4.3,No,Yes,74.0,64.0,NotPlaced
2292,6.5,0,2,0,76.0,3.6,No,Yes,55.0,66.0,NotPlaced
9262,7.3,1,2,0,65.0,4.2,No,No,55.0,65.0,NotPlaced
9484,7.8,0,3,2,90.0,4.8,Yes,No,81.0,81.0,Placed
9541,8.3,2,3,2,89.0,4.8,Yes,Yes,78.0,81.0,Placed
568,8.1,2,3,2,90.0,4.4,Yes,Yes,70.0,88.0,NotPlaced
9352,7.6,0,2,0,72.0,4.4,No,No,59.0,61.0,Placed
259,8.1,2,3,2,90.0,4.8,Yes,Yes,86.0,88.0,Placed
4605,7.1,1,1,1,66.0,4.2,No,No,55.0,65.0,NotPlaced
9839,7.6,0,1,1,70.0,4.1,No,Yes,55.0,68.0,NotPlaced
9613,7.6,0,1,0,78.0,3.2,No,Yes,55.0,70.0,NotPlaced
3905,8.1,1,2,0,84.0,4.4,Yes,Yes,55.0,71.0,NotPlaced
5793,7.6,1,2,1,86.0,4.8,Yes,Yes,72.0,81.0,Placed
7142,8.1,2,3,2,90.0,4.5,Yes,Yes,81.0,84.0,Placed
9570,8.4,2,3,2,88.0,4.8,Yes,Yes,85.0,82.0,Placed
9346,7.1,0,1,1,72.0,4.4,No,Yes,55.0,73.0,NotPlaced
373,7.8,0,3,2,73.0,4.6,Yes,No,82.0,85.0,NotPlaced
5751,7.5,1,1,1,75.0,4.0,No,No,55.0,74.0,NotPlaced
9399,8.0,2,3,2,90.0,4.8,Yes,Yes,83.0,86.0,Placed
2506,8.3,1,3,2,90.0,4.8,Yes,Yes,85.0,86.0,Placed
213,8.6,2,3,2,78.0,4.8,Yes,Yes,82.0,81.0,NotPlaced
5684,8.4,1,3,2,76.0,4.5,Yes,Yes,82.0,83.0,Placed
8544,6.6,1,1,0,74.0,3.8,No,Yes,64.0,76.0,Placed
3623,7.5,1,1,1,78.0,3.9,No,No,55.0,64.0,NotPlaced
5010,7.7,2,1,2,79.0,4.6,Yes,Yes,57.0,80.0,Placed
7684,8.2,2,3,1,90.0,3.9,Yes,Yes,76.0,82.0,Placed
9966,6.8,0,2,1,90.0,4.8,No,Yes,55.0,87.0,NotPlaced
9807,8.1,2,3,2,77.0,4.8,Yes,No,78.0,78.0,NotPlaced
7593,8.3,2,2,0,81.0,4.7,Yes,Yes,78.0,86.0,NotPlaced
7299,6.5,2,1,1,78.0,3.5,No,Yes,61.0,67.0,NotPlaced
1361,7.3,1,2,0,76.0,4.5,No,Yes,60.0,68.0,NotPlaced
2304,8.4,2,3,2,90.0,4.8,Yes,Yes,77.0,77.0,NotPlaced
3064,8.8,2,3,2,90.0,4.6,Yes,Yes,85.0,83.0,Placed
6877,6.5,1,1,0,79.0,4.2,No,Yes,61.0,59.0,NotPlaced
7085,6.7,1,1,1,77.0,4.7,Yes,No,69.0,70.0,NotPlaced
1695,7.5,1,1,1,80.0,4.6,No,No,63.0,70.0,NotPlaced
5150,8.4,1,3,1,86.0,4.5,Yes,Yes,75.0,82.0,NotPlaced
3696,7.3,1,3,1,78.0,4.5,Yes,Yes,79.0,78.0,NotPlaced
2037,7.7,1,1,1,82.0,4.6,Yes,Yes,66.0,82.0,NotPlaced
4570,7.5,2,2,1,63.0,4.0,Yes,Yes,55.0,68.0,NotPlaced
7104,8.6,2,3,2,89.0,4.8,Yes,Yes,86.0,86.0,Placed
4690,7.9,1,1,0,83.0,4.8,Yes,Yes,89.0,85.0,Placed
410,8.6,2,3,0,87.0,4.8,No,No,75.0,66.0,NotPlaced
2017,7.6,1,2,0,68.0,4.3,Yes,Yes,84.0,63.0,NotPlaced
3085,7.7,1,1,1,68.0,4.2,No,Yes,74.0,74.0,NotPlaced
9914,7.6,2,1,2,88.0,4.6,Yes,Yes,70.0,87.0,Placed
536,8.4,2,2,2,73.0,4.8,Yes,No,78.0,82.0,Placed
8894,7.9,2,3,2,90.0,4.8,Yes,Yes,81.0,86.0,Placed
2147,8.5,2,3,1,90.0,4.7,Yes,Yes,75.0,88.0,Placed
2999,8.4,2,3,2,90.0,4.7,Yes,Yes,78.0,83.0,Placed
8404,8.0,2,3,2,90.0,4.8,Yes,Yes,84.0,84.0,Placed
2301,8.8,0,3,0,82.0,4.8,Yes,Yes,63.0,78.0,Placed
1992,6.5,1,1,1,66.0,3.7,No,Yes,55.0,61.0,NotPlaced
8573,8.7,0,3,2,90.0,4.8,Yes,Yes,71.0,83.0,Placed
2997,6.7,1,2,1,85.0,4.4,No,Yes,55.0,71.0,NotPlaced
50,7.7,1,2,0,74.0,3.8,Yes,No,55.0,66.0,NotPlaced
8900,7.7,1,1,0,77.0,3.7,No,No,55.0,64.0,NotPlaced
5789,8.0,2,3,2,79.0,4.8,No,No,74.0,79.0,Placed
3917,7.6,2,2,1,73.0,4.7,No,No,59.0,62.0,NotPlaced
5395,7.0,1,1,2,74.0,4.5,Yes,Yes,78.0,86.0,NotPlaced
4387,7.4,1,2,1,79.0,4.4,Yes,Yes,55.0,62.0,Placed
51,6.5,0,2,1,77.0,4.8,No,Yes,56.0,65.0,NotPlaced
4217,7.6,1,1,1,77.0,3.9,No,No,55.0,61.0,NotPlaced
3560,6.8,1,2,0,82.0,4.0,No,Yes,76.0,87.0,NotPlaced
4226,7.1,2,3,0,79.0,4.8,Yes,Yes,70.0,88.0,Placed
9295,7.5,2,3,2,90.0,4.7,Yes,Yes,65.0,82.0,NotPlaced
4707,6.5,1,1,1,73.0,4.2,No,No,55.0,57.0,NotPlaced
7618,7.7,1,2,0,81.0,4.4,No,Yes,75.0,83.0,NotPlaced
6740,7.6,2,3,3,77.0,4.1,No,Yes,76.0,57.0,Placed
2589,7.3,2,2,1,85.0,4.8,No,No,56.0,69.0,NotPlaced
9680,6.9,0,1,1,86.0,3.8,No,Yes,55.0,70.0,Placed
7866,8.3,1,2,2,89.0,4.8,Yes,Yes,75.0,83.0,Placed
7695,7.4,1,1,1,80.0,4.2,Yes,Yes,75.0,65.0,Placed
9293,7.6,1,1,2,90.0,4.4,No,Yes,81.0,73.0,NotPlaced
7575,6.7,0,2,0,70.0,3.0,No,Yes,55.0,69.0,NotPlaced
3900,7.1,1,2,2,82.0,4.3,No,No,78.0,67.0,NotPlaced
2921,7.7,1,1,1,71.0,4.4,Yes,Yes,66.0,73.0,NotPlaced
8585,8.8,2,3,2,90.0,4.8,Yes,Yes,83.0,86.0,Placed
2873,8.3,2,3,2,90.0,4.8,Yes,Yes,74.0,88.0,Placed
8413,7.5,2,3,1,73.0,4.3,Yes,Yes,78.0,86.0,NotPlaced
9015,7.6,1,1,0,81.0,4.1,No,Yes,55.0,68.0,NotPlaced
4200,8.6,0,1,1,68.0,4.3,No,Yes,55.0,63.0,NotPlaced
2125,7.1,1,1,0,70.0,4.1,Yes,Yes,56.0,65.0,NotPlaced
8680,8.0,0,3,2,87.0,4.7,Yes,Yes,78.0,70.0,Placed
3114,8.3,1,3,2,89.0,4.8,Yes,Yes,86.0,86.0,Placed
4249,7.5,0,1,1,66.0,4.1,No,Yes,70.0,64.0,NotPlaced
2267,7.4,1,1,0,74.0,4.1,No,Yes,56.0,62.0,NotPlaced
245,7.6,2,3,0,88.0,4.4,No,Yes,80.0,68.0,Placed
2208,7.8,1,1,0,89.0,4.7,Yes,Yes,79.0,69.0,NotPlaced
9529,8.3,0,1,0,81.0,4.4,Yes,No,76.0,80.0,NotPlaced
4787,8.3,1,3,2,79.0,4.7,Yes,Yes,76.0,78.0,NotPlaced
440,6.5,0,1,0,67.0,4.3,Yes,No,81.0,63.0,Placed
3744,7.4,1,1,0,84.0,4.1,No,No,55.0,70.0,NotPlaced
9924,7.3,0,2,1,69.0,4.1,No,Yes,63.0,67.0,NotPlaced
4649,8.2,2,3,2,90.0,4.8,Yes,Yes,73.0,78.0,Placed
5831,8.7,1,2,2,73.0,4.4,No,Yes,72.0,68.0,NotPlaced
4941,7.6,1,3,0,75.0,4.2,Yes,No,76.0,76.0,Placed
7604,6.7,1,3,1,86.0,4.8,Yes,Yes,75.0,80.0,Placed
1424,8.3,0,3,1,84.0,4.8,Yes,Yes,55.0,88.0,Placed
4011,8.4,2,3,2,90.0,4.8,Yes,Yes,84.0,86.0,Placed
4862,7.5,0,2,0,67.0,4.3,Yes,Yes,55.0,68.0,NotPlaced
4788,6.6,2,2,2,71.0,3.6,No,No,63.0,69.0,NotPlaced
4034,6.5,0,1,1,68.0,4.1,No,No,55.0,65.0,NotPlaced
6407,8.1,1,2,3,85.0,4.6,Yes,Yes,55.0,63.0,NotPlaced
3573,7.6,1,3,0,70.0,4.8,No,Yes,59.0,73.0,NotPlaced
1504,7.3,0,1,1,80.0,4.1,No,No,55.0,70.0,NotPlaced
9744,7.5,1,1,1,75.0,3.9,No,No,55.0,65.0,NotPlaced
4685,7.5,1,1,0,81.0,3.8,Yes,Yes,56.0,58.0,NotPlaced
5978,8.2,0,3,2,81.0,4.7,Yes,Yes,73.0,80.0,Placed
3745,7.5,1,3,2,83.0,4.3,Yes,Yes,75.0,81.0,NotPlaced
2906,6.8,0,1,1,70.0,3.0,No,No,55.0,60.0,NotPlaced
5307,6.5,0,2,0,87.0,3.3,No,No,60.0,67.0,NotPlaced
6291,7.3,1,1,3,83.0,4.5,Yes,Yes,64.0,76.0,Placed
9338,8.0,2,3,1,90.0,4.8,Yes,Yes,86.0,85.0,Placed
8116,7.7,0,1,0,66.0,4.2,Yes,Yes,56.0,69.0,NotPlaced
4023,8.2,0,3,0,86.0,4.5,Yes,Yes,90.0,81.0,Placed
1807,8.2,0,3,2,90.0,4.8,Yes,Yes,79.0,81.0,Placed
1582,8.4,1,1,2,81.0,4.8,Yes,No,84.0,80.0,Placed
6127,6.5,0,1,1,72.0,4.5,No,No,55.0,67.0,NotPlaced
7733,8.3,2,3,2,90.0,4.8,Yes,Yes,79.0,88.0,Placed
5983,8.8,2,3,2,90.0,4.7,Yes,Yes,86.0,81.0,Placed
7721,8.5,1,0,2,77.0,4.6,Yes,Yes,73.0,83.0,Placed
9721,7.7,2,3,2,90.0,4.8,Yes,Yes,83.0,83.0,Placed
9845,8.3,2,3,2,90.0,4.7,Yes,Yes,84.0,83.0,Placed
1245,6.5,0,2,0,78.0,4.3,Yes,Yes,55.0,69.0,NotPlaced
8790,7.7,2,3,0,81.0,4.7,Yes,Yes,66.0,80.0,Placed
3983,8.4,0,3,0,90.0,4.8,Yes,Yes,77.0,84.0,Placed
3491,7.9,2,3,2,86.0,4.8,Yes,Yes,71.0,84.0,NotPlaced
5411,6.5,0,1,1,64.0,4.1,No,No,63.0,69.0,NotPlaced
5749,7.6,1,1,1,77.0,4.0,No,Yes,55.0,65.0,NotPlaced
5916,7.5,1,1,0,84.0,3.7,No,Yes,77.0,87.0,NotPlaced
5231,7.7,1,1,1,84.0,4.2,Yes,Yes,55.0,84.0,NotPlaced
629,8.3,2,3,0,90.0,4.8,Yes,Yes,78.0,83.0,Placed
9657,7.6,1,1,0,61.0,3.7,No,No,64.0,73.0,NotPlaced
1858,6.5,2,3,0,90.0,4.6,Yes,Yes,75.0,67.0,Placed
235,7.5,2,3,0,88.0,4.6,Yes,Yes,79.0,83.0,NotPlaced
552,8.2,1,3,1,88.0,4.8,Yes,Yes,71.0,82.0,NotPlaced
794,6.5,1,2,0,77.0,4.6,No,Yes,64.0,70.0,NotPlaced
5990,8.7,1,3,3,90.0,4.5,Yes,Yes,79.0,87.0,Placed
7681,6.9,1,1,1,74.0,4.1,No,Yes,55.0,61.0,NotPlaced
5591,7.5,1,1,0,69.0,3.8,No,Yes,62.0,60.0,NotPlaced
8251,7.5,1,1,1,79.0,3.9,No,No,55.0,73.0,NotPlaced
3971,8.2,1,3,2,90.0,4.7,Yes,Yes,81.0,88.0,Placed
6592,8.3,1,2,2,85.0,4.6,Yes,Yes,75.0,88.0,Placed
3929,7.7,0,1,0,70.0,3.7,No,No,71.0,70.0,Placed
757,8.1,1,3,1,89.0,4.7,Yes,Yes,78.0,85.0,Placed
1192,7.8,1,2,1,70.0,4.1,No,Yes,55.0,63.0,NotPlaced
9443,8.0,2,3,2,90.0,4.8,Yes,Yes,71.0,87.0,Placed
311,7.6,1,1,0,66.0,4.1,No,Yes,62.0,73.0,NotPlaced
3773,8.3,0,3,2,90.0,4.3,Yes,Yes,77.0,85.0,Placed
2923,8.4,1,3,0,82.0,4.8,Yes,Yes,75.0,81.0,Placed
5144,8.1,1,3,2,90.0,4.8,Yes,Yes,84.0,82.0,Placed
3886,8.4,2,3,1,87.0,4.8,Yes,No,84.0,81.0,Placed
9825,6.6,1,1,1,74.0,3.6,No,No,59.0,78.0,NotPlaced
9227,7.8,1,1,1,84.0,3.9,Yes,Yes,73.0,76.0,NotPlaced
5956,7.9,1,3,0,81.0,3.2,No,Yes,74.0,78.0,NotPlaced
3200,8.3,1,3,3,90.0,4.8,Yes,Yes,67.0,85.0,Placed
1099,7.4,1,1,0,74.0,3.8,No,Yes,55.0,70.0,NotPlaced
2583,6.5,2,3,2,81.0,3.3,No,Yes,83.0,76.0,Placed
3042,7.9,1,1,0,68.0,3.9,No,No,62.0,74.0,NotPlaced
6821,7.6,1,1,1,70.0,4.6,No,Yes,60.0,72.0,NotPlaced
3593,8.1,1,2,1,90.0,4.7,Yes,Yes,71.0,72.0,NotPlaced
4130,6.5,1,2,1,82.0,3.4,Yes,No,72.0,68.0,NotPlaced
9102,6.6,0,3,2,87.0,4.3,No,No,69.0,69.0,NotPlaced
6889,7.6,1,1,1,80.0,3.6,No,Yes,59.0,75.0,NotPlaced
2396,7.0,0,3,1,67.0,3.6,Yes,Yes,57.0,82.0,NotPlaced
9151,6.5,1,2,1,69.0,4.1,Yes,No,55.0,68.0,NotPlaced
3321,7.8,1,2,2,77.0,4.8,Yes,Yes,85.0,87.0,Placed
1450,7.3,1,2,3,90.0,4.4,No,Yes,64.0,83.0,Placed
3589,7.2,2,1,3,84.0,3.9,No,Yes,72.0,68.0,NotPlaced
928,7.1,1,2,0,85.0,4.2,Yes,Yes,73.0,84.0,Placed
5347,7.4,1,1,0,80.0,4.8,No,Yes,64.0,73.0,NotPlaced
7634,7.6,0,2,0,70.0,3.8,No,Yes,63.0,69.0,NotPlaced
323,7.9,2,1,0,71.0,4.8,No,Yes,56.0,66.0,NotPlaced
6566,8.3,2,3,2,90.0,4.8,Yes,Yes,75.0,85.0,Placed
513,6.8,0,2,0,88.0,4.5,No,Yes,67.0,63.0,NotPlaced
6961,8.3,2,3,2,90.0,4.7,Yes,Yes,82.0,83.0,Placed
848,7.5,2,1,2,79.0,3.9,Yes,Yes,68.0,82.0,NotPlaced
5114,6.6,1,3,0,77.0,3.7,No,Yes,55.0,65.0,NotPlaced
1043,8.3,2,3,2,90.0,4.8,Yes,Yes,72.0,84.0,NotPlaced
1384,8.4,2,3,0,74.0,3.6,Yes,Yes,64.0,69.0,NotPlaced
6054,7.5,1,1,0,76.0,4.2,No,No,63.0,73.0,NotPlaced
5924,7.4,1,1,0,78.0,4.8,Yes,No,74.0,80.0,Placed
4147,8.3,2,3,2,90.0,4.8,Yes,Yes,81.0,81.0,Placed
9491,6.5,1,1,1,60.0,4.2,No,No,57.0,60.0,NotPlaced
1415,8.4,2,3,2,90.0,4.7,Yes,Yes,75.0,87.0,Placed
2731,6.6,1,2,1,62.0,3.4,No,Yes,58.0,62.0,NotPlaced
734,6.7,1,1,1,65.0,4.0,No,Yes,64.0,61.0,NotPlaced
6285,6.5,1,1,0,78.0,3.6,No,Yes,78.0,72.0,NotPlaced
2505,7.5,1,2,2,72.0,3.9,Yes,Yes,55.0,71.0,NotPlaced
7341,6.6,0,1,2,81.0,4.3,No,Yes,67.0,72.0,NotPlaced
1568,8.1,1,1,0,80.0,4.5,No,No,79.0,72.0,NotPlaced
2,8.9,0,3,2,90.0,4.0,Yes,Yes,78.0,82.0,Placed
7755,7.7,0,2,0,77.0,4.1,No,No,65.0,69.0,NotPlaced
5247,7.3,0,1,0,72.0,4.0,No,No,55.0,72.0,NotPlaced
5628,8.2,2,2,2,70.0,4.2,Yes,No,56.0,71.0,NotPlaced
8256,8.5,1,3,2,89.0,4.8,Yes,Yes,77.0,88.0,Placed
1491,7.1,1,2,1,80.0,4.7,No,Yes,57.0,74.0,Placed
3446,8.3,2,3,2,89.0,4.7,Yes,Yes,84.0,82.0,Placed
1371,8.1,2,3,2,83.0,4.4,Yes,Yes,90.0,81.0,Placed
175,8.0,2,3,2,90.0,4.8,Yes,Yes,78.0,86.0,Placed
7635,8.1,1,2,0,90.0,4.5,No,No,70.0,61.0,NotPlaced
7486,7.4,1,1,0,81.0,4.6,No,No,83.0,81.0,NotPlaced
190,6.8,1,1,0,78.0,4.3,No,No,61.0,62.0,NotPlaced
7083,6.5,1,3,1,87.0,4.7,No,Yes,55.0,67.0,NotPlaced
4039,8.0,2,2,0,87.0,4.2,Yes,Yes,65.0,83.0,NotPlaced
8767,8.3,1,0,0,85.0,4.3,Yes,Yes,87.0,83.0,Placed
7642,6.9,1,2,0,70.0,4.8,Yes,Yes,78.0,88.0,NotPlaced
1247,8.4,2,2,2,79.0,4.7,Yes,Yes,76.0,80.0,Placed
1180,8.1,1,3,2,90.0,4.8,Yes,Yes,81.0,83.0,Placed
206,7.6,1,1,0,64.0,4.1,No,No,69.0,67.0,NotPlaced
5702,7.4,1,1,0,69.0,4.0,No,Yes,64.0,74.0,NotPlaced
7663,8.3,0,3,2,90.0,4.5,Yes,Yes,74.0,83.0,Placed
316,7.5,1,1,2,82.0,4.5,Yes,Yes,77.0,84.0,Placed
5739,7.7,0,3,0,84.0,4.3,Yes,Yes,81.0,67.0,Placed
5686,8.3,0,3,2,88.0,4.8,Yes,Yes,74.0,72.0,Placed
6708,8.2,1,3,2,90.0,4.3,Yes,Yes,77.0,87.0,Placed
1483,8.2,0,1,1,73.0,4.5,Yes,No,58.0,65.0,Placed
2915,6.6,1,1,0,71.0,4.5,Yes,No,90.0,64.0,NotPlaced
3292,8.3,0,3,2,90.0,4.8,Yes,Yes,83.0,84.0,Placed
1542,7.6,1,1,2,81.0,4.2,Yes,Yes,86.0,81.0,NotPlaced
7534,6.5,2,3,2,71.0,3.8,Yes,Yes,66.0,80.0,Placed
9366,8.4,2,3,2,90.0,4.8,Yes,Yes,79.0,88.0,Placed
2298,7.5,1,1,1,73.0,4.2,Yes,Yes,64.0,72.0,NotPlaced
5028,8.1,1,1,1,74.0,4.5,No,No,70.0,62.0,NotPlaced
5733,6.5,1,2,0,66.0,4.2,No,Yes,59.0,64.0,NotPlaced
1015,8.0,2,2,2,83.0,3.3,Yes,Yes,65.0,69.0,NotPlaced
8537,8.2,1,2,0,88.0,4.8,Yes,Yes,71.0,69.0,Placed
9883,8.0,1,3,2,84.0,4.3,Yes,Yes,76.0,78.0,Placed
8026,8.3,2,3,2,90.0,4.7,Yes,Yes,80.0,83.0,Placed
8409,8.2,1,3,2,81.0,4.8,Yes,Yes,75.0,83.0,Placed
935,6.6,1,1,1,70.0,4.6,No,Yes,55.0,66.0,Placed
5375,7.6,1,3,1,77.0,4.6,Yes,Yes,57.0,69.0,Placed
2436,8.0,1,2,0,61.0,3.6,Yes,No,59.0,64.0,NotPlaced
6738,7.7,1,3,2,74.0,3.6,Yes,Yes,78.0,64.0,NotPlaced
1932,6.9,1,3,2,90.0,4.8,Yes,Yes,76.0,85.0,Placed
2636,6.5,0,1,0,76.0,4.6,Yes,Yes,79.0,67.0,NotPlaced
9492,7.5,0,3,1,78.0,4.7,Yes,Yes,66.0,66.0,Placed
8617,8.6,2,3,0,84.0,4.8,Yes,Yes,86.0,87.0,Placed
2831,7.1,2,3,2,88.0,4.5,Yes,Yes,75.0,70.0,Placed
666,8.1,2,3,2,90.0,4.8,Yes,Yes,79.0,83.0,Placed
105,6.5,1,1,0,68.0,4.1,No,No,61.0,66.0,NotPlaced
3145,7.6,1,3,0,81.0,4.7,Yes,Yes,79.0,82.0,Placed
7243,8.6,1,3,2,88.0,4.8,Yes,Yes,79.0,88.0,Placed
5954,7.7,1,1,0,76.0,3.8,No,No,55.0,61.0,NotPlaced
3149,8.3,2,2,2,76.0,4.6,No,Yes,55.0,71.0,Placed
3862,8.9,1,3,2,90.0,4.8,Yes,Yes,68.0,85.0,Placed
4182,7.9,2,3,2,90.0,4.8,Yes,Yes,82.0,88.0,Placed
1512,7.5,1,2,1,77.0,4.4,Yes,Yes,83.0,71.0,Placed
722,7.6,1,2,0,86.0,4.0,Yes,Yes,62.0,70.0,NotPlaced
243,7.3,1,2,0,71.0,4.4,No,Yes,58.0,67.0,NotPlaced
1613,7.7,2,3,2,86.0,4.4,Yes,Yes,71.0,74.0,Placed
8541,7.1,1,3,1,74.0,4.3,No,Yes,72.0,81.0,Placed
955,7.5,1,1,0,70.0,3.9,No,No,56.0,75.0,NotPlaced
6115,7.4,1,1,0,81.0,3.9,No,Yes,62.0,69.0,NotPlaced
6919,7.9,0,3,2,90.0,4.5,Yes,No,79.0,88.0,Placed
7087,7.4,0,1,0,77.0,3.8,Yes,Yes,58.0,66.0,NotPlaced
2371,7.5,0,2,1,73.0,3.6,No,No,56.0,71.0,NotPlaced
5657,7.5,1,3,0,77.0,4.0,Yes,Yes,55.0,65.0,NotPlaced
8867,8.3,1,3,2,88.0,4.6,Yes,Yes,77.0,88.0,Placed
7370,7.3,1,1,1,74.0,4.8,No,No,55.0,66.0,NotPlaced
1628,7.6,0,1,1,61.0,4.3,No,No,60.0,68.0,NotPlaced
3528,7.8,2,3,2,90.0,4.5,Yes,Yes,74.0,85.0,Placed
8379,8.6,2,3,2,90.0,4.8,Yes,Yes,80.0,85.0,NotPlaced
1321,8.7,1,3,2,90.0,4.8,Yes,Yes,79.0,88.0,NotPlaced
9436,6.5,2,1,0,73.0,4.0,No,No,55.0,68.0,NotPlaced
2930,8.9,1,3,2,83.0,4.6,Yes,Yes,71.0,84.0,Placed
1551,7.5,2,3,2,88.0,4.8,Yes,Yes,72.0,81.0,NotPlaced
5612,8.1,1,2,1,73.0,4.2,No,Yes,83.0,87.0,NotPlaced
6643,7.5,1,1,1,80.0,4.5,No,Yes,73.0,67.0,NotPlaced
9456,8.2,1,3,2,90.0,4.8,Yes,Yes,66.0,88.0,Placed
9069,7.5,1,1,1,70.0,4.4,No,No,59.0,69.0,NotPlaced
7625,6.5,1,1,0,73.0,4.0,Yes,No,59.0,67.0,Placed
3297,8.3,1,3,2,85.0,4.2,Yes,Yes,73.0,83.0,Placed
8774,7.6,0,1,0,71.0,3.9,No,No,59.0,64.0,NotPlaced
5682,8.5,1,3,0,88.0,4.8,Yes,Yes,82.0,65.0,Placed
4574,8.1,1,1,1,86.0,4.5,No,Yes,73.0,69.0,NotPlaced
3786,6.9,1,2,1,74.0,4.0,Yes,Yes,59.0,59.0,NotPlaced
2886,6.6,1,1,0,75.0,4.8,No,No,62.0,65.0,NotPlaced
2212,8.5,0,1,1,90.0,4.8,Yes,No,61.0,75.0,NotPlaced
9968,7.8,0,3,2,85.0,4.6,Yes,Yes,75.0,81.0,NotPlaced
3421,7.6,1,2,1,90.0,4.5,Yes,Yes,68.0,86.0,NotPlaced
7523,8.0,2,3,0,90.0,4.5,Yes,Yes,85.0,79.0,Placed
5427,7.7,1,3,2,90.0,4.4,Yes,Yes,69.0,86.0,Placed
5293,6.9,1,1,0,77.0,3.4,No,No,60.0,65.0,NotPlaced
8265,8.3,1,3,2,76.0,4.5,Yes,Yes,76.0,65.0,Placed
1342,7.4,0,3,2,80.0,4.4,Yes,Yes,79.0,67.0,NotPlaced
8816,8.3,2,3,3,89.0,4.5,Yes,Yes,77.0,88.0,Placed
9933,8.7,0,3,0,85.0,4.8,Yes,Yes,80.0,84.0,Placed
5643,7.7,0,1,1,87.0,3.9,Yes,No,75.0,82.0,NotPlaced
2189,7.9,1,3,0,78.0,4.6,Yes,Yes,78.0,85.0,Placed
3186,8.4,2,3,2,90.0,4.8,Yes,Yes,77.0,88.0,Placed
5143,7.6,2,1,0,78.0,3.9,No,No,83.0,69.0,Placed
3989,6.5,1,1,1,82.0,4.1,No,No,65.0,65.0,NotPlaced
5915,7.5,1,1,1,73.0,3.6,No,Yes,56.0,62.0,NotPlaced
3014,6.5,2,3,0,88.0,4.5,No,No,79.0,62.0,NotPlaced
4632,8.8,0,1,0,84.0,4.5,No,Yes,58.0,69.0,Placed
6590,8.2,1,1,1,88.0,4.8,No,Yes,68.0,77.0,Placed
2025,6.5,1,2,0,85.0,3.4,No,Yes,57.0,71.0,NotPlaced
4142,7.0,0,1,2,86.0,4.7,No,Yes,68.0,82.0,Placed
5713,7.8,1,1,1,70.0,4.1,No,Yes,79.0,66.0,NotPlaced
1959,7.5,1,1,0,78.0,3.3,No,No,64.0,61.0,NotPlaced
9222,7.5,0,1,0,68.0,3.4,No,No,61.0,59.0,NotPlaced
6757,8.0,0,2,2,73.0,4.8,Yes,No,83.0,81.0,NotPlaced
4937,7.5,1,1,0,60.0,3.7,No,Yes,55.0,74.0,NotPlaced
1956,7.8,1,1,1,87.0,4.2,Yes,Yes,59.0,86.0,Placed
4906,7.4,1,1,0,80.0,4.1,No,Yes,75.0,68.0,NotPlaced
5520,8.5,2,2,2,81.0,4.8,Yes,Yes,79.0,88.0,Placed
5210,8.6,1,3,2,86.0,4.7,Yes,Yes,81.0,82.0,Placed
1635,8.1,2,3,2,90.0,4.7,Yes,Yes,81.0,83.0,Placed
885,6.6,1,2,1,74.0,3.7,No,No,55.0,66.0,NotPlaced
1274,8.1,1,1,2,72.0,4.1,Yes,No,64.0,65.0,NotPlaced
6069,8.1,2,1,3,78.0,4.2,Yes,Yes,62.0,67.0,Placed
8958,8.3,2,3,2,88.0,4.8,Yes,Yes,66.0,83.0,Placed
8012,6.5,1,3,2,81.0,4.5,No,No,72.0,82.0,Placed
3656,7.4,1,1,1,70.0,3.8,No,No,56.0,71.0,NotPlaced
4040,7.6,1,3,3,75.0,4.8,Yes,Yes,78.0,84.0,Placed
2947,7.9,1,3,2,88.0,4.5,Yes,No,90.0,69.0,Placed
774,6.6,0,1,1,63.0,3.8,No,No,61.0,68.0,NotPlaced
6834,8.1,0,3,2,85.0,4.7,Yes,No,87.0,79.0,NotPlaced
1252,7.2,0,1,0,79.0,3.8,No,Yes,81.0,70.0,NotPlaced
571,7.8,0,3,2,90.0,4.7,Yes,Yes,81.0,82.0,Placed
6419,9.0,0,1,1,70.0,3.5,Yes,No,56.0,61.0,Placed
9246,8.0,2,3,2,90.0,4.8,Yes,Yes,69.0,86.0,Placed
3449,7.4,1,3,1,83.0,4.3,Yes,Yes,55.0,61.0,Placed
2177,7.8,1,2,2,68.0,4.4,No,No,55.0,68.0,NotPlaced
5030,6.5,0,1,1,87.0,4.8,No,No,55.0,72.0,NotPlaced
4848,6.6,0,1,1,78.0,4.4,No,Yes,55.0,73.0,NotPlaced
9673,7.5,2,2,1,71.0,3.8,No,Yes,60.0,69.0,NotPlaced
1925,7.4,1,1,1,78.0,4.3,No,Yes,55.0,66.0,NotPlaced
1715,8.1,2,3,2,86.0,4.5,Yes,No,81.0,83.0,NotPlaced
6723,8.5,2,3,2,89.0,4.8,Yes,Yes,78.0,82.0,Placed
8288,7.5,1,1,0,71.0,4.1,No,Yes,66.0,74.0,NotPlaced
6383,8.9,2,3,2,80.0,4.4,Yes,Yes,64.0,74.0,Placed
1303,8.5,1,3,2,88.0,4.8,Yes,Yes,72.0,83.0,Placed
1153,6.7,1,3,0,86.0,4.1,No,No,65.0,69.0,NotPlaced
4499,8.0,1,3,0,81.0,4.3,Yes,Yes,72.0,71.0,NotPlaced
1263,7.4,1,2,2,83.0,4.4,Yes,Yes,56.0,64.0,Placed
1699,6.5,0,1,0,64.0,4.3,Yes,Yes,64.0,63.0,NotPlaced
431,7.9,2,3,2,86.0,4.7,Yes,Yes,69.0,82.0,Placed
5463,8.1,2,3,0,77.0,4.8,Yes,Yes,80.0,71.0,Placed
8258,8.7,1,3,2,90.0,4.8,Yes,Yes,68.0,81.0,Placed
836,6.7,0,1,0,83.0,4.4,No,No,62.0,68.0,NotPlaced
6399,7.7,2,2,0,71.0,4.3,Yes,Yes,79.0,81.0,Placed
6901,8.8,2,3,2,88.0,4.7,Yes,Yes,78.0,88.0,Placed
1821,8.5,2,3,2,90.0,4.5,Yes,Yes,75.0,82.0,Placed
8083,7.3,1,1,0,82.0,3.9,No,No,81.0,60.0,NotPlaced
9566,8.0,1,3,2,90.0,4.4,Yes,Yes,87.0,81.0,Placed
4919,8.5,2,1,0,86.0,4.5,Yes,Yes,80.0,82.0,Placed
6112,7.5,2,3,0,87.0,4.6,Yes,No,80.0,81.0,Placed
6683,8.4,1,3,2,82.0,4.6,Yes,Yes,59.0,85.0,NotPlaced
5182,8.2,1,3,2,86.0,4.6,Yes,No,83.0,82.0,Placed
585,8.1,2,3,2,90.0,4.4,Yes,Yes,81.0,87.0,Placed
6041,8.8,1,3,2,84.0,4.2,Yes,Yes,73.0,82.0,Placed
3305,7.5,1,1,0,75.0,3.7,No,No,57.0,66.0,NotPlaced
2415,7.4,1,3,0,78.0,4.6,Yes,Yes,74.0,82.0,NotPlaced
1420,6.9,0,1,0,69.0,3.4,No,No,55.0,66.0,NotPlaced
2600,7.3,1,1,0,68.0,4.3,No,No,55.0,72.0,NotPlaced
6719,8.3,0,3,0,87.0,4.5,Yes,Yes,83.0,70.0,Placed
193,7.5,1,2,0,77.0,4.2,Yes,Yes,58.0,63.0,NotPlaced
612,7.4,0,3,0,78.0,4.4,Yes,Yes,70.0,81.0,Placed
3633,8.5,2,3,1,68.0,4.0,Yes,Yes,73.0,70.0,NotPlaced
358,8.2,1,2,1,90.0,4.8,Yes,Yes,78.0,71.0,Placed
7113,8.4,1,1,0,80.0,4.6,No,Yes,71.0,72.0,Placed
4415,8.7,2,3,0,72.0,4.3,No,Yes,64.0,66.0,Placed
5352,8.3,1,3,2,81.0,4.7,Yes,Yes,76.0,86.0,NotPlaced
1943,7.6,0,1,0,81.0,3.9,Yes,Yes,61.0,83.0,Placed
1307,8.1,1,2,2,86.0,4.4,Yes,Yes,81.0,86.0,Placed
9305,6.5,1,1,1,77.0,4.2,No,Yes,55.0,71.0,NotPlaced
8881,7.7,1,2,2,82.0,4.7,No,Yes,84.0,85.0,NotPlaced
7955,8.2,1,1,2,71.0,4.2,Yes,Yes,77.0,83.0,NotPlaced
8415,7.9,1,3,0,85.0,4.8,Yes,Yes,78.0,87.0,Placed
5644,7.6,2,2,1,88.0,4.8,Yes,Yes,83.0,86.0,NotPlaced
7636,7.7,1,2,1,80.0,4.4,No,Yes,81.0,57.0,NotPlaced
1830,6.5,1,2,1,85.0,4.0,Yes,Yes,71.0,82.0,Placed
9154,7.6,2,3,0,84.0,4.5,Yes,Yes,78.0,87.0,NotPlaced
8957,7.9,1,2,0,67.0,4.4,Yes,No,73.0,72.0,Placed
2207,8.0,2,3,3,90.0,4.6,Yes,Yes,84.0,81.0,Placed
508,6.9,2,1,0,67.0,4.0,Yes,No,59.0,61.0,NotPlaced
6651,8.4,1,3,3,75.0,4.7,Yes,Yes,76.0,79.0,NotPlaced
626,7.1,1,2,1,73.0,4.3,No,Yes,59.0,69.0,NotPlaced
130,8.5,1,2,2,90.0,4.8,Yes,Yes,80.0,86.0,Placed
3391,6.7,1,1,0,75.0,4.1,Yes,Yes,70.0,68.0,NotPlaced
8416,7.7,2,3,2,90.0,4.8,Yes,No,78.0,81.0,Placed
215,6.6,1,1,1,71.0,4.3,No,No,70.0,66.0,NotPlaced
7447,6.5,1,1,0,61.0,3.5,No,Yes,61.0,69.0,NotPlaced
8201,7.6,0,1,0,77.0,3.0,No,No,55.0,69.0,NotPlaced
6721,8.8,0,3,1,90.0,4.8,Yes,Yes,77.0,85.0,Placed
7517,7.8,0,1,0,71.0,3.7,No,No,55.0,62.0,NotPlaced
1208,8.1,1,1,2,77.0,4.8,Yes,Yes,73.0,87.0,Placed
9793,8.0,1,3,2,72.0,4.4,Yes,Yes,77.0,87.0,Placed
1005,8.6,1,1,2,75.0,4.5,Yes,Yes,68.0,82.0,NotPlaced
8267,7.5,1,3,1,79.0,3.8,Yes,Yes,58.0,67.0,NotPlaced
5180,7.3,0,2,1,79.0,4.2,Yes,No,78.0,69.0,NotPlaced
9233,7.6,0,1,0,83.0,3.8,No,Yes,56.0,66.0,NotPlaced
9792,8.5,1,3,0,70.0,3.7,Yes,Yes,71.0,82.0,NotPlaced
6169,6.9,1,1,1,70.0,4.5,No,No,65.0,72.0,NotPlaced
9460,7.7,1,1,1,72.0,3.9,No,Yes,55.0,67.0,NotPlaced
5908,7.4,1,1,0,75.0,3.9,No,No,58.0,60.0,NotPlaced
22,7.4,1,2,1,72.0,3.5,No,Yes,82.0,69.0,Placed
8009,8.0,1,3,1,76.0,4.6,No,No,70.0,67.0,NotPlaced
1456,7.4,2,1,0,79.0,4.8,No,Yes,60.0,68.0,NotPlaced
7093,8.5,0,2,0,89.0,4.5,Yes,Yes,70.0,83.0,NotPlaced
5403,8.6,2,3,2,87.0,4.8,Yes,Yes,81.0,88.0,Placed
9265,6.9,2,3,0,78.0,4.2,Yes,Yes,72.0,86.0,Placed
7875,7.6,0,1,0,83.0,4.0,No,Yes,79.0,86.0,NotPlaced
5716,7.5,1,2,1,65.0,4.1,No,No,68.0,73.0,NotPlaced
7240,8.2,2,3,2,81.0,4.8,Yes,Yes,81.0,83.0,Placed
5432,7.6,1,2,1,79.0,4.8,Yes,Yes,77.0,85.0,NotPlaced
2341,6.6,1,1,0,69.0,4.2,Yes,Yes,55.0,69.0,NotPlaced
9201,7.7,2,3,0,90.0,4.6,Yes,Yes,75.0,86.0,NotPlaced
7499,6.5,1,1,1,70.0,4.1,No,No,65.0,66.0,NotPlaced
6863,6.6,2,3,2,85.0,4.8,Yes,Yes,79.0,85.0,Placed
8964,7.7,2,2,2,75.0,4.2,No,Yes,71.0,83.0,NotPlaced
846,8.0,1,1,2,85.0,4.5,Yes,Yes,63.0,69.0,Placed
9569,7.6,1,1,0,81.0,4.2,Yes,Yes,81.0,81.0,NotPlaced
7685,7.9,0,2,0,81.0,4.5,Yes,Yes,74.0,87.0,NotPlaced
8425,8.3,1,2,0,78.0,4.6,Yes,Yes,75.0,82.0,Placed
4970,7.9,1,3,2,89.0,4.8,Yes,Yes,78.0,84.0,Placed
642,7.9,1,1,1,66.0,4.5,No,No,74.0,69.0,NotPlaced
9557,8.1,1,3,2,88.0,4.8,Yes,Yes,81.0,85.0,Placed
3827,7.5,1,3,3,90.0,4.6,Yes,Yes,86.0,79.0,Placed
5731,8.0,2,3,2,90.0,4.8,Yes,Yes,77.0,82.0,Placed
5600,8.6,1,3,2,76.0,4.0,No,No,71.0,88.0,NotPlaced
8744,7.7,0,1,2,72.0,4.3,Yes,No,82.0,72.0,NotPlaced
1594,7.5,0,3,0,78.0,4.2,No,Yes,79.0,69.0,Placed
5496,7.6,1,2,0,79.0,4.2,No,No,55.0,84.0,NotPlaced
5112,6.5,1,1,0,72.0,3.8,No,No,55.0,68.0,NotPlaced
749,8.6,2,2,2,84.0,4.0,Yes,Yes,72.0,84.0,NotPlaced
4457,8.3,0,3,2,90.0,4.3,Yes,Yes,63.0,88.0,Placed
9915,8.3,2,2,2,90.0,4.6,Yes,Yes,75.0,86.0,NotPlaced
3781,6.6,1,1,0,83.0,3.7,Yes,Yes,74.0,76.0,Placed
7325,7.3,1,2,1,61.0,4.7,Yes,Yes,68.0,72.0,NotPlaced
7419,7.5,1,1,1,77.0,4.4,Yes,No,70.0,67.0,NotPlaced
4813,8.4,1,1,1,70.0,3.7,Yes,Yes,55.0,63.0,NotPlaced
2308,7.4,1,1,1,63.0,3.6,No,No,65.0,65.0,NotPlaced
1562,7.6,1,2,1,87.0,3.8,Yes,Yes,61.0,85.0,NotPlaced
6947,8.2,1,3,0,90.0,3.9,Yes,Yes,75.0,87.0,NotPlaced
2083,7.4,1,1,1,82.0,4.3,No,Yes,86.0,69.0,NotPlaced
4701,6.5,0,1,1,66.0,3.6,No,No,55.0,70.0,NotPlaced
1936,7.2,2,2,2,79.0,4.4,Yes,Yes,83.0,82.0,Placed
3190,7.6,1,2,0,76.0,4.8,Yes,Yes,71.0,79.0,NotPlaced
4207,8.4,2,3,2,87.0,4.8,Yes,Yes,79.0,86.0,Placed
9731,7.5,1,2,0,84.0,4.5,No,No,55.0,66.0,NotPlaced
2789,6.8,0,1,0,84.0,4.1,Yes,Yes,62.0,86.0,Placed
3837,7.5,0,2,0,76.0,4.2,Yes,Yes,55.0,73.0,NotPlaced
8494,6.5,0,3,0,66.0,3.5,No,No,55.0,67.0,NotPlaced
7669,7.5,0,2,0,70.0,4.1,No,Yes,55.0,67.0,NotPlaced
1275,8.1,2,3,2,90.0,4.8,Yes,Yes,78.0,83.0,Placed
394,7.3,1,1,0,79.0,4.1,Yes,No,57.0,64.0,NotPlaced
5370,7.6,2,2,0,84.0,4.3,No,No,64.0,65.0,NotPlaced
7550,8.0,2,1,0,90.0,4.7,Yes,Yes,83.0,85.0,Placed
958,6.5,0,2,1,69.0,4.7,Yes,Yes,72.0,72.0,NotPlaced
534,8.6,2,3,2,87.0,4.8,Yes,Yes,77.0,82.0,Placed
5445,6.5,1,1,0,71.0,4.2,Yes,Yes,55.0,75.0,NotPlaced
3478,8.2,1,1,0,77.0,4.1,Yes,Yes,79.0,65.0,NotPlaced
8408,8.2,1,3,2,88.0,4.8,Yes,Yes,85.0,80.0,Placed
8213,7.7,1,1,1,75.0,4.5,No,Yes,65.0,74.0,NotPlaced
3053,7.4,0,1,1,82.0,4.5,No,Yes,55.0,69.0,NotPlaced
8561,6.6,1,1,0,72.0,3.2,No,Yes,55.0,68.0,NotPlaced
9191,8.4,2,2,2,81.0,4.2,Yes,Yes,89.0,85.0,Placed
5494,7.8,2,3,2,85.0,4.7,Yes,Yes,87.0,85.0,Placed
566,7.6,1,2,2,70.0,4.8,No,Yes,73.0,84.0,Placed
2038,7.8,0,3,1,76.0,3.8,No,Yes,55.0,69.0,NotPlaced
2703,8.5,2,3,2,90.0,4.8,Yes,Yes,83.0,85.0,Placed
7863,7.5,1,2,1,82.0,4.0,No,No,63.0,63.0,NotPlaced
4667,7.7,1,3,2,86.0,4.4,Yes,Yes,83.0,67.0,Placed
9726,7.7,1,1,1,61.0,3.9,No,No,68.0,61.0,NotPlaced
9581,8.0,2,3,2,86.0,4.8,Yes,No,80.0,68.0,NotPlaced
7582,8.6,2,3,2,90.0,4.5,Yes,Yes,79.0,84.0,Placed
3336,7.6,1,1,1,70.0,4.4,Yes,Yes,78.0,63.0,NotPlaced
3216,7.8,0,3,2,89.0,4.7,Yes,Yes,72.0,88.0,Placed
1016,8.6,1,3,1,83.0,4.7,Yes,Yes,81.0,87.0,Placed
8000,7.4,1,2,0,76.0,4.4,No,Yes,61.0,69.0,NotPlaced
6175,8.2,0,3,0,87.0,4.8,Yes,Yes,77.0,83.0,Placed
9701,7.9,0,2,0,69.0,4.1,No,No,55.0,65.0,NotPlaced
8091,8.7,1,1,2,82.0,4.2,Yes,Yes,74.0,87.0,NotPlaced
3073,8.2,1,3,2,83.0,4.3,Yes,No,83.0,63.0,NotPlaced
8974,7.7,0,1,1,72.0,4.1,No,Yes,55.0,64.0,NotPlaced
8567,8.0,2,3,2,89.0,4.5,Yes,Yes,76.0,87.0,Placed
3340,6.8,0,1,0,67.0,3.6,No,No,55.0,62.0,NotPlaced
1063,7.6,0,2,2,67.0,4.0,No,Yes,76.0,67.0,NotPlaced
8336,8.6,1,3,0,89.0,4.5,Yes,Yes,80.0,72.0,Placed
4004,8.5,2,3,2,90.0,4.8,Yes,Yes,72.0,86.0,Placed
8545,8.7,2,3,2,90.0,4.8,Yes,Yes,78.0,85.0,Placed
7794,6.5,1,1,0,66.0,4.2,No,No,78.0,62.0,NotPlaced
9621,8.0,0,3,2,90.0,4.8,Yes,Yes,74.0,71.0,Placed
1569,7.7,1,3,0,85.0,4.8,Yes,Yes,80.0,68.0,Placed
7556,7.6,1,3,1,81.0,3.9,Yes,Yes,82.0,84.0,Placed
1608,8.1,1,3,1,71.0,4.1,Yes,Yes,85.0,77.0,NotPlaced
9508,7.5,2,3,0,86.0,4.8,Yes,No,55.0,84.0,Placed
7482,7.6,1,1,0,73.0,4.2,No,No,56.0,66.0,NotPlaced
6176,6.5,1,1,2,85.0,4.5,Yes,Yes,73.0,67.0,Placed
6768,8.7,2,3,2,90.0,4.8,Yes,Yes,75.0,87.0,Placed
1336,8.0,2,3,1,90.0,4.3,Yes,Yes,79.0,73.0,Placed
9303,8.2,1,3,2,90.0,4.8,Yes,Yes,81.0,83.0,Placed
3408,7.9,1,3,2,90.0,4.7,Yes,Yes,83.0,82.0,Placed
8768,6.5,0,3,0,77.0,4.2,No,No,78.0,61.0,NotPlaced
9206,7.6,1,1,1,73.0,4.5,No,No,55.0,61.0,NotPlaced
2755,8.2,1,2,2,80.0,4.4,Yes,Yes,68.0,87.0,Placed
6777,8.4,1,1,1,70.0,3.8,Yes,Yes,55.0,67.0,NotPlaced
2227,8.4,1,3,2,81.0,4.3,No,Yes,74.0,66.0,Placed
1096,8.4,1,3,3,90.0,4.7,Yes,Yes,78.0,72.0,Placed
8400,8.2,2,3,2,90.0,4.8,Yes,Yes,80.0,88.0,Placed
1066,8.6,0,3,2,73.0,4.2,Yes,No,73.0,85.0,Placed
2927,7.5,0,2,1,69.0,4.5,No,Yes,55.0,60.0,NotPlaced
3543,6.6,1,1,0,64.0,3.2,Yes,Yes,55.0,62.0,NotPlaced
8763,8.1,1,2,0,87.0,4.3,Yes,Yes,76.0,66.0,NotPlaced
5705,6.5,1,3,2,71.0,4.2,No,No,80.0,88.0,NotPlaced
5674,6.8,2,3,0,82.0,4.7,Yes,Yes,86.0,81.0,Placed
4060,6.8,0,1,0,84.0,4.2,No,No,61.0,60.0,NotPlaced
5958,7.6,1,2,0,71.0,3.5,No,Yes,75.0,70.0,NotPlaced
9414,7.4,1,1,0,79.0,3.8,Yes,No,60.0,60.0,NotPlaced
7850,8.0,1,3,0,82.0,3.8,No,No,55.0,66.0,NotPlaced
656,7.6,0,3,2,85.0,3.8,Yes,No,79.0,83.0,NotPlaced
1935,8.4,2,3,2,90.0,4.8,Yes,Yes,80.0,84.0,Placed
9466,8.4,0,3,3,80.0,4.6,No,Yes,89.0,73.0,NotPlaced
7952,8.2,2,3,2,90.0,4.7,Yes,Yes,89.0,78.0,Placed
1184,7.9,2,3,1,90.0,4.0,Yes,Yes,82.0,75.0,Placed
7759,8.4,0,3,0,90.0,4.8,Yes,Yes,78.0,66.0,Placed
6741,7.5,2,1,0,82.0,4.3,No,Yes,71.0,63.0,NotPlaced
5258,6.5,1,1,0,81.0,4.2,No,Yes,67.0,65.0,NotPlaced
4863,6.7,0,1,0,80.0,3.1,No,Yes,55.0,63.0,NotPlaced
6963,6.5,1,3,1,70.0,4.1,No,No,59.0,62.0,NotPlaced
9294,7.4,0,1,0,77.0,4.4,No,No,61.0,65.0,NotPlaced
494,7.7,1,2,0,82.0,4.3,No,Yes,77.0,67.0,NotPlaced
502,6.8,1,1,2,74.0,4.2,Yes,No,77.0,84.0,NotPlaced
6248,8.2,0,2,2,78.0,4.1,Yes,No,55.0,63.0,NotPlaced
2293,8.2,1,3,2,76.0,4.4,Yes,Yes,66.0,86.0,NotPlaced
6037,7.4,1,3,0,88.0,4.1,Yes,Yes,59.0,73.0,NotPlaced
9119,8.2,2,3,2,90.0,4.6,Yes,Yes,78.0,85.0,Placed
5687,8.1,0,2,0,84.0,4.7,No,Yes,61.0,69.0,NotPlaced
9353,8.7,0,3,2,85.0,4.5,Yes,No,71.0,83.0,NotPlaced
3000,7.6,0,3,0,90.0,4.7,No,Yes,73.0,77.0,NotPlaced
9250,7.6,1,1,2,79.0,4.4,Yes,Yes,65.0,69.0,Placed
3801,8.4,2,3,2,90.0,4.8,Yes,Yes,74.0,88.0,Placed
5079,6.5,1,1,1,64.0,4.4,Yes,No,57.0,61.0,NotPlaced
5361,8.0,1,3,0,79.0,4.8,Yes,Yes,77.0,74.0,NotPlaced
550,8.4,1,1,0,73.0,4.2,No,Yes,55.0,69.0,NotPlaced
74,7.5,1,2,0,73.0,4.4,No,No,66.0,84.0,NotPlaced
1697,7.6,1,2,2,79.0,4.3,Yes,Yes,70.0,82.0,Placed
4406,8.8,2,2,2,89.0,4.8,Yes,Yes,86.0,85.0,NotPlaced
1791,8.2,1,2,0,74.0,4.8,Yes,No,78.0,66.0,Placed
1316,7.3,0,1,0,78.0,4.2,Yes,Yes,60.0,66.0,NotPlaced
6729,7.3,1,2,1,74.0,3.9,No,Yes,55.0,82.0,NotPlaced
7998,8.5,2,2,0,79.0,3.7,Yes,Yes,55.0,83.0,NotPlaced
8993,7.3,2,3,2,78.0,4.7,No,Yes,70.0,88.0,NotPlaced
3620,7.6,1,1,1,79.0,4.3,No,Yes,55.0,58.0,NotPlaced
1929,7.9,2,1,2,88.0,3.6,No,No,73.0,66.0,NotPlaced
2727,7.6,1,3,2,84.0,4.2,Yes,Yes,75.0,83.0,NotPlaced
8040,8.2,2,3,2,86.0,4.8,Yes,Yes,77.0,83.0,Placed
5222,7.5,1,1,1,68.0,4.3,No,No,55.0,67.0,NotPlaced
7271,8.2,1,3,0,90.0,4.8,Yes,Yes,82.0,72.0,Placed
2575,7.8,1,1,2,62.0,3.9,No,No,60.0,62.0,NotPlaced
2093,7.7,1,2,0,88.0,4.5,No,Yes,55.0,69.0,NotPlaced
2739,8.5,1,3,2,88.0,4.8,Yes,Yes,83.0,83.0,NotPlaced
2100,8.1,1,3,3,89.0,4.8,Yes,Yes,66.0,86.0,Placed
9471,8.1,1,3,2,90.0,4.8,Yes,Yes,71.0,87.0,Placed
5251,8.3,0,2,2,83.0,4.3,Yes,Yes,70.0,83.0,Placed
4407,6.5,1,2,0,80.0,3.8,No,Yes,55.0,60.0,NotPlaced
9309,6.7,1,1,0,60.0,4.7,Yes,Yes,61.0,71.0,NotPlaced
8547,8.1,1,2,0,79.0,4.3,No,Yes,55.0,67.0,NotPlaced
3165,6.8,0,1,0,72.0,4.0,Yes,Yes,80.0,65.0,Placed
9622,8.2,2,3,2,90.0,4.8,Yes,Yes,79.0,86.0,Placed
5048,6.6,1,1,1,68.0,3.3,Yes,No,60.0,62.0,NotPlaced
3829,8.6,2,3,2,90.0,4.8,Yes,Yes,90.0,88.0,Placed
2230,8.3,2,3,2,90.0,4.8,Yes,Yes,75.0,80.0,Placed
2363,7.7,1,2,0,74.0,3.8,Yes,Yes,58.0,63.0,NotPlaced
6182,6.5,0,2,2,66.0,4.0,Yes,Yes,61.0,65.0,NotPlaced
6657,7.5,1,1,1,81.0,4.0,No,No,56.0,63.0,NotPlaced
6327,8.0,0,0,1,85.0,4.8,Yes,Yes,67.0,83.0,NotPlaced
484,7.5,1,1,2,75.0,3.5,Yes,Yes,55.0,64.0,NotPlaced
2245,7.4,0,1,1,69.0,4.0,No,Yes,60.0,71.0,NotPlaced
5105,6.6,1,1,1,87.0,4.7,No,Yes,55.0,69.0,NotPlaced
2249,6.6,0,2,0,64.0,4.2,No,No,55.0,85.0,NotPlaced
1215,7.7,1,2,0,73.0,4.3,No,Yes,55.0,70.0,NotPlaced
7724,8.5,2,3,0,86.0,4.6,Yes,Yes,69.0,85.0,Placed
4262,7.4,0,1,1,63.0,3.5,No,No,56.0,68.0,NotPlaced
8112,8.3,2,3,2,90.0,4.8,Yes,Yes,87.0,81.0,Placed
7257,8.0,2,1,1,77.0,3.8,No,Yes,83.0,64.0,NotPlaced
3355,8.3,1,3,2,90.0,4.5,Yes,Yes,75.0,79.0,Placed
4907,7.8,2,3,2,90.0,4.8,Yes,Yes,71.0,84.0,Placed
1168,7.6,1,3,1,70.0,4.5,Yes,Yes,57.0,68.0,NotPlaced
5033,8.2,2,3,2,90.0,4.8,Yes,Yes,75.0,85.0,Placed
1947,6.5,1,1,1,60.0,4.0,No,No,55.0,74.0,NotPlaced
6445,9.0,2,3,3,83.0,4.8,Yes,Yes,76.0,87.0,Placed
7603,7.4,1,1,0,86.0,4.5,Yes,Yes,69.0,86.0,NotPlaced
4058,8.1,1,3,2,82.0,4.7,Yes,Yes,78.0,66.0,Placed
2419,7.5,1,2,0,78.0,3.9,Yes,Yes,87.0,76.0,NotPlaced
4057,8.6,1,2,0,72.0,4.4,No,Yes,76.0,57.0,NotPlaced
5979,8.3,2,3,2,90.0,4.8,Yes,Yes,85.0,82.0,Placed
2629,7.5,1,1,1,65.0,3.7,Yes,Yes,55.0,61.0,NotPlaced
1212,8.1,1,2,1,72.0,4.2,No,Yes,71.0,85.0,NotPlaced
4031,6.8,1,2,1,68.0,4.3,No,Yes,64.0,69.0,NotPlaced
312,8.5,2,3,1,90.0,4.8,Yes,Yes,78.0,82.0,NotPlaced
9536,7.8,1,2,2,76.0,4.7,Yes,Yes,66.0,86.0,Placed
6287,7.0,1,1,1,70.0,4.0,No,No,60.0,58.0,NotPlaced
9718,8.7,0,1,1,81.0,4.8,No,No,66.0,65.0,NotPlaced
2213,6.5,1,1,1,62.0,4.1,No,Yes,63.0,67.0,NotPlaced
3166,7.8,1,1,0,90.0,4.3,No,Yes,69.0,84.0,Placed
775,6.6,1,1,0,72.0,3.9,No,Yes,60.0,69.0,NotPlaced
9583,8.4,1,3,2,85.0,4.4,Yes,Yes,78.0,87.0,Placed
2273,8.0,1,2,1,80.0,3.4,Yes,Yes,76.0,82.0,NotPlaced
796,8.6,1,3,0,81.0,4.8,Yes,Yes,79.0,71.0,Placed
6752,8.3,2,3,1,83.0,4.5,Yes,Yes,60.0,63.0,Placed
6562,6.5,1,1,2,74.0,4.7,Yes,Yes,66.0,67.0,NotPlaced
7335,7.8,0,1,0,74.0,4.5,No,No,55.0,69.0,NotPlaced
257,8.7,2,3,2,90.0,4.8,Yes,Yes,83.0,81.0,Placed
3183,8.4,0,2,3,82.0,4.4,Yes,Yes,77.0,88.0,Placed
2168,7.9,0,1,2,87.0,4.7,Yes,Yes,89.0,85.0,NotPlaced
2931,7.3,1,1,1,68.0,3.3,No,Yes,55.0,67.0,NotPlaced
6801,7.6,1,1,0,77.0,4.0,No,Yes,58.0,73.0,NotPlaced
3097,7.8,1,1,0,78.0,4.4,Yes,No,56.0,66.0,NotPlaced
3885,7.8,1,2,2,90.0,4.8,Yes,Yes,74.0,84.0,Placed
4914,7.5,0,3,2,78.0,4.2,Yes,Yes,81.0,86.0,NotPlaced
9153,6.5,2,2,2,85.0,4.4,Yes,Yes,84.0,83.0,Placed
2130,7.9,0,3,2,90.0,4.4,Yes,Yes,88.0,83.0,Placed
2163,7.8,0,1,0,61.0,3.8,No,No,60.0,71.0,NotPlaced
7947,7.5,1,1,1,82.0,4.6,No,Yes,59.0,74.0,NotPlaced
9785,8.5,2,2,2,88.0,4.8,Yes,Yes,76.0,84.0,Placed
6092,7.5,2,2,2,85.0,4.6,Yes,Yes,77.0,88.0,Placed
3221,6.5,0,2,1,79.0,4.3,No,No,57.0,71.0,NotPlaced
4736,7.6,2,1,1,85.0,4.4,No,Yes,59.0,75.0,NotPlaced
7641,8.2,2,3,3,82.0,4.0,Yes,Yes,83.0,80.0,Placed
1511,7.8,1,1,0,74.0,4.5,Yes,No,82.0,69.0,Placed
3847,8.2,1,3,1,79.0,4.4,No,Yes,77.0,81.0,NotPlaced
1035,8.5,2,2,2,80.0,4.8,Yes,Yes,75.0,88.0,Placed
6472,8.1,0,2,1,79.0,4.3,No,Yes,58.0,78.0,NotPlaced
366,8.2,1,1,1,79.0,4.6,No,Yes,55.0,61.0,NotPlaced
6367,7.3,0,1,0,85.0,4.2,No,Yes,73.0,68.0,NotPlaced
8281,8.7,2,3,2,90.0,4.6,Yes,Yes,81.0,82.0,Placed
377,8.1,1,3,2,90.0,4.7,Yes,Yes,70.0,85.0,Placed
7683,7.4,1,1,0,82.0,4.7,Yes,Yes,84.0,87.0,NotPlaced
6629,7.3,2,1,1,87.0,4.2,Yes,No,90.0,65.0,NotPlaced
9754,6.7,1,1,0,66.0,4.4,No,No,78.0,68.0,NotPlaced
5968,8.4,2,3,2,83.0,4.6,Yes,Yes,81.0,87.0,Placed
7266,8.1,1,3,0,88.0,4.8,Yes,Yes,75.0,83.0,Placed
5189,8.1,1,2,0,74.0,4.2,No,Yes,55.0,67.0,NotPlaced
785,6.6,1,1,1,69.0,4.6,No,No,55.0,79.0,NotPlaced
9437,8.1,2,1,2,89.0,4.8,Yes,Yes,83.0,86.0,Placed
6297,7.6,1,2,1,90.0,3.8,Yes,Yes,72.0,65.0,NotPlaced
3353,6.5,1,1,1,83.0,3.8,Yes,No,72.0,72.0,Placed
4875,8.3,0,3,2,89.0,4.8,Yes,Yes,86.0,85.0,Placed
5014,8.2,1,1,0,71.0,3.6,Yes,Yes,55.0,65.0,NotPlaced
2424,8.0,1,2,2,87.0,4.8,Yes,Yes,90.0,68.0,Placed
6805,7.3,1,1,1,71.0,3.8,No,Yes,57.0,57.0,NotPlaced
6563,8.6,2,3,2,90.0,4.8,Yes,Yes,88.0,87.0,Placed
3456,7.3,0,2,0,79.0,3.8,No,Yes,83.0,81.0,NotPlaced
987,7.5,1,1,0,66.0,3.8,No,No,58.0,63.0,NotPlaced
5950,8.5,1,3,2,90.0,4.5,Yes,Yes,76.0,83.0,NotPlaced
5602,7.6,1,3,1,73.0,4.1,No,Yes,80.0,70.0,NotPlaced
393,8.9,0,3,0,89.0,4.8,Yes,No,77.0,78.0,Placed
2899,8.0,2,3,2,89.0,4.8,Yes,Yes,83.0,83.0,Placed
5119,7.4,2,1,0,78.0,3.6,No,No,55.0,70.0,NotPlaced
8835,7.9,1,1,0,77.0,4.7,No,Yes,75.0,70.0,NotPlaced
5620,7.9,1,2,2,84.0,4.6,No,Yes,67.0,64.0,NotPlaced
760,8.6,1,2,0,74.0,4.4,No,No,55.0,66.0,Placed
5106,6.7,2,3,2,82.0,4.8,Yes,No,84.0,82.0,Placed
4572,7.3,1,3,1,79.0,3.3,No,Yes,72.0,69.0,NotPlaced
9843,7.7,2,3,2,87.0,4.8,Yes,Yes,57.0,83.0,NotPlaced
2446,8.7,0,3,2,81.0,4.5,Yes,Yes,80.0,66.0,Placed
2299,7.5,1,1,1,62.0,4.3,No,No,60.0,61.0,NotPlaced
9363,6.6,1,1,0,70.0,4.6,Yes,No,55.0,69.0,NotPlaced
2184,7.2,1,1,1,77.0,4.7,Yes,Yes,62.0,69.0,Placed
3318,7.3,1,1,1,77.0,3.8,No,Yes,68.0,69.0,NotPlaced
272,7.8,1,1,1,79.0,3.7,No,Yes,56.0,59.0,NotPlaced
7092,7.8,1,2,0,76.0,4.0,Yes,Yes,63.0,88.0,NotPlaced
299,8.1,0,3,2,90.0,4.8,Yes,Yes,69.0,84.0,NotPlaced
1616,8.6,2,3,3,87.0,4.8,No,Yes,73.0,85.0,Placed
3597,7.8,1,1,0,82.0,4.6,Yes,Yes,55.0,77.0,Placed
9739,6.6,1,1,0,76.0,4.8,Yes,Yes,77.0,71.0,NotPlaced
9767,7.5,1,1,2,75.0,4.0,Yes,Yes,58.0,64.0,NotPlaced
2944,8.1,2,1,0,86.0,4.3,Yes,Yes,72.0,80.0,NotPlaced
7305,7.0,1,1,0,76.0,4.8,Yes,No,70.0,63.0,Placed
38,8.2,1,2,2,77.0,4.2,No,Yes,72.0,72.0,Placed
8880,8.4,1,3,0,81.0,3.6,Yes,Yes,78.0,86.0,Placed
1271,8.2,0,1,2,86.0,4.4,Yes,No,79.0,72.0,Placed
9163,8.3,2,3,2,88.0,4.8,Yes,No,79.0,83.0,NotPlaced
8626,8.4,0,3,0,83.0,4.0,Yes,No,77.0,66.0,NotPlaced
1053,8.7,0,1,2,90.0,4.5,Yes,Yes,76.0,87.0,Placed
3517,7.7,0,1,0,81.0,4.3,Yes,Yes,76.0,71.0,NotPlaced
8047,7.6,0,1,1,66.0,4.2,Yes,Yes,55.0,67.0,NotPlaced
7861,7.7,1,1,0,74.0,4.2,Yes,Yes,86.0,64.0,NotPlaced
7501,6.5,1,2,1,74.0,3.9,No,Yes,56.0,68.0,NotPlaced
283,8.2,1,1,2,86.0,4.4,No,No,76.0,82.0,NotPlaced
8523,8.5,2,3,2,90.0,4.8,Yes,Yes,75.0,88.0,Placed
2082,7.6,0,2,0,84.0,4.5,Yes,Yes,69.0,86.0,Placed
4320,8.2,2,3,2,90.0,4.8,Yes,Yes,79.0,86.0,Placed
5871,7.7,1,1,1,89.0,4.4,No,No,55.0,63.0,NotPlaced
1605,7.9,2,3,2,90.0,4.8,Yes,Yes,75.0,87.0,Placed
3626,6.5,2,1,2,68.0,4.2,No,No,74.0,63.0,NotPlaced
8166,6.5,0,1,0,76.0,4.7,No,Yes,59.0,68.0,NotPlaced
8478,7.2,0,2,0,82.0,4.8,No,Yes,55.0,66.0,NotPlaced
6361,6.5,1,2,0,79.0,4.4,No,Yes,58.0,74.0,Placed
6749,8.2,1,2,0,82.0,4.5,Yes,Yes,74.0,66.0,NotPlaced
1185,6.9,0,2,1,76.0,3.7,No,No,55.0,64.0,NotPlaced
741,8.0,1,2,0,81.0,4.2,Yes,Yes,66.0,72.0,NotPlaced
5501,8.1,1,1,0,69.0,4.8,No,No,63.0,70.0,NotPlaced
6983,8.3,1,3,2,84.0,4.4,Yes,Yes,79.0,88.0,Placed
4163,6.7,1,2,0,68.0,4.6,No,Yes,55.0,77.0,NotPlaced
9204,7.7,1,3,2,85.0,4.8,Yes,No,85.0,83.0,NotPlaced
5832,8.3,1,3,0,68.0,4.6,Yes,Yes,78.0,73.0,Placed
7297,8.0,2,3,2,90.0,4.5,Yes,Yes,85.0,82.0,Placed
8924,8.2,0,2,3,90.0,4.8,Yes,Yes,81.0,88.0,Placed
6929,6.6,1,2,1,66.0,4.8,No,No,64.0,69.0,NotPlaced
4461,8.2,2,3,2,90.0,4.8,Yes,Yes,85.0,80.0,Placed
4449,8.4,1,3,0,74.0,4.6,No,Yes,70.0,69.0,NotPlaced
6637,7.6,1,3,1,71.0,4.8,Yes,Yes,55.0,74.0,NotPlaced
4950,7.7,1,2,2,80.0,4.5,No,Yes,78.0,84.0,Placed
5328,8.6,0,3,2,75.0,4.0,Yes,Yes,78.0,84.0,Placed
8781,7.4,1,2,1,74.0,4.3,No,No,56.0,70.0,NotPlaced
6107,8.6,2,3,2,90.0,4.6,Yes,Yes,88.0,86.0,Placed
9732,6.5,0,2,1,66.0,4.5,Yes,No,63.0,63.0,NotPlaced
5926,7.7,1,2,0,63.0,4.3,No,No,55.0,72.0,NotPlaced
5236,7.4,1,3,0,81.0,3.7,Yes,Yes,69.0,74.0,NotPlaced
4715,8.4,1,3,0,84.0,4.1,Yes,Yes,80.0,75.0,NotPlaced
891,8.3,2,3,2,90.0,4.7,Yes,Yes,76.0,88.0,Placed
5867,8.0,2,2,2,85.0,4.5,Yes,Yes,79.0,81.0,NotPlaced
6831,7.7,0,1,2,84.0,3.9,No,Yes,60.0,65.0,NotPlaced
6354,6.7,0,1,0,79.0,4.2,No,No,62.0,67.0,NotPlaced
2493,8.0,0,1,0,70.0,3.6,No,No,56.0,63.0,NotPlaced
9515,8.2,1,1,2,74.0,4.5,Yes,No,82.0,69.0,Placed
5199,7.5,1,3,0,82.0,4.8,Yes,Yes,65.0,80.0,NotPlaced
184,7.7,1,1,0,71.0,4.7,No,Yes,57.0,69.0,NotPlaced
381,6.5,1,2,1,65.0,4.0,Yes,Yes,66.0,69.0,NotPlaced
1537,7.7,2,3,2,82.0,4.8,Yes,Yes,80.0,83.0,Placed
7263,7.6,1,3,0,87.0,3.9,No,Yes,66.0,84.0,NotPlaced
3746,7.5,1,3,2,78.0,4.6,Yes,Yes,72.0,86.0,Placed
6565,8.0,0,3,2,90.0,4.8,Yes,Yes,71.0,83.0,Placed
4865,6.5,1,3,2,84.0,4.6,No,Yes,55.0,71.0,Placed
6043,8.4,2,3,2,89.0,4.8,Yes,Yes,76.0,85.0,Placed
5546,8.2,1,3,2,90.0,4.8,Yes,Yes,85.0,88.0,Placed
5542,6.5,1,1,0,79.0,4.0,Yes,Yes,79.0,74.0,NotPlaced
814,7.9,1,1,1,86.0,4.3,No,Yes,55.0,70.0,NotPlaced
1140,8.0,2,3,2,90.0,4.8,Yes,Yes,73.0,88.0,NotPlaced
1588,6.6,1,1,0,63.0,3.3,No,No,62.0,67.0,NotPlaced
6402,8.2,1,3,2,83.0,4.5,Yes,Yes,76.0,85.0,Placed
5864,6.6,0,2,0,83.0,4.8,Yes,Yes,82.0,88.0,Placed
4876,7.9,1,2,0,78.0,4.5,Yes,Yes,75.0,81.0,Placed
287,7.7,1,1,2,82.0,4.4,No,No,55.0,70.0,NotPlaced
9407,7.0,0,1,0,85.0,4.4,No,Yes,66.0,61.0,NotPlaced
8524,7.5,1,1,1,81.0,4.0,No,Yes,75.0,61.0,NotPlaced
7611,8.2,2,1,2,90.0,4.6,Yes,Yes,74.0,79.0,Placed
5272,8.6,0,1,1,88.0,4.2,Yes,Yes,81.0,67.0,NotPlaced
4635,8.0,0,1,0,75.0,3.6,No,Yes,67.0,84.0,NotPlaced
1624,7.4,1,3,3,84.0,4.6,Yes,Yes,84.0,76.0,Placed
7493,7.7,1,3,0,74.0,4.3,Yes,Yes,75.0,86.0,NotPlaced
7384,6.6,1,2,0,70.0,4.0,No,No,55.0,62.0,NotPlaced
9988,7.7,1,2,0,82.0,4.2,Yes,Yes,84.0,70.0,Placed
5865,7.6,1,3,2,77.0,4.4,No,Yes,55.0,71.0,Placed
6196,7.7,1,2,1,68.0,4.5,No,Yes,56.0,63.0,NotPlaced
2013,6.9,0,2,1,82.0,4.2,Yes,Yes,73.0,86.0,Placed
4676,7.7,0,2,0,70.0,4.0,No,Yes,55.0,66.0,NotPlaced
4544,7.8,1,2,0,83.0,4.7,No,Yes,55.0,85.0,NotPlaced
3615,7.8,1,2,1,81.0,4.6,Yes,Yes,82.0,84.0,NotPlaced
5454,8.2,2,3,0,88.0,4.0,Yes,Yes,75.0,75.0,Placed
8686,8.5,2,3,2,85.0,4.7,Yes,No,85.0,83.0,Placed
6861,6.8,0,2,1,74.0,3.7,Yes,Yes,61.0,65.0,NotPlaced
8435,7.9,0,1,0,80.0,4.8,No,Yes,83.0,69.0,NotPlaced
9720,6.6,1,2,1,74.0,4.1,No,Yes,83.0,88.0,Placed
3844,8.5,1,2,1,85.0,4.1,Yes,Yes,73.0,86.0,Placed
9546,7.6,1,1,1,70.0,3.8,No,Yes,57.0,67.0,NotPlaced
192,7.8,2,2,2,80.0,4.6,No,Yes,59.0,74.0,Placed
4803,7.8,1,3,0,82.0,4.2,Yes,No,60.0,86.0,Placed
9412,6.8,2,2,0,69.0,4.8,Yes,No,70.0,82.0,NotPlaced
3138,7.6,0,3,0,82.0,4.4,Yes,No,84.0,80.0,NotPlaced
2782,8.4,1,3,1,79.0,4.0,Yes,Yes,80.0,83.0,NotPlaced
2084,8.7,1,2,2,84.0,4.3,No,No,78.0,87.0,NotPlaced
3048,8.3,1,2,2,78.0,4.4,Yes,Yes,76.0,85.0,Placed
9909,8.5,1,3,2,88.0,4.6,Yes,Yes,73.0,84.0,NotPlaced
1121,8.5,1,1,0,75.0,4.5,Yes,Yes,84.0,68.0,NotPlaced
2653,7.8,2,3,2,90.0,4.6,Yes,Yes,79.0,88.0,Placed
8885,7.7,1,1,1,86.0,4.3,No,Yes,60.0,63.0,NotPlaced
2916,8.4,2,3,2,90.0,4.6,Yes,Yes,74.0,85.0,Placed
1149,8.1,1,2,0,85.0,4.3,Yes,Yes,78.0,74.0,Placed
5396,8.4,0,1,2,79.0,3.9,Yes,Yes,80.0,80.0,NotPlaced
8824,8.2,2,3,2,82.0,4.4,Yes,Yes,80.0,83.0,Placed
7714,8.3,1,3,0,84.0,4.6,Yes,Yes,71.0,80.0,Placed
103,6.5,1,1,1,62.0,3.8,No,Yes,58.0,65.0,NotPlaced
1993,7.0,0,2,0,66.0,4.3,No,Yes,79.0,63.0,Placed
5752,7.5,1,1,1,77.0,4.5,Yes,No,76.0,68.0,NotPlaced
6003,8.1,2,3,2,85.0,4.5,Yes,Yes,75.0,67.0,NotPlaced
6100,7.6,1,2,2,77.0,4.0,Yes,Yes,55.0,64.0,NotPlaced
1902,8.2,1,3,1,72.0,3.9,No,Yes,61.0,73.0,NotPlaced
2054,8.0,2,3,2,83.0,4.6,Yes,Yes,72.0,85.0,Placed
6340,6.5,1,3,2,78.0,4.3,Yes,Yes,55.0,82.0,NotPlaced
2745,8.2,0,1,1,68.0,3.8,Yes,No,79.0,83.0,Placed
6652,8.0,1,1,0,82.0,3.3,No,No,78.0,80.0,NotPlaced
2224,6.5,1,2,1,76.0,4.3,No,No,69.0,62.0,Placed
8353,8.1,2,3,0,81.0,4.7,Yes,Yes,84.0,83.0,Placed
5043,8.2,1,3,2,89.0,4.3,Yes,No,84.0,82.0,Placed
3730,7.4,2,3,0,78.0,4.8,Yes,Yes,78.0,71.0,Placed
9906,8.1,1,2,0,78.0,4.3,Yes,Yes,71.0,83.0,NotPlaced
5514,8.3,2,3,0,82.0,3.5,Yes,No,82.0,80.0,NotPlaced
3509,6.7,1,2,2,83.0,4.8,Yes,No,65.0,80.0,Placed
9409,8.8,0,3,0,68.0,4.1,Yes,Yes,55.0,66.0,NotPlaced
659,8.2,1,2,3,85.0,4.5,Yes,Yes,69.0,82.0,NotPlaced
3824,6.7,0,2,1,63.0,4.4,No,Yes,59.0,61.0,NotPlaced
7302,7.5,0,2,1,73.0,3.6,No,Yes,55.0,65.0,NotPlaced
540,7.5,2,2,0,73.0,4.4,Yes,Yes,86.0,74.0,Placed
8752,7.5,2,2,1,68.0,3.7,No,No,59.0,62.0,NotPlaced
5380,6.7,1,2,2,78.0,4.4,Yes,Yes,72.0,64.0,NotPlaced
1567,7.7,1,1,1,72.0,4.4,No,No,57.0,65.0,NotPlaced
9468,6.5,0,2,0,81.0,3.7,No,Yes,60.0,68.0,Placed
4807,7.8,1,3,2,88.0,4.6,Yes,No,76.0,81.0,Placed
9992,8.4,2,3,1,84.0,4.5,Yes,Yes,84.0,87.0,Placed
8521,8.2,2,3,2,90.0,4.8,Yes,Yes,77.0,82.0,Placed
1437,7.0,1,1,0,69.0,3.7,No,No,61.0,69.0,NotPlaced
6490,6.9,1,1,0,69.0,4.0,No,Yes,64.0,71.0,NotPlaced
4485,7.5,1,1,1,70.0,4.6,No,Yes,55.0,65.0,NotPlaced
5633,6.6,0,1,1,69.0,4.2,No,No,55.0,68.0,NotPlaced
5188,7.6,0,3,2,78.0,4.8,No,Yes,78.0,79.0,Placed
7221,6.5,1,1,0,84.0,4.0,No,Yes,62.0,75.0,NotPlaced
4229,6.8,1,1,0,71.0,4.5,No,No,63.0,69.0,NotPlaced
2186,6.9,1,1,0,76.0,4.3,No,Yes,60.0,64.0,NotPlaced
4697,8.2,1,3,1,80.0,4.8,Yes,Yes,72.0,82.0,Placed
1907,7.7,1,3,1,84.0,4.7,Yes,No,59.0,65.0,NotPlaced
4257,8.2,1,3,2,87.0,4.6,Yes,Yes,77.0,88.0,Placed
3826,6.6,0,2,0,64.0,4.6,Yes,No,59.0,63.0,NotPlaced
3705,7.1,1,1,1,69.0,3.4,No,Yes,55.0,65.0,NotPlaced
8114,7.9,1,2,0,90.0,4.1,Yes,Yes,77.0,78.0,Placed
395,8.6,1,2,0,86.0,4.8,Yes,Yes,69.0,77.0,Placed
5981,6.5,1,1,1,72.0,4.2,No,No,55.0,57.0,NotPlaced
7537,6.5,2,2,2,80.0,4.6,Yes,Yes,81.0,72.0,Placed
9551,8.1,2,1,0,85.0,4.1,Yes,Yes,83.0,79.0,Placed
4016,6.5,1,2,1,76.0,4.2,Yes,Yes,59.0,84.0,NotPlaced
153,7.8,0,1,0,81.0,3.9,Yes,Yes,79.0,65.0,Placed
5941,8.4,2,3,2,90.0,4.7,Yes,Yes,69.0,88.0,Placed
5315,7.6,1,3,2,84.0,4.6,Yes,Yes,78.0,79.0,NotPlaced
61,7.7,2,2,0,86.0,4.0,Yes,Yes,79.0,64.0,NotPlaced
3586,7.7,1,2,0,77.0,4.3,No,Yes,55.0,68.0,NotPlaced
2764,8.0,0,3,1,86.0,4.3,Yes,Yes,75.0,66.0,Placed
6302,7.5,2,3,2,85.0,4.3,Yes,No,78.0,81.0,NotPlaced
4154,8.2,2,3,0,90.0,4.5,Yes,Yes,74.0,79.0,Placed
6350,7.6,1,1,1,82.0,4.0,Yes,Yes,59.0,67.0,NotPlaced
4343,8.3,0,3,1,90.0,4.6,Yes,Yes,87.0,88.0,Placed
3056,8.5,2,3,2,85.0,4.8,Yes,Yes,87.0,83.0,Placed
4384,7.1,1,1,0,79.0,4.3,Yes,Yes,69.0,69.0,Placed
6173,7.6,1,1,0,79.0,3.7,No,Yes,55.0,65.0,Placed
3320,7.9,2,3,2,89.0,4.8,Yes,Yes,61.0,82.0,Placed
3795,7.6,2,2,1,71.0,4.0,Yes,Yes,61.0,66.0,NotPlaced
4683,8.5,2,3,2,90.0,4.8,Yes,Yes,82.0,70.0,Placed
8025,8.1,1,3,2,81.0,4.5,Yes,Yes,83.0,84.0,Placed
5746,7.7,2,1,0,83.0,4.6,No,Yes,63.0,64.0,NotPlaced
1167,8.3,0,3,1,71.0,3.4,Yes,Yes,77.0,71.0,NotPlaced
3422,8.4,2,1,2,87.0,4.5,Yes,No,63.0,82.0,Placed
3565,8.5,1,3,0,86.0,4.6,Yes,No,90.0,64.0,Placed
1984,8.3,1,1,0,81.0,4.7,No,No,75.0,69.0,NotPlaced
7776,8.6,2,3,2,90.0,4.8,Yes,Yes,85.0,81.0,Placed
6763,7.4,1,2,2,77.0,4.1,No,No,55.0,71.0,Placed
1607,7.4,1,2,0,67.0,3.3,No,No,56.0,60.0,NotPlaced
8861,8.4,1,1,2,86.0,4.7,Yes,No,69.0,71.0,NotPlaced
9526,7.5,1,2,1,76.0,4.3,No,Yes,66.0,67.0,NotPlaced
1443,7.3,2,3,2,90.0,4.6,Yes,Yes,80.0,87.0,Placed
6555,7.7,1,2,1,74.0,4.8,Yes,Yes,70.0,66.0,NotPlaced
6206,8.3,1,1,2,82.0,4.3,Yes,No,55.0,83.0,NotPlaced
1144,8.3,2,3,2,81.0,4.8,Yes,Yes,70.0,85.0,Placed
3810,7.4,1,1,1,76.0,4.6,No,Yes,60.0,57.0,NotPlaced
1650,8.0,0,3,2,85.0,4.7,Yes,Yes,83.0,86.0,Placed
6542,7.6,1,3,3,82.0,4.8,Yes,No,79.0,83.0,NotPlaced
962,7.3,1,1,1,83.0,3.9,Yes,No,67.0,70.0,NotPlaced
7542,7.7,1,3,2,85.0,4.5,Yes,Yes,76.0,81.0,NotPlaced
8809,8.1,2,3,2,86.0,4.7,Yes,Yes,76.0,80.0,Placed
3883,8.3,1,3,1,79.0,4.5,Yes,Yes,72.0,87.0,Placed
7218,6.5,1,1,0,74.0,3.5,No,Yes,64.0,69.0,NotPlaced
4327,7.3,1,1,1,79.0,4.8,Yes,No,83.0,78.0,NotPlaced
2565,7.6,2,2,2,79.0,4.8,Yes,Yes,76.0,82.0,Placed
6049,6.7,0,1,0,65.0,4.3,No,Yes,55.0,58.0,NotPlaced
7807,6.5,1,1,1,65.0,3.0,No,No,61.0,79.0,NotPlaced
7004,8.8,2,3,2,90.0,4.8,Yes,Yes,71.0,84.0,Placed
1225,8.3,2,3,0,90.0,4.6,Yes,Yes,78.0,70.0,Placed
832,6.7,1,2,1,60.0,4.1,No,No,55.0,70.0,NotPlaced
7119,8.4,1,2,0,77.0,4.1,No,No,56.0,62.0,NotPlaced
3964,6.7,0,1,0,74.0,4.2,Yes,Yes,55.0,68.0,NotPlaced
8733,8.0,2,3,2,90.0,4.8,Yes,Yes,77.0,85.0,Placed
2368,8.2,2,3,2,90.0,4.2,Yes,Yes,83.0,77.0,Placed
3779,7.7,1,1,2,76.0,4.4,No,No,66.0,68.0,NotPlaced
5627,7.7,1,1,0,72.0,4.4,No,No,72.0,69.0,NotPlaced
2059,8.7,2,3,2,90.0,4.8,Yes,Yes,80.0,86.0,Placed
4366,8.0,1,2,0,85.0,4.3,No,Yes,59.0,72.0,NotPlaced
4749,8.2,1,1,2,85.0,4.8,Yes,Yes,79.0,82.0,Placed
6952,6.9,2,3,1,68.0,3.7,No,No,64.0,64.0,NotPlaced
492,8.3,2,3,2,79.0,4.4,Yes,Yes,74.0,80.0,Placed
3846,7.4,0,1,1,67.0,3.9,No,Yes,59.0,69.0,NotPlaced
946,7.7,0,1,0,67.0,3.5,No,No,55.0,61.0,NotPlaced
7609,8.2,1,2,0,81.0,4.4,No,Yes,55.0,62.0,NotPlaced
9605,8.4,2,3,2,85.0,4.1,Yes,No,78.0,69.0,Placed
1326,6.6,1,1,1,76.0,4.5,No,No,65.0,63.0,Placed
7250,6.5,1,1,1,62.0,3.5,No,No,55.0,73.0,NotPlaced
480,6.6,1,1,0,73.0,3.4,No,No,56.0,69.0,NotPlaced
9871,7.5,0,2,0,62.0,4.3,No,Yes,81.0,69.0,NotPlaced
1552,7.7,1,2,2,81.0,4.0,No,Yes,57.0,67.0,Placed
1767,7.6,1,2,0,77.0,4.3,Yes,Yes,66.0,83.0,NotPlaced
7779,8.4,1,1,1,74.0,3.8,Yes,No,69.0,76.0,NotPlaced
4826,7.4,0,2,1,79.0,4.6,No,Yes,61.0,67.0,NotPlaced
7498,6.6,1,1,0,73.0,3.1,No,No,58.0,61.0,NotPlaced
1200,8.2,0,3,2,87.0,4.8,Yes,Yes,73.0,87.0,Placed
6131,7.5,0,3,1,77.0,4.8,Yes,Yes,75.0,83.0,NotPlaced
1396,8.0,1,3,1,89.0,4.5,Yes,Yes,82.0,83.0,Placed
3634,7.9,2,3,2,82.0,4.6,Yes,No,72.0,87.0,NotPlaced
7822,8.0,2,3,2,90.0,4.8,Yes,Yes,80.0,87.0,Placed
7928,6.7,1,2,1,86.0,4.8,Yes,Yes,59.0,86.0,Placed
7424,6.5,0,3,1,69.0,4.5,No,No,57.0,63.0,NotPlaced
3217,7.5,2,2,0,70.0,4.4,No,Yes,55.0,62.0,NotPlaced
9935,6.6,1,2,0,71.0,4.4,Yes,Yes,69.0,68.0,NotPlaced
411,8.7,2,1,0,90.0,4.7,Yes,Yes,74.0,86.0,Placed
6540,7.5,1,2,1,74.0,4.2,Yes,No,76.0,80.0,NotPlaced
3853,6.5,0,1,0,67.0,3.9,Yes,Yes,76.0,66.0,NotPlaced
7270,7.9,1,1,0,70.0,4.3,Yes,Yes,73.0,68.0,NotPlaced
6061,7.5,1,1,0,84.0,4.3,No,Yes,55.0,59.0,NotPlaced
9451,8.6,2,3,2,90.0,4.8,Yes,Yes,80.0,82.0,Placed
9059,8.3,1,1,0,70.0,4.6,Yes,Yes,79.0,84.0,NotPlaced
5918,7.4,1,1,0,87.0,4.6,No,No,55.0,70.0,NotPlaced
5756,7.6,1,2,2,76.0,4.8,Yes,Yes,68.0,85.0,NotPlaced
1388,8.0,2,2,2,90.0,4.8,Yes,Yes,90.0,84.0,Placed
3246,8.3,2,3,2,79.0,4.7,Yes,Yes,85.0,65.0,Placed
5349,8.5,1,3,1,84.0,4.3,Yes,Yes,55.0,66.0,NotPlaced
4304,8.1,0,1,1,81.0,4.5,Yes,Yes,60.0,78.0,Placed
8710,7.5,1,1,2,67.0,3.5,Yes,Yes,55.0,64.0,NotPlaced
5018,7.6,1,1,0,75.0,4.0,No,No,55.0,57.0,NotPlaced
5688,8.5,2,3,2,71.0,4.6,Yes,Yes,74.0,83.0,Placed
7374,8.4,1,2,0,90.0,4.8,Yes,Yes,78.0,86.0,Placed
9803,7.3,1,2,0,74.0,3.6,No,Yes,77.0,63.0,NotPlaced
5696,7.2,1,3,1,71.0,4.4,Yes,Yes,58.0,68.0,NotPlaced
619,6.5,1,1,0,84.0,4.5,Yes,Yes,55.0,84.0,NotPlaced
216,7.4,0,1,1,70.0,4.2,No,No,61.0,70.0,NotPlaced
7383,8.4,2,3,2,90.0,4.5,Yes,Yes,75.0,80.0,Placed
6325,8.3,1,1,1,70.0,4.3,No,No,58.0,70.0,NotPlaced
9238,6.6,2,3,2,90.0,4.8,Yes,Yes,63.0,83.0,Placed
7115,6.9,1,3,2,78.0,3.8,Yes,Yes,75.0,74.0,NotPlaced
8466,7.6,0,1,1,65.0,4.1,No,No,65.0,63.0,NotPlaced
3231,8.5,2,3,2,84.0,4.8,Yes,Yes,70.0,85.0,Placed
3763,7.7,0,0,1,78.0,3.7,Yes,Yes,55.0,62.0,NotPlaced
4113,7.7,1,1,1,66.0,4.8,Yes,No,71.0,65.0,NotPlaced
4342,7.9,1,1,1,69.0,3.9,No,No,62.0,60.0,NotPlaced
1980,8.3,2,3,0,88.0,4.8,Yes,Yes,82.0,72.0,NotPlaced
6404,8.0,2,3,2,71.0,4.1,Yes,Yes,77.0,83.0,NotPlaced
1573,8.5,1,2,1,73.0,4.2,Yes,Yes,76.0,88.0,NotPlaced
7086,7.6,1,2,0,77.0,4.0,No,Yes,66.0,73.0,NotPlaced
3413,7.6,0,1,0,64.0,3.7,No,No,62.0,68.0,NotPlaced
7999,7.6,1,1,0,80.0,3.9,No,No,56.0,67.0,NotPlaced
2525,7.8,0,2,1,74.0,4.5,No,Yes,74.0,81.0,Placed
3124,8.0,1,2,2,73.0,4.4,No,No,83.0,61.0,NotPlaced
5987,7.3,1,1,1,65.0,3.8,Yes,Yes,61.0,62.0,NotPlaced
5653,7.6,0,1,2,75.0,4.2,Yes,No,77.0,83.0,NotPlaced
5042,6.5,2,1,2,79.0,4.4,No,No,55.0,66.0,NotPlaced
8619,8.3,2,3,2,85.0,4.7,Yes,No,80.0,85.0,Placed
4295,7.3,1,3,3,90.0,4.7,Yes,Yes,90.0,82.0,Placed
5719,7.9,2,3,2,87.0,4.8,Yes,Yes,83.0,69.0,Placed
2537,7.4,1,1,0,90.0,4.4,No,Yes,58.0,63.0,NotPlaced
6830,7.8,1,1,0,72.0,3.6,No,Yes,58.0,65.0,NotPlaced
1364,8.3,2,3,2,85.0,4.7,Yes,Yes,72.0,85.0,NotPlaced
9255,8.0,1,3,3,87.0,4.6,Yes,No,83.0,88.0,Placed
9958,7.5,1,1,0,73.0,4.4,Yes,Yes,64.0,64.0,NotPlaced
8802,6.9,1,3,2,80.0,4.6,Yes,Yes,73.0,83.0,Placed
4255,6.5,0,3,0,80.0,4.4,Yes,Yes,63.0,68.0,NotPlaced
2998,7.1,1,2,0,72.0,4.4,Yes,No,69.0,69.0,NotPlaced
1237,8.4,0,3,2,74.0,4.5,Yes,Yes,81.0,68.0,Placed
583,7.4,1,2,1,71.0,4.8,No,Yes,63.0,69.0,NotPlaced
9369,8.2,1,2,1,70.0,3.9,No,Yes,55.0,71.0,NotPlaced
387,7.9,1,2,1,76.0,4.1,Yes,Yes,57.0,66.0,NotPlaced
3153,8.1,2,3,2,86.0,4.7,Yes,Yes,84.0,84.0,Placed
6513,8.3,1,3,0,90.0,4.8,Yes,Yes,82.0,68.0,Placed
3854,6.5,1,2,1,72.0,4.0,No,No,62.0,70.0,NotPlaced
251,8.4,2,3,1,76.0,4.1,Yes,Yes,68.0,64.0,NotPlaced
9321,8.2,2,3,2,88.0,4.5,Yes,Yes,72.0,83.0,Placed
1481,7.5,0,2,0,78.0,3.5,No,Yes,83.0,60.0,NotPlaced
669,8.3,2,3,2,90.0,4.8,Yes,Yes,71.0,84.0,Placed
2499,7.6,1,1,0,83.0,4.3,No,Yes,57.0,71.0,NotPlaced
6166,8.6,1,2,0,75.0,3.9,Yes,Yes,76.0,61.0,Placed
4042,7.9,2,1,0,71.0,4.7,No,Yes,77.0,86.0,NotPlaced
4634,7.9,1,3,1,77.0,4.3,Yes,Yes,84.0,85.0,Placed
2550,7.6,1,2,0,86.0,4.2,No,Yes,58.0,65.0,NotPlaced
6348,7.7,1,1,0,85.0,3.9,No,No,57.0,59.0,Placed
488,8.6,2,1,2,73.0,4.6,Yes,No,55.0,82.0,NotPlaced
4078,7.8,1,1,1,77.0,4.0,No,Yes,62.0,63.0,NotPlaced
1965,6.8,0,2,0,73.0,4.3,Yes,Yes,64.0,63.0,Placed
5001,7.9,0,2,2,85.0,4.8,Yes,Yes,75.0,83.0,NotPlaced
2185,8.0,1,3,1,83.0,4.7,Yes,Yes,77.0,83.0,NotPlaced
7145,8.5,1,3,0,75.0,4.8,Yes,Yes,78.0,64.0,NotPlaced
2194,7.8,1,1,0,79.0,4.0,No,Yes,55.0,70.0,NotPlaced
7760,7.5,1,1,1,60.0,4.8,Yes,Yes,75.0,70.0,NotPlaced
4566,7.2,1,3,0,68.0,4.4,No,No,84.0,82.0,NotPlaced
3351,6.5,1,1,0,75.0,3.9,No,No,59.0,82.0,NotPlaced
1735,7.7,0,1,1,67.0,4.8,No,No,56.0,66.0,NotPlaced
7439,8.2,1,3,0,80.0,4.3,Yes,Yes,79.0,68.0,Placed
438,8.4,2,3,2,90.0,4.8,Yes,Yes,82.0,86.0,Placed
3809,6.5,1,2,1,82.0,4.0,No,Yes,74.0,74.0,NotPlaced
9121,7.0,1,1,0,81.0,3.6,No,Yes,55.0,70.0,NotPlaced
1834,7.6,0,2,0,77.0,3.7,Yes,Yes,72.0,80.0,Placed
20,7.4,1,2,0,70.0,4.4,No,Yes,58.0,63.0,NotPlaced
8171,7.5,1,2,0,83.0,4.7,No,Yes,62.0,83.0,Placed
3103,7.6,1,1,1,81.0,4.5,No,Yes,63.0,67.0,NotPlaced
3627,6.7,1,2,0,73.0,4.0,No,Yes,58.0,68.0,Placed
8625,7.8,0,3,0,89.0,4.8,Yes,Yes,83.0,79.0,Placed
8028,8.2,1,2,1,84.0,4.8,Yes,Yes,68.0,88.0,NotPlaced
5761,8.5,2,3,2,79.0,4.8,No,No,72.0,69.0,NotPlaced
6722,7.4,2,1,2,75.0,4.4,Yes,No,64.0,66.0,NotPlaced
2033,8.3,2,3,2,89.0,4.6,Yes,Yes,77.0,88.0,Placed
8126,8.4,1,3,2,90.0,4.8,Yes,Yes,82.0,88.0,Placed
8705,8.4,2,3,1,86.0,4.4,Yes,Yes,57.0,80.0,Placed
5654,7.5,1,1,0,66.0,3.7,No,No,60.0,68.0,NotPlaced
7253,7.6,1,2,0,77.0,4.1,No,Yes,55.0,58.0,NotPlaced
1875,6.5,0,3,2,86.0,4.6,Yes,Yes,76.0,83.0,NotPlaced
8211,8.1,2,3,0,84.0,4.8,Yes,Yes,83.0,82.0,Placed
2775,9.0,0,3,2,86.0,4.8,Yes,Yes,79.0,86.0,Placed
1939,7.6,0,1,0,67.0,4.3,Yes,Yes,59.0,69.0,NotPlaced
6837,7.7,2,3,2,90.0,4.8,Yes,Yes,84.0,88.0,NotPlaced
7131,6.6,1,1,0,80.0,4.2,No,Yes,74.0,72.0,NotPlaced
2928,6.5,1,1,1,68.0,4.6,No,No,58.0,63.0,NotPlaced
2223,7.4,1,2,0,65.0,3.9,No,No,74.0,66.0,NotPlaced
2667,8.2,2,3,2,90.0,4.8,Yes,Yes,73.0,83.0,Placed
3122,6.6,0,1,2,79.0,4.2,Yes,No,69.0,84.0,Placed
8504,6.5,1,2,0,77.0,4.0,No,No,65.0,74.0,NotPlaced
7465,8.3,0,2,0,90.0,4.6,Yes,Yes,75.0,82.0,Placed
8841,6.5,0,1,1,81.0,4.1,No,No,71.0,69.0,NotPlaced
2325,6.5,2,2,1,81.0,4.8,No,No,61.0,69.0,NotPlaced
3804,8.5,2,2,2,89.0,4.8,Yes,Yes,68.0,83.0,Placed
5176,7.4,1,1,0,77.0,4.1,No,Yes,55.0,68.0,NotPlaced
6142,7.0,1,1,1,74.0,4.4,Yes,Yes,78.0,71.0,Placed
9597,8.3,2,1,2,82.0,4.2,Yes,Yes,80.0,81.0,Placed
5502,7.8,1,3,0,89.0,4.0,No,Yes,72.0,84.0,Placed
5405,7.2,1,1,1,79.0,4.3,No,No,55.0,75.0,NotPlaced
3271,8.4,2,3,2,90.0,4.6,Yes,Yes,83.0,88.0,Placed
498,7.7,0,3,2,86.0,4.7,No,Yes,79.0,67.0,NotPlaced
356,8.2,2,3,2,90.0,4.8,Yes,Yes,89.0,84.0,Placed
549,7.9,1,3,0,90.0,4.6,Yes,Yes,81.0,79.0,Placed
4944,6.7,1,2,1,76.0,3.2,No,Yes,55.0,80.0,NotPlaced
6416,8.2,0,2,1,83.0,4.8,No,Yes,71.0,65.0,NotPlaced
3940,8.3,2,3,2,90.0,4.7,Yes,No,87.0,87.0,Placed
2289,7.6,1,3,0,82.0,4.8,Yes,Yes,69.0,84.0,Placed
3792,7.5,1,1,1,73.0,4.1,Yes,No,59.0,79.0,NotPlaced
6022,7.2,0,2,0,77.0,3.7,No,Yes,55.0,63.0,NotPlaced
6533,7.3,1,1,0,65.0,3.3,No,Yes,61.0,74.0,NotPlaced
1587,7.7,1,1,0,74.0,4.0,Yes,Yes,79.0,87.0,Placed
2961,8.5,1,3,0,74.0,4.3,Yes,Yes,78.0,62.0,Placed
3195,8.0,2,3,2,79.0,4.3,Yes,No,64.0,69.0,NotPlaced
427,7.1,2,2,0,76.0,4.0,No,Yes,55.0,69.0,Placed
7186,8.2,2,3,2,90.0,4.8,Yes,Yes,79.0,79.0,Placed
1772,8.4,0,3,2,90.0,4.3,Yes,Yes,76.0,88.0,Placed
8848,6.5,0,1,0,73.0,3.6,No,No,67.0,70.0,NotPlaced
5836,7.8,1,2,0,82.0,4.2,No,No,63.0,72.0,NotPlaced
7514,8.5,0,3,2,88.0,4.5,Yes,Yes,85.0,88.0,Placed
6454,8.1,1,1,0,69.0,4.0,No,Yes,55.0,70.0,NotPlaced
939,7.3,1,1,0,65.0,4.0,No,Yes,63.0,70.0,NotPlaced
1892,7.7,1,2,2,75.0,4.7,Yes,Yes,79.0,80.0,NotPlaced
106,8.5,2,3,2,90.0,4.8,Yes,Yes,72.0,87.0,Placed
1038,8.4,1,3,2,89.0,4.2,Yes,Yes,76.0,83.0,Placed
2434,7.7,1,1,0,70.0,3.9,Yes,Yes,71.0,82.0,NotPlaced
8945,6.7,1,1,0,75.0,3.7,No,No,58.0,66.0,NotPlaced
9853,7.3,1,1,0,75.0,3.2,No,No,57.0,69.0,NotPlaced
167,7.3,1,1,1,71.0,3.6,No,No,65.0,64.0,NotPlaced
7980,6.7,1,1,0,76.0,3.8,Yes,Yes,57.0,66.0,Placed
2624,7.8,1,3,2,90.0,4.1,Yes,No,70.0,86.0,NotPlaced
8888,8.3,1,2,2,85.0,4.6,Yes,Yes,75.0,81.0,Placed
2031,6.8,1,1,0,64.0,4.2,No,Yes,63.0,67.0,NotPlaced
332,8.5,1,2,1,71.0,3.8,Yes,Yes,78.0,69.0,NotPlaced
429,8.3,0,3,0,75.0,4.2,Yes,No,77.0,69.0,NotPlaced
1355,7.7,0,1,0,78.0,4.3,Yes,No,55.0,68.0,NotPlaced
2314,8.2,1,3,0,77.0,4.3,No,No,55.0,73.0,NotPlaced
6529,7.5,0,2,1,82.0,4.8,Yes,Yes,66.0,71.0,Placed
32,7.4,1,2,1,76.0,4.7,No,Yes,66.0,69.0,NotPlaced
8392,6.7,2,3,0,85.0,4.4,Yes,Yes,84.0,83.0,Placed
7979,8.4,2,2,0,90.0,4.5,Yes,Yes,76.0,85.0,NotPlaced
8772,6.8,1,2,0,80.0,4.5,Yes,Yes,56.0,67.0,Placed
2637,8.3,1,3,2,90.0,4.8,Yes,Yes,76.0,88.0,Placed
897,7.1,1,2,0,84.0,4.6,No,Yes,71.0,61.0,Placed
6441,7.7,0,2,0,72.0,3.6,No,Yes,55.0,66.0,NotPlaced
954,7.6,0,1,1,65.0,4.1,No,No,55.0,62.0,NotPlaced
6986,7.0,1,1,0,72.0,4.4,No,Yes,74.0,65.0,NotPlaced
2215,6.5,0,1,1,65.0,4.2,No,Yes,58.0,70.0,NotPlaced
1078,7.4,1,1,0,78.0,3.9,No,No,55.0,80.0,NotPlaced
9809,7.8,1,2,0,75.0,4.1,No,No,76.0,66.0,NotPlaced
2573,8.1,0,3,2,87.0,4.8,Yes,No,90.0,83.0,Placed
1995,7.7,0,1,0,65.0,4.3,No,Yes,55.0,64.0,NotPlaced
3045,7.6,2,1,2,79.0,4.4,No,Yes,57.0,70.0,NotPlaced
1446,8.1,2,3,1,67.0,4.4,Yes,Yes,59.0,82.0,NotPlaced
9677,6.5,0,2,2,78.0,4.2,No,Yes,59.0,77.0,NotPlaced
2593,8.2,2,2,0,72.0,4.8,No,Yes,72.0,64.0,NotPlaced
6303,8.4,0,3,2,80.0,4.8,Yes,Yes,86.0,85.0,Placed
4986,7.0,1,3,2,87.0,3.9,Yes,Yes,64.0,72.0,NotPlaced
3590,7.5,0,1,0,75.0,4.1,Yes,Yes,72.0,65.0,Placed
3864,6.8,1,2,2,84.0,4.1,Yes,Yes,55.0,67.0,Placed
1414,7.7,1,1,0,80.0,4.3,No,Yes,77.0,68.0,Placed
2561,8.3,2,3,2,90.0,4.8,Yes,Yes,68.0,88.0,Placed
7909,7.3,0,1,0,78.0,3.7,No,Yes,79.0,86.0,NotPlaced
2988,8.6,2,3,2,88.0,4.5,Yes,Yes,82.0,85.0,NotPlaced
6401,6.5,1,1,1,82.0,3.9,No,Yes,57.0,70.0,NotPlaced
6420,7.7,0,1,1,75.0,3.6,Yes,Yes,56.0,65.0,NotPlaced
8184,6.7,0,1,0,70.0,4.7,Yes,Yes,61.0,85.0,Placed
3457,7.3,0,1,0,60.0,3.2,No,No,55.0,62.0,NotPlaced
4550,7.5,1,1,3,74.0,4.6,Yes,Yes,80.0,65.0,Placed
4616,8.4,2,2,2,71.0,3.4,No,Yes,59.0,81.0,NotPlaced
3417,7.7,2,3,0,83.0,4.6,Yes,No,80.0,75.0,NotPlaced
2879,7.6,0,1,0,88.0,4.3,No,Yes,56.0,62.0,NotPlaced
7278,6.8,1,2,0,83.0,4.3,No,No,57.0,64.0,NotPlaced
5519,8.0,0,3,1,90.0,4.8,Yes,Yes,74.0,88.0,NotPlaced
9223,7.6,1,1,0,78.0,3.6,Yes,Yes,56.0,69.0,NotPlaced
9522,6.7,1,2,1,77.0,4.5,Yes,Yes,75.0,84.0,NotPlaced
4231,8.1,2,3,2,90.0,4.1,Yes,Yes,75.0,81.0,Placed
4379,7.9,2,3,2,88.0,4.7,Yes,No,81.0,80.0,Placed
6495,7.6,1,2,2,73.0,4.7,Yes,Yes,61.0,75.0,NotPlaced
2657,6.5,0,1,2,63.0,3.9,No,No,59.0,70.0,NotPlaced
6238,7.4,1,2,0,78.0,4.1,No,Yes,71.0,66.0,NotPlaced
2601,7.9,0,1,0,69.0,3.8,No,Yes,66.0,61.0,NotPlaced
376,7.2,1,1,0,85.0,3.5,No,Yes,84.0,70.0,NotPlaced
8635,8.5,2,3,2,90.0,4.5,Yes,Yes,85.0,88.0,Placed
1324,8.2,0,3,3,90.0,4.6,Yes,Yes,75.0,84.0,Placed
572,8.2,2,3,2,90.0,4.8,Yes,Yes,88.0,82.0,Placed
6280,7.6,1,3,0,90.0,4.8,Yes,Yes,84.0,86.0,Placed
530,8.1,1,3,2,90.0,4.5,Yes,Yes,77.0,81.0,Placed
7066,6.9,1,1,1,60.0,3.3,No,No,58.0,62.0,NotPlaced
4878,7.7,1,1,0,86.0,4.1,No,Yes,55.0,70.0,NotPlaced
6528,8.0,1,2,1,85.0,4.5,No,Yes,66.0,71.0,NotPlaced
3624,6.6,1,2,0,83.0,4.2,No,Yes,82.0,71.0,NotPlaced
5102,8.4,2,2,2,85.0,4.8,Yes,No,72.0,82.0,NotPlaced
7454,7.5,2,3,0,84.0,4.5,Yes,Yes,71.0,68.0,NotPlaced
7386,8.7,2,3,2,90.0,4.8,Yes,Yes,79.0,87.0,Placed
5965,8.6,2,3,2,90.0,4.8,Yes,Yes,88.0,86.0,Placed
6011,6.6,0,2,1,74.0,4.6,No,Yes,55.0,66.0,NotPlaced
3858,8.3,2,3,2,82.0,4.4,Yes,No,80.0,80.0,Placed
1703,8.2,2,3,2,88.0,4.8,Yes,Yes,65.0,83.0,Placed
3396,8.5,2,3,2,88.0,4.6,Yes,No,68.0,87.0,Placed
8333,6.5,1,1,2,85.0,4.3,No,Yes,73.0,71.0,NotPlaced
4961,8.1,0,2,2,86.0,4.6,Yes,Yes,57.0,79.0,NotPlaced
8311,7.7,0,2,1,75.0,4.1,Yes,Yes,79.0,66.0,Placed
8878,8.2,1,3,2,90.0,4.8,Yes,Yes,66.0,84.0,Placed
4659,8.3,1,3,2,90.0,4.8,Yes,Yes,83.0,88.0,Placed
5675,7.4,1,1,0,77.0,3.8,No,No,55.0,65.0,NotPlaced
4258,7.5,1,2,2,86.0,4.5,No,Yes,71.0,80.0,NotPlaced
7200,7.6,2,3,2,77.0,4.8,Yes,Yes,79.0,77.0,NotPlaced
5257,8.2,2,2,0,88.0,4.1,Yes,Yes,63.0,77.0,NotPlaced
442,8.3,2,3,2,90.0,4.8,Yes,Yes,74.0,83.0,Placed
1120,8.4,2,2,2,87.0,4.7,Yes,Yes,56.0,85.0,NotPlaced
3205,7.5,0,2,1,74.0,4.5,Yes,Yes,77.0,73.0,Placed
8388,8.4,1,3,2,90.0,4.8,Yes,Yes,72.0,85.0,NotPlaced
3848,8.6,2,3,2,89.0,4.8,Yes,Yes,80.0,85.0,Placed
1845,6.7,1,1,2,78.0,4.3,No,No,65.0,68.0,NotPlaced
2655,8.5,1,3,3,88.0,4.4,Yes,Yes,75.0,83.0,Placed
8014,8.0,2,3,2,88.0,4.8,Yes,Yes,82.0,81.0,Placed
5783,6.9,2,3,0,86.0,4.6,No,Yes,70.0,85.0,NotPlaced
2651,8.5,1,2,0,85.0,4.3,No,Yes,55.0,83.0,Placed
1915,7.5,0,3,1,76.0,4.4,Yes,Yes,81.0,83.0,Placed
6600,7.5,0,2,0,72.0,4.1,Yes,Yes,74.0,77.0,NotPlaced
7003,7.3,1,2,1,76.0,4.7,No,Yes,67.0,73.0,NotPlaced
3639,8.4,2,3,2,85.0,4.7,Yes,Yes,75.0,88.0,NotPlaced
1940,7.5,0,2,0,69.0,3.7,No,No,58.0,65.0,NotPlaced
7525,7.4,1,1,2,63.0,3.6,No,Yes,62.0,72.0,NotPlaced
7741,7.5,2,3,1,79.0,4.4,Yes,Yes,68.0,71.0,Placed
5422,7.6,1,1,1,74.0,4.6,Yes,Yes,72.0,84.0,NotPlaced
7345,8.3,2,3,2,90.0,4.8,Yes,Yes,84.0,88.0,Placed
6878,7.9,0,1,0,64.0,3.6,No,No,55.0,62.0,NotPlaced
7191,7.8,2,3,2,90.0,4.8,Yes,Yes,87.0,84.0,Placed
4933,8.5,1,2,0,75.0,4.5,No,Yes,65.0,73.0,NotPlaced
2804,6.7,1,3,1,76.0,4.4,Yes,Yes,84.0,83.0,Placed
9167,8.3,1,2,1,88.0,4.2,No,Yes,71.0,85.0,Placed
5750,7.4,1,1,1,78.0,3.7,No,Yes,55.0,64.0,Placed
920,7.8,0,3,0,69.0,4.2,Yes,Yes,73.0,71.0,Placed
5801,7.0,0,1,1,85.0,4.8,Yes,No,55.0,63.0,NotPlaced
7123,7.6,1,3,2,90.0,4.8,Yes,Yes,72.0,71.0,Placed
9161,6.8,0,2,0,73.0,4.2,Yes,Yes,81.0,67.0,NotPlaced
3823,7.2,2,3,0,76.0,4.3,Yes,Yes,74.0,82.0,NotPlaced
8245,8.4,1,3,2,84.0,4.8,Yes,Yes,81.0,84.0,NotPlaced
1448,7.6,1,1,0,68.0,4.3,No,Yes,66.0,68.0,NotPlaced
9516,8.4,2,3,2,89.0,4.5,Yes,Yes,76.0,82.0,NotPlaced
2577,7.4,1,3,2,87.0,4.4,No,Yes,78.0,72.0,NotPlaced
4595,8.4,2,1,0,86.0,4.6,Yes,Yes,57.0,82.0,NotPlaced
5177,7.4,1,1,0,79.0,4.0,Yes,Yes,67.0,79.0,Placed
6033,8.6,2,3,2,90.0,4.8,Yes,Yes,73.0,86.0,Placed
3546,7.6,0,1,2,71.0,3.9,No,Yes,61.0,67.0,NotPlaced
7555,6.7,1,1,0,66.0,4.3,Yes,No,55.0,71.0,NotPlaced
