studentid,cgpa,internships,projects,certifications,aptitudetestscore,softskillsrating,extracurricularactivities,placementtraining,ssc_marks,hsc_marks,placementstatus
3133,7.6,0,1,1,71.0,3.9,No,Yes,66.0,65.0,NotPlaced
3248,8.4,1,3,0,76.0,4.7,Yes,Yes,72.0,74.0,Placed
5583,8.8,1,2,2,77.0,4.3,Yes,Yes,74.0,79.0,Placed
7862,8.0,2,3,2,86.0,4.8,Yes,Yes,78.0,85.0,Placed
1764,8.5,2,3,2,90.0,4.8,Yes,Yes,79.0,81.0,Placed
437,8.4,1,1,2,84.0,4.8,Yes,Yes,82.0,68.0,Placed
6456,7.6,1,1,1,68.0,4.3,Yes,Yes,64.0,71.0,NotPlaced
6545,8.0,1,1,2,86.0,4.6,Yes,Yes,77.0,84.0,NotPlaced
4310,6.5,1,1,1,74.0,4.0,No,No,87.0,67.0,NotPlaced
3705,7.1,1,1,1,69.0,3.4,No,Yes,55.0,65.0,NotPlaced
8345,8.4,1,3,0,75.0,4.4,Yes,Yes,68.0,86.0,Placed
6002,7.2,1,1,0,61.0,3.5,No,No,55.0,69.0,NotPlaced
4999,7.5,1,2,0,83.0,4.2,No,Yes,60.0,71.0,NotPlaced
9453,7.4,0,1,3,66.0,3.3,No,Yes,63.0,71.0,NotPlaced
9318,7.7,1,3,2,70.0,3.8,Yes,Yes,76.0,80.0,NotPlaced
6332,8.6,1,3,3,81.0,3.9,Yes,Yes,75.0,84.0,Placed
9283,8.8,0,3,0,88.0,4.6,Yes,Yes,65.0,84.0,Placed
870,8.4,1,3,2,88.0,4.8,Yes,Yes,80.0,85.0,Placed
5864,6.6,0,2,0,83.0,4.8,Yes,Yes,82.0,88.0,Placed
2695,7.6,1,2,0,73.0,4.4,No,Yes,56.0,66.0,Placed
5193,6.5,1,2,0,70.0,3.4,No,No,58.0,72.0,NotPlaced
2271,8.0,0,2,2,83.0,4.6,Yes,Yes,82.0,78.0,NotPlaced
7261,6.8,2,2,0,76.0,4.2,No,Yes,59.0,65.0,NotPlaced
4159,8.2,1,1,1,66.0,3.6,No,Yes,62.0,69.0,NotPlaced
7621,7.6,0,2,0,84.0,4.0,Yes,Yes,70.0,86.0,Placed
1540,7.5,1,2,1,78.0,4.8,No,Yes,55.0,62.0,NotPlaced
3940,8.3,2,3,2,90.0,4.7,Yes,No,87.0,87.0,Placed
201,8.6,1,3,2,90.0,4.7,Yes,Yes,68.0,84.0,Placed
2972,8.6,0,3,1,81.0,4.6,Yes,Yes,74.0,85.0,Placed
4988,7.6,2,2,2,83.0,4.8,Yes,Yes,71.0,85.0,Placed
7023,8.3,2,1,2,79.0,4.2,Yes,Yes,58.0,87.0,Placed
1282,7.7,1,3,0,81.0,4.1,Yes,Yes,77.0,68.0,Placed
4499,8.0,1,3,0,81.0,4.3,Yes,Yes,72.0,71.0,NotPlaced
4187,8.3,2,3,2,90.0,4.8,Yes,Yes,80.0,84.0,Placed
8982,8.2,2,3,0,81.0,4.8,Yes,No,85.0,80.0,Placed
8472,8.4,1,3,2,90.0,4.2,Yes,Yes,89.0,88.0,Placed
9451,8.6,2,3,2,90.0,4.8,Yes,Yes,80.0,82.0,Placed
943,6.5,2,3,0,82.0,4.3,No,Yes,56.0,70.0,NotPlaced
3656,7.4,1,1,1,70.0,3.8,No,No,56.0,71.0,NotPlaced
482,7.1,1,2,0,80.0,4.3,Yes,Yes,69.0,65.0,NotPlaced
8462,8.5,1,3,2,90.0,4.8,Yes,Yes,82.0,88.0,Placed
2420,7.6,0,2,0,68.0,3.9,No,Yes,64.0,61.0,NotPlaced
6362,8.0,1,3,2,90.0,4.8,Yes,Yes,76.0,84.0,Placed
4240,6.6,0,3,0,85.0,4.7,Yes,Yes,62.0,86.0,Placed
8198,8.6,2,3,2,87.0,4.7,Yes,Yes,86.0,84.0,Placed
5794,7.7,2,1,0,68.0,4.6,No,No,65.0,62.0,NotPlaced
6049,6.7,0,1,0,65.0,4.3,No,Yes,55.0,58.0,NotPlaced
398,7.9,1,3,0,88.0,4.7,Yes,Yes,87.0,85.0,Placed
4084,8.1,1,3,0,90.0,4.4,Yes,Yes,89.0,80.0,Placed
3498,6.5,0,1,0,81.0,4.2,No,No,55.0,69.0,NotPlaced
8130,6.6,1,1,0,82.0,3.9,Yes,No,73.0,78.0,NotPlaced
1624,7.4,1,3,3,84.0,4.6,Yes,Yes,84.0,76.0,Placed
5814,7.6,1,1,2,75.0,4.8,No,Yes,60.0,68.0,NotPlaced
623,8.3,1,2,2,88.0,4.4,Yes,Yes,78.0,86.0,Placed
377,8.1,1,3,2,90.0,4.7,Yes,Yes,70.0,85.0,Placed
1489,8.3,0,3,0,76.0,3.9,No,No,57.0,61.0,NotPlaced
967,7.4,1,1,1,63.0,4.2,No,Yes,55.0,68.0,NotPlaced
4091,7.4,0,2,1,65.0,4.4,No,No,61.0,70.0,NotPlaced
6390,6.5,1,1,0,86.0,3.4,No,Yes,59.0,65.0,NotPlaced
996,7.7,1,2,1,76.0,4.7,Yes,Yes,73.0,88.0,NotPlaced
2811,6.5,1,2,1,89.0,4.6,No,Yes,75.0,73.0,NotPlaced
3204,8.6,2,3,2,90.0,4.7,Yes,Yes,75.0,88.0,Placed
876,7.7,1,1,1,71.0,4.3,Yes,No,57.0,71.0,NotPlaced
7916,8.0,1,3,3,85.0,4.7,Yes,Yes,79.0,84.0,NotPlaced
2757,8.4,2,3,2,90.0,4.8,Yes,Yes,81.0,81.0,Placed
1618,8.1,2,1,3,86.0,4.7,Yes,No,78.0,83.0,Placed
9239,6.5,1,2,0,69.0,3.7,No,No,55.0,66.0,NotPlaced
3631,6.5,1,2,1,78.0,3.8,No,No,55.0,62.0,NotPlaced
8755,8.4,2,3,2,90.0,4.8,Yes,Yes,80.0,87.0,Placed
3864,6.8,1,2,2,84.0,4.1,Yes,Yes,55.0,67.0,Placed
6320,6.5,1,1,0,87.0,4.3,No,No,55.0,74.0,NotPlaced
5833,6.5,1,2,2,90.0,4.8,No,Yes,70.0,68.0,NotPlaced
2627,6.6,1,1,0,87.0,4.8,No,No,56.0,65.0,NotPlaced
8629,8.0,1,1,2,87.0,4.1,Yes,Yes,74.0,68.0,Placed
9138,7.8,2,3,0,83.0,4.4,Yes,No,85.0,83.0,NotPlaced
6988,6.7,1,2,0,80.0,3.5,No,No,59.0,73.0,NotPlaced
284,8.5,0,2,0,81.0,3.2,No,Yes,55.0,63.0,NotPlaced
4335,8.4,2,3,2,90.0,4.8,Yes,Yes,87.0,80.0,Placed
1725,8.2,1,3,2,82.0,4.5,Yes,Yes,83.0,81.0,Placed
1852,7.4,1,3,2,70.0,4.7,Yes,Yes,74.0,86.0,NotPlaced
7959,8.1,1,3,2,90.0,4.7,Yes,Yes,80.0,84.0,Placed
1105,7.5,0,1,1,67.0,3.6,No,No,63.0,72.0,NotPlaced
2588,8.8,1,1,0,69.0,4.7,Yes,Yes,70.0,83.0,NotPlaced
6913,8.8,2,3,2,83.0,4.1,Yes,Yes,73.0,83.0,Placed
2257,8.2,1,3,2,79.0,4.1,Yes,Yes,78.0,65.0,Placed
8105,7.4,0,2,1,72.0,4.4,No,Yes,60.0,70.0,Placed
8229,8.5,1,3,2,90.0,4.7,Yes,Yes,76.0,87.0,Placed
2460,7.6,1,2,0,71.0,4.8,No,Yes,58.0,67.0,NotPlaced
5448,8.4,2,3,2,89.0,4.6,Yes,Yes,87.0,84.0,Placed
8575,8.3,1,2,0,73.0,4.8,Yes,Yes,74.0,86.0,NotPlaced
4835,8.5,1,3,2,89.0,4.3,Yes,Yes,77.0,70.0,Placed
1343,8.4,1,3,2,90.0,4.1,Yes,Yes,77.0,82.0,Placed
9805,8.7,1,3,2,89.0,4.6,Yes,Yes,69.0,86.0,Placed
4389,7.6,1,1,0,70.0,4.5,No,No,69.0,74.0,NotPlaced
891,8.3,2,3,2,90.0,4.7,Yes,Yes,76.0,88.0,Placed
6568,7.7,2,3,0,90.0,4.7,Yes,No,88.0,78.0,NotPlaced
9292,8.7,1,3,0,89.0,4.5,Yes,Yes,70.0,84.0,Placed
2590,8.5,2,3,2,90.0,4.7,No,Yes,76.0,82.0,Placed
2512,8.1,0,2,0,81.0,4.8,No,Yes,88.0,82.0,NotPlaced
9709,8.3,2,3,2,85.0,4.8,Yes,No,83.0,88.0,NotPlaced
9662,7.4,1,2,1,81.0,4.2,No,Yes,56.0,73.0,NotPlaced
7049,6.7,0,1,0,68.0,3.5,No,No,63.0,68.0,NotPlaced
450,8.3,2,3,2,87.0,4.8,Yes,Yes,74.0,80.0,NotPlaced
973,7.3,1,1,2,66.0,4.6,No,Yes,55.0,70.0,Placed
9564,7.3,1,2,2,82.0,4.2,No,No,70.0,65.0,NotPlaced
1645,6.8,0,3,0,83.0,4.3,Yes,Yes,61.0,66.0,Placed
5366,8.5,0,2,0,79.0,4.5,No,No,72.0,74.0,NotPlaced
9343,8.2,1,3,0,80.0,4.5,Yes,Yes,76.0,82.0,Placed
5648,8.5,1,3,1,84.0,3.9,Yes,Yes,72.0,82.0,Placed
3463,8.5,2,3,2,90.0,4.8,Yes,Yes,77.0,88.0,Placed
4114,8.7,1,3,0,78.0,3.2,Yes,Yes,55.0,80.0,NotPlaced
4778,7.5,1,1,0,75.0,4.8,No,Yes,68.0,68.0,NotPlaced
3392,8.0,1,2,1,82.0,4.4,No,Yes,81.0,65.0,Placed
1752,7.2,0,1,1,79.0,4.1,No,Yes,83.0,67.0,Placed
493,8.5,1,2,1,70.0,4.5,Yes,Yes,74.0,64.0,Placed
6790,6.8,1,1,1,77.0,4.2,No,No,65.0,66.0,NotPlaced
2026,7.7,2,3,1,88.0,4.3,No,Yes,56.0,83.0,NotPlaced
6968,8.4,2,3,2,82.0,4.7,Yes,Yes,86.0,82.0,Placed
7202,6.5,1,1,0,72.0,4.0,No,No,64.0,71.0,NotPlaced
27,7.4,2,3,2,78.0,4.3,Yes,Yes,76.0,82.0,NotPlaced
7634,7.6,0,2,0,70.0,3.8,No,Yes,63.0,69.0,NotPlaced
1092,8.7,1,2,2,77.0,4.3,Yes,Yes,79.0,88.0,Placed
2731,6.6,1,2,1,62.0,3.4,No,Yes,58.0,62.0,NotPlaced
4975,7.7,0,1,1,78.0,4.6,Yes,Yes,74.0,66.0,NotPlaced
3621,7.3,0,1,1,69.0,4.6,No,No,58.0,65.0,NotPlaced
2881,7.9,2,3,2,90.0,4.8,Yes,Yes,78.0,87.0,Placed
2527,8.2,0,2,1,68.0,4.3,Yes,Yes,62.0,68.0,Placed
592,7.9,0,1,0,66.0,4.1,No,No,72.0,84.0,NotPlaced
3428,6.7,1,3,0,74.0,4.5,Yes,Yes,72.0,63.0,NotPlaced
6452,8.4,2,3,2,90.0,4.6,Yes,Yes,74.0,80.0,NotPlaced
35,6.9,0,1,0,70.0,3.9,No,Yes,79.0,68.0,Placed
4234,7.5,2,2,1,85.0,4.6,Yes,Yes,71.0,85.0,Placed
6889,7.6,1,1,1,80.0,3.6,No,Yes,59.0,75.0,NotPlaced
2608,8.5,1,1,0,80.0,4.6,No,No,61.0,69.0,NotPlaced
1010,8.2,2,3,2,90.0,4.6,Yes,No,72.0,85.0,NotPlaced
3590,7.5,0,1,0,75.0,4.1,Yes,Yes,72.0,65.0,Placed
6242,8.2,1,1,1,73.0,3.9,Yes,No,59.0,71.0,NotPlaced
6072,7.5,0,2,0,68.0,4.1,Yes,Yes,69.0,58.0,NotPlaced
227,8.0,2,2,2,87.0,3.8,Yes,Yes,79.0,78.0,Placed
1736,7.8,1,1,2,81.0,3.9,No,Yes,62.0,72.0,NotPlaced
3077,8.0,0,2,2,75.0,3.8,Yes,No,76.0,82.0,NotPlaced
8182,7.1,1,1,3,75.0,4.4,Yes,Yes,74.0,82.0,NotPlaced
6034,7.5,2,3,2,90.0,4.1,No,Yes,63.0,83.0,Placed
6670,8.5,2,3,2,90.0,4.8,Yes,No,80.0,87.0,Placed
1344,8.7,2,2,2,90.0,4.8,Yes,Yes,80.0,85.0,Placed
5428,7.9,1,3,1,76.0,3.8,Yes,No,68.0,65.0,NotPlaced
9968,7.8,0,3,2,85.0,4.6,Yes,Yes,75.0,81.0,NotPlaced
7674,6.5,1,2,0,71.0,4.0,Yes,Yes,75.0,74.0,NotPlaced
8753,8.6,1,2,1,78.0,4.3,Yes,Yes,70.0,67.0,Placed
4181,8.4,1,1,2,79.0,4.6,No,Yes,76.0,85.0,NotPlaced
9758,7.5,0,3,2,90.0,4.8,Yes,No,81.0,66.0,Placed
3716,7.6,0,1,0,72.0,4.0,No,No,56.0,68.0,NotPlaced
3757,8.3,1,2,0,89.0,4.5,Yes,Yes,75.0,72.0,NotPlaced
7492,7.5,1,1,1,65.0,4.5,No,No,55.0,67.0,NotPlaced
1714,7.5,0,2,1,76.0,4.2,No,Yes,61.0,67.0,NotPlaced
3744,7.4,1,1,0,84.0,4.1,No,No,55.0,70.0,NotPlaced
7257,8.0,2,1,1,77.0,3.8,No,Yes,83.0,64.0,NotPlaced
1220,7.7,2,1,1,64.0,4.2,No,Yes,55.0,78.0,NotPlaced
4630,8.1,2,3,0,88.0,4.6,Yes,Yes,78.0,67.0,Placed
2816,8.6,1,2,0,80.0,4.2,No,No,55.0,68.0,NotPlaced
773,7.3,1,2,2,73.0,4.7,Yes,Yes,75.0,72.0,NotPlaced
3241,7.6,1,1,0,77.0,4.4,No,No,55.0,65.0,NotPlaced
5467,8.0,1,3,2,90.0,4.8,Yes,Yes,80.0,84.0,Placed
9230,8.1,2,1,1,87.0,3.8,No,Yes,55.0,63.0,NotPlaced
9932,7.9,1,2,0,83.0,4.5,No,Yes,78.0,75.0,Placed
2454,8.0,1,2,3,74.0,4.0,Yes,Yes,78.0,83.0,Placed
5570,8.5,2,3,2,84.0,4.6,Yes,Yes,85.0,82.0,Placed
4492,8.0,2,3,1,87.0,4.7,Yes,Yes,87.0,86.0,Placed
8253,8.5,2,3,2,90.0,4.8,Yes,Yes,79.0,82.0,Placed
7661,6.5,1,1,0,66.0,3.9,No,No,55.0,73.0,NotPlaced
4760,7.6,0,1,1,68.0,4.1,No,No,63.0,64.0,NotPlaced
4176,7.6,1,2,3,74.0,3.7,Yes,Yes,79.0,86.0,Placed
770,8.1,2,3,2,90.0,4.8,Yes,Yes,70.0,81.0,Placed
9972,7.1,0,1,0,76.0,3.9,No,No,64.0,69.0,NotPlaced
9260,8.6,0,3,1,85.0,4.6,Yes,Yes,74.0,81.0,Placed
2475,7.5,2,3,0,88.0,4.6,Yes,Yes,72.0,86.0,NotPlaced
525,7.5,1,3,1,89.0,4.2,No,Yes,72.0,71.0,NotPlaced
3367,7.3,0,2,1,71.0,4.4,No,No,68.0,69.0,NotPlaced
9466,8.4,0,3,3,80.0,4.6,No,Yes,89.0,73.0,NotPlaced
9174,7.7,2,1,0,78.0,4.0,No,No,61.0,87.0,NotPlaced
3448,8.5,0,3,2,90.0,4.8,Yes,Yes,70.0,88.0,Placed
9688,7.7,1,1,1,82.0,4.0,No,No,55.0,61.0,NotPlaced
30,7.0,0,1,1,63.0,3.9,No,Yes,60.0,61.0,NotPlaced
7379,8.5,1,3,2,86.0,4.5,Yes,Yes,89.0,77.0,Placed
6317,6.5,1,1,1,60.0,4.0,No,No,62.0,69.0,NotPlaced
1704,7.0,1,1,1,61.0,3.5,No,No,55.0,67.0,NotPlaced
8076,8.0,2,3,2,90.0,4.8,Yes,Yes,77.0,86.0,Placed
453,7.6,0,2,0,83.0,4.2,No,Yes,55.0,70.0,NotPlaced
327,6.5,1,1,1,78.0,3.9,No,Yes,67.0,73.0,Placed
8894,7.9,2,3,2,90.0,4.8,Yes,Yes,81.0,86.0,Placed
9609,6.5,2,2,0,83.0,4.1,Yes,Yes,57.0,81.0,NotPlaced
4991,6.6,0,1,1,68.0,3.8,No,No,64.0,67.0,NotPlaced
82,6.7,1,2,1,74.0,4.8,Yes,Yes,72.0,64.0,Placed
4326,6.9,1,1,1,73.0,3.6,No,No,71.0,57.0,NotPlaced
5462,7.8,2,3,2,85.0,4.6,Yes,Yes,74.0,87.0,NotPlaced
2864,8.5,2,2,2,65.0,4.4,Yes,Yes,57.0,81.0,NotPlaced
7097,8.2,2,3,2,90.0,4.8,Yes,Yes,84.0,88.0,Placed
6111,7.6,1,1,0,69.0,3.4,Yes,Yes,73.0,59.0,NotPlaced
8459,8.3,1,3,3,88.0,4.0,No,Yes,77.0,63.0,Placed
6482,7.4,1,1,0,71.0,4.7,No,Yes,55.0,62.0,NotPlaced
4100,7.5,0,3,3,78.0,4.7,Yes,Yes,68.0,65.0,NotPlaced
8867,8.3,1,3,2,88.0,4.6,Yes,Yes,77.0,88.0,Placed
1041,8.2,2,1,0,74.0,4.5,Yes,Yes,77.0,67.0,NotPlaced
71,7.5,1,1,1,69.0,4.3,No,Yes,71.0,76.0,NotPlaced
9539,7.8,1,2,1,69.0,4.5,Yes,No,71.0,67.0,NotPlaced
130,8.5,1,2,2,90.0,4.8,Yes,Yes,80.0,86.0,Placed
2569,8.3,0,1,1,69.0,4.1,Yes,Yes,60.0,66.0,NotPlaced
5156,7.1,0,1,0,70.0,3.8,No,Yes,59.0,62.0,NotPlaced
8199,7.4,1,1,0,74.0,3.8,No,No,73.0,70.0,NotPlaced
5544,8.6,2,3,1,85.0,4.3,Yes,Yes,79.0,80.0,Placed
7235,8.4,1,3,0,86.0,4.7,Yes,Yes,79.0,84.0,Placed
1025,8.1,1,1,1,72.0,4.6,Yes,No,61.0,63.0,NotPlaced
8445,6.5,1,2,0,78.0,4.5,No,No,64.0,69.0,NotPlaced
5180,7.3,0,2,1,79.0,4.2,Yes,No,78.0,69.0,NotPlaced
3206,8.7,2,3,2,90.0,4.8,Yes,Yes,74.0,81.0,NotPlaced
2662,7.5,1,2,0,74.0,4.3,No,No,55.0,65.0,NotPlaced
5526,7.5,1,3,0,78.0,3.6,No,Yes,72.0,84.0,NotPlaced
3269,8.2,2,3,2,82.0,4.5,Yes,Yes,72.0,88.0,Placed
2547,6.9,1,2,1,60.0,4.8,Yes,Yes,69.0,69.0,NotPlaced
2076,7.9,2,3,2,90.0,4.5,Yes,No,84.0,82.0,Placed
8141,8.3,2,3,2,90.0,4.4,Yes,Yes,78.0,87.0,Placed
2446,8.7,0,3,2,81.0,4.5,Yes,Yes,80.0,66.0,Placed
1168,7.6,1,3,1,70.0,4.5,Yes,Yes,57.0,68.0,NotPlaced
248,6.7,1,2,1,73.0,4.3,No,Yes,71.0,66.0,NotPlaced
5628,8.2,2,2,2,70.0,4.2,Yes,No,56.0,71.0,NotPlaced
8278,8.6,0,3,2,90.0,4.7,Yes,Yes,71.0,88.0,Placed
2866,8.6,2,3,2,89.0,4.8,Yes,Yes,79.0,85.0,NotPlaced
8047,7.6,0,1,1,66.0,4.2,Yes,Yes,55.0,67.0,NotPlaced
5969,7.5,1,1,0,74.0,3.7,Yes,Yes,58.0,67.0,Placed
8608,8.4,1,2,1,79.0,3.8,Yes,Yes,76.0,82.0,Placed
7762,7.5,1,1,0,67.0,4.1,No,No,57.0,67.0,NotPlaced
9028,6.8,2,3,2,84.0,4.8,Yes,Yes,81.0,88.0,Placed
2606,8.4,2,3,2,90.0,4.8,Yes,Yes,81.0,88.0,Placed
7944,8.1,1,2,1,88.0,4.8,No,Yes,77.0,88.0,Placed
680,7.6,1,3,0,69.0,4.3,No,Yes,73.0,72.0,Placed
4421,7.8,1,1,2,82.0,4.2,Yes,Yes,55.0,86.0,NotPlaced
1520,7.8,1,1,0,74.0,4.1,No,No,60.0,61.0,NotPlaced
499,7.5,0,2,0,71.0,3.4,No,No,55.0,62.0,NotPlaced
8853,8.2,2,3,2,90.0,4.8,Yes,Yes,71.0,80.0,Placed
1244,8.4,0,2,1,82.0,4.7,Yes,Yes,57.0,75.0,NotPlaced
2328,7.8,1,3,0,90.0,4.6,No,Yes,64.0,83.0,NotPlaced
9550,8.2,2,3,2,88.0,4.7,Yes,Yes,83.0,83.0,Placed
6538,6.8,1,1,1,81.0,4.2,No,Yes,55.0,64.0,NotPlaced
8160,6.6,1,1,0,73.0,3.9,No,Yes,55.0,61.0,NotPlaced
9705,8.1,1,3,0,81.0,3.8,Yes,Yes,76.0,83.0,Placed
6753,8.2,1,1,1,82.0,4.1,Yes,Yes,57.0,71.0,NotPlaced
6876,7.4,0,2,0,65.0,4.4,No,Yes,58.0,68.0,NotPlaced
8039,8.4,0,1,2,74.0,4.2,Yes,Yes,55.0,68.0,NotPlaced
8187,8.4,2,3,0,89.0,4.8,Yes,Yes,71.0,85.0,NotPlaced
6268,7.6,1,1,1,85.0,4.3,No,Yes,77.0,70.0,NotPlaced
7727,8.6,1,3,2,90.0,4.6,Yes,Yes,88.0,85.0,Placed
2411,8.4,0,3,0,80.0,4.3,Yes,Yes,82.0,83.0,NotPlaced
9009,6.5,1,3,1,75.0,4.5,No,No,60.0,64.0,NotPlaced
9166,8.1,2,3,2,90.0,4.8,Yes,Yes,85.0,84.0,Placed
8963,8.5,1,2,0,73.0,4.2,No,Yes,55.0,61.0,NotPlaced
6216,8.0,1,2,1,73.0,3.8,No,Yes,60.0,66.0,NotPlaced
7575,6.7,0,2,0,70.0,3.0,No,Yes,55.0,69.0,NotPlaced
2222,6.5,0,2,0,71.0,3.4,No,Yes,55.0,73.0,NotPlaced
4191,8.3,1,2,0,85.0,4.6,Yes,Yes,73.0,77.0,NotPlaced
2753,8.1,1,2,0,81.0,4.2,No,No,55.0,70.0,NotPlaced
1110,8.3,2,3,2,89.0,4.4,Yes,Yes,66.0,84.0,Placed
8685,8.6,2,3,2,90.0,4.8,Yes,Yes,77.0,82.0,Placed
4194,7.5,1,1,0,73.0,3.4,No,Yes,80.0,67.0,NotPlaced
3340,6.8,0,1,0,67.0,3.6,No,No,55.0,62.0,NotPlaced
8672,8.3,1,2,0,72.0,3.9,Yes,Yes,74.0,79.0,Placed
7946,8.0,1,3,2,90.0,4.8,Yes,Yes,70.0,84.0,Placed
86,6.7,1,3,0,87.0,4.6,Yes,No,81.0,69.0,NotPlaced
7808,7.5,1,2,3,73.0,3.5,No,Yes,55.0,66.0,NotPlaced
4756,8.4,2,3,2,89.0,4.8,Yes,Yes,87.0,83.0,Placed
844,7.1,1,1,1,72.0,4.3,No,Yes,55.0,65.0,NotPlaced
1466,8.4,1,3,0,84.0,4.4,Yes,Yes,81.0,69.0,Placed
4791,7.5,1,3,1,72.0,4.4,No,Yes,76.0,85.0,NotPlaced
9508,7.5,2,3,0,86.0,4.8,Yes,No,55.0,84.0,Placed
2095,7.7,1,1,0,82.0,4.3,No,Yes,60.0,63.0,NotPlaced
6458,6.5,1,2,0,74.0,4.1,No,Yes,55.0,59.0,NotPlaced
2120,6.5,0,2,1,75.0,3.9,No,Yes,56.0,63.0,NotPlaced
425,7.9,0,1,0,85.0,4.5,Yes,No,76.0,81.0,NotPlaced
5416,7.4,1,2,0,80.0,4.6,No,Yes,76.0,71.0,Placed
1312,8.6,2,3,2,89.0,4.8,Yes,Yes,73.0,87.0,Placed
513,6.8,0,2,0,88.0,4.5,No,Yes,67.0,63.0,NotPlaced
247,8.4,0,2,1,85.0,4.3,Yes,Yes,62.0,81.0,Placed
7360,6.5,0,2,1,81.0,4.8,Yes,Yes,55.0,69.0,NotPlaced
3124,8.0,1,2,2,73.0,4.4,No,No,83.0,61.0,NotPlaced
6022,7.2,0,2,0,77.0,3.7,No,Yes,55.0,63.0,NotPlaced
2501,8.0,1,2,0,90.0,4.3,Yes,Yes,75.0,70.0,NotPlaced
4365,7.8,2,1,0,88.0,4.0,No,Yes,55.0,69.0,NotPlaced
2012,8.1,1,3,2,90.0,4.8,Yes,Yes,78.0,88.0,Placed
2578,6.6,1,1,1,83.0,3.9,Yes,No,70.0,66.0,NotPlaced
8698,8.4,0,3,2,69.0,4.5,Yes,Yes,55.0,84.0,Placed
6273,8.5,2,3,2,90.0,4.8,Yes,Yes,77.0,88.0,Placed
9497,7.8,1,3,2,90.0,4.8,Yes,No,79.0,77.0,NotPlaced
8646,7.5,1,2,0,76.0,4.0,No,Yes,59.0,62.0,Placed
3919,8.4,0,3,2,90.0,4.8,Yes,Yes,80.0,86.0,Placed
533,7.6,0,1,1,73.0,4.4,No,Yes,70.0,67.0,NotPlaced
1415,8.4,2,3,2,90.0,4.7,Yes,Yes,75.0,87.0,Placed
3566,7.5,1,1,1,79.0,4.4,Yes,Yes,55.0,67.0,NotPlaced
3402,6.9,0,3,2,78.0,4.3,Yes,Yes,84.0,73.0,Placed
7728,8.2,2,3,2,90.0,4.7,Yes,No,81.0,87.0,Placed
4604,8.1,1,2,0,68.0,4.7,No,Yes,67.0,87.0,Placed
8975,8.3,1,3,1,79.0,4.3,Yes,Yes,55.0,84.0,NotPlaced
9558,8.5,1,3,0,74.0,4.3,Yes,Yes,80.0,87.0,NotPlaced
6189,7.6,1,1,1,76.0,4.0,No,Yes,83.0,68.0,NotPlaced
9285,7.5,2,1,1,75.0,4.8,No,No,62.0,62.0,NotPlaced
2267,7.4,1,1,0,74.0,4.1,No,Yes,56.0,62.0,NotPlaced
3649,7.0,1,1,0,65.0,4.6,Yes,Yes,58.0,58.0,NotPlaced
5393,7.8,1,2,1,74.0,4.2,No,Yes,66.0,70.0,NotPlaced
9633,8.3,2,1,1,90.0,4.6,Yes,Yes,88.0,84.0,NotPlaced
1418,7.6,0,1,0,71.0,3.9,No,No,55.0,63.0,NotPlaced
17,8.6,0,3,0,84.0,4.8,Yes,Yes,62.0,78.0,Placed
128,7.4,0,1,0,79.0,4.3,No,No,63.0,73.0,NotPlaced
9796,8.1,2,3,2,90.0,4.8,Yes,Yes,75.0,82.0,Placed
1650,8.0,0,3,2,85.0,4.7,Yes,Yes,83.0,86.0,Placed
2035,8.2,1,2,2,86.0,4.2,Yes,Yes,73.0,73.0,NotPlaced
152,8.6,0,3,2,90.0,4.8,Yes,Yes,73.0,78.0,Placed
2642,8.1,1,2,0,89.0,4.8,Yes,Yes,77.0,83.0,NotPlaced
4784,8.4,0,3,0,90.0,4.5,Yes,Yes,71.0,83.0,Placed
9467,6.8,0,1,1,75.0,4.3,No,No,73.0,62.0,NotPlaced
7292,8.1,1,2,2,84.0,4.5,Yes,Yes,62.0,84.0,Placed
4521,8.4,1,2,1,84.0,4.3,Yes,Yes,72.0,67.0,NotPlaced
9559,8.3,1,3,2,87.0,4.6,No,Yes,75.0,62.0,Placed
8713,8.2,1,1,1,68.0,3.9,No,Yes,70.0,66.0,Placed
505,6.7,2,0,0,69.0,3.9,No,Yes,76.0,71.0,NotPlaced
5326,8.1,2,3,2,86.0,4.5,Yes,Yes,80.0,86.0,NotPlaced
1814,8.0,2,1,1,85.0,4.5,No,No,66.0,63.0,Placed
9838,8.7,2,1,1,63.0,4.0,Yes,Yes,60.0,65.0,NotPlaced
1432,6.9,1,3,1,72.0,4.7,Yes,Yes,75.0,74.0,Placed
4755,8.0,2,1,2,81.0,3.9,No,No,64.0,70.0,Placed
8189,7.6,1,1,1,74.0,3.9,Yes,No,55.0,65.0,NotPlaced
389,6.7,1,2,0,86.0,4.4,No,No,76.0,73.0,Placed
340,8.4,0,3,2,85.0,4.6,Yes,Yes,90.0,79.0,NotPlaced
7907,7.9,1,2,1,80.0,4.3,No,No,58.0,70.0,NotPlaced
180,7.4,1,1,0,60.0,3.4,No,No,58.0,62.0,NotPlaced
5148,6.5,1,1,1,67.0,4.0,No,Yes,56.0,65.0,NotPlaced
1319,7.5,0,1,0,72.0,4.3,Yes,Yes,60.0,61.0,NotPlaced
5079,6.5,1,1,1,64.0,4.4,Yes,No,57.0,61.0,NotPlaced
4488,7.6,1,1,0,88.0,4.2,Yes,Yes,55.0,57.0,Placed
735,8.2,0,1,0,71.0,4.8,No,No,62.0,68.0,NotPlaced
8371,7.5,1,2,0,65.0,4.1,No,Yes,55.0,69.0,NotPlaced
9087,6.6,0,1,0,67.0,3.3,No,Yes,55.0,69.0,NotPlaced
6435,7.6,0,1,0,67.0,3.8,No,No,60.0,69.0,NotPlaced
6015,7.9,1,2,0,85.0,4.1,Yes,Yes,59.0,64.0,NotPlaced
1871,8.0,2,3,0,77.0,4.8,Yes,Yes,77.0,85.0,NotPlaced
5517,6.5,1,1,1,62.0,4.0,No,No,55.0,60.0,NotPlaced
600,7.6,1,2,1,85.0,4.6,No,No,90.0,79.0,NotPlaced
9628,8.4,1,3,0,82.0,4.5,Yes,Yes,80.0,64.0,Placed
9988,7.7,1,2,0,82.0,4.2,Yes,Yes,84.0,70.0,Placed
3349,7.1,1,1,0,77.0,4.1,No,Yes,74.0,66.0,NotPlaced
3846,7.4,0,1,1,67.0,3.9,No,Yes,59.0,69.0,NotPlaced
6352,8.7,0,2,0,81.0,4.7,Yes,Yes,57.0,83.0,Placed
7005,7.4,1,1,0,78.0,3.8,No,Yes,55.0,65.0,NotPlaced
1865,8.4,2,3,2,90.0,4.8,Yes,No,82.0,81.0,Placed
7366,6.8,1,1,0,68.0,4.2,No,Yes,55.0,63.0,NotPlaced
460,7.8,2,3,2,84.0,4.1,Yes,Yes,76.0,80.0,Placed
3762,7.5,1,1,0,82.0,3.6,No,Yes,66.0,65.0,NotPlaced
2262,6.5,1,2,0,76.0,4.2,No,Yes,55.0,65.0,NotPlaced
422,7.8,1,2,0,82.0,4.7,Yes,Yes,77.0,67.0,NotPlaced
9212,8.4,0,3,2,90.0,4.8,Yes,Yes,83.0,85.0,Placed
5019,8.2,1,1,0,86.0,4.6,No,Yes,79.0,61.0,NotPlaced
430,8.3,1,2,0,90.0,4.5,Yes,Yes,82.0,80.0,Placed
8885,7.7,1,1,1,86.0,4.3,No,Yes,60.0,63.0,NotPlaced
6376,6.5,0,1,0,74.0,3.5,No,Yes,55.0,71.0,Placed
9738,7.0,0,2,1,64.0,4.1,Yes,Yes,77.0,65.0,Placed
7607,8.4,1,3,2,90.0,4.8,Yes,Yes,79.0,87.0,Placed
9690,6.5,0,1,0,75.0,3.9,No,No,55.0,60.0,NotPlaced
324,8.2,0,2,0,85.0,4.1,Yes,No,57.0,70.0,NotPlaced
1949,7.3,0,1,0,85.0,4.4,No,No,57.0,68.0,NotPlaced
4502,7.2,1,2,2,76.0,3.6,No,No,60.0,75.0,NotPlaced
9060,9.1,2,3,2,90.0,4.8,Yes,Yes,74.0,82.0,Placed
2396,7.0,0,3,1,67.0,3.6,Yes,Yes,57.0,82.0,NotPlaced
6796,7.6,0,3,2,83.0,4.8,No,Yes,76.0,71.0,Placed
5588,7.6,1,1,1,72.0,4.6,Yes,Yes,56.0,66.0,Placed
9956,8.1,2,1,0,83.0,4.1,No,No,63.0,66.0,NotPlaced
7632,7.5,1,1,0,71.0,3.7,No,Yes,73.0,71.0,NotPlaced
6470,7.7,0,1,1,90.0,4.4,No,Yes,80.0,64.0,NotPlaced
6668,6.6,1,2,0,77.0,4.4,No,Yes,58.0,71.0,NotPlaced
6443,8.6,0,3,1,87.0,4.6,Yes,Yes,72.0,85.0,NotPlaced
4691,8.3,2,3,0,84.0,3.9,Yes,Yes,55.0,86.0,Placed
3987,7.5,1,1,1,71.0,4.3,No,Yes,55.0,72.0,NotPlaced
6744,6.7,1,1,1,79.0,3.5,No,Yes,66.0,69.0,NotPlaced
7724,8.5,2,3,0,86.0,4.6,Yes,Yes,69.0,85.0,Placed
3807,6.5,1,2,1,82.0,4.1,No,Yes,69.0,84.0,NotPlaced
2174,8.3,0,2,2,84.0,4.8,Yes,Yes,87.0,86.0,Placed
9595,8.3,1,1,1,68.0,4.3,Yes,Yes,79.0,66.0,NotPlaced
2182,8.3,2,3,2,90.0,4.7,Yes,No,83.0,80.0,Placed
676,8.2,1,3,2,85.0,4.8,Yes,Yes,55.0,82.0,NotPlaced
8213,7.7,1,1,1,75.0,4.5,No,Yes,65.0,74.0,NotPlaced
3042,7.9,1,1,0,68.0,3.9,No,No,62.0,74.0,NotPlaced
6313,7.4,1,1,0,68.0,4.4,No,No,56.0,64.0,NotPlaced
6224,6.8,1,2,0,74.0,4.3,No,Yes,55.0,67.0,NotPlaced
9514,8.3,1,3,1,86.0,4.3,No,Yes,70.0,70.0,Placed
4233,8.2,1,3,2,90.0,4.4,Yes,Yes,72.0,87.0,Placed
7008,6.5,2,3,0,77.0,4.3,No,Yes,87.0,67.0,NotPlaced
7330,7.9,1,3,0,82.0,4.7,Yes,No,57.0,72.0,NotPlaced
2836,8.6,2,2,1,74.0,4.0,No,No,59.0,63.0,NotPlaced
2430,8.4,2,3,2,90.0,4.8,Yes,Yes,82.0,87.0,Placed
9768,8.3,1,1,1,65.0,4.2,No,No,55.0,68.0,NotPlaced
7952,8.2,2,3,2,90.0,4.7,Yes,Yes,89.0,78.0,Placed
6282,7.5,2,1,0,72.0,3.6,No,Yes,61.0,60.0,NotPlaced
838,7.7,1,1,2,85.0,4.7,Yes,Yes,80.0,82.0,NotPlaced
2445,6.5,1,1,2,68.0,3.5,No,No,76.0,61.0,NotPlaced
3898,8.0,1,2,0,83.0,4.6,Yes,Yes,60.0,83.0,NotPlaced
56,8.8,2,3,2,90.0,4.8,Yes,Yes,86.0,88.0,Placed
7731,7.7,1,1,2,79.0,3.9,No,Yes,56.0,66.0,NotPlaced
683,7.1,0,2,2,76.0,4.2,No,No,63.0,64.0,NotPlaced
5866,6.5,1,1,0,68.0,4.8,No,Yes,62.0,66.0,NotPlaced
1137,7.7,1,2,0,88.0,4.8,Yes,Yes,70.0,85.0,Placed
4226,7.1,2,3,0,79.0,4.8,Yes,Yes,70.0,88.0,Placed
4395,8.3,2,3,2,77.0,4.0,Yes,Yes,55.0,70.0,NotPlaced
6541,7.2,1,1,0,71.0,3.8,No,Yes,62.0,59.0,NotPlaced
2591,7.9,2,2,1,88.0,4.5,Yes,Yes,83.0,73.0,Placed
8070,7.4,1,1,1,73.0,3.6,No,Yes,59.0,64.0,NotPlaced
7286,7.8,1,1,1,77.0,4.1,No,No,69.0,68.0,NotPlaced
4414,7.9,2,3,2,90.0,4.7,Yes,Yes,77.0,84.0,Placed
7761,8.0,1,3,0,86.0,4.2,Yes,Yes,73.0,88.0,Placed
4261,7.7,0,2,0,90.0,4.5,Yes,Yes,86.0,84.0,Placed
2510,7.3,1,1,1,66.0,3.6,No,Yes,55.0,65.0,NotPlaced
9241,8.1,2,3,0,85.0,4.2,Yes,Yes,71.0,83.0,NotPlaced
6222,7.8,1,3,1,79.0,4.2,No,No,81.0,70.0,NotPlaced
399,7.4,1,1,1,87.0,4.6,No,Yes,68.0,65.0,NotPlaced
5380,6.7,1,2,2,78.0,4.4,Yes,Yes,72.0,64.0,NotPlaced
4289,6.5,1,2,0,86.0,3.9,No,No,55.0,67.0,NotPlaced
4548,6.7,1,2,1,80.0,4.5,No,Yes,59.0,62.0,NotPlaced
7465,8.3,0,2,0,90.0,4.6,Yes,Yes,75.0,82.0,Placed
2061,7.1,1,1,0,79.0,3.8,No,No,55.0,61.0,NotPlaced
8818,7.8,1,1,0,66.0,3.7,Yes,Yes,62.0,67.0,Placed
7971,6.6,1,1,0,76.0,4.2,Yes,No,55.0,65.0,NotPlaced
6114,8.3,1,3,2,89.0,4.8,Yes,Yes,79.0,81.0,Placed
4238,8.3,2,3,2,86.0,3.9,Yes,Yes,63.0,85.0,Placed
7279,7.6,0,3,0,80.0,4.4,Yes,Yes,83.0,74.0,NotPlaced
3823,7.2,2,3,0,76.0,4.3,Yes,Yes,74.0,82.0,NotPlaced
5751,7.5,1,1,1,75.0,4.0,No,No,55.0,74.0,NotPlaced
9447,8.4,2,3,1,90.0,4.8,Yes,Yes,76.0,87.0,Placed
5945,7.6,0,1,0,69.0,3.1,No,No,60.0,62.0,NotPlaced
8027,8.1,1,1,1,77.0,4.1,Yes,Yes,62.0,75.0,Placed
5747,7.6,0,1,1,70.0,3.9,No,Yes,61.0,71.0,NotPlaced
9386,7.3,1,2,0,70.0,3.8,No,No,55.0,70.0,NotPlaced
9855,6.8,1,1,1,85.0,4.5,No,Yes,55.0,72.0,NotPlaced
1281,8.2,1,1,1,80.0,4.3,No,No,75.0,64.0,NotPlaced
7809,7.4,1,1,1,79.0,4.4,Yes,Yes,66.0,65.0,NotPlaced
2980,8.2,2,3,2,90.0,4.8,Yes,Yes,79.0,84.0,Placed
4362,6.5,1,3,1,76.0,4.8,No,Yes,65.0,65.0,NotPlaced
8586,8.2,2,3,2,88.0,4.8,Yes,Yes,79.0,86.0,Placed
5960,7.7,1,1,0,64.0,4.4,No,No,62.0,63.0,NotPlaced
2992,7.6,1,2,1,75.0,4.3,Yes,Yes,80.0,67.0,Placed
4015,6.6,1,2,2,77.0,4.0,No,Yes,63.0,65.0,NotPlaced
6329,7.6,1,2,1,86.0,4.2,No,No,55.0,70.0,NotPlaced
4748,8.1,1,1,0,76.0,4.2,No,Yes,75.0,83.0,Placed
3508,8.7,2,3,3,90.0,4.6,Yes,Yes,77.0,87.0,Placed
1165,6.5,1,1,0,67.0,3.8,No,Yes,55.0,71.0,NotPlaced
538,6.5,1,2,0,78.0,4.6,No,Yes,62.0,57.0,NotPlaced
1200,8.2,0,3,2,87.0,4.8,Yes,Yes,73.0,87.0,Placed
3855,8.4,1,2,0,90.0,4.7,Yes,Yes,55.0,81.0,NotPlaced
7106,8.2,2,3,2,89.0,4.0,Yes,No,77.0,82.0,Placed
5732,7.2,0,1,0,73.0,4.4,No,Yes,86.0,76.0,NotPlaced
5096,7.7,0,1,0,79.0,4.0,No,Yes,59.0,59.0,NotPlaced
7651,6.5,0,1,0,66.0,4.0,No,Yes,66.0,72.0,NotPlaced
267,6.8,2,2,2,80.0,4.6,No,Yes,61.0,69.0,NotPlaced
8404,8.0,2,3,2,90.0,4.8,Yes,Yes,84.0,84.0,Placed
3580,8.3,0,1,2,75.0,4.2,No,Yes,73.0,69.0,NotPlaced
2528,7.0,0,1,1,75.0,4.0,No,Yes,58.0,73.0,NotPlaced
461,7.7,1,1,0,80.0,4.8,Yes,Yes,55.0,61.0,NotPlaced
5948,8.7,0,1,2,78.0,4.7,Yes,Yes,67.0,86.0,NotPlaced
1430,7.5,1,3,0,82.0,4.7,Yes,Yes,72.0,88.0,NotPlaced
2183,7.7,2,3,2,90.0,4.7,Yes,Yes,79.0,88.0,Placed
6179,7.7,1,3,2,90.0,4.5,No,Yes,72.0,88.0,Placed
4678,7.6,1,1,0,66.0,4.1,No,No,67.0,73.0,NotPlaced
9829,7.5,0,2,0,74.0,4.0,No,Yes,68.0,65.0,NotPlaced
4279,8.2,2,3,2,90.0,4.8,Yes,Yes,79.0,88.0,Placed
6176,6.5,1,1,2,85.0,4.5,Yes,Yes,73.0,67.0,Placed
97,7.5,1,1,0,64.0,4.0,No,No,73.0,66.0,NotPlaced
9488,6.9,1,1,1,68.0,4.4,Yes,Yes,55.0,65.0,NotPlaced
9795,7.8,0,2,0,82.0,4.3,Yes,Yes,74.0,67.0,NotPlaced
840,6.5,1,2,0,67.0,4.4,No,No,72.0,68.0,NotPlaced
9814,8.9,2,3,2,85.0,4.6,Yes,Yes,75.0,84.0,Placed
3030,7.6,1,3,0,75.0,4.0,No,Yes,55.0,73.0,NotPlaced
938,8.4,2,3,2,90.0,4.8,Yes,Yes,71.0,87.0,NotPlaced
685,7.0,1,2,0,67.0,4.3,No,Yes,69.0,69.0,NotPlaced
9075,6.8,1,1,0,74.0,4.3,No,Yes,55.0,66.0,NotPlaced
5007,7.6,0,1,1,80.0,4.6,No,No,55.0,64.0,NotPlaced
1271,8.2,0,1,2,86.0,4.4,Yes,No,79.0,72.0,Placed
3240,6.5,1,1,0,74.0,3.5,No,No,74.0,62.0,NotPlaced
979,7.5,1,1,0,69.0,4.3,No,No,62.0,62.0,NotPlaced
908,6.8,1,2,2,82.0,3.9,Yes,Yes,61.0,66.0,Placed
754,6.9,1,2,1,73.0,4.5,No,No,60.0,65.0,NotPlaced
2398,7.4,1,2,0,87.0,3.5,No,Yes,61.0,67.0,NotPlaced
7551,7.5,1,2,0,82.0,4.1,No,No,64.0,61.0,NotPlaced
5294,8.4,0,3,2,90.0,4.8,Yes,Yes,88.0,84.0,Placed
3975,7.6,0,1,0,88.0,4.7,Yes,Yes,62.0,69.0,Placed
566,7.6,1,2,2,70.0,4.8,No,Yes,73.0,84.0,Placed
5557,8.1,1,1,3,75.0,4.0,No,No,55.0,66.0,NotPlaced
5549,8.6,1,1,0,65.0,3.7,Yes,No,69.0,62.0,NotPlaced
7165,7.2,2,3,0,85.0,4.8,No,Yes,79.0,82.0,NotPlaced
8597,8.0,0,3,2,76.0,4.8,Yes,Yes,80.0,84.0,Placed
9065,7.5,1,2,0,64.0,3.8,No,No,55.0,67.0,NotPlaced
7864,6.6,1,3,1,82.0,4.6,No,Yes,59.0,87.0,NotPlaced
929,8.0,2,3,3,80.0,4.8,Yes,Yes,78.0,86.0,NotPlaced
4883,8.0,1,2,2,72.0,4.3,Yes,Yes,82.0,81.0,NotPlaced
7132,7.3,1,3,0,81.0,4.8,Yes,Yes,56.0,66.0,Placed
2250,8.5,1,2,1,76.0,3.8,No,Yes,58.0,70.0,NotPlaced
9473,7.9,1,3,0,82.0,4.4,Yes,Yes,76.0,83.0,Placed
3530,8.0,2,3,2,89.0,4.8,Yes,Yes,76.0,87.0,Placed
8389,7.4,1,1,0,72.0,4.1,No,Yes,76.0,74.0,NotPlaced
4588,7.4,0,1,0,76.0,3.7,No,Yes,62.0,68.0,NotPlaced
594,8.0,1,3,0,87.0,4.3,Yes,Yes,79.0,67.0,NotPlaced
9762,7.9,1,3,0,81.0,4.5,Yes,Yes,66.0,74.0,NotPlaced
8703,7.5,1,2,2,80.0,4.3,Yes,Yes,65.0,80.0,Placed
4322,8.8,1,2,2,85.0,4.8,Yes,Yes,68.0,87.0,Placed
4587,6.6,1,1,0,90.0,3.9,No,Yes,55.0,66.0,NotPlaced
8994,7.9,2,3,0,90.0,4.8,Yes,Yes,89.0,86.0,Placed
1232,7.7,0,3,2,90.0,4.8,Yes,Yes,76.0,84.0,Placed
6093,8.0,1,3,0,90.0,4.8,Yes,Yes,76.0,83.0,Placed
7659,7.3,0,2,2,86.0,4.8,Yes,Yes,74.0,86.0,Placed
1172,8.5,1,3,1,83.0,4.7,Yes,Yes,55.0,84.0,Placed
8846,7.6,1,1,1,76.0,3.4,No,No,55.0,59.0,NotPlaced
2582,7.9,1,3,0,78.0,4.2,No,Yes,55.0,74.0,Placed
1589,7.7,1,1,1,69.0,4.2,No,No,55.0,63.0,NotPlaced
4913,7.6,0,1,0,81.0,4.4,Yes,Yes,84.0,83.0,Placed
610,8.3,1,3,0,78.0,4.7,Yes,Yes,76.0,82.0,NotPlaced
3434,8.5,1,3,2,75.0,4.1,Yes,Yes,76.0,77.0,Placed
4518,8.1,2,3,1,74.0,4.0,Yes,No,61.0,82.0,NotPlaced
663,8.4,1,2,1,85.0,4.8,Yes,Yes,55.0,66.0,Placed
1068,7.6,2,2,2,67.0,4.7,Yes,No,57.0,66.0,NotPlaced
4662,7.4,0,1,0,72.0,4.5,No,Yes,55.0,75.0,NotPlaced
6152,8.6,1,1,0,81.0,4.3,Yes,Yes,55.0,63.0,NotPlaced
4079,7.4,1,2,0,71.0,3.9,No,Yes,63.0,70.0,NotPlaced
8886,8.0,1,2,1,77.0,4.5,No,No,61.0,70.0,NotPlaced
8424,7.4,1,1,0,88.0,4.0,No,Yes,56.0,66.0,NotPlaced
4441,8.1,1,3,2,69.0,4.6,Yes,Yes,55.0,80.0,NotPlaced
2614,8.4,2,3,2,90.0,4.5,Yes,Yes,84.0,85.0,NotPlaced
4049,7.3,0,1,0,82.0,3.8,No,Yes,55.0,85.0,NotPlaced
6270,6.5,0,2,0,69.0,4.5,No,No,64.0,69.0,NotPlaced
2679,8.5,1,3,2,84.0,4.6,Yes,Yes,74.0,85.0,Placed
187,6.5,1,1,1,68.0,4.1,No,No,55.0,65.0,NotPlaced
6601,6.9,1,1,1,77.0,4.4,Yes,Yes,80.0,83.0,Placed
7412,8.1,2,3,2,90.0,4.7,Yes,Yes,79.0,88.0,Placed
6101,8.4,2,3,2,90.0,4.6,Yes,Yes,80.0,88.0,Placed
3114,8.3,1,3,2,89.0,4.8,Yes,Yes,86.0,86.0,Placed
4116,8.2,2,3,2,82.0,4.8,No,Yes,83.0,82.0,Placed
522,7.5,1,3,0,86.0,4.2,Yes,Yes,81.0,71.0,NotPlaced
7175,7.5,2,3,3,86.0,4.1,Yes,Yes,69.0,86.0,NotPlaced
3598,7.3,2,3,2,90.0,4.0,Yes,No,85.0,87.0,Placed
7511,6.5,1,3,2,75.0,3.8,Yes,Yes,79.0,67.0,NotPlaced
9902,6.5,1,1,1,76.0,4.0,No,No,55.0,65.0,NotPlaced
4813,8.4,1,1,1,70.0,3.7,Yes,Yes,55.0,63.0,NotPlaced
6140,8.1,2,3,2,90.0,4.8,Yes,Yes,74.0,88.0,Placed
3442,8.0,1,1,0,81.0,4.6,Yes,Yes,85.0,87.0,NotPlaced
8834,6.5,1,2,0,76.0,4.3,No,No,58.0,66.0,NotPlaced
1000,7.6,1,2,0,60.0,4.1,No,Yes,57.0,65.0,NotPlaced
9213,8.4,2,3,2,90.0,4.8,Yes,Yes,74.0,87.0,Placed
5223,6.6,0,1,1,75.0,3.2,No,No,62.0,68.0,NotPlaced
3431,7.3,0,1,0,75.0,3.7,No,No,60.0,70.0,NotPlaced
9901,7.6,1,2,2,79.0,4.2,No,Yes,64.0,68.0,NotPlaced
8125,8.5,1,3,1,84.0,4.8,Yes,Yes,73.0,84.0,Placed
7311,8.5,1,1,2,85.0,4.3,Yes,Yes,57.0,61.0,NotPlaced
3589,7.2,2,1,3,84.0,3.9,No,Yes,72.0,68.0,NotPlaced
8691,6.7,0,1,1,68.0,3.4,No,No,65.0,69.0,NotPlaced
7734,7.4,1,1,0,75.0,4.5,No,Yes,57.0,66.0,Placed
8387,7.7,1,1,0,72.0,4.5,No,Yes,72.0,63.0,Placed
3779,7.7,1,1,2,76.0,4.4,No,No,66.0,68.0,NotPlaced
6627,8.4,1,2,2,72.0,4.0,Yes,Yes,75.0,79.0,Placed
6755,7.7,1,1,1,75.0,4.2,Yes,Yes,61.0,71.0,Placed
2065,7.5,2,2,1,75.0,4.2,Yes,Yes,65.0,86.0,NotPlaced
7029,6.5,2,1,2,73.0,4.2,No,No,74.0,59.0,NotPlaced
9059,8.3,1,1,0,70.0,4.6,Yes,Yes,79.0,84.0,NotPlaced
2036,6.5,0,1,1,73.0,3.5,No,No,85.0,64.0,NotPlaced
6110,8.0,1,3,2,87.0,4.8,Yes,Yes,70.0,85.0,NotPlaced
7892,8.1,2,3,2,90.0,4.8,Yes,Yes,85.0,88.0,Placed
8879,7.9,1,3,2,78.0,4.3,Yes,Yes,89.0,86.0,Placed
6465,7.4,1,1,0,70.0,3.1,No,No,68.0,64.0,NotPlaced
1207,7.5,1,1,1,66.0,3.7,No,Yes,69.0,70.0,NotPlaced
3569,7.8,2,3,2,90.0,4.8,Yes,Yes,90.0,79.0,Placed
225,8.3,1,3,2,78.0,3.9,Yes,Yes,60.0,61.0,Placed
4355,8.8,2,3,2,90.0,4.8,Yes,Yes,70.0,79.0,Placed
8402,8.2,0,3,2,83.0,4.7,Yes,Yes,72.0,86.0,NotPlaced
7855,6.7,1,2,1,85.0,4.8,Yes,Yes,75.0,83.0,Placed
5710,7.8,2,3,2,90.0,4.8,Yes,Yes,81.0,84.0,Placed
8262,8.5,2,3,3,90.0,4.7,Yes,Yes,80.0,80.0,Placed
582,8.7,2,3,2,90.0,4.8,Yes,Yes,77.0,86.0,Placed
2495,7.9,1,3,2,90.0,4.6,Yes,Yes,81.0,88.0,Placed
5893,7.8,1,3,2,90.0,4.8,Yes,Yes,80.0,88.0,Placed
7923,8.7,2,3,3,90.0,4.7,Yes,Yes,84.0,81.0,Placed
8473,6.5,1,1,0,77.0,4.3,No,No,55.0,66.0,NotPlaced
7691,7.6,1,1,0,83.0,4.1,No,No,68.0,63.0,NotPlaced
2356,8.2,2,1,2,77.0,4.8,Yes,Yes,60.0,79.0,NotPlaced
3509,6.7,1,2,2,83.0,4.8,Yes,No,65.0,80.0,Placed
57,8.0,1,1,0,74.0,4.5,Yes,Yes,55.0,65.0,NotPlaced
4698,8.2,1,2,0,87.0,4.2,Yes,Yes,81.0,80.0,NotPlaced
5261,7.4,1,2,2,78.0,4.5,No,Yes,55.0,75.0,NotPlaced
1584,8.5,1,3,2,90.0,4.7,Yes,Yes,86.0,87.0,Placed
1786,8.3,1,1,0,89.0,3.9,No,Yes,62.0,73.0,Placed
4061,7.9,1,2,1,77.0,4.2,Yes,Yes,84.0,64.0,Placed
3499,8.3,0,3,0,84.0,4.4,Yes,No,72.0,83.0,Placed
2233,8.3,2,3,2,90.0,4.8,Yes,Yes,88.0,87.0,Placed
1206,7.2,1,2,1,69.0,3.1,No,Yes,67.0,65.0,NotPlaced
5433,7.7,1,2,1,61.0,4.0,No,No,55.0,66.0,NotPlaced
3141,7.8,1,2,1,77.0,4.6,Yes,Yes,71.0,76.0,Placed
5437,7.7,1,1,2,72.0,3.7,Yes,Yes,75.0,73.0,NotPlaced
7501,6.5,1,2,1,74.0,3.9,No,Yes,56.0,68.0,NotPlaced
821,7.9,1,2,1,82.0,4.5,Yes,Yes,67.0,63.0,NotPlaced
6669,8.1,2,3,2,90.0,4.8,Yes,Yes,73.0,88.0,Placed
6234,6.5,1,1,1,68.0,3.9,No,Yes,55.0,73.0,NotPlaced
5843,8.0,1,1,1,82.0,4.0,No,No,55.0,74.0,NotPlaced
1463,8.2,2,3,2,90.0,4.8,Yes,Yes,75.0,85.0,NotPlaced
6214,7.4,1,1,1,76.0,4.0,Yes,Yes,55.0,62.0,NotPlaced
1309,8.2,2,2,0,85.0,4.1,No,Yes,84.0,84.0,Placed
3070,7.2,1,1,1,63.0,3.9,No,No,61.0,67.0,NotPlaced
9289,8.7,0,3,1,90.0,4.6,Yes,Yes,89.0,83.0,Placed
9788,8.0,2,3,2,90.0,4.8,Yes,Yes,86.0,86.0,Placed
2703,8.5,2,3,2,90.0,4.8,Yes,Yes,83.0,85.0,Placed
564,6.5,1,3,1,68.0,4.0,Yes,Yes,86.0,71.0,NotPlaced
8822,7.4,1,2,0,75.0,3.9,No,Yes,69.0,70.0,Placed
5132,8.0,1,1,0,82.0,4.5,Yes,Yes,73.0,66.0,NotPlaced
674,6.7,1,1,0,82.0,3.9,No,Yes,66.0,66.0,Placed
5349,8.5,1,3,1,84.0,4.3,Yes,Yes,55.0,66.0,NotPlaced
6088,7.7,1,1,0,64.0,4.1,No,No,55.0,59.0,NotPlaced
8193,7.4,1,2,1,84.0,4.6,No,Yes,55.0,70.0,NotPlaced
3609,7.9,1,1,0,78.0,3.9,Yes,Yes,82.0,62.0,NotPlaced
5085,8.3,2,3,2,89.0,3.9,Yes,Yes,78.0,88.0,NotPlaced
6031,7.8,1,2,0,73.0,4.5,Yes,No,79.0,61.0,NotPlaced
8244,8.0,2,2,2,88.0,4.4,No,No,75.0,80.0,NotPlaced
8582,8.1,1,2,2,90.0,4.0,No,Yes,74.0,86.0,NotPlaced
6284,7.4,0,1,2,79.0,3.5,No,Yes,55.0,66.0,NotPlaced
9584,7.7,2,1,3,72.0,4.6,Yes,Yes,67.0,78.0,Placed
9617,7.4,1,2,1,83.0,4.1,No,Yes,90.0,88.0,NotPlaced
7109,7.5,2,1,0,77.0,4.3,No,No,69.0,69.0,NotPlaced
4635,8.0,0,1,0,75.0,3.6,No,Yes,67.0,84.0,NotPlaced
8400,8.2,2,3,2,90.0,4.8,Yes,Yes,80.0,88.0,Placed
1794,8.5,2,3,2,90.0,4.8,Yes,Yes,83.0,82.0,Placed
9440,7.7,1,2,0,73.0,4.8,Yes,Yes,55.0,63.0,Placed
658,6.5,0,1,0,77.0,4.1,No,No,55.0,67.0,NotPlaced
3718,8.7,1,1,1,70.0,4.1,No,No,68.0,60.0,NotPlaced
5728,8.2,2,1,3,88.0,4.2,Yes,Yes,61.0,86.0,Placed
8769,7.6,1,2,0,82.0,3.9,No,No,58.0,68.0,NotPlaced
8237,6.8,0,1,1,67.0,3.4,No,Yes,59.0,68.0,NotPlaced
8606,7.5,1,1,0,76.0,4.0,Yes,No,55.0,67.0,NotPlaced
6017,8.5,2,3,2,88.0,4.8,Yes,Yes,75.0,85.0,Placed
5143,7.6,2,1,0,78.0,3.9,No,No,83.0,69.0,Placed
8541,7.1,1,3,1,74.0,4.3,No,Yes,72.0,81.0,Placed
7244,8.0,1,1,2,82.0,4.8,No,No,69.0,68.0,NotPlaced
8908,7.4,1,3,1,68.0,3.4,Yes,Yes,60.0,74.0,NotPlaced
2084,8.7,1,2,2,84.0,4.3,No,No,78.0,87.0,NotPlaced
3456,7.3,0,2,0,79.0,3.8,No,Yes,83.0,81.0,NotPlaced
5026,8.3,1,2,2,90.0,4.8,Yes,Yes,78.0,85.0,Placed
1983,7.7,1,2,1,69.0,4.1,Yes,No,57.0,63.0,NotPlaced
6421,8.2,0,3,0,84.0,4.6,Yes,Yes,71.0,84.0,NotPlaced
6840,6.8,1,1,0,69.0,3.3,No,No,63.0,63.0,NotPlaced
2635,7.9,1,2,1,86.0,4.6,Yes,Yes,82.0,62.0,Placed
8041,6.5,1,1,1,76.0,4.1,No,Yes,55.0,58.0,NotPlaced
481,7.6,1,1,0,66.0,3.7,Yes,Yes,65.0,60.0,NotPlaced
307,7.9,0,3,2,90.0,4.8,Yes,Yes,68.0,83.0,Placed
7252,8.5,2,2,2,85.0,4.5,Yes,Yes,68.0,86.0,NotPlaced
8336,8.6,1,3,0,89.0,4.5,Yes,Yes,80.0,72.0,Placed
2971,6.5,1,1,1,83.0,4.7,No,No,55.0,71.0,NotPlaced
161,6.5,0,3,0,71.0,3.6,No,Yes,57.0,74.0,NotPlaced
8425,8.3,1,2,0,78.0,4.6,Yes,Yes,75.0,82.0,Placed
5850,8.4,1,1,3,83.0,4.6,Yes,No,74.0,62.0,NotPlaced
5883,6.9,1,1,0,76.0,4.0,No,No,55.0,66.0,Placed
4535,8.5,2,3,2,90.0,4.8,Yes,Yes,72.0,85.0,Placed
9373,8.2,2,1,0,87.0,4.8,Yes,Yes,74.0,85.0,Placed
2221,6.5,1,2,3,77.0,4.4,Yes,No,64.0,80.0,NotPlaced
3584,8.0,2,3,0,85.0,4.7,Yes,No,70.0,88.0,Placed
5561,6.5,1,1,1,83.0,4.4,No,No,55.0,74.0,NotPlaced
4021,6.5,1,2,0,76.0,4.2,Yes,Yes,55.0,66.0,NotPlaced
9335,8.5,2,3,0,79.0,4.8,Yes,Yes,89.0,85.0,Placed
955,7.5,1,1,0,70.0,3.9,No,No,56.0,75.0,NotPlaced
6626,8.1,0,3,2,90.0,4.8,Yes,Yes,84.0,86.0,Placed
9707,7.6,1,2,1,66.0,4.4,No,Yes,56.0,61.0,NotPlaced
2283,7.5,1,3,1,78.0,4.0,No,No,83.0,73.0,NotPlaced
8089,8.3,2,3,2,90.0,4.8,Yes,Yes,72.0,88.0,Placed
6843,6.5,1,3,0,79.0,4.3,Yes,Yes,55.0,85.0,Placed
2484,8.6,1,3,0,83.0,4.8,Yes,Yes,81.0,86.0,Placed
5158,7.8,2,1,2,90.0,4.7,Yes,No,81.0,85.0,Placed
1391,7.9,0,3,0,75.0,3.6,Yes,Yes,62.0,70.0,Placed
9885,6.7,1,1,0,76.0,3.8,Yes,Yes,60.0,67.0,NotPlaced
5642,7.7,0,1,0,82.0,4.1,No,No,58.0,71.0,NotPlaced
1146,8.5,0,3,2,90.0,4.8,Yes,Yes,87.0,85.0,Placed
4051,6.6,1,1,0,76.0,4.0,No,No,57.0,58.0,NotPlaced
6223,8.4,2,3,2,89.0,4.5,Yes,Yes,82.0,83.0,Placed
8725,8.3,2,3,2,90.0,4.6,Yes,No,74.0,84.0,Placed
5114,6.6,1,3,0,77.0,3.7,No,Yes,55.0,65.0,NotPlaced
7578,6.5,1,2,0,60.0,4.3,No,No,55.0,70.0,NotPlaced
3294,7.5,1,1,1,64.0,4.3,No,No,55.0,71.0,NotPlaced
5677,7.7,0,1,0,66.0,3.7,No,No,55.0,70.0,NotPlaced
3533,8.2,2,3,2,90.0,4.8,Yes,Yes,70.0,84.0,Placed
2689,8.4,1,3,2,77.0,4.5,Yes,Yes,82.0,80.0,Placed
1533,8.0,2,3,2,90.0,4.1,Yes,No,88.0,79.0,NotPlaced
6830,7.8,1,1,0,72.0,3.6,No,Yes,58.0,65.0,NotPlaced
5354,7.4,1,2,1,71.0,4.7,No,Yes,74.0,63.0,NotPlaced
1227,8.9,2,1,2,90.0,3.7,Yes,Yes,62.0,69.0,Placed
1382,8.7,1,2,2,90.0,4.8,Yes,Yes,73.0,87.0,Placed
6369,7.6,1,2,0,82.0,4.2,No,Yes,56.0,70.0,NotPlaced
6955,8.1,1,3,0,86.0,4.5,Yes,Yes,72.0,88.0,Placed
6062,8.1,2,3,2,89.0,4.8,Yes,Yes,89.0,71.0,NotPlaced
1579,8.8,0,3,0,90.0,4.1,Yes,Yes,73.0,85.0,Placed
4976,7.4,1,2,1,74.0,3.9,No,Yes,76.0,74.0,NotPlaced
5915,7.5,1,1,1,73.0,3.6,No,Yes,56.0,62.0,NotPlaced
3103,7.6,1,1,1,81.0,4.5,No,Yes,63.0,67.0,NotPlaced
9962,6.9,1,3,0,73.0,4.5,No,No,56.0,86.0,NotPlaced
6263,8.2,0,1,2,79.0,4.4,No,Yes,80.0,73.0,Placed
2764,8.0,0,3,1,86.0,4.3,Yes,Yes,75.0,66.0,Placed
3381,8.0,1,2,0,87.0,3.6,No,Yes,55.0,61.0,NotPlaced
7976,8.7,2,3,2,90.0,4.8,Yes,Yes,77.0,82.0,Placed
6957,7.4,0,2,1,77.0,4.8,Yes,Yes,66.0,68.0,NotPlaced
11,8.3,2,3,2,90.0,4.8,Yes,Yes,82.0,88.0,Placed
4882,8.0,1,3,0,86.0,4.4,Yes,Yes,78.0,88.0,NotPlaced
4995,6.9,0,1,0,81.0,4.0,No,Yes,74.0,71.0,NotPlaced
3935,7.8,1,2,0,71.0,3.6,Yes,No,72.0,67.0,Placed
3257,7.7,1,3,0,89.0,4.8,Yes,Yes,71.0,71.0,Placed
1325,8.5,1,1,2,85.0,4.7,Yes,Yes,80.0,77.0,Placed
8734,6.5,2,1,0,74.0,4.5,No,No,63.0,83.0,NotPlaced
4839,8.4,2,3,2,90.0,4.8,Yes,Yes,78.0,85.0,Placed
7068,8.5,2,3,2,90.0,4.8,Yes,Yes,83.0,86.0,Placed
7333,8.0,0,3,2,90.0,4.1,Yes,Yes,59.0,86.0,NotPlaced
9187,7.8,2,2,3,70.0,4.6,No,Yes,55.0,69.0,NotPlaced
5869,6.7,0,2,0,74.0,4.2,Yes,Yes,55.0,68.0,NotPlaced
8805,8.2,1,3,2,90.0,4.8,No,Yes,71.0,83.0,Placed
1813,8.6,1,2,1,77.0,3.9,Yes,Yes,77.0,69.0,NotPlaced
4136,7.9,1,1,2,64.0,4.2,No,Yes,56.0,68.0,Placed
4284,8.4,2,3,2,90.0,4.4,Yes,Yes,83.0,81.0,Placed
3436,7.9,2,3,2,85.0,4.4,Yes,Yes,86.0,76.0,Placed
178,8.5,1,3,2,90.0,4.8,Yes,Yes,61.0,86.0,Placed
7755,7.7,0,2,0,77.0,4.1,No,No,65.0,69.0,NotPlaced
6577,8.8,0,3,2,77.0,4.5,Yes,Yes,83.0,82.0,Placed
3017,6.5,1,1,0,79.0,4.4,No,Yes,55.0,69.0,NotPlaced
7829,7.0,0,1,3,86.0,4.2,No,Yes,62.0,81.0,NotPlaced
9428,7.7,1,1,1,72.0,4.0,Yes,Yes,66.0,77.0,Placed
5376,7.7,0,3,1,85.0,4.3,Yes,Yes,77.0,65.0,Placed
2320,7.4,0,1,1,90.0,4.8,Yes,Yes,71.0,69.0,NotPlaced
8812,8.2,2,3,2,90.0,4.7,Yes,Yes,80.0,86.0,Placed
9454,8.4,0,1,0,83.0,4.6,Yes,Yes,88.0,84.0,NotPlaced
7,7.7,1,1,1,76.0,4.0,No,No,62.0,65.0,NotPlaced
6519,7.6,0,1,1,72.0,3.7,No,Yes,71.0,72.0,NotPlaced
6220,7.8,0,3,0,70.0,4.6,Yes,Yes,70.0,66.0,Placed
3537,8.2,1,3,0,80.0,4.7,Yes,Yes,75.0,82.0,Placed
1017,8.1,2,3,3,76.0,4.5,Yes,Yes,69.0,67.0,NotPlaced
644,8.3,2,3,2,90.0,4.8,Yes,No,69.0,80.0,Placed
4788,6.6,2,2,2,71.0,3.6,No,No,63.0,69.0,NotPlaced
3215,8.6,1,3,2,87.0,4.8,Yes,Yes,75.0,85.0,Placed
9812,8.2,2,3,0,77.0,3.5,Yes,Yes,75.0,80.0,NotPlaced
7750,8.4,2,3,1,83.0,4.4,Yes,Yes,77.0,79.0,NotPlaced
3835,8.3,0,2,2,76.0,4.1,Yes,Yes,76.0,85.0,Placed
5977,8.0,2,2,2,87.0,4.6,Yes,Yes,70.0,83.0,NotPlaced
9973,8.4,2,3,2,90.0,4.8,Yes,Yes,85.0,87.0,Placed
3440,7.5,0,1,0,67.0,4.5,No,No,87.0,70.0,NotPlaced
5880,6.9,1,1,1,62.0,3.5,No,No,55.0,66.0,NotPlaced
2308,7.4,1,1,1,63.0,3.6,No,No,65.0,65.0,NotPlaced
2752,8.6,0,3,2,90.0,4.8,Yes,Yes,77.0,83.0,Placed
8838,6.5,1,1,0,69.0,3.5,No,Yes,55.0,72.0,NotPlaced
9866,6.5,0,1,1,76.0,4.2,No,Yes,57.0,68.0,NotPlaced
7978,6.7,0,1,1,80.0,3.7,Yes,Yes,75.0,70.0,NotPlaced
7822,8.0,2,3,2,90.0,4.8,Yes,Yes,80.0,87.0,Placed
183,6.5,1,1,0,74.0,4.2,No,Yes,74.0,61.0,NotPlaced
6171,8.3,2,1,1,77.0,4.1,Yes,Yes,72.0,68.0,NotPlaced
5050,8.0,1,1,1,83.0,4.2,Yes,Yes,78.0,79.0,NotPlaced
9114,7.5,2,3,0,81.0,3.9,Yes,Yes,65.0,65.0,NotPlaced
2274,6.5,2,2,2,79.0,4.4,No,No,80.0,71.0,Placed
6001,8.2,1,3,3,88.0,4.8,No,Yes,82.0,69.0,Placed
2439,7.4,0,2,0,76.0,4.5,No,Yes,72.0,85.0,NotPlaced
6932,8.1,2,1,0,71.0,3.4,Yes,No,66.0,67.0,NotPlaced
4689,7.4,1,3,0,87.0,4.8,Yes,Yes,72.0,85.0,Placed
3450,8.4,2,3,3,90.0,4.7,Yes,Yes,85.0,80.0,Placed
7464,7.7,1,3,2,90.0,4.6,No,Yes,81.0,79.0,Placed
9116,7.6,0,1,1,77.0,4.3,No,Yes,55.0,63.0,NotPlaced
7000,7.1,1,2,1,68.0,4.2,No,No,76.0,64.0,NotPlaced
1457,8.3,1,1,1,70.0,4.8,Yes,Yes,64.0,86.0,NotPlaced
5992,6.8,1,1,1,68.0,4.5,No,Yes,77.0,67.0,NotPlaced
6094,8.1,1,2,2,77.0,3.3,Yes,Yes,73.0,71.0,NotPlaced
9833,8.3,2,3,2,90.0,3.8,No,No,76.0,74.0,NotPlaced
8548,7.4,0,2,2,80.0,4.8,No,Yes,61.0,88.0,Placed
8732,7.7,1,2,1,69.0,3.3,Yes,Yes,68.0,68.0,NotPlaced
2745,8.2,0,1,1,68.0,3.8,Yes,No,79.0,83.0,Placed
4385,8.2,1,3,2,90.0,4.4,Yes,Yes,79.0,85.0,NotPlaced
1541,6.5,0,1,0,78.0,3.5,No,Yes,55.0,67.0,NotPlaced
2869,8.2,2,3,2,81.0,4.8,Yes,Yes,83.0,82.0,Placed
6316,8.1,0,3,0,88.0,4.7,Yes,No,88.0,86.0,Placed
7327,7.4,0,2,1,75.0,4.1,No,Yes,78.0,65.0,Placed
8396,8.3,2,3,2,90.0,4.8,Yes,Yes,76.0,86.0,Placed
5660,8.3,1,1,0,81.0,4.5,Yes,No,80.0,68.0,Placed
7644,7.6,1,2,2,76.0,4.5,Yes,Yes,80.0,85.0,Placed
4312,6.5,1,1,0,78.0,4.1,Yes,Yes,75.0,84.0,NotPlaced
1107,7.6,1,2,2,78.0,4.4,Yes,Yes,82.0,74.0,NotPlaced
6870,6.5,1,1,1,81.0,4.8,No,Yes,55.0,64.0,NotPlaced
1805,7.6,1,1,2,69.0,4.0,No,Yes,58.0,65.0,NotPlaced
2808,7.7,1,2,1,81.0,4.8,Yes,Yes,81.0,82.0,Placed
6741,7.5,2,1,0,82.0,4.3,No,Yes,71.0,63.0,NotPlaced
3871,7.6,1,1,0,68.0,3.6,No,No,56.0,65.0,NotPlaced
1896,8.6,2,1,0,87.0,4.4,Yes,Yes,55.0,83.0,Placed
2521,7.6,1,1,0,69.0,3.9,No,No,59.0,64.0,NotPlaced
5488,8.3,2,3,2,68.0,3.9,Yes,No,77.0,84.0,Placed
190,6.8,1,1,0,78.0,4.3,No,No,61.0,62.0,NotPlaced
434,8.1,2,3,2,85.0,4.5,Yes,Yes,76.0,88.0,Placed
8620,8.2,1,1,2,90.0,4.8,Yes,Yes,71.0,87.0,Placed
3466,7.7,1,1,0,70.0,4.8,No,Yes,55.0,67.0,NotPlaced
2970,7.8,2,3,2,90.0,4.8,Yes,Yes,88.0,80.0,Placed
2870,8.0,2,3,0,90.0,4.3,No,Yes,83.0,83.0,Placed
1534,7.2,2,1,0,77.0,4.4,Yes,Yes,61.0,61.0,Placed
7620,7.7,1,2,0,80.0,4.0,No,Yes,57.0,67.0,NotPlaced
7656,7.7,0,2,0,74.0,4.2,No,Yes,55.0,71.0,NotPlaced
353,6.6,1,2,0,71.0,4.0,No,No,55.0,68.0,Placed
2188,8.6,1,2,2,85.0,3.7,Yes,Yes,81.0,83.0,NotPlaced
569,7.5,1,1,1,71.0,4.3,No,No,57.0,68.0,NotPlaced
6288,8.1,1,1,0,76.0,3.4,No,Yes,70.0,62.0,Placed
3031,7.8,1,1,0,74.0,3.8,No,No,61.0,68.0,NotPlaced
6650,8.1,1,3,2,88.0,4.2,Yes,Yes,75.0,88.0,NotPlaced
5921,7.1,1,3,2,88.0,4.0,Yes,Yes,78.0,65.0,Placed
8152,7.8,1,3,1,75.0,4.6,Yes,Yes,83.0,80.0,Placed
1926,6.9,1,2,1,78.0,4.5,No,Yes,68.0,64.0,Placed
2138,8.0,2,2,2,90.0,4.8,Yes,Yes,75.0,85.0,Placed
1112,8.7,2,1,3,73.0,4.6,Yes,Yes,79.0,79.0,Placed
669,8.3,2,3,2,90.0,4.8,Yes,Yes,71.0,84.0,Placed
7188,8.4,2,2,3,82.0,4.3,Yes,No,75.0,83.0,NotPlaced
2297,7.6,1,2,0,71.0,4.1,No,No,56.0,63.0,NotPlaced
4401,6.6,1,1,0,86.0,4.4,Yes,Yes,68.0,69.0,Placed
4056,8.2,2,3,2,84.0,4.8,Yes,Yes,75.0,83.0,Placed
9671,7.4,0,2,0,80.0,4.8,No,Yes,55.0,68.0,NotPlaced
9077,7.0,1,2,0,73.0,4.5,No,Yes,55.0,80.0,NotPlaced
899,8.5,1,3,1,77.0,4.7,Yes,Yes,65.0,85.0,NotPlaced
3634,7.9,2,3,2,82.0,4.6,Yes,No,72.0,87.0,NotPlaced
1385,8.3,1,2,0,73.0,3.6,No,Yes,57.0,71.0,NotPlaced
6696,8.2,0,3,2,85.0,4.8,Yes,Yes,83.0,79.0,Placed
4530,7.6,1,2,2,87.0,3.9,No,No,55.0,82.0,Placed
1931,8.4,2,3,2,90.0,4.8,Yes,Yes,72.0,82.0,Placed
9158,6.6,0,2,0,73.0,4.8,Yes,Yes,72.0,65.0,NotPlaced
4753,7.4,1,2,0,76.0,3.5,No,Yes,62.0,60.0,NotPlaced
7386,8.7,2,3,2,90.0,4.8,Yes,Yes,79.0,87.0,Placed
1672,8.4,1,2,0,80.0,3.3,No,No,55.0,63.0,NotPlaced
1290,7.0,0,2,1,67.0,3.8,Yes,No,75.0,67.0,NotPlaced
8961,7.9,1,3,3,80.0,4.1,Yes,Yes,71.0,84.0,Placed
9815,7.4,0,2,1,81.0,4.0,Yes,No,66.0,60.0,NotPlaced
5538,7.4,1,2,1,68.0,4.2,No,Yes,57.0,64.0,NotPlaced
9040,6.5,1,2,0,83.0,4.6,No,Yes,55.0,73.0,NotPlaced
9813,7.5,0,1,1,64.0,3.3,No,Yes,55.0,64.0,NotPlaced
8594,7.4,1,1,0,62.0,3.6,No,No,57.0,72.0,NotPlaced
9991,7.4,0,3,1,90.0,3.8,No,Yes,82.0,68.0,NotPlaced
7177,7.3,1,1,0,72.0,3.7,No,No,60.0,85.0,NotPlaced
7885,8.4,2,3,2,90.0,4.8,Yes,Yes,67.0,82.0,Placed
9710,8.2,1,1,2,82.0,4.6,Yes,No,75.0,69.0,Placed
1845,6.7,1,1,2,78.0,4.3,No,No,65.0,68.0,NotPlaced
1117,8.3,0,1,0,79.0,3.5,No,Yes,70.0,70.0,Placed
1028,7.0,1,1,2,81.0,4.8,Yes,No,72.0,82.0,NotPlaced
3965,7.7,1,2,1,76.0,4.8,No,Yes,59.0,68.0,NotPlaced
1780,8.1,1,1,1,71.0,4.2,No,No,55.0,61.0,NotPlaced
498,7.7,0,3,2,86.0,4.7,No,Yes,79.0,67.0,NotPlaced
6498,7.2,0,1,1,76.0,4.2,No,No,55.0,69.0,NotPlaced
1161,7.8,1,3,0,88.0,4.8,Yes,Yes,77.0,87.0,Placed
5579,8.4,2,3,0,85.0,4.6,Yes,Yes,81.0,72.0,NotPlaced
5319,7.1,1,2,0,80.0,3.5,No,No,55.0,66.0,NotPlaced
8107,7.6,1,1,1,76.0,3.8,No,Yes,68.0,83.0,Placed
369,8.4,2,2,0,76.0,4.4,Yes,Yes,77.0,73.0,Placed
9890,8.2,0,3,2,90.0,4.7,Yes,Yes,76.0,85.0,Placed
5463,8.1,2,3,0,77.0,4.8,Yes,Yes,80.0,71.0,Placed
1272,7.5,1,1,0,68.0,4.1,Yes,Yes,55.0,67.0,NotPlaced
1947,6.5,1,1,1,60.0,4.0,No,No,55.0,74.0,NotPlaced
3019,7.6,2,2,2,81.0,4.3,No,Yes,85.0,82.0,NotPlaced
9108,8.5,2,2,2,90.0,4.4,Yes,Yes,74.0,85.0,Placed
9218,8.7,0,2,2,89.0,4.6,Yes,Yes,77.0,85.0,Placed
4724,7.5,1,1,0,81.0,4.2,No,Yes,55.0,59.0,NotPlaced
3850,8.2,2,3,2,90.0,4.8,Yes,Yes,82.0,84.0,Placed
7101,6.5,0,2,0,75.0,4.3,No,Yes,82.0,70.0,NotPlaced
244,8.1,1,2,1,78.0,3.5,No,Yes,71.0,70.0,NotPlaced
3931,6.8,2,3,2,82.0,3.9,Yes,No,76.0,81.0,Placed
9177,8.1,1,3,2,90.0,4.2,Yes,Yes,81.0,86.0,Placed
4142,7.0,0,1,2,86.0,4.7,No,Yes,68.0,82.0,Placed
9036,8.2,0,2,1,75.0,4.4,Yes,Yes,73.0,67.0,Placed
2244,7.5,1,2,0,79.0,3.8,No,No,64.0,70.0,NotPlaced
455,7.9,2,3,2,90.0,4.8,Yes,Yes,78.0,86.0,Placed
7006,7.7,1,3,2,84.0,4.8,No,Yes,70.0,67.0,NotPlaced
9625,6.7,1,1,0,85.0,4.4,No,Yes,55.0,68.0,NotPlaced
7337,7.6,1,1,2,89.0,4.8,No,Yes,76.0,86.0,NotPlaced
8477,7.6,1,1,1,63.0,3.8,No,No,62.0,60.0,NotPlaced
4433,7.7,0,1,0,67.0,3.8,No,Yes,57.0,66.0,NotPlaced
5109,7.6,1,1,0,67.0,3.8,No,No,55.0,64.0,NotPlaced
3208,7.6,0,2,0,79.0,3.8,No,Yes,55.0,63.0,NotPlaced
2042,7.8,1,1,1,69.0,4.1,No,No,55.0,64.0,NotPlaced
6151,8.2,0,3,2,84.0,4.8,Yes,Yes,56.0,74.0,Placed
6908,7.6,1,1,1,66.0,3.6,Yes,Yes,62.0,65.0,NotPlaced
2452,7.8,2,1,0,86.0,4.3,No,Yes,78.0,80.0,Placed
7210,7.9,1,3,0,64.0,4.1,Yes,Yes,56.0,70.0,NotPlaced
1014,8.7,2,3,2,90.0,4.8,Yes,Yes,76.0,85.0,Placed
4934,7.5,1,2,1,90.0,3.8,Yes,Yes,82.0,86.0,Placed
748,8.3,1,1,2,81.0,4.6,Yes,No,59.0,85.0,NotPlaced
1603,7.5,1,3,0,80.0,4.5,Yes,No,77.0,80.0,NotPlaced
8536,6.5,1,1,1,66.0,3.8,Yes,Yes,62.0,75.0,NotPlaced
5262,7.5,1,2,1,67.0,3.8,No,Yes,55.0,68.0,NotPlaced
1990,6.6,0,2,1,78.0,4.5,No,No,69.0,68.0,NotPlaced
1143,7.5,1,3,0,86.0,4.4,Yes,Yes,73.0,83.0,Placed
262,6.6,0,1,2,72.0,4.2,No,Yes,86.0,88.0,Placed
6887,7.5,0,2,0,86.0,4.2,Yes,Yes,74.0,66.0,Placed
3694,8.7,2,3,2,90.0,4.4,Yes,Yes,69.0,85.0,Placed
6100,7.6,1,2,2,77.0,4.0,Yes,Yes,55.0,64.0,NotPlaced
8921,8.6,2,1,0,86.0,4.4,Yes,Yes,82.0,79.0,Placed
3605,6.8,0,1,2,77.0,3.6,No,Yes,57.0,64.0,NotPlaced
3869,6.7,1,2,0,74.0,4.1,No,No,61.0,64.0,NotPlaced
1210,8.3,2,3,0,89.0,4.6,Yes,Yes,86.0,83.0,Placed
8375,8.5,1,1,2,88.0,4.5,Yes,Yes,76.0,79.0,Placed
1765,8.3,2,3,2,90.0,4.5,Yes,Yes,74.0,88.0,Placed
6358,7.6,1,1,1,77.0,4.2,No,Yes,59.0,71.0,NotPlaced
4658,8.0,0,3,2,82.0,4.8,Yes,No,73.0,82.0,Placed
1634,6.5,1,2,0,78.0,4.3,No,No,55.0,67.0,NotPlaced
8171,7.5,1,2,0,83.0,4.7,No,Yes,62.0,83.0,Placed
1413,7.4,1,1,3,61.0,4.0,No,No,55.0,70.0,NotPlaced
4295,7.3,1,3,3,90.0,4.7,Yes,Yes,90.0,82.0,Placed
5415,7.4,1,1,1,71.0,4.3,No,Yes,55.0,73.0,NotPlaced
4780,7.7,1,1,0,74.0,3.3,No,Yes,57.0,73.0,NotPlaced
942,8.3,1,3,0,75.0,3.9,Yes,Yes,76.0,81.0,Placed
8304,8.4,2,3,2,90.0,4.7,Yes,Yes,74.0,84.0,Placed
4977,6.5,1,2,1,77.0,4.0,No,No,55.0,63.0,NotPlaced
3238,8.2,0,3,2,90.0,4.7,Yes,No,82.0,86.0,Placed
2941,7.9,1,1,0,72.0,3.6,No,No,55.0,68.0,NotPlaced
4649,8.2,2,3,2,90.0,4.8,Yes,Yes,73.0,78.0,Placed
7870,8.3,2,3,2,90.0,4.7,Yes,Yes,77.0,81.0,Placed
3643,8.1,2,3,1,90.0,4.4,Yes,Yes,79.0,83.0,Placed
1273,8.6,0,3,2,85.0,4.6,No,Yes,55.0,78.0,Placed
8096,7.5,1,1,1,76.0,3.6,No,No,58.0,70.0,NotPlaced
7856,8.0,0,3,2,86.0,4.3,Yes,Yes,81.0,88.0,Placed
8056,7.6,2,3,2,90.0,4.8,Yes,Yes,89.0,84.0,Placed
6874,6.5,0,2,1,75.0,3.5,No,Yes,61.0,68.0,NotPlaced
2990,8.4,1,3,2,80.0,4.4,Yes,Yes,61.0,79.0,NotPlaced
2260,8.2,2,3,2,90.0,4.8,Yes,Yes,80.0,86.0,Placed
1799,7.5,1,2,1,67.0,4.7,No,No,60.0,65.0,NotPlaced
4933,8.5,1,2,0,75.0,4.5,No,Yes,65.0,73.0,NotPlaced
4576,7.6,1,2,0,86.0,4.7,No,Yes,55.0,87.0,NotPlaced
4332,7.4,1,2,1,78.0,4.4,No,Yes,81.0,68.0,NotPlaced
1490,7.6,1,2,0,74.0,4.2,Yes,Yes,55.0,81.0,NotPlaced
3205,7.5,0,2,1,74.0,4.5,Yes,Yes,77.0,73.0,Placed
1737,8.5,2,3,2,90.0,4.8,Yes,Yes,72.0,83.0,Placed
6770,7.9,1,3,3,77.0,4.3,No,No,60.0,74.0,NotPlaced
1183,7.7,1,3,2,74.0,4.4,Yes,Yes,55.0,85.0,NotPlaced
5243,8.6,2,3,2,80.0,4.4,Yes,Yes,81.0,69.0,Placed
1791,8.2,1,2,0,74.0,4.8,Yes,No,78.0,66.0,Placed
737,7.0,1,1,1,70.0,4.8,No,No,61.0,63.0,NotPlaced
7449,7.6,1,2,1,67.0,4.6,No,Yes,61.0,67.0,NotPlaced
5987,7.3,1,1,1,65.0,3.8,Yes,Yes,61.0,62.0,NotPlaced
1743,8.3,0,1,0,80.0,3.9,Yes,Yes,79.0,68.0,NotPlaced
811,7.7,1,2,0,78.0,4.4,Yes,Yes,80.0,83.0,NotPlaced
4823,8.4,1,3,2,84.0,4.8,Yes,Yes,80.0,88.0,Placed
9375,8.4,2,1,1,83.0,3.5,Yes,Yes,56.0,81.0,Placed
8156,8.3,1,1,0,86.0,4.2,No,Yes,55.0,71.0,Placed
7879,8.3,1,1,0,73.0,3.6,No,Yes,74.0,68.0,NotPlaced
4405,8.0,2,3,2,90.0,4.3,No,Yes,67.0,86.0,Placed
9084,8.1,2,2,2,90.0,3.7,Yes,Yes,64.0,82.0,Placed
1318,7.2,0,2,0,77.0,4.6,No,No,61.0,71.0,NotPlaced
6175,8.2,0,3,0,87.0,4.8,Yes,Yes,77.0,83.0,Placed
7228,8.7,2,1,2,81.0,4.5,Yes,Yes,80.0,80.0,NotPlaced
1576,7.6,1,3,2,84.0,4.4,Yes,Yes,82.0,85.0,Placed
782,7.5,0,2,0,82.0,4.8,Yes,Yes,68.0,64.0,Placed
7719,6.5,1,2,0,81.0,3.5,No,Yes,62.0,63.0,Placed
7640,6.5,0,1,1,69.0,3.9,No,No,55.0,62.0,NotPlaced
1063,7.6,0,2,2,67.0,4.0,No,Yes,76.0,67.0,NotPlaced
1763,8.1,0,3,0,81.0,4.5,No,Yes,77.0,67.0,Placed
5355,6.9,1,3,2,65.0,4.0,No,Yes,79.0,60.0,NotPlaced
2332,8.6,2,3,2,86.0,4.1,Yes,Yes,75.0,85.0,Placed
9095,8.3,0,3,2,90.0,4.7,Yes,Yes,85.0,88.0,Placed
2093,7.7,1,2,0,88.0,4.5,No,Yes,55.0,69.0,NotPlaced
5674,6.8,2,3,0,82.0,4.7,Yes,Yes,86.0,81.0,Placed
7859,6.8,1,2,0,79.0,4.0,No,Yes,69.0,68.0,NotPlaced
3404,8.7,1,3,0,77.0,3.5,Yes,Yes,56.0,58.0,Placed
4350,8.3,1,3,2,77.0,4.5,Yes,Yes,79.0,74.0,Placed
2600,7.3,1,1,0,68.0,4.3,No,No,55.0,72.0,NotPlaced
1741,7.5,1,2,0,81.0,4.4,Yes,Yes,69.0,82.0,NotPlaced
6202,6.7,0,1,1,64.0,4.4,No,Yes,57.0,70.0,NotPlaced
439,8.2,1,1,0,76.0,4.2,No,Yes,55.0,62.0,NotPlaced
2959,7.3,1,1,0,77.0,4.3,Yes,Yes,66.0,68.0,NotPlaced
1357,7.8,1,1,2,79.0,4.7,No,No,55.0,65.0,NotPlaced
6424,8.1,1,3,2,82.0,4.3,Yes,Yes,76.0,65.0,Placed
2162,7.4,1,2,0,66.0,4.7,Yes,Yes,63.0,65.0,NotPlaced
4398,8.3,2,3,2,90.0,4.8,Yes,Yes,81.0,81.0,Placed
2704,7.3,1,1,0,78.0,3.7,No,No,55.0,70.0,NotPlaced
2063,8.4,1,3,2,90.0,4.7,Yes,Yes,85.0,88.0,Placed
8709,6.5,1,1,0,67.0,3.1,No,No,65.0,68.0,NotPlaced
9585,8.7,2,3,2,79.0,4.4,Yes,Yes,76.0,83.0,Placed
7070,7.8,1,1,1,74.0,3.4,Yes,Yes,65.0,66.0,NotPlaced
3597,7.8,1,1,0,82.0,4.6,Yes,Yes,55.0,77.0,Placed
7321,6.5,1,1,0,71.0,4.3,Yes,Yes,62.0,70.0,NotPlaced
5197,8.3,1,1,2,88.0,3.8,Yes,Yes,89.0,68.0,Placed
5937,6.8,1,1,0,82.0,3.8,No,No,60.0,65.0,NotPlaced
5064,7.6,1,1,1,82.0,4.3,No,No,62.0,60.0,Placed
5527,8.4,1,3,0,82.0,4.3,Yes,Yes,74.0,68.0,Placed
6656,8.0,1,1,0,83.0,4.8,No,Yes,61.0,68.0,NotPlaced
6041,8.8,1,3,2,84.0,4.2,Yes,Yes,73.0,82.0,Placed
1158,6.8,1,1,0,76.0,4.5,No,No,55.0,65.0,Placed
6060,8.9,1,3,1,84.0,4.8,Yes,Yes,82.0,81.0,NotPlaced
6898,8.0,0,3,2,80.0,4.1,Yes,Yes,70.0,79.0,Placed
9425,8.2,0,3,2,80.0,4.4,Yes,Yes,64.0,85.0,Placed
7278,6.8,1,2,0,83.0,4.3,No,No,57.0,64.0,NotPlaced
8079,8.1,2,3,2,87.0,4.6,No,Yes,73.0,85.0,Placed
8737,8.3,1,3,1,88.0,4.8,No,Yes,72.0,69.0,Placed
8583,7.8,2,1,2,90.0,4.8,Yes,Yes,73.0,83.0,Placed
150,7.9,2,1,0,83.0,4.0,Yes,Yes,63.0,70.0,NotPlaced
7155,8.0,1,3,2,90.0,4.5,Yes,Yes,87.0,70.0,Placed
5047,8.2,2,3,3,90.0,4.8,Yes,Yes,69.0,88.0,NotPlaced
339,8.4,2,3,2,87.0,4.8,Yes,Yes,78.0,88.0,Placed
7022,8.1,2,3,2,81.0,4.5,Yes,Yes,76.0,71.0,Placed
6045,7.5,2,1,1,90.0,4.1,Yes,Yes,71.0,67.0,NotPlaced
845,7.4,0,2,0,88.0,3.6,No,No,75.0,68.0,NotPlaced
9498,7.4,1,1,0,76.0,4.7,Yes,Yes,61.0,82.0,Placed
6416,8.2,0,2,1,83.0,4.8,No,Yes,71.0,65.0,NotPlaced
7821,8.3,2,3,0,85.0,4.8,Yes,Yes,75.0,83.0,Placed
6290,7.8,1,2,1,76.0,4.4,No,Yes,58.0,66.0,Placed
1628,7.6,0,1,1,61.0,4.3,No,No,60.0,68.0,NotPlaced
4399,7.1,1,2,2,81.0,4.8,Yes,Yes,70.0,84.0,NotPlaced
3437,8.5,0,3,0,83.0,4.8,Yes,Yes,78.0,86.0,NotPlaced
1955,6.5,0,2,1,77.0,4.1,Yes,No,55.0,68.0,NotPlaced
1399,6.5,1,2,1,81.0,3.9,No,Yes,75.0,82.0,NotPlaced
4552,6.6,1,3,2,79.0,4.5,Yes,Yes,60.0,71.0,Placed
3510,8.1,1,2,2,83.0,4.4,Yes,Yes,85.0,66.0,Placed
1879,6.8,2,1,2,83.0,4.7,Yes,No,79.0,61.0,NotPlaced
8684,8.1,1,3,0,75.0,4.5,No,Yes,71.0,68.0,Placed
9299,6.7,1,1,1,71.0,3.8,Yes,No,56.0,70.0,NotPlaced
2908,7.5,1,1,1,72.0,4.6,Yes,No,62.0,63.0,NotPlaced
2057,8.0,1,3,0,74.0,3.8,No,Yes,77.0,68.0,NotPlaced
927,7.3,0,1,1,74.0,4.1,No,No,64.0,72.0,NotPlaced
4489,7.6,0,1,1,76.0,4.5,No,No,65.0,68.0,NotPlaced
8843,6.5,1,2,0,77.0,4.2,No,No,55.0,59.0,NotPlaced
7641,8.2,2,3,3,82.0,4.0,Yes,Yes,83.0,80.0,Placed
649,7.6,1,2,0,79.0,4.3,Yes,Yes,79.0,69.0,Placed
8946,7.3,1,2,1,68.0,4.6,No,Yes,65.0,70.0,NotPlaced
3777,8.2,1,3,0,75.0,4.4,Yes,Yes,56.0,82.0,NotPlaced
3126,8.3,1,3,1,87.0,4.4,Yes,Yes,59.0,83.0,Placed
4294,8.2,2,3,2,90.0,4.8,Yes,Yes,88.0,80.0,Placed
1727,8.5,2,3,2,90.0,4.8,Yes,Yes,78.0,84.0,Placed
5238,7.7,0,1,2,86.0,4.5,Yes,Yes,64.0,68.0,NotPlaced
7970,8.4,2,3,2,90.0,4.8,Yes,Yes,82.0,88.0,Placed
9436,6.5,2,1,0,73.0,4.0,No,No,55.0,68.0,NotPlaced
9673,7.5,2,2,1,71.0,3.8,No,Yes,60.0,69.0,NotPlaced
1302,7.3,1,2,1,61.0,4.5,No,Yes,55.0,84.0,NotPlaced
7890,7.6,1,1,1,73.0,3.7,No,No,55.0,72.0,NotPlaced
9647,7.6,1,1,1,67.0,4.4,No,No,62.0,65.0,NotPlaced
8864,7.4,1,1,0,79.0,3.6,No,Yes,57.0,71.0,NotPlaced
5185,8.1,2,2,2,76.0,4.3,Yes,Yes,72.0,87.0,Placed
7011,8.4,1,3,2,90.0,4.8,Yes,Yes,74.0,81.0,Placed
515,7.9,2,3,2,90.0,4.8,Yes,Yes,80.0,84.0,NotPlaced
1551,7.5,2,3,2,88.0,4.8,Yes,Yes,72.0,81.0,NotPlaced
7140,7.5,1,1,1,84.0,4.4,Yes,Yes,64.0,68.0,Placed
5311,7.5,2,1,0,74.0,4.6,No,No,55.0,63.0,NotPlaced
2003,8.2,1,2,2,74.0,4.4,Yes,Yes,72.0,81.0,Placed
4561,6.5,1,2,1,79.0,3.9,No,Yes,57.0,71.0,NotPlaced
3455,7.5,1,2,3,76.0,3.7,No,Yes,55.0,67.0,NotPlaced
2603,6.8,1,1,0,80.0,4.3,No,Yes,55.0,76.0,Placed
9852,8.3,2,3,2,90.0,4.8,Yes,Yes,67.0,88.0,Placed
3483,8.3,2,3,2,90.0,4.8,Yes,Yes,81.0,84.0,Placed
5895,6.9,1,1,0,76.0,3.3,No,Yes,71.0,66.0,NotPlaced
1044,6.5,0,1,0,75.0,4.5,No,No,58.0,84.0,NotPlaced
2817,8.5,0,3,2,90.0,4.7,Yes,Yes,81.0,81.0,Placed
5298,8.3,2,3,0,82.0,4.6,Yes,Yes,80.0,67.0,Placed
7141,7.5,1,1,0,78.0,4.4,Yes,Yes,77.0,88.0,NotPlaced
5643,7.7,0,1,1,87.0,3.9,Yes,No,75.0,82.0,NotPlaced
2362,8.2,2,3,2,90.0,4.7,Yes,Yes,72.0,84.0,Placed
5952,7.4,1,1,1,81.0,4.2,No,No,82.0,61.0,NotPlaced
489,6.6,1,3,0,70.0,4.1,Yes,No,78.0,63.0,Placed
7440,8.1,0,2,0,84.0,4.0,Yes,Yes,68.0,69.0,NotPlaced
3802,6.5,0,1,1,80.0,3.6,No,Yes,68.0,65.0,NotPlaced
9743,6.5,1,1,1,67.0,3.6,No,No,55.0,65.0,NotPlaced
977,7.9,0,1,2,86.0,4.3,No,Yes,61.0,63.0,Placed
721,8.1,1,3,2,90.0,4.6,Yes,Yes,79.0,88.0,Placed
9750,7.3,1,2,0,77.0,3.9,Yes,Yes,63.0,62.0,NotPlaced
2032,8.4,1,3,0,87.0,4.1,Yes,No,55.0,84.0,NotPlaced
9908,8.2,1,3,2,70.0,4.6,Yes,Yes,70.0,88.0,Placed
9242,8.1,2,3,2,88.0,4.8,Yes,Yes,74.0,81.0,Placed
3155,7.9,2,3,2,90.0,4.8,Yes,No,71.0,62.0,Placed
2633,8.4,2,2,0,80.0,4.0,Yes,No,71.0,84.0,NotPlaced
7707,8.4,1,1,2,85.0,4.8,Yes,Yes,75.0,84.0,Placed
1838,7.5,1,2,1,72.0,4.3,No,Yes,57.0,67.0,NotPlaced
3207,8.2,1,3,1,86.0,4.3,Yes,Yes,71.0,85.0,Placed
5249,8.4,1,1,1,84.0,4.2,Yes,No,73.0,74.0,NotPlaced
88,8.5,1,2,2,79.0,3.9,Yes,Yes,76.0,66.0,Placed
7028,8.5,2,3,1,89.0,4.5,No,No,55.0,84.0,Placed
2559,7.5,0,1,0,77.0,4.3,No,Yes,61.0,69.0,NotPlaced
808,8.3,2,2,1,81.0,4.3,Yes,Yes,73.0,72.0,NotPlaced
9085,7.7,1,1,2,71.0,4.0,No,Yes,56.0,64.0,NotPlaced
8529,6.5,1,1,0,82.0,4.6,Yes,Yes,67.0,71.0,NotPlaced
4789,8.6,2,1,3,80.0,4.5,Yes,Yes,83.0,81.0,Placed
7560,7.6,1,2,0,74.0,4.1,No,Yes,67.0,69.0,NotPlaced
3641,7.5,1,1,0,71.0,4.1,Yes,Yes,55.0,70.0,NotPlaced
6772,8.0,2,3,0,75.0,4.4,No,Yes,70.0,82.0,NotPlaced
6862,8.0,0,3,0,86.0,4.5,Yes,Yes,74.0,85.0,Placed
2520,7.7,0,2,0,81.0,4.2,No,Yes,75.0,60.0,NotPlaced
2210,8.3,1,3,2,85.0,4.8,Yes,Yes,71.0,70.0,Placed
1296,6.5,2,1,0,67.0,3.7,No,No,55.0,67.0,NotPlaced
7623,7.5,0,2,0,81.0,4.1,No,No,63.0,64.0,NotPlaced
5176,7.4,1,1,0,77.0,4.1,No,Yes,55.0,68.0,NotPlaced
4682,8.4,0,3,2,78.0,4.8,No,Yes,85.0,65.0,Placed
9744,7.5,1,1,1,75.0,3.9,No,No,55.0,65.0,NotPlaced
98,7.8,2,2,2,90.0,4.8,Yes,No,81.0,82.0,Placed
5623,8.7,0,2,1,80.0,4.8,Yes,Yes,82.0,79.0,Placed
1804,6.5,1,2,0,84.0,4.7,No,Yes,61.0,68.0,NotPlaced
5395,7.0,1,1,2,74.0,4.5,Yes,Yes,78.0,86.0,NotPlaced
2951,8.1,1,3,2,90.0,4.8,Yes,Yes,84.0,88.0,Placed
7666,7.9,2,3,2,83.0,4.5,Yes,Yes,72.0,84.0,NotPlaced
5253,8.1,0,2,1,75.0,4.1,No,Yes,55.0,69.0,Placed
4952,6.5,2,1,1,73.0,4.3,Yes,No,86.0,81.0,NotPlaced
9998,8.4,1,3,0,70.0,4.8,Yes,Yes,79.0,81.0,Placed
4539,7.8,1,1,0,77.0,3.8,No,No,55.0,57.0,NotPlaced
8619,8.3,2,3,2,85.0,4.7,Yes,No,80.0,85.0,Placed
1236,8.5,1,1,1,81.0,4.7,Yes,Yes,77.0,59.0,Placed
9529,8.3,0,1,0,81.0,4.4,Yes,No,76.0,80.0,NotPlaced
4208,6.9,1,2,2,77.0,4.0,No,Yes,55.0,64.0,NotPlaced
2339,8.5,0,3,3,84.0,4.6,No,Yes,86.0,70.0,NotPlaced
4593,8.1,0,3,1,90.0,4.7,Yes,Yes,81.0,86.0,NotPlaced
7765,7.7,2,3,3,84.0,4.2,Yes,Yes,72.0,79.0,NotPlaced
8358,7.2,1,2,2,70.0,4.1,No,No,61.0,69.0,NotPlaced
323,7.9,2,1,0,71.0,4.8,No,Yes,56.0,66.0,NotPlaced
554,6.8,1,1,0,67.0,4.1,No,No,57.0,61.0,NotPlaced
7965,7.4,1,1,0,67.0,4.1,No,No,67.0,66.0,NotPlaced
7273,6.5,1,3,0,82.0,4.7,Yes,Yes,55.0,82.0,Placed
8151,7.5,0,1,1,72.0,4.6,Yes,Yes,55.0,64.0,NotPlaced
6153,7.6,1,2,2,79.0,4.1,No,No,62.0,67.0,NotPlaced
8353,8.1,2,3,0,81.0,4.7,Yes,Yes,84.0,83.0,Placed
9464,7.4,1,2,0,80.0,4.1,No,Yes,64.0,86.0,NotPlaced
5564,6.5,0,2,0,77.0,4.4,No,Yes,68.0,84.0,NotPlaced
3270,8.5,1,1,1,71.0,3.8,No,Yes,63.0,87.0,NotPlaced
682,8.1,2,2,0,71.0,4.4,Yes,Yes,78.0,83.0,Placed
6639,8.2,1,3,1,82.0,4.0,Yes,Yes,55.0,66.0,NotPlaced
7604,6.7,1,3,1,86.0,4.8,Yes,Yes,75.0,80.0,Placed
790,7.6,1,2,1,82.0,4.7,No,Yes,64.0,65.0,NotPlaced
1249,7.3,0,2,0,69.0,3.8,No,Yes,55.0,63.0,NotPlaced
9155,7.3,0,1,2,85.0,4.7,Yes,Yes,74.0,84.0,Placed
8747,6.5,0,3,0,72.0,4.2,Yes,Yes,75.0,69.0,NotPlaced
9275,8.4,1,1,1,83.0,4.8,Yes,No,69.0,83.0,Placed
6065,8.3,1,2,1,79.0,4.2,No,No,55.0,72.0,NotPlaced
5835,7.9,2,3,2,80.0,4.4,Yes,Yes,84.0,81.0,Placed
7933,7.9,1,1,0,71.0,4.4,Yes,Yes,82.0,88.0,Placed
2549,7.5,1,1,1,72.0,4.4,No,Yes,60.0,69.0,NotPlaced
4854,8.4,1,3,2,90.0,4.8,Yes,Yes,77.0,79.0,Placed
8870,8.6,2,1,0,70.0,4.2,No,Yes,56.0,64.0,NotPlaced
5829,6.6,0,1,0,81.0,4.5,Yes,Yes,58.0,86.0,NotPlaced
3507,6.5,0,1,0,79.0,4.3,No,No,66.0,62.0,NotPlaced
4309,8.2,1,2,0,79.0,4.8,No,Yes,56.0,66.0,NotPlaced
6895,7.3,2,3,1,87.0,4.8,No,Yes,73.0,80.0,Placed
7729,7.5,0,1,0,82.0,4.1,Yes,Yes,58.0,69.0,NotPlaced
3728,8.2,0,1,1,89.0,4.7,Yes,Yes,81.0,74.0,NotPlaced
6089,7.6,1,2,0,72.0,3.7,No,No,55.0,64.0,NotPlaced
8504,6.5,1,2,0,77.0,4.0,No,No,65.0,74.0,NotPlaced
3945,7.7,1,1,2,79.0,4.1,Yes,No,61.0,84.0,NotPlaced
2435,8.4,0,3,2,90.0,4.8,Yes,Yes,83.0,83.0,Placed
7581,6.5,0,3,2,73.0,4.5,Yes,Yes,74.0,84.0,Placed
9861,8.3,2,2,1,80.0,4.8,Yes,Yes,79.0,84.0,Placed
4495,7.5,2,1,0,71.0,3.4,Yes,No,84.0,65.0,NotPlaced
1194,7.6,1,1,2,73.0,3.6,No,Yes,62.0,72.0,NotPlaced
6727,7.6,1,2,1,75.0,4.2,No,Yes,70.0,81.0,NotPlaced
4906,7.4,1,1,0,80.0,4.1,No,Yes,75.0,68.0,NotPlaced
3293,6.5,1,2,0,83.0,4.5,No,No,69.0,71.0,NotPlaced
6323,7.7,2,1,0,74.0,3.6,Yes,Yes,69.0,70.0,NotPlaced
3313,8.5,1,3,2,90.0,4.3,Yes,Yes,72.0,87.0,Placed
954,7.6,0,1,1,65.0,4.1,No,No,55.0,62.0,NotPlaced
1921,8.1,0,3,0,69.0,4.1,Yes,No,67.0,59.0,NotPlaced
3909,7.2,0,1,0,73.0,4.1,Yes,Yes,72.0,83.0,Placed
6079,7.7,1,1,1,70.0,4.6,No,Yes,55.0,66.0,NotPlaced
1074,8.3,2,3,2,90.0,4.7,Yes,Yes,82.0,83.0,NotPlaced
2016,7.7,0,3,2,84.0,4.8,Yes,Yes,75.0,86.0,Placed
6450,8.5,1,3,3,87.0,4.3,Yes,Yes,79.0,85.0,Placed
4652,7.5,1,2,0,76.0,4.7,No,Yes,59.0,73.0,NotPlaced
9099,7.8,1,3,1,79.0,3.7,No,No,55.0,67.0,NotPlaced
1442,6.6,1,2,0,81.0,4.8,Yes,Yes,70.0,85.0,NotPlaced
5344,7.6,1,1,0,71.0,4.1,No,Yes,60.0,69.0,NotPlaced
2643,8.5,0,2,1,89.0,4.8,Yes,Yes,56.0,72.0,Placed
6392,8.2,1,3,2,87.0,4.6,Yes,Yes,65.0,85.0,Placed
5832,8.3,1,3,0,68.0,4.6,Yes,Yes,78.0,73.0,Placed
1526,8.7,1,1,2,81.0,4.1,Yes,Yes,72.0,68.0,NotPlaced
49,8.1,1,3,2,90.0,4.6,Yes,Yes,77.0,87.0,Placed
765,7.5,1,3,0,80.0,4.0,Yes,Yes,60.0,62.0,NotPlaced
5625,7.8,2,3,2,82.0,4.6,No,Yes,86.0,81.0,Placed
3810,7.4,1,1,1,76.0,4.6,No,Yes,60.0,57.0,NotPlaced
6377,7.5,1,1,0,79.0,4.3,No,No,58.0,70.0,NotPlaced
3879,8.3,2,3,2,90.0,4.8,Yes,Yes,78.0,87.0,Placed
2014,7.9,1,2,0,75.0,3.8,Yes,No,57.0,66.0,NotPlaced
6587,7.4,1,2,1,67.0,3.6,No,Yes,58.0,67.0,NotPlaced
9670,7.7,1,3,2,74.0,4.2,Yes,Yes,55.0,84.0,NotPlaced
936,6.5,0,1,0,75.0,4.1,No,Yes,83.0,67.0,NotPlaced
6497,7.7,1,2,0,78.0,3.9,Yes,Yes,59.0,70.0,NotPlaced
8178,6.5,1,1,0,88.0,3.9,No,No,69.0,67.0,NotPlaced
3843,8.2,1,3,2,90.0,4.6,Yes,Yes,74.0,85.0,Placed
1156,7.5,0,1,1,78.0,3.9,No,Yes,55.0,75.0,NotPlaced
4648,8.4,1,3,0,81.0,4.7,No,Yes,55.0,87.0,NotPlaced
2098,6.9,2,3,0,80.0,4.4,Yes,Yes,74.0,67.0,NotPlaced
1934,8.5,1,3,0,84.0,4.7,Yes,Yes,58.0,85.0,Placed
4681,7.8,0,1,1,77.0,4.3,No,No,60.0,68.0,Placed
6641,8.3,2,3,2,88.0,4.4,Yes,Yes,81.0,86.0,Placed
867,6.5,1,1,0,75.0,4.7,No,Yes,56.0,69.0,Placed
9183,8.2,1,2,1,83.0,4.7,Yes,Yes,83.0,82.0,Placed
2742,8.8,2,3,2,90.0,4.8,Yes,Yes,77.0,81.0,Placed
7329,6.6,1,1,0,83.0,4.4,No,No,55.0,62.0,NotPlaced
1299,7.5,1,1,0,78.0,4.0,No,No,55.0,71.0,NotPlaced
3229,8.4,1,1,0,84.0,4.7,Yes,No,62.0,63.0,NotPlaced
7782,8.0,1,3,2,90.0,4.8,Yes,Yes,77.0,88.0,Placed
4716,8.5,2,3,2,90.0,4.8,Yes,Yes,83.0,87.0,Placed
3780,7.2,1,1,0,83.0,4.1,No,Yes,77.0,75.0,NotPlaced
6640,7.5,1,2,0,65.0,4.4,No,No,55.0,62.0,NotPlaced
7120,7.5,1,1,0,65.0,3.3,Yes,Yes,55.0,64.0,NotPlaced
1859,7.7,1,1,1,73.0,4.3,No,No,65.0,63.0,NotPlaced
5824,7.8,1,3,1,85.0,4.5,Yes,Yes,87.0,83.0,Placed
6462,8.3,2,3,2,83.0,4.2,Yes,Yes,76.0,86.0,NotPlaced
8860,7.8,1,2,1,74.0,4.8,Yes,Yes,69.0,81.0,NotPlaced
1098,7.6,1,2,0,81.0,4.5,No,Yes,76.0,84.0,NotPlaced
8996,8.4,1,2,0,81.0,4.0,No,Yes,55.0,59.0,Placed
2705,7.5,1,2,2,72.0,4.1,Yes,Yes,66.0,70.0,NotPlaced
8590,8.1,2,1,2,78.0,4.7,Yes,Yes,78.0,71.0,Placed
3118,7.9,1,3,1,82.0,4.1,No,Yes,55.0,69.0,NotPlaced
733,6.5,1,1,1,82.0,3.4,No,No,55.0,72.0,NotPlaced
1012,8.4,1,1,1,70.0,4.8,Yes,No,67.0,84.0,NotPlaced
6315,7.3,0,1,0,78.0,3.3,No,No,60.0,67.0,NotPlaced
6750,7.7,0,2,0,68.0,4.4,Yes,Yes,71.0,66.0,NotPlaced
5100,8.4,1,3,0,90.0,4.7,Yes,Yes,74.0,83.0,Placed
7730,8.3,2,3,0,90.0,4.8,Yes,Yes,75.0,86.0,Placed
4055,7.6,0,1,0,72.0,4.5,No,No,60.0,66.0,NotPlaced
9863,7.8,2,3,0,86.0,4.8,Yes,No,74.0,82.0,Placed
7318,8.4,1,3,0,73.0,4.5,Yes,Yes,82.0,83.0,NotPlaced
4908,7.9,0,2,1,76.0,4.7,Yes,Yes,82.0,82.0,NotPlaced
9891,7.4,1,2,1,75.0,4.0,No,Yes,56.0,68.0,NotPlaced
9139,8.6,2,3,2,88.0,4.8,Yes,Yes,76.0,85.0,Placed
8839,6.9,1,1,0,78.0,4.2,Yes,Yes,66.0,69.0,Placed
4830,8.2,2,3,2,90.0,4.6,Yes,Yes,85.0,85.0,Placed
2967,6.7,2,1,1,75.0,4.6,No,No,61.0,67.0,NotPlaced
3311,8.5,0,3,2,90.0,4.7,Yes,Yes,70.0,86.0,Placed
8888,8.3,1,2,2,85.0,4.6,Yes,Yes,75.0,81.0,Placed
4534,8.7,1,3,2,89.0,4.7,Yes,Yes,79.0,81.0,Placed
9215,8.1,1,3,2,90.0,4.7,Yes,Yes,71.0,85.0,NotPlaced
4624,8.1,2,3,0,74.0,4.3,Yes,Yes,82.0,84.0,NotPlaced
839,6.5,1,2,0,69.0,3.4,No,No,56.0,71.0,NotPlaced
3551,7.8,1,1,0,74.0,4.5,No,No,55.0,62.0,NotPlaced
9481,8.0,1,3,1,80.0,4.6,Yes,No,80.0,70.0,NotPlaced
4412,7.5,1,3,1,74.0,4.7,Yes,Yes,78.0,68.0,Placed
8633,7.8,0,2,1,62.0,3.6,No,No,55.0,66.0,NotPlaced
6590,8.2,1,1,1,88.0,4.8,No,Yes,68.0,77.0,Placed
1893,8.1,0,1,0,83.0,4.2,Yes,Yes,71.0,83.0,NotPlaced
7198,6.9,1,1,0,76.0,4.0,No,Yes,77.0,76.0,NotPlaced
7485,7.5,1,2,0,70.0,4.2,No,Yes,55.0,72.0,Placed
2132,8.1,1,2,1,69.0,4.0,Yes,Yes,86.0,73.0,Placed
1042,7.9,1,2,2,88.0,4.8,Yes,Yes,70.0,84.0,Placed
3946,8.4,2,3,2,90.0,4.8,Yes,Yes,70.0,85.0,Placed
9803,7.3,1,2,0,74.0,3.6,No,Yes,77.0,63.0,NotPlaced
9194,8.6,2,3,2,81.0,4.8,No,Yes,68.0,79.0,Placed
7664,8.5,1,2,0,81.0,4.4,Yes,Yes,79.0,75.0,Placed
7992,6.5,0,3,2,84.0,4.6,Yes,Yes,90.0,84.0,Placed
9940,8.4,1,2,2,81.0,4.6,Yes,Yes,68.0,81.0,NotPlaced
1311,6.6,1,1,0,73.0,3.9,No,No,63.0,62.0,NotPlaced
8614,7.3,1,2,1,86.0,4.3,No,Yes,68.0,64.0,NotPlaced
3379,7.5,2,2,0,73.0,3.3,No,No,55.0,62.0,NotPlaced
530,8.1,1,3,2,90.0,4.5,Yes,Yes,77.0,81.0,Placed
402,7.1,1,3,0,81.0,4.4,Yes,Yes,78.0,72.0,NotPlaced
1849,6.5,1,1,0,60.0,3.6,No,No,58.0,67.0,NotPlaced
5000,8.1,0,2,1,88.0,4.8,No,Yes,62.0,81.0,Placed
6343,7.8,1,2,1,84.0,4.7,Yes,No,80.0,78.0,NotPlaced
4822,8.4,2,3,2,90.0,4.6,Yes,Yes,69.0,82.0,Placed
1735,7.7,0,1,1,67.0,4.8,No,No,56.0,66.0,NotPlaced
3231,8.5,2,3,2,84.0,4.8,Yes,Yes,70.0,85.0,Placed
8774,7.6,0,1,0,71.0,3.9,No,No,59.0,64.0,NotPlaced
5490,8.6,2,3,2,90.0,4.8,Yes,Yes,84.0,79.0,Placed
6844,7.6,2,1,2,79.0,4.5,Yes,Yes,80.0,80.0,Placed
9140,6.7,1,1,0,85.0,4.0,No,Yes,58.0,71.0,NotPlaced
5342,7.7,1,1,1,73.0,3.7,No,Yes,58.0,64.0,NotPlaced
8090,8.2,2,3,2,90.0,4.4,Yes,Yes,88.0,87.0,Placed
1718,6.7,1,1,1,64.0,4.2,No,Yes,69.0,68.0,NotPlaced
1884,7.4,1,1,0,69.0,4.4,No,No,57.0,66.0,NotPlaced
7627,7.4,1,2,0,73.0,4.2,No,No,55.0,61.0,NotPlaced
9799,6.6,0,3,0,85.0,4.0,Yes,No,64.0,62.0,Placed
7183,8.0,2,2,2,85.0,4.7,Yes,Yes,75.0,84.0,Placed
2200,8.5,2,3,0,90.0,4.8,Yes,No,74.0,88.0,Placed
5931,6.8,1,1,0,80.0,3.6,No,No,66.0,69.0,NotPlaced
3891,7.7,1,1,1,80.0,3.9,No,No,59.0,67.0,NotPlaced
7092,7.8,1,2,0,76.0,4.0,Yes,Yes,63.0,88.0,NotPlaced
4485,7.5,1,1,1,70.0,4.6,No,Yes,55.0,65.0,NotPlaced
5081,8.0,2,3,2,90.0,4.7,Yes,Yes,77.0,70.0,NotPlaced
5292,8.1,2,3,2,90.0,4.8,Yes,Yes,79.0,83.0,Placed
2417,7.3,1,2,0,69.0,3.7,No,Yes,55.0,68.0,NotPlaced
1410,8.0,1,3,1,75.0,4.5,Yes,Yes,73.0,71.0,Placed
6073,6.7,1,1,0,79.0,4.0,No,No,57.0,57.0,NotPlaced
7510,7.8,2,2,2,79.0,4.5,Yes,No,72.0,86.0,NotPlaced
5694,9.0,2,3,2,90.0,4.8,Yes,Yes,73.0,86.0,Placed
9713,7.0,1,1,0,68.0,3.9,No,Yes,64.0,65.0,NotPlaced
1472,8.2,1,2,1,83.0,4.7,No,Yes,71.0,72.0,Placed
8632,7.3,1,3,0,80.0,4.2,No,No,67.0,64.0,NotPlaced
8308,7.5,0,1,0,82.0,4.6,Yes,Yes,62.0,69.0,Placed
7020,8.2,0,3,2,90.0,4.7,Yes,Yes,67.0,83.0,Placed
4966,6.7,1,1,1,68.0,4.8,Yes,No,57.0,65.0,NotPlaced
18,8.2,2,3,2,90.0,4.7,Yes,Yes,84.0,86.0,Placed
5767,8.0,0,3,0,76.0,3.6,Yes,Yes,83.0,71.0,NotPlaced
181,8.4,0,1,2,88.0,4.8,Yes,Yes,74.0,82.0,Placed
4432,8.1,1,2,1,76.0,3.7,No,Yes,69.0,82.0,NotPlaced
5742,8.3,2,3,0,90.0,4.8,Yes,Yes,77.0,83.0,Placed
4923,8.5,2,3,2,90.0,4.6,Yes,Yes,80.0,87.0,Placed
4097,6.5,1,2,0,71.0,3.9,No,Yes,55.0,65.0,NotPlaced
9646,8.5,1,3,2,90.0,4.3,Yes,Yes,71.0,85.0,Placed
6235,7.3,2,3,2,90.0,4.3,Yes,Yes,74.0,72.0,NotPlaced
1979,7.3,1,1,1,70.0,3.8,No,No,56.0,71.0,NotPlaced
7350,7.7,1,1,1,76.0,4.6,Yes,Yes,59.0,82.0,NotPlaced
4290,7.4,1,2,1,83.0,4.2,Yes,Yes,59.0,74.0,Placed
5170,7.6,2,1,1,84.0,4.5,No,No,76.0,63.0,NotPlaced
2754,6.5,1,1,0,70.0,4.2,No,Yes,63.0,72.0,NotPlaced
3808,8.5,2,3,2,84.0,4.8,Yes,Yes,86.0,88.0,Placed
2622,7.5,1,1,1,69.0,3.7,No,No,55.0,63.0,NotPlaced
4721,7.6,1,3,1,77.0,4.1,Yes,No,63.0,87.0,Placed
1769,8.6,2,3,1,86.0,4.8,Yes,No,77.0,85.0,Placed
1796,8.3,0,2,2,82.0,4.4,No,Yes,81.0,67.0,NotPlaced
1606,8.2,0,2,0,89.0,4.1,No,Yes,55.0,82.0,NotPlaced
4486,8.7,1,3,0,90.0,4.2,Yes,Yes,71.0,68.0,Placed
1124,6.9,1,2,1,70.0,4.1,No,No,60.0,64.0,NotPlaced
2145,8.5,0,3,2,87.0,4.7,Yes,Yes,58.0,76.0,Placed
2436,8.0,1,2,0,61.0,3.6,Yes,No,59.0,64.0,NotPlaced
4164,8.2,1,1,2,69.0,4.6,Yes,Yes,81.0,65.0,Placed
6658,7.8,1,2,0,90.0,4.8,Yes,Yes,84.0,84.0,NotPlaced
1607,7.4,1,2,0,67.0,3.3,No,No,56.0,60.0,NotPlaced
8729,8.5,1,3,2,90.0,4.8,Yes,Yes,76.0,85.0,Placed
5347,7.4,1,1,0,80.0,4.8,No,Yes,64.0,73.0,NotPlaced
575,7.6,2,1,2,87.0,4.8,Yes,No,88.0,62.0,NotPlaced
1708,8.5,0,3,2,85.0,4.8,Yes,Yes,80.0,88.0,Placed
6411,7.4,0,2,1,80.0,4.1,No,No,66.0,64.0,NotPlaced
4088,7.7,2,3,1,89.0,4.7,Yes,Yes,61.0,84.0,Placed
6802,8.4,2,3,2,88.0,4.8,Yes,Yes,70.0,84.0,Placed
1285,8.6,0,3,2,89.0,4.3,Yes,Yes,83.0,68.0,Placed
4857,7.4,0,1,1,70.0,3.9,No,No,57.0,69.0,NotPlaced
5384,7.7,2,3,0,77.0,4.6,Yes,Yes,70.0,69.0,NotPlaced
8820,6.8,1,3,0,83.0,4.4,No,Yes,58.0,63.0,NotPlaced
3120,7.7,1,2,2,85.0,4.8,Yes,Yes,87.0,86.0,Placed
1536,8.2,2,3,1,78.0,4.4,Yes,Yes,67.0,85.0,NotPlaced
6817,8.1,1,3,1,80.0,4.0,Yes,Yes,75.0,85.0,NotPlaced
2687,7.9,1,3,0,83.0,4.6,Yes,Yes,81.0,68.0,Placed
6981,6.5,1,1,0,61.0,4.1,No,No,66.0,69.0,NotPlaced
6723,8.5,2,3,2,89.0,4.8,Yes,Yes,78.0,82.0,Placed
7246,8.2,1,1,0,76.0,4.8,No,Yes,82.0,82.0,Placed
5668,6.5,1,3,1,79.0,4.2,Yes,Yes,56.0,65.0,NotPlaced
32,7.4,1,2,1,76.0,4.7,No,Yes,66.0,69.0,NotPlaced
1409,7.8,1,3,1,87.0,4.5,Yes,Yes,69.0,82.0,Placed
9165,8.2,1,3,0,84.0,4.1,Yes,Yes,77.0,67.0,Placed
8702,7.9,0,3,1,81.0,4.6,No,No,66.0,70.0,NotPlaced
4703,8.5,2,3,2,90.0,4.6,Yes,Yes,74.0,85.0,Placed
7514,8.5,0,3,2,88.0,4.5,Yes,Yes,85.0,88.0,Placed
874,8.6,2,3,2,90.0,4.8,Yes,Yes,84.0,85.0,Placed
9706,8.2,1,2,1,79.0,4.2,Yes,Yes,74.0,82.0,Placed
3196,7.6,0,1,0,75.0,4.3,Yes,Yes,55.0,66.0,NotPlaced
9914,7.6,2,1,2,88.0,4.6,Yes,Yes,70.0,87.0,Placed
63,7.2,1,2,0,74.0,4.1,No,No,70.0,65.0,NotPlaced
5394,8.2,1,3,0,84.0,4.5,Yes,Yes,70.0,74.0,Placed
7419,7.5,1,1,1,77.0,4.4,Yes,No,70.0,67.0,NotPlaced
8379,8.6,2,3,2,90.0,4.8,Yes,Yes,80.0,85.0,NotPlaced
8042,8.4,0,1,2,89.0,4.8,Yes,Yes,62.0,87.0,Placed
4167,7.5,0,1,0,76.0,4.4,No,Yes,55.0,65.0,NotPlaced
4738,8.3,2,2,0,90.0,4.3,Yes,Yes,61.0,71.0,Placed
3978,7.7,1,2,1,76.0,3.8,No,Yes,59.0,64.0,NotPlaced
2133,8.1,1,1,0,62.0,3.0,No,No,55.0,67.0,NotPlaced
9704,7.6,0,2,0,75.0,3.8,Yes,Yes,67.0,68.0,NotPlaced
4071,8.4,2,3,2,90.0,4.8,Yes,Yes,69.0,83.0,Placed
6422,7.4,1,1,0,83.0,4.4,No,Yes,55.0,71.0,NotPlaced
6622,7.0,1,1,0,71.0,4.1,No,Yes,56.0,73.0,NotPlaced
591,6.5,0,3,0,68.0,4.2,Yes,No,64.0,62.0,Placed
3406,8.2,1,2,0,87.0,4.2,Yes,Yes,73.0,84.0,NotPlaced
987,7.5,1,1,0,66.0,3.8,No,No,58.0,63.0,NotPlaced
5797,7.0,1,3,2,85.0,4.3,No,Yes,74.0,72.0,Placed
9315,8.5,1,3,0,86.0,4.8,Yes,Yes,70.0,86.0,Placed
3422,8.4,2,1,2,87.0,4.5,Yes,No,63.0,82.0,Placed
5113,7.2,0,2,1,78.0,4.4,No,Yes,79.0,61.0,NotPlaced
4317,7.3,1,1,0,76.0,4.2,No,Yes,55.0,66.0,NotPlaced
3804,8.5,2,2,2,89.0,4.8,Yes,Yes,68.0,83.0,Placed
5942,7.7,1,2,2,82.0,4.8,No,Yes,82.0,76.0,Placed
7378,7.7,2,2,0,71.0,4.0,No,Yes,55.0,72.0,Placed
1191,6.5,2,3,0,85.0,4.0,No,No,55.0,73.0,NotPlaced
6907,7.3,1,1,0,73.0,4.0,No,Yes,66.0,66.0,NotPlaced
6173,7.6,1,1,0,79.0,3.7,No,Yes,55.0,65.0,Placed
8878,8.2,1,3,2,90.0,4.8,Yes,Yes,66.0,84.0,Placed
5616,8.3,2,3,0,86.0,4.7,Yes,Yes,76.0,84.0,Placed
636,7.4,1,1,1,69.0,3.8,No,Yes,55.0,64.0,Placed
7819,6.6,1,1,0,74.0,4.7,Yes,No,68.0,64.0,NotPlaced
9126,7.4,1,1,1,65.0,4.3,No,No,63.0,66.0,NotPlaced
7725,8.5,1,3,2,90.0,4.8,Yes,Yes,84.0,81.0,Placed
355,7.8,1,3,2,77.0,4.2,Yes,No,77.0,82.0,NotPlaced
2999,8.4,2,3,2,90.0,4.7,Yes,Yes,78.0,83.0,Placed
7979,8.4,2,2,0,90.0,4.5,Yes,Yes,76.0,85.0,NotPlaced
3595,7.7,0,1,0,77.0,4.1,No,Yes,77.0,71.0,Placed
5533,7.5,1,2,1,72.0,4.5,Yes,Yes,78.0,81.0,NotPlaced
5946,8.1,0,3,2,84.0,4.8,Yes,Yes,74.0,86.0,NotPlaced
4937,7.5,1,1,0,60.0,3.7,No,Yes,55.0,74.0,NotPlaced
6635,8.7,1,2,2,86.0,4.8,Yes,Yes,89.0,85.0,Placed
8728,7.5,1,1,0,77.0,4.0,No,Yes,62.0,67.0,NotPlaced
8572,8.7,2,3,2,90.0,4.8,Yes,Yes,80.0,84.0,Placed
9416,8.6,2,3,1,82.0,4.5,Yes,Yes,77.0,82.0,Placed
6820,7.8,2,3,2,83.0,4.5,Yes,No,90.0,83.0,NotPlaced
4131,7.8,0,1,1,78.0,4.7,No,Yes,63.0,61.0,Placed
8740,7.9,2,3,2,90.0,4.8,Yes,Yes,82.0,88.0,Placed
5215,7.4,1,2,0,68.0,4.2,No,Yes,55.0,60.0,NotPlaced
4324,8.2,0,1,0,69.0,4.8,No,Yes,80.0,66.0,NotPlaced
3623,7.5,1,1,1,78.0,3.9,No,No,55.0,64.0,NotPlaced
2701,6.7,1,1,0,86.0,4.8,No,Yes,55.0,64.0,Placed
7685,7.9,0,2,0,81.0,4.5,Yes,Yes,74.0,87.0,NotPlaced
153,7.8,0,1,0,81.0,3.9,Yes,Yes,79.0,65.0,Placed
1469,8.5,0,3,2,84.0,4.1,Yes,Yes,84.0,84.0,NotPlaced
7427,8.2,1,3,2,88.0,4.8,Yes,Yes,75.0,82.0,Placed
2513,6.8,1,1,1,78.0,4.1,Yes,No,78.0,86.0,NotPlaced
7552,7.8,0,1,0,63.0,4.2,No,Yes,56.0,70.0,NotPlaced
9339,6.9,0,1,1,60.0,3.6,No,Yes,55.0,59.0,NotPlaced
8762,7.7,1,3,2,78.0,4.4,Yes,No,83.0,85.0,NotPlaced
5930,6.6,1,1,0,78.0,4.3,No,Yes,83.0,70.0,NotPlaced
6823,8.4,2,2,2,78.0,4.5,Yes,Yes,75.0,80.0,Placed
829,8.3,1,3,3,90.0,4.8,Yes,Yes,80.0,81.0,Placed
1038,8.4,1,3,2,89.0,4.2,Yes,Yes,76.0,83.0,Placed
2270,8.2,1,2,2,89.0,4.3,Yes,Yes,76.0,83.0,Placed
9313,8.1,1,1,2,82.0,4.8,Yes,No,70.0,78.0,NotPlaced
3076,7.7,0,3,2,90.0,4.5,No,Yes,86.0,86.0,Placed
4613,7.6,1,1,0,65.0,4.1,Yes,No,55.0,65.0,NotPlaced
2638,8.1,1,3,2,86.0,4.6,Yes,Yes,88.0,84.0,Placed
5381,8.4,1,3,2,90.0,4.8,Yes,Yes,83.0,84.0,Placed
4688,7.6,1,1,0,60.0,4.2,No,Yes,73.0,65.0,NotPlaced
5054,7.5,1,1,0,75.0,3.9,No,Yes,55.0,64.0,NotPlaced
8609,7.4,0,1,0,79.0,3.8,No,No,55.0,67.0,NotPlaced
6483,7.4,1,1,0,64.0,4.2,No,Yes,56.0,71.0,NotPlaced
4986,7.0,1,3,2,87.0,3.9,Yes,Yes,64.0,72.0,NotPlaced
7137,8.8,2,2,0,83.0,4.4,Yes,Yes,68.0,84.0,NotPlaced
5057,8.6,0,3,2,81.0,3.9,Yes,Yes,82.0,71.0,Placed
1342,7.4,0,3,2,80.0,4.4,Yes,Yes,79.0,67.0,NotPlaced
4718,7.0,0,2,1,73.0,3.9,No,No,64.0,59.0,NotPlaced
1338,7.5,2,3,1,90.0,4.4,No,Yes,81.0,81.0,NotPlaced
6182,6.5,0,2,2,66.0,4.0,Yes,Yes,61.0,65.0,NotPlaced
4004,8.5,2,3,2,90.0,4.8,Yes,Yes,72.0,86.0,Placed
7433,7.1,1,1,0,69.0,3.6,Yes,Yes,55.0,70.0,NotPlaced
6328,7.6,0,1,0,72.0,4.0,No,Yes,55.0,73.0,NotPlaced
9042,7.7,1,1,0,78.0,3.8,No,Yes,55.0,68.0,NotPlaced
8101,8.3,2,3,2,84.0,4.4,Yes,Yes,83.0,84.0,Placed
833,8.0,1,2,0,87.0,4.4,Yes,Yes,87.0,82.0,Placed
7293,6.7,0,1,0,76.0,4.2,Yes,Yes,62.0,66.0,NotPlaced
3226,7.5,1,2,0,76.0,3.4,No,Yes,79.0,71.0,NotPlaced
5093,7.4,1,1,1,77.0,4.1,Yes,Yes,73.0,74.0,NotPlaced
3976,6.8,0,1,2,77.0,4.6,Yes,No,72.0,73.0,NotPlaced
6077,7.6,1,1,0,72.0,3.4,No,No,77.0,67.0,NotPlaced
596,8.5,2,3,2,90.0,4.8,Yes,Yes,80.0,84.0,Placed
2204,6.5,0,2,1,60.0,3.1,No,No,65.0,71.0,NotPlaced
4956,8.2,2,1,0,79.0,4.6,Yes,No,63.0,65.0,NotPlaced
744,6.7,1,1,0,78.0,3.1,No,Yes,74.0,58.0,NotPlaced
9924,7.3,0,2,1,69.0,4.1,No,Yes,63.0,67.0,NotPlaced
8446,8.1,1,3,2,80.0,4.5,Yes,No,83.0,84.0,Placed
3565,8.5,1,3,0,86.0,4.6,Yes,No,90.0,64.0,Placed
9923,7.9,1,1,1,79.0,4.0,Yes,Yes,81.0,64.0,NotPlaced
527,8.1,0,2,0,80.0,4.5,No,Yes,69.0,83.0,NotPlaced
3410,8.0,2,1,0,82.0,4.6,Yes,Yes,61.0,79.0,Placed
3983,8.4,0,3,0,90.0,4.8,Yes,Yes,77.0,84.0,Placed
4967,8.3,2,3,2,90.0,4.7,Yes,Yes,85.0,82.0,Placed
6438,7.2,2,2,0,88.0,4.8,No,Yes,55.0,65.0,NotPlaced
4229,6.8,1,1,0,71.0,4.5,No,No,63.0,69.0,NotPlaced
5891,6.9,0,1,0,72.0,4.4,No,No,55.0,57.0,NotPlaced
9563,7.8,1,1,0,66.0,4.6,No,No,58.0,80.0,NotPlaced
9692,7.6,0,2,1,85.0,4.3,Yes,Yes,74.0,81.0,Placed
2022,6.9,1,1,2,78.0,4.6,Yes,Yes,65.0,82.0,NotPlaced
6266,8.7,0,3,0,72.0,4.7,No,No,55.0,66.0,NotPlaced
6023,7.6,1,1,0,72.0,4.2,No,Yes,74.0,69.0,NotPlaced
9955,6.5,0,1,0,74.0,4.4,Yes,Yes,72.0,64.0,NotPlaced
4419,7.8,1,1,0,68.0,4.3,Yes,Yes,56.0,72.0,NotPlaced
832,6.7,1,2,1,60.0,4.1,No,No,55.0,70.0,NotPlaced
7223,7.3,1,2,0,82.0,4.4,Yes,No,55.0,65.0,NotPlaced
5018,7.6,1,1,0,75.0,4.0,No,No,55.0,57.0,NotPlaced
7303,8.1,2,3,1,90.0,4.7,Yes,No,74.0,84.0,Placed
4340,8.3,2,3,2,90.0,4.8,Yes,Yes,76.0,80.0,Placed
7745,8.0,1,2,1,80.0,4.7,Yes,Yes,70.0,81.0,NotPlaced
4740,7.9,2,3,2,90.0,4.8,Yes,No,88.0,77.0,Placed
1844,8.8,2,3,3,90.0,4.8,Yes,Yes,72.0,76.0,Placed
9775,8.0,1,0,2,89.0,4.8,Yes,Yes,90.0,80.0,Placed
8372,8.3,2,3,2,90.0,4.3,Yes,Yes,75.0,82.0,NotPlaced
5375,7.6,1,3,1,77.0,4.6,Yes,Yes,57.0,69.0,Placed
9300,6.5,0,1,1,75.0,3.4,No,No,58.0,62.0,NotPlaced
6917,6.5,1,1,1,70.0,3.5,No,Yes,60.0,75.0,NotPlaced
1022,7.5,1,2,1,79.0,4.6,No,Yes,65.0,71.0,NotPlaced
1742,8.2,0,3,0,86.0,4.3,Yes,No,78.0,72.0,Placed
3939,7.6,1,3,0,87.0,4.4,Yes,Yes,71.0,71.0,Placed
4089,8.2,0,3,1,90.0,4.8,Yes,Yes,82.0,84.0,Placed
5232,8.6,0,3,2,81.0,4.8,Yes,Yes,82.0,84.0,Placed
9456,8.2,1,3,2,90.0,4.8,Yes,Yes,66.0,88.0,Placed
4168,7.7,2,2,0,79.0,4.2,Yes,Yes,58.0,73.0,Placed
7368,7.4,1,1,1,73.0,3.6,No,Yes,62.0,63.0,NotPlaced
7171,8.7,1,3,3,87.0,4.7,Yes,Yes,68.0,84.0,Placed
968,6.5,1,2,0,66.0,4.0,No,No,57.0,71.0,NotPlaced
8532,7.5,0,2,0,80.0,3.8,Yes,Yes,77.0,69.0,NotPlaced
6532,7.5,1,2,0,64.0,3.4,No,Yes,55.0,68.0,NotPlaced
8979,6.5,1,3,2,77.0,4.5,No,Yes,73.0,67.0,Placed
3252,7.4,2,2,0,81.0,4.7,Yes,Yes,74.0,65.0,NotPlaced
5403,8.6,2,3,2,87.0,4.8,Yes,Yes,81.0,88.0,Placed
154,8.1,2,3,3,90.0,4.8,Yes,Yes,80.0,83.0,Placed
1873,6.9,1,3,1,78.0,4.4,Yes,Yes,79.0,78.0,NotPlaced
6135,8.0,1,3,3,90.0,4.8,Yes,Yes,67.0,84.0,Placed
1390,6.5,0,1,1,68.0,4.1,No,Yes,55.0,68.0,NotPlaced
2264,7.4,0,1,0,85.0,3.9,No,Yes,68.0,63.0,NotPlaced
4921,7.3,1,2,1,67.0,4.6,No,No,59.0,80.0,NotPlaced
5051,6.6,1,2,0,87.0,4.6,No,Yes,80.0,71.0,NotPlaced
5679,8.6,2,3,1,90.0,4.8,Yes,Yes,75.0,83.0,Placed
2733,7.4,1,2,1,71.0,4.3,Yes,Yes,67.0,73.0,NotPlaced
882,7.7,0,1,1,71.0,4.0,No,No,55.0,62.0,NotPlaced
3676,7.5,1,2,0,86.0,4.8,Yes,Yes,55.0,71.0,NotPlaced
3868,8.3,1,3,0,76.0,4.3,Yes,Yes,73.0,88.0,NotPlaced
1549,8.3,1,1,1,90.0,4.8,Yes,Yes,84.0,88.0,Placed
4950,7.7,1,2,2,80.0,4.5,No,Yes,78.0,84.0,Placed
5149,8.7,2,3,2,90.0,4.8,Yes,Yes,73.0,84.0,Placed
3968,6.5,1,1,1,84.0,4.6,No,No,85.0,73.0,NotPlaced
4968,8.0,1,3,2,90.0,4.8,Yes,Yes,69.0,85.0,NotPlaced
9253,6.5,1,2,0,69.0,4.7,No,Yes,80.0,69.0,NotPlaced
9987,7.5,0,2,1,66.0,3.9,No,Yes,55.0,61.0,NotPlaced
3274,8.6,2,3,2,84.0,4.7,Yes,Yes,71.0,82.0,Placed
6336,7.0,1,1,1,73.0,4.3,Yes,Yes,62.0,57.0,NotPlaced
5323,7.6,1,1,0,77.0,4.2,Yes,Yes,68.0,86.0,NotPlaced
8588,8.1,1,2,0,89.0,4.7,Yes,Yes,75.0,85.0,Placed
148,7.9,1,3,1,80.0,4.2,Yes,Yes,56.0,82.0,Placed
9769,8.1,1,3,2,90.0,4.6,Yes,Yes,81.0,88.0,Placed
8977,8.3,2,3,2,90.0,4.8,Yes,Yes,81.0,88.0,Placed
1420,6.9,0,1,0,69.0,3.4,No,No,55.0,66.0,NotPlaced
7138,6.6,0,1,2,81.0,4.0,No,Yes,64.0,71.0,NotPlaced
8913,8.2,1,2,2,90.0,4.8,Yes,No,70.0,85.0,NotPlaced
5922,6.5,0,1,1,66.0,4.1,No,No,67.0,67.0,NotPlaced
1914,6.5,1,1,3,87.0,4.2,Yes,Yes,80.0,82.0,Placed
1099,7.4,1,1,0,74.0,3.8,No,Yes,55.0,70.0,NotPlaced
5636,6.6,0,2,0,64.0,3.3,No,Yes,57.0,65.0,NotPlaced
3389,6.6,0,1,3,75.0,3.9,No,No,56.0,73.0,NotPlaced
8412,7.7,1,3,2,76.0,4.4,Yes,Yes,61.0,83.0,NotPlaced
8748,8.0,2,3,2,90.0,4.8,Yes,Yes,80.0,88.0,Placed
6752,8.3,2,3,1,83.0,4.5,Yes,Yes,60.0,63.0,Placed
302,8.1,1,3,0,70.0,4.8,Yes,No,71.0,72.0,NotPlaced
3997,6.5,1,1,0,89.0,3.9,No,Yes,56.0,71.0,NotPlaced
8233,6.7,0,1,1,78.0,4.3,No,No,60.0,66.0,NotPlaced
6194,8.6,1,3,2,90.0,4.7,Yes,Yes,84.0,84.0,Placed
2279,7.8,1,2,0,72.0,4.5,No,Yes,55.0,69.0,NotPlaced
1647,8.5,0,3,2,90.0,4.3,Yes,Yes,80.0,85.0,Placed
3947,7.5,1,2,0,82.0,3.7,No,No,73.0,84.0,NotPlaced
89,8.8,1,3,0,76.0,4.7,Yes,Yes,75.0,84.0,Placed
7962,8.0,0,3,3,84.0,4.8,Yes,Yes,90.0,84.0,Placed
7030,8.3,1,1,0,69.0,4.8,Yes,No,83.0,67.0,Placed
4757,7.8,1,1,0,79.0,4.6,No,No,76.0,63.0,NotPlaced
2068,7.9,0,3,1,77.0,4.7,Yes,No,81.0,63.0,NotPlaced
7830,8.4,1,1,0,75.0,3.7,Yes,No,59.0,65.0,NotPlaced
6116,7.5,0,3,2,86.0,4.4,No,Yes,83.0,85.0,NotPlaced
6903,7.2,1,2,0,79.0,4.1,No,Yes,55.0,64.0,NotPlaced
2090,8.7,1,1,2,80.0,3.8,Yes,Yes,60.0,75.0,NotPlaced
9723,8.6,0,1,0,82.0,4.6,No,No,71.0,65.0,NotPlaced
8784,8.3,1,3,0,90.0,4.7,Yes,Yes,71.0,86.0,Placed
5486,8.2,1,1,1,76.0,4.1,No,No,58.0,80.0,NotPlaced
4493,8.4,1,3,1,84.0,4.5,Yes,Yes,75.0,88.0,Placed
346,7.1,1,1,1,63.0,3.6,No,Yes,58.0,68.0,NotPlaced
9876,6.5,1,2,0,68.0,3.7,No,Yes,58.0,65.0,NotPlaced
7448,7.7,1,1,1,75.0,3.5,No,No,71.0,66.0,Placed
3494,7.5,1,2,1,82.0,4.7,No,Yes,55.0,72.0,NotPlaced
6286,6.5,1,1,1,70.0,3.3,No,Yes,55.0,60.0,NotPlaced
9879,7.6,2,3,1,79.0,4.8,No,Yes,67.0,85.0,Placed
8992,8.7,2,3,2,81.0,4.6,Yes,Yes,79.0,85.0,Placed
4103,7.7,1,3,0,90.0,4.0,Yes,Yes,77.0,81.0,NotPlaced
90,7.2,1,2,0,68.0,4.2,Yes,Yes,57.0,66.0,NotPlaced
4504,7.5,1,3,1,89.0,4.8,Yes,Yes,80.0,86.0,NotPlaced
6735,7.6,1,3,0,80.0,4.7,Yes,Yes,77.0,84.0,Placed
4366,8.0,1,2,0,85.0,4.3,No,Yes,59.0,72.0,NotPlaced
1221,8.3,1,2,0,74.0,4.7,Yes,Yes,88.0,65.0,Placed
3300,7.1,1,3,2,76.0,4.8,Yes,Yes,78.0,80.0,Placed
195,6.5,0,1,0,75.0,3.7,No,No,58.0,62.0,NotPlaced
5501,8.1,1,1,0,69.0,4.8,No,No,63.0,70.0,NotPlaced
2002,8.1,1,2,0,83.0,4.6,Yes,Yes,75.0,75.0,NotPlaced
6221,7.6,1,1,1,71.0,4.5,Yes,No,61.0,72.0,Placed
8405,7.5,1,2,1,77.0,4.7,Yes,Yes,86.0,88.0,Placed
6380,7.6,0,2,0,74.0,4.0,Yes,Yes,62.0,63.0,Placed
5670,8.7,1,3,2,85.0,4.8,Yes,Yes,75.0,85.0,Placed
5420,7.5,0,2,0,79.0,3.7,No,No,78.0,85.0,Placed
8743,7.5,1,1,1,70.0,3.3,No,No,59.0,58.0,NotPlaced
45,7.4,1,3,0,86.0,4.8,No,Yes,70.0,73.0,NotPlaced
8727,8.0,2,3,2,89.0,4.8,Yes,Yes,79.0,80.0,NotPlaced
7973,8.2,1,2,3,84.0,4.0,Yes,Yes,82.0,63.0,NotPlaced
8024,7.5,1,2,0,69.0,3.5,No,No,55.0,62.0,NotPlaced
9630,6.7,1,1,0,81.0,4.8,No,No,59.0,67.0,NotPlaced
9937,8.2,1,3,2,85.0,4.6,Yes,Yes,71.0,83.0,Placed
5240,7.5,0,2,0,88.0,4.2,No,No,55.0,64.0,Placed
9195,8.5,2,1,1,70.0,4.3,Yes,Yes,58.0,63.0,Placed
8560,7.7,1,2,1,72.0,4.5,No,Yes,55.0,65.0,NotPlaced
1933,8.2,0,1,0,76.0,4.4,Yes,Yes,56.0,81.0,NotPlaced
5697,8.1,0,3,0,86.0,3.7,Yes,Yes,90.0,85.0,Placed
2245,7.4,0,1,1,69.0,4.0,No,Yes,60.0,71.0,NotPlaced
253,6.6,1,2,1,82.0,4.4,Yes,Yes,74.0,82.0,NotPlaced
4248,8.1,1,3,0,81.0,3.7,No,Yes,55.0,75.0,NotPlaced
2766,8.4,2,1,1,79.0,4.3,Yes,Yes,74.0,68.0,Placed
972,6.7,1,2,0,77.0,4.4,No,Yes,58.0,65.0,NotPlaced
9308,8.3,1,3,2,85.0,4.8,Yes,Yes,80.0,82.0,Placed
4301,7.7,1,3,1,79.0,4.4,Yes,Yes,70.0,84.0,Placed
4180,6.5,2,2,2,87.0,4.7,Yes,Yes,70.0,82.0,Placed
4575,7.6,0,1,0,70.0,4.6,No,Yes,77.0,64.0,Placed
3408,7.9,1,3,2,90.0,4.7,Yes,Yes,83.0,82.0,Placed
118,6.5,1,2,0,65.0,4.4,No,Yes,61.0,68.0,NotPlaced
1049,7.7,1,1,1,71.0,4.2,No,Yes,55.0,72.0,NotPlaced
8409,8.2,1,3,2,81.0,4.8,Yes,Yes,75.0,83.0,Placed
5550,7.9,2,3,2,85.0,4.7,Yes,Yes,90.0,84.0,Placed
7335,7.8,0,1,0,74.0,4.5,No,No,55.0,69.0,NotPlaced
8868,8.0,2,3,3,85.0,4.8,Yes,Yes,77.0,81.0,NotPlaced
5788,8.2,1,1,2,72.0,4.1,No,Yes,79.0,69.0,NotPlaced
2895,6.7,1,1,1,82.0,4.3,No,Yes,55.0,65.0,NotPlaced
2190,8.3,0,2,0,70.0,4.1,No,Yes,55.0,72.0,NotPlaced
8321,6.5,1,1,0,78.0,4.5,No,Yes,75.0,68.0,NotPlaced
3519,7.2,1,1,0,70.0,3.7,No,No,55.0,58.0,NotPlaced
9135,8.3,0,2,2,72.0,4.0,Yes,Yes,74.0,79.0,NotPlaced
8723,7.0,0,1,0,69.0,4.4,Yes,Yes,71.0,72.0,Placed
6763,7.4,1,2,2,77.0,4.1,No,No,55.0,71.0,Placed
8571,7.7,1,3,1,83.0,4.8,Yes,Yes,73.0,68.0,Placed
81,6.6,1,1,1,69.0,3.6,No,Yes,55.0,72.0,NotPlaced
2355,8.0,2,3,2,90.0,4.8,Yes,Yes,88.0,83.0,Placed
5423,8.3,0,3,0,88.0,4.7,Yes,Yes,73.0,74.0,Placed
1793,7.6,1,1,0,60.0,4.2,No,No,62.0,67.0,NotPlaced
6892,6.6,1,1,1,69.0,4.5,No,Yes,61.0,68.0,NotPlaced
5351,8.0,1,3,2,87.0,4.6,Yes,No,83.0,82.0,Placed
4010,7.9,2,3,1,70.0,4.5,Yes,No,78.0,88.0,NotPlaced
4930,8.2,1,3,2,86.0,4.8,Yes,Yes,86.0,83.0,Placed
8567,8.0,2,3,2,89.0,4.5,Yes,Yes,76.0,87.0,Placed
9146,7.4,1,1,0,82.0,4.5,Yes,Yes,79.0,68.0,NotPlaced
6481,8.2,1,3,2,81.0,4.3,Yes,Yes,82.0,84.0,Placed
3292,8.3,0,3,2,90.0,4.8,Yes,Yes,83.0,84.0,Placed
7216,8.4,1,2,1,87.0,3.6,No,Yes,55.0,57.0,NotPlaced
894,6.5,0,3,1,67.0,3.5,Yes,Yes,86.0,72.0,Placed
9281,8.2,1,1,2,75.0,4.3,No,Yes,70.0,85.0,Placed
2173,7.8,1,2,0,71.0,3.7,Yes,Yes,82.0,64.0,Placed
9034,8.9,1,3,0,83.0,4.8,Yes,Yes,77.0,76.0,Placed
1694,7.5,2,1,0,78.0,4.2,Yes,Yes,55.0,66.0,NotPlaced
783,7.8,0,1,1,69.0,4.2,No,No,57.0,71.0,NotPlaced
4990,7.7,1,1,1,64.0,3.9,No,No,58.0,66.0,NotPlaced
4750,8.3,1,1,0,80.0,3.6,No,Yes,80.0,75.0,NotPlaced
7443,6.5,1,2,0,61.0,4.5,No,No,75.0,68.0,NotPlaced
5634,8.2,2,3,2,86.0,4.4,Yes,Yes,79.0,85.0,Placed
3911,6.8,1,1,0,76.0,4.1,No,No,55.0,62.0,NotPlaced
486,6.7,1,1,1,73.0,4.0,No,Yes,62.0,65.0,NotPlaced
2916,8.4,2,3,2,90.0,4.6,Yes,Yes,74.0,85.0,Placed
2337,7.5,1,2,1,90.0,3.4,No,Yes,59.0,72.0,NotPlaced
6787,7.9,1,3,3,81.0,4.5,Yes,Yes,60.0,84.0,Placed
9366,8.4,2,3,2,90.0,4.8,Yes,Yes,79.0,88.0,Placed
2888,6.5,1,2,0,68.0,4.4,No,Yes,72.0,70.0,Placed
7695,7.4,1,1,1,80.0,4.2,Yes,Yes,75.0,65.0,Placed
9776,6.6,1,1,1,85.0,3.4,No,No,55.0,66.0,Placed
7469,8.5,0,2,2,85.0,4.1,Yes,Yes,59.0,82.0,Placed
7898,7.1,1,1,1,64.0,4.5,No,No,66.0,64.0,NotPlaced
3158,7.4,1,3,1,71.0,4.4,Yes,No,63.0,76.0,NotPlaced
1451,6.9,0,3,0,81.0,4.2,No,Yes,83.0,85.0,Placed
9623,7.6,1,1,1,83.0,4.5,Yes,Yes,74.0,79.0,NotPlaced
3769,7.3,2,1,1,79.0,4.8,Yes,No,58.0,66.0,NotPlaced
868,8.2,2,3,1,70.0,3.8,No,No,73.0,65.0,NotPlaced
3849,6.6,1,1,1,60.0,3.4,No,No,55.0,66.0,NotPlaced
5720,7.2,1,2,2,82.0,4.5,Yes,No,55.0,61.0,NotPlaced
6771,8.0,1,3,2,79.0,3.7,Yes,Yes,80.0,86.0,Placed
214,7.8,2,2,2,77.0,4.2,Yes,No,57.0,69.0,NotPlaced
558,6.5,1,2,1,60.0,3.5,No,No,60.0,65.0,NotPlaced
3454,7.6,1,2,0,65.0,4.3,Yes,Yes,71.0,62.0,NotPlaced
3246,8.3,2,3,2,79.0,4.7,Yes,Yes,85.0,65.0,Placed
2914,8.7,2,3,2,81.0,4.8,Yes,Yes,87.0,85.0,Placed
1653,7.6,2,3,2,90.0,4.8,Yes,No,76.0,85.0,Placed
962,7.3,1,1,1,83.0,3.9,Yes,No,67.0,70.0,NotPlaced
4705,7.7,1,1,0,68.0,4.3,No,Yes,65.0,67.0,NotPlaced
4888,6.5,0,3,2,72.0,4.1,Yes,Yes,87.0,80.0,Placed
8366,8.1,2,3,1,90.0,4.7,Yes,Yes,74.0,88.0,NotPlaced
3481,6.7,1,1,0,89.0,4.6,No,No,55.0,68.0,NotPlaced
2778,7.1,0,1,1,69.0,4.8,No,No,65.0,66.0,NotPlaced
8370,6.9,1,1,0,68.0,3.7,No,No,55.0,64.0,NotPlaced
6484,6.5,0,1,1,60.0,4.1,No,No,55.0,66.0,NotPlaced
1301,8.3,2,3,2,80.0,4.2,Yes,Yes,76.0,87.0,Placed
471,8.2,1,2,0,83.0,4.6,Yes,Yes,66.0,86.0,Placed
620,7.7,1,1,0,73.0,3.9,No,Yes,59.0,67.0,Placed
9391,8.5,1,1,2,90.0,4.6,Yes,Yes,82.0,88.0,Placed
2586,6.6,1,1,0,60.0,4.2,No,Yes,62.0,67.0,NotPlaced
3765,8.2,1,3,2,90.0,4.4,Yes,No,74.0,80.0,NotPlaced
6849,7.6,1,2,1,80.0,4.8,No,Yes,82.0,65.0,NotPlaced
5654,7.5,1,1,0,66.0,3.7,No,No,60.0,68.0,NotPlaced
1315,7.4,1,2,0,90.0,4.7,Yes,Yes,77.0,84.0,Placed
8909,8.6,1,3,2,87.0,4.8,Yes,Yes,82.0,88.0,Placed
526,7.8,1,1,0,69.0,4.7,No,No,57.0,64.0,NotPlaced
6446,6.5,1,3,0,80.0,4.3,Yes,Yes,82.0,68.0,NotPlaced
749,8.6,2,2,2,84.0,4.0,Yes,Yes,72.0,84.0,NotPlaced
4969,8.3,2,3,2,87.0,4.7,Yes,Yes,84.0,80.0,Placed
4543,7.4,1,1,1,64.0,3.9,No,No,63.0,61.0,NotPlaced
356,8.2,2,3,2,90.0,4.8,Yes,Yes,89.0,84.0,Placed
1449,8.2,0,3,1,78.0,4.2,No,No,76.0,78.0,NotPlaced
1104,7.4,1,1,1,80.0,4.5,No,Yes,57.0,77.0,NotPlaced
2119,8.0,1,1,2,84.0,4.6,Yes,No,76.0,84.0,Placed
5388,8.1,0,3,2,88.0,4.8,Yes,Yes,75.0,81.0,Placed
8368,7.6,0,1,1,72.0,4.4,No,Yes,69.0,76.0,NotPlaced
6044,6.5,1,1,0,72.0,4.7,No,No,58.0,68.0,NotPlaced
6236,7.8,1,2,0,81.0,4.1,No,Yes,55.0,79.0,Placed
8903,7.4,1,1,2,90.0,4.3,Yes,Yes,72.0,85.0,Placed
2361,7.4,1,2,1,73.0,4.5,No,No,56.0,69.0,NotPlaced
8015,6.9,1,2,1,90.0,3.9,Yes,Yes,78.0,85.0,NotPlaced
4762,7.2,1,2,0,75.0,4.2,Yes,Yes,73.0,70.0,Placed
6389,6.5,2,2,0,77.0,3.8,No,No,59.0,57.0,Placed
5425,7.6,1,3,2,89.0,4.8,Yes,Yes,83.0,72.0,Placed
8815,8.1,1,2,2,78.0,4.7,Yes,Yes,57.0,83.0,NotPlaced
2937,6.9,1,1,0,67.0,4.1,Yes,Yes,62.0,71.0,NotPlaced
5590,6.6,1,2,0,78.0,4.7,No,Yes,55.0,65.0,NotPlaced
7818,7.4,1,3,1,87.0,4.6,No,No,69.0,83.0,NotPlaced
9928,6.5,1,1,0,82.0,4.1,No,Yes,64.0,65.0,NotPlaced
3970,6.5,1,1,1,77.0,4.1,Yes,Yes,72.0,67.0,NotPlaced
4985,7.5,0,1,0,71.0,3.8,No,Yes,59.0,69.0,NotPlaced
2978,6.8,1,1,2,84.0,4.5,Yes,Yes,69.0,88.0,NotPlaced
2107,7.3,0,1,1,66.0,4.7,No,No,59.0,66.0,NotPlaced
5919,7.4,0,1,0,65.0,3.4,No,No,55.0,62.0,NotPlaced
2126,7.7,1,3,0,86.0,4.8,Yes,Yes,79.0,84.0,Placed
3786,6.9,1,2,1,74.0,4.0,Yes,Yes,59.0,59.0,NotPlaced
3660,8.4,2,3,2,90.0,4.8,Yes,Yes,77.0,85.0,Placed
1753,8.3,0,3,2,90.0,4.8,Yes,Yes,75.0,83.0,Placed
3286,7.2,1,1,2,74.0,4.7,No,No,55.0,78.0,NotPlaced
910,8.6,1,3,1,87.0,4.6,Yes,Yes,77.0,74.0,Placed
285,8.0,0,1,1,87.0,3.8,No,Yes,55.0,71.0,NotPlaced
5725,8.6,2,3,2,90.0,4.8,Yes,Yes,85.0,82.0,Placed
8857,7.9,2,3,2,90.0,4.7,Yes,Yes,80.0,88.0,Placed
7966,7.3,1,2,1,68.0,4.3,Yes,Yes,62.0,71.0,NotPlaced
7877,6.6,0,2,0,68.0,3.8,No,No,66.0,70.0,NotPlaced
6792,6.7,0,1,0,63.0,3.4,No,No,69.0,69.0,NotPlaced
5041,8.3,2,2,0,79.0,4.5,Yes,Yes,82.0,66.0,Placed
7199,6.5,1,1,0,68.0,4.0,Yes,No,69.0,66.0,NotPlaced
7123,7.6,1,3,2,90.0,4.8,Yes,Yes,72.0,71.0,Placed
4341,7.6,0,3,0,78.0,4.5,Yes,Yes,72.0,84.0,NotPlaced
9589,8.2,2,3,0,83.0,4.5,Yes,Yes,77.0,83.0,Placed
2450,8.6,2,3,2,90.0,4.8,Yes,Yes,82.0,87.0,Placed
147,7.9,1,1,1,62.0,4.6,Yes,Yes,87.0,82.0,NotPlaced
5060,7.7,1,1,0,71.0,4.3,No,Yes,55.0,66.0,NotPlaced
7919,6.8,1,1,0,79.0,4.3,No,Yes,56.0,70.0,Placed
8940,8.3,0,3,2,82.0,4.8,Yes,Yes,73.0,79.0,Placed
8503,7.5,1,1,0,78.0,3.8,No,No,64.0,66.0,NotPlaced
3599,6.9,0,3,0,85.0,4.8,No,No,58.0,58.0,NotPlaced
4641,7.7,1,3,2,83.0,4.7,Yes,Yes,83.0,86.0,NotPlaced
7805,6.6,2,3,1,85.0,4.1,No,No,74.0,69.0,NotPlaced
2402,8.3,1,2,0,72.0,4.2,No,No,63.0,74.0,NotPlaced
9549,7.4,1,1,0,82.0,3.8,No,Yes,55.0,72.0,Placed
3620,7.6,1,1,1,79.0,4.3,No,Yes,55.0,58.0,NotPlaced
8821,7.9,2,3,2,80.0,4.5,Yes,Yes,77.0,85.0,Placed
6391,8.6,1,1,1,83.0,3.0,No,No,55.0,72.0,NotPlaced
9128,8.1,1,3,1,82.0,4.6,Yes,Yes,78.0,75.0,Placed
5772,8.8,2,3,0,88.0,4.7,No,Yes,58.0,87.0,Placed
6846,8.3,1,3,2,88.0,4.8,Yes,Yes,77.0,68.0,Placed
8707,6.7,0,1,0,79.0,4.4,No,No,76.0,66.0,NotPlaced
572,8.2,2,3,2,90.0,4.8,Yes,Yes,88.0,82.0,Placed
7319,8.4,1,1,2,76.0,3.7,No,Yes,55.0,60.0,NotPlaced
9357,7.5,0,2,1,64.0,3.7,No,No,55.0,63.0,NotPlaced
2086,7.9,0,3,2,89.0,4.5,No,No,63.0,59.0,Placed
6699,8.2,2,3,2,90.0,4.7,Yes,Yes,78.0,84.0,Placed
7078,8.0,2,3,2,90.0,4.7,Yes,Yes,74.0,87.0,NotPlaced
9347,7.7,1,3,2,74.0,4.5,Yes,Yes,55.0,64.0,NotPlaced
7715,6.5,1,2,1,84.0,4.7,Yes,Yes,77.0,72.0,NotPlaced
5436,7.6,0,1,1,61.0,3.4,No,Yes,55.0,72.0,NotPlaced
6789,8.2,1,3,2,88.0,4.8,Yes,Yes,77.0,80.0,NotPlaced
1608,8.1,1,3,1,71.0,4.1,Yes,Yes,85.0,77.0,NotPlaced
9184,8.2,0,1,0,73.0,4.1,Yes,No,61.0,63.0,NotPlaced
6608,7.9,2,2,0,90.0,3.6,Yes,Yes,69.0,71.0,NotPlaced
6712,7.8,1,1,1,72.0,4.2,No,Yes,58.0,68.0,NotPlaced
3930,8.3,1,2,1,78.0,4.7,No,Yes,74.0,64.0,NotPlaced
452,8.6,0,2,1,90.0,4.6,Yes,Yes,56.0,87.0,Placed
5655,6.5,1,1,0,74.0,4.2,No,Yes,55.0,78.0,NotPlaced
7738,6.6,0,3,1,90.0,4.4,No,Yes,55.0,71.0,NotPlaced
630,8.3,2,3,2,85.0,4.7,Yes,Yes,76.0,87.0,Placed
4633,8.3,2,3,2,90.0,4.5,Yes,Yes,82.0,85.0,Placed
4321,7.5,0,2,1,70.0,4.4,Yes,Yes,55.0,73.0,Placed
8577,8.4,2,3,2,90.0,4.7,Yes,Yes,75.0,82.0,Placed
1722,8.2,0,1,1,79.0,3.9,No,Yes,62.0,63.0,NotPlaced
2123,8.1,2,2,0,90.0,4.8,Yes,Yes,76.0,88.0,NotPlaced
2412,8.7,1,2,2,74.0,4.1,Yes,Yes,75.0,87.0,Placed
7948,8.5,0,3,2,90.0,4.6,Yes,Yes,74.0,87.0,Placed
5849,7.4,1,3,0,78.0,4.2,No,Yes,71.0,67.0,Placed
5046,8.3,1,3,0,77.0,4.8,Yes,Yes,74.0,57.0,NotPlaced
7463,7.5,0,1,2,72.0,4.4,No,Yes,55.0,69.0,NotPlaced
8055,7.9,1,2,2,63.0,3.8,Yes,Yes,55.0,62.0,NotPlaced
3452,7.0,0,1,1,67.0,4.1,No,Yes,69.0,81.0,NotPlaced
9007,7.5,1,3,2,78.0,4.8,No,Yes,68.0,69.0,NotPlaced
5469,8.2,1,3,0,87.0,3.7,Yes,Yes,74.0,88.0,Placed
2333,7.6,1,3,1,73.0,3.9,Yes,No,72.0,73.0,Placed
74,7.5,1,2,0,73.0,4.4,No,No,66.0,84.0,NotPlaced
9571,6.5,1,1,1,66.0,3.6,No,No,59.0,69.0,NotPlaced
1204,7.7,1,2,1,75.0,3.8,No,No,55.0,64.0,NotPlaced
9696,7.8,1,1,0,85.0,4.1,No,Yes,55.0,68.0,NotPlaced
5752,7.5,1,1,1,77.0,4.5,Yes,No,76.0,68.0,NotPlaced
424,8.1,1,3,3,90.0,4.8,Yes,Yes,69.0,82.0,Placed
7283,8.3,2,3,2,90.0,4.8,Yes,Yes,78.0,84.0,Placed
5924,7.4,1,1,0,78.0,4.8,Yes,No,74.0,80.0,Placed
7254,8.5,1,2,0,89.0,4.8,Yes,Yes,74.0,82.0,Placed
7495,6.5,0,3,0,77.0,3.6,Yes,No,60.0,74.0,NotPlaced
2125,7.1,1,1,0,70.0,4.1,Yes,Yes,56.0,65.0,NotPlaced
9248,7.8,0,1,0,73.0,4.4,No,No,56.0,68.0,Placed
2266,8.4,2,3,1,83.0,4.6,Yes,Yes,79.0,83.0,Placed
3074,7.9,2,3,2,90.0,4.7,Yes,Yes,88.0,65.0,Placed
8254,8.3,0,3,1,86.0,4.3,Yes,Yes,55.0,88.0,Placed
4514,8.2,1,3,2,87.0,4.8,Yes,No,90.0,85.0,Placed
2570,8.4,1,3,2,90.0,4.7,Yes,Yes,81.0,88.0,Placed
2464,7.6,1,2,1,86.0,4.4,Yes,Yes,90.0,79.0,NotPlaced
2902,6.5,1,1,0,67.0,3.5,No,No,63.0,63.0,NotPlaced
7824,7.8,1,2,0,79.0,4.4,Yes,Yes,71.0,81.0,NotPlaced
8814,6.5,1,2,0,69.0,4.8,No,Yes,56.0,72.0,NotPlaced
7457,7.4,1,1,0,69.0,3.9,No,No,62.0,74.0,NotPlaced
7003,7.3,1,2,1,76.0,4.7,No,Yes,67.0,73.0,NotPlaced
8485,8.5,2,3,2,90.0,4.8,Yes,Yes,77.0,88.0,Placed
9661,8.3,0,1,0,82.0,4.1,Yes,Yes,55.0,73.0,Placed
1984,8.3,1,1,0,81.0,4.7,No,No,75.0,69.0,NotPlaced
5916,7.5,1,1,0,84.0,3.7,No,Yes,77.0,87.0,NotPlaced
8948,8.0,2,3,2,81.0,3.9,Yes,Yes,79.0,81.0,NotPlaced
7382,7.5,0,1,1,74.0,4.0,No,Yes,55.0,69.0,NotPlaced
5744,8.7,1,3,3,88.0,3.8,Yes,Yes,68.0,82.0,NotPlaced
9102,6.6,0,3,2,87.0,4.3,No,No,69.0,69.0,NotPlaced
7571,6.5,1,1,0,79.0,3.7,No,No,63.0,62.0,NotPlaced
5595,8.0,1,3,2,77.0,4.5,Yes,No,78.0,77.0,NotPlaced
4728,7.4,1,3,2,81.0,4.5,Yes,Yes,73.0,83.0,NotPlaced
9112,6.7,1,2,1,79.0,3.9,No,Yes,82.0,83.0,NotPlaced
2726,8.4,1,2,0,78.0,4.2,Yes,Yes,69.0,70.0,NotPlaced
2451,8.0,1,3,2,82.0,4.8,No,Yes,61.0,87.0,Placed
5585,7.6,2,1,0,73.0,4.0,No,Yes,82.0,75.0,Placed
1040,7.4,1,2,3,71.0,4.8,Yes,Yes,85.0,71.0,NotPlaced
1435,8.5,1,3,0,74.0,4.0,Yes,Yes,80.0,58.0,NotPlaced
3513,6.5,1,3,0,76.0,4.4,Yes,No,55.0,67.0,NotPlaced
4316,8.5,1,2,2,86.0,4.6,Yes,Yes,73.0,75.0,Placed
2170,8.2,1,0,0,84.0,4.8,Yes,Yes,74.0,82.0,Placed
2572,8.4,0,2,0,81.0,3.8,Yes,Yes,65.0,65.0,Placed
3570,8.3,2,3,2,90.0,4.8,Yes,Yes,81.0,86.0,Placed
2564,7.6,1,1,2,73.0,4.2,Yes,No,64.0,76.0,NotPlaced
5885,8.4,0,2,3,90.0,4.3,Yes,Yes,75.0,84.0,Placed
7439,8.2,1,3,0,80.0,4.3,Yes,Yes,79.0,68.0,Placed
941,8.2,1,3,2,90.0,4.6,Yes,Yes,86.0,85.0,Placed
7491,8.4,1,1,2,81.0,4.6,Yes,Yes,70.0,70.0,Placed
6499,6.6,1,2,0,76.0,3.8,No,No,58.0,62.0,NotPlaced
2317,7.6,1,1,0,60.0,4.0,No,No,56.0,64.0,NotPlaced
4074,7.7,1,3,0,75.0,4.5,Yes,Yes,64.0,61.0,NotPlaced
4551,6.6,1,3,0,87.0,4.7,Yes,Yes,83.0,84.0,Placed
637,7.7,1,2,0,81.0,4.4,Yes,Yes,55.0,82.0,Placed
6394,7.4,1,1,0,67.0,4.4,No,Yes,60.0,61.0,NotPlaced
4110,7.8,0,1,1,72.0,3.9,No,No,58.0,71.0,NotPlaced
3249,8.1,2,1,1,90.0,4.4,No,No,70.0,84.0,Placed
5483,8.6,1,3,2,90.0,4.8,Yes,Yes,70.0,88.0,Placed
169,7.5,1,1,1,74.0,3.9,No,No,63.0,65.0,NotPlaced
7119,8.4,1,2,0,77.0,4.1,No,No,56.0,62.0,NotPlaced
9002,7.5,1,1,0,77.0,4.6,No,No,79.0,72.0,NotPlaced
7062,7.8,0,1,0,71.0,4.3,No,No,55.0,66.0,NotPlaced
6166,8.6,1,2,0,75.0,3.9,Yes,Yes,76.0,61.0,Placed
4245,8.4,2,3,2,90.0,4.8,Yes,Yes,74.0,85.0,Placed
2615,7.7,0,1,1,72.0,3.8,Yes,Yes,63.0,68.0,NotPlaced
8309,6.5,0,2,1,65.0,4.2,Yes,No,57.0,62.0,NotPlaced
4732,7.8,2,3,1,79.0,3.9,Yes,Yes,82.0,64.0,NotPlaced
9851,8.0,1,2,1,77.0,4.6,Yes,Yes,69.0,76.0,NotPlaced
4496,6.5,1,1,0,81.0,3.9,No,Yes,55.0,70.0,NotPlaced
6272,7.5,1,1,0,67.0,4.2,No,No,55.0,71.0,NotPlaced
2416,8.2,2,3,2,87.0,4.8,Yes,Yes,87.0,88.0,Placed
165,6.5,1,1,2,85.0,4.3,Yes,No,62.0,72.0,Placed
8956,8.6,2,3,3,83.0,4.6,Yes,No,86.0,84.0,NotPlaced
1088,7.2,0,1,0,60.0,3.8,No,No,55.0,63.0,NotPlaced
6610,7.0,1,1,0,69.0,4.1,No,No,65.0,57.0,NotPlaced
8492,8.5,2,2,2,87.0,4.8,Yes,Yes,88.0,86.0,Placed
7345,8.3,2,3,2,90.0,4.8,Yes,Yes,84.0,88.0,Placed
4797,8.6,1,2,1,70.0,4.1,No,Yes,55.0,68.0,NotPlaced
2770,8.1,0,1,0,68.0,4.2,No,No,55.0,59.0,NotPlaced
4383,8.5,1,3,3,70.0,3.8,Yes,Yes,72.0,85.0,Placed
4095,7.5,2,3,1,83.0,4.2,Yes,Yes,76.0,75.0,Placed
3157,6.5,0,1,0,71.0,3.9,No,Yes,66.0,66.0,NotPlaced
9350,7.8,2,3,2,90.0,4.8,Yes,Yes,86.0,82.0,Placed
7842,6.5,1,3,1,70.0,4.2,Yes,Yes,69.0,71.0,NotPlaced
3385,8.6,0,1,0,77.0,4.1,No,Yes,60.0,71.0,NotPlaced
289,6.7,1,3,0,77.0,4.1,Yes,Yes,69.0,67.0,NotPlaced
9949,7.8,1,1,1,78.0,3.7,No,Yes,60.0,67.0,NotPlaced
3024,8.8,2,3,2,90.0,4.8,Yes,Yes,84.0,88.0,Placed
3075,8.7,2,3,2,86.0,4.8,Yes,Yes,81.0,84.0,Placed
4763,8.4,2,3,0,83.0,4.4,Yes,Yes,85.0,82.0,Placed
2289,7.6,1,3,0,82.0,4.8,Yes,Yes,69.0,84.0,Placed
2251,6.5,1,2,1,66.0,4.2,No,No,55.0,72.0,NotPlaced
1987,7.7,2,2,1,71.0,4.4,No,Yes,55.0,66.0,NotPlaced
7215,7.5,1,1,3,77.0,4.4,No,Yes,55.0,64.0,NotPlaced
5775,7.7,1,3,1,71.0,4.6,Yes,No,55.0,72.0,NotPlaced
3951,8.2,2,3,2,90.0,4.8,Yes,Yes,83.0,85.0,Placed
7288,6.5,1,2,3,81.0,4.2,No,Yes,57.0,67.0,NotPlaced
4945,7.7,1,3,1,78.0,3.9,Yes,No,66.0,83.0,NotPlaced
6260,7.4,1,2,2,69.0,3.8,No,Yes,57.0,67.0,NotPlaced
9196,8.4,1,3,2,90.0,4.8,Yes,Yes,81.0,88.0,NotPlaced
6756,8.2,2,3,2,90.0,4.8,Yes,Yes,84.0,88.0,Placed
8250,6.7,0,1,1,68.0,4.3,No,No,68.0,62.0,NotPlaced
6490,6.9,1,1,0,69.0,4.0,No,Yes,64.0,71.0,NotPlaced
9320,8.6,0,3,2,83.0,4.8,Yes,Yes,73.0,87.0,Placed
5675,7.4,1,1,0,77.0,3.8,No,No,55.0,65.0,NotPlaced
6706,8.2,1,3,2,89.0,4.7,Yes,Yes,64.0,84.0,NotPlaced
1846,8.4,2,3,0,79.0,4.6,Yes,No,57.0,65.0,NotPlaced
6493,8.0,0,2,0,76.0,3.8,No,Yes,55.0,65.0,NotPlaced
7338,6.6,1,2,0,81.0,4.5,Yes,Yes,62.0,64.0,Placed
9767,7.5,1,1,2,75.0,4.0,Yes,Yes,58.0,64.0,NotPlaced
9448,8.2,1,1,1,90.0,4.8,Yes,Yes,76.0,70.0,Placed
6793,7.6,1,2,0,84.0,4.4,Yes,Yes,72.0,86.0,Placed
7839,7.4,1,3,2,90.0,4.0,Yes,Yes,71.0,83.0,Placed
1630,6.8,0,2,1,72.0,4.4,No,No,62.0,62.0,NotPlaced
1370,7.9,2,3,2,85.0,4.4,Yes,Yes,77.0,82.0,Placed
8093,7.6,1,1,0,82.0,3.7,No,Yes,55.0,67.0,NotPlaced
7846,7.5,0,1,1,83.0,4.4,No,Yes,59.0,66.0,NotPlaced
786,8.3,2,3,1,86.0,4.7,No,No,81.0,84.0,NotPlaced
229,7.4,1,2,0,77.0,4.5,No,Yes,66.0,86.0,NotPlaced
363,6.6,1,1,1,82.0,3.7,No,Yes,55.0,60.0,Placed
3926,7.5,1,1,0,77.0,4.0,No,Yes,55.0,65.0,NotPlaced
1118,7.8,1,1,1,78.0,4.5,No,Yes,78.0,66.0,NotPlaced
5818,8.3,2,3,1,90.0,4.8,Yes,Yes,69.0,83.0,Placed
7074,8.7,1,3,1,90.0,4.7,Yes,Yes,83.0,88.0,Placed
1597,7.3,1,2,1,69.0,4.3,Yes,No,55.0,72.0,NotPlaced
4367,8.0,1,2,0,76.0,4.4,Yes,Yes,61.0,70.0,Placed
3617,8.0,2,1,2,89.0,4.8,Yes,No,85.0,88.0,NotPlaced
3426,8.3,1,2,1,80.0,4.7,Yes,Yes,74.0,81.0,NotPlaced
520,7.9,2,3,1,82.0,4.2,Yes,Yes,83.0,69.0,NotPlaced
5494,7.8,2,3,2,85.0,4.7,Yes,Yes,87.0,85.0,Placed
6838,8.4,2,3,2,90.0,4.8,Yes,Yes,82.0,84.0,Placed
8826,8.2,2,3,0,89.0,4.4,Yes,Yes,84.0,86.0,NotPlaced
2567,7.5,1,1,0,68.0,4.8,No,Yes,63.0,69.0,NotPlaced
315,6.5,1,1,0,79.0,3.6,No,Yes,55.0,64.0,NotPlaced
4503,7.6,1,3,2,72.0,4.2,No,No,55.0,60.0,NotPlaced
8694,7.7,1,2,0,78.0,4.6,Yes,Yes,73.0,78.0,Placed
1157,8.4,2,3,0,85.0,4.2,Yes,Yes,60.0,86.0,NotPlaced
2054,8.0,2,3,2,83.0,4.6,Yes,Yes,72.0,85.0,Placed
80,7.6,1,2,1,72.0,3.9,No,Yes,58.0,66.0,NotPlaced
6854,8.2,0,2,2,71.0,4.4,Yes,Yes,55.0,73.0,Placed
8113,8.2,2,3,2,90.0,4.6,Yes,Yes,85.0,85.0,Placed
9480,8.2,2,3,0,76.0,3.9,Yes,Yes,75.0,66.0,NotPlaced
4531,8.9,2,3,2,90.0,4.7,Yes,Yes,81.0,87.0,Placed
8260,8.0,2,3,2,86.0,3.8,Yes,Yes,87.0,86.0,Placed
2834,8.1,1,2,2,84.0,4.3,Yes,Yes,75.0,84.0,NotPlaced
4287,8.3,0,3,0,87.0,4.4,Yes,Yes,71.0,66.0,Placed
1776,8.3,2,3,2,90.0,4.8,Yes,Yes,76.0,87.0,Placed
3787,8.3,0,2,0,67.0,4.4,Yes,Yes,81.0,77.0,NotPlaced
5923,7.9,1,2,0,76.0,4.7,Yes,No,78.0,61.0,NotPlaced
875,6.5,1,1,2,71.0,4.1,Yes,Yes,64.0,85.0,NotPlaced
5025,6.6,1,1,1,77.0,4.0,No,No,57.0,66.0,NotPlaced
3028,7.7,1,3,2,83.0,4.8,Yes,Yes,82.0,82.0,Placed
7239,8.2,1,3,0,80.0,4.6,Yes,Yes,81.0,71.0,Placed
2890,8.1,1,3,2,78.0,4.7,Yes,Yes,75.0,88.0,NotPlaced
6346,8.1,1,3,0,61.0,3.9,No,Yes,61.0,68.0,NotPlaced
6279,7.2,0,2,1,77.0,4.0,No,Yes,55.0,64.0,NotPlaced
3175,8.0,1,1,0,70.0,4.3,No,No,62.0,64.0,NotPlaced
9231,6.7,0,3,2,86.0,4.8,Yes,Yes,67.0,73.0,Placed
9125,8.7,1,2,2,77.0,4.5,Yes,Yes,75.0,68.0,Placed
4172,6.7,0,1,0,73.0,4.0,No,Yes,72.0,65.0,Placed
3034,7.4,1,1,1,79.0,4.0,Yes,No,55.0,70.0,Placed
5458,7.6,1,2,0,81.0,4.7,Yes,Yes,74.0,85.0,NotPlaced
4311,7.6,0,1,1,62.0,3.9,No,No,65.0,58.0,NotPlaced
7516,8.1,2,3,2,90.0,4.8,Yes,No,79.0,88.0,Placed
9608,8.4,2,3,2,88.0,4.7,Yes,Yes,78.0,85.0,Placed
3793,7.6,1,1,0,74.0,4.4,Yes,Yes,55.0,68.0,Placed
9765,6.7,1,2,0,78.0,3.7,Yes,No,55.0,64.0,NotPlaced
5535,7.5,1,2,1,72.0,4.4,No,Yes,58.0,68.0,NotPlaced
4799,7.6,1,2,2,80.0,4.5,No,Yes,77.0,71.0,Placed
1994,7.6,2,1,0,77.0,4.2,No,Yes,72.0,68.0,Placed
9759,8.2,1,3,0,79.0,4.3,Yes,No,58.0,77.0,NotPlaced
6158,6.9,1,2,1,88.0,4.6,Yes,Yes,77.0,86.0,NotPlaced
2560,8.4,1,3,2,90.0,4.8,Yes,Yes,87.0,83.0,Placed
8558,7.6,1,3,1,85.0,4.4,No,Yes,75.0,82.0,NotPlaced
3959,7.8,1,1,2,85.0,3.8,No,Yes,60.0,67.0,NotPlaced
443,8.2,0,3,2,78.0,4.5,No,Yes,88.0,84.0,Placed
1,7.5,1,1,1,65.0,4.4,No,No,61.0,79.0,NotPlaced
4953,8.0,1,3,1,87.0,3.9,No,Yes,56.0,66.0,NotPlaced
9878,7.5,2,3,2,87.0,4.7,Yes,Yes,86.0,83.0,Placed
7098,6.8,0,1,0,86.0,4.0,No,No,55.0,71.0,NotPlaced
3091,6.5,1,1,0,74.0,3.6,No,Yes,58.0,67.0,NotPlaced
3272,7.4,1,1,0,75.0,4.3,No,No,60.0,64.0,NotPlaced
7631,8.5,1,3,3,84.0,4.6,Yes,Yes,69.0,88.0,Placed
8531,8.0,0,1,2,89.0,4.7,Yes,Yes,72.0,84.0,Placed
6296,6.5,1,1,0,69.0,3.9,No,No,60.0,72.0,NotPlaced
8526,7.9,1,2,2,83.0,4.8,Yes,Yes,77.0,85.0,Placed
4468,8.4,2,3,1,87.0,4.7,Yes,Yes,80.0,82.0,Placed
5606,8.7,2,3,2,83.0,4.8,Yes,Yes,79.0,86.0,Placed
2490,8.2,1,1,2,72.0,4.4,No,No,83.0,68.0,NotPlaced
9279,7.8,1,3,2,88.0,4.3,Yes,Yes,84.0,86.0,Placed
5034,7.7,0,2,0,88.0,4.8,Yes,No,77.0,81.0,NotPlaced
6676,6.5,1,1,1,64.0,3.5,No,No,55.0,65.0,NotPlaced
6934,7.6,1,1,0,76.0,3.9,No,Yes,57.0,68.0,Placed
5862,7.5,1,1,1,78.0,4.4,No,Yes,55.0,69.0,NotPlaced
1700,7.4,1,2,0,79.0,4.7,Yes,Yes,86.0,83.0,NotPlaced
6091,7.6,1,1,0,71.0,4.0,No,No,56.0,58.0,NotPlaced
8598,8.3,2,2,0,90.0,4.8,Yes,Yes,80.0,72.0,Placed
8207,8.4,2,3,0,90.0,4.8,Yes,Yes,80.0,86.0,Placed
7126,8.4,2,3,2,87.0,4.7,Yes,Yes,55.0,75.0,Placed
6915,8.2,2,3,2,90.0,4.8,Yes,Yes,84.0,82.0,Placed
2868,7.6,1,1,0,83.0,4.0,No,No,55.0,60.0,NotPlaced
532,7.7,2,1,0,75.0,4.4,Yes,No,81.0,82.0,NotPlaced
5144,8.1,1,3,2,90.0,4.8,Yes,Yes,84.0,82.0,Placed
4464,7.2,1,1,1,72.0,4.0,No,Yes,55.0,69.0,Placed
632,7.5,1,2,0,80.0,3.6,No,No,57.0,69.0,NotPlaced
8430,7.6,0,1,1,60.0,3.2,No,No,56.0,63.0,NotPlaced
8847,8.7,2,3,2,79.0,4.4,Yes,Yes,78.0,80.0,Placed
127,7.5,1,1,1,68.0,4.7,No,No,58.0,64.0,NotPlaced
1886,7.7,1,2,0,85.0,3.7,No,Yes,56.0,72.0,NotPlaced
9055,6.8,1,2,0,68.0,4.1,Yes,Yes,58.0,71.0,NotPlaced
3697,8.0,1,3,0,90.0,3.7,No,Yes,57.0,66.0,Placed
5691,6.7,0,2,1,69.0,4.4,Yes,Yes,55.0,72.0,NotPlaced
3319,6.5,1,1,1,78.0,3.6,No,Yes,86.0,67.0,NotPlaced
3203,8.4,1,2,0,76.0,4.7,Yes,Yes,55.0,65.0,NotPlaced
1808,8.4,1,3,2,90.0,4.8,Yes,Yes,72.0,85.0,Placed
2150,6.5,1,1,0,77.0,4.3,No,No,66.0,60.0,NotPlaced
2636,6.5,0,1,0,76.0,4.6,Yes,Yes,79.0,67.0,NotPlaced
4550,7.5,1,1,3,74.0,4.6,Yes,Yes,80.0,65.0,Placed
6609,8.5,1,3,2,90.0,4.8,Yes,Yes,85.0,85.0,NotPlaced
8246,7.7,1,3,2,86.0,4.7,Yes,Yes,69.0,88.0,Placed
4940,7.6,1,3,0,90.0,4.8,Yes,Yes,75.0,85.0,Placed
8001,8.6,2,3,2,90.0,4.8,Yes,Yes,85.0,78.0,Placed
2278,7.8,1,3,2,90.0,4.8,Yes,Yes,79.0,83.0,Placed
2948,8.5,1,3,2,90.0,4.8,Yes,Yes,87.0,85.0,Placed
8467,8.4,2,3,2,90.0,4.8,Yes,No,82.0,82.0,Placed
2129,8.6,1,2,0,77.0,4.7,No,Yes,55.0,68.0,Placed
887,7.6,1,2,0,60.0,3.9,No,No,55.0,63.0,NotPlaced
4345,6.5,0,1,0,65.0,4.1,Yes,No,55.0,67.0,NotPlaced
7618,7.7,1,2,0,81.0,4.4,No,Yes,75.0,83.0,NotPlaced
7706,8.0,1,2,0,78.0,4.8,No,Yes,79.0,70.0,NotPlaced
8385,6.5,1,1,0,79.0,4.3,No,Yes,60.0,73.0,NotPlaced
5304,7.6,2,2,0,73.0,4.4,Yes,Yes,83.0,87.0,Placed
1686,8.3,1,2,1,84.0,4.4,No,Yes,62.0,82.0,NotPlaced
4790,6.5,1,2,1,74.0,3.9,No,Yes,77.0,71.0,NotPlaced
5584,6.5,1,3,0,90.0,4.6,Yes,Yes,84.0,80.0,Placed
4632,8.8,0,1,0,84.0,4.5,No,Yes,58.0,69.0,Placed
1226,7.6,1,1,1,70.0,3.6,Yes,Yes,55.0,74.0,Placed
6291,7.3,1,1,3,83.0,4.5,Yes,Yes,64.0,76.0,Placed
5036,7.5,1,1,0,60.0,3.9,No,No,55.0,69.0,NotPlaced
1187,7.6,1,1,0,71.0,3.8,No,No,55.0,70.0,NotPlaced
7324,8.1,2,3,0,87.0,4.4,Yes,Yes,69.0,78.0,Placed
9223,7.6,1,1,0,78.0,3.6,Yes,Yes,56.0,69.0,NotPlaced
8491,6.5,1,1,0,65.0,3.6,No,No,55.0,76.0,NotPlaced
2843,8.0,1,2,0,86.0,4.8,Yes,Yes,67.0,73.0,NotPlaced
741,8.0,1,2,0,81.0,4.2,Yes,Yes,66.0,72.0,NotPlaced
9159,7.4,1,2,0,85.0,4.6,No,No,55.0,63.0,NotPlaced
8100,7.4,1,1,0,74.0,4.0,No,Yes,55.0,61.0,NotPlaced
1109,7.3,1,1,2,82.0,4.2,Yes,Yes,72.0,74.0,NotPlaced
106,8.5,2,3,2,90.0,4.8,Yes,Yes,72.0,87.0,Placed
687,8.1,1,2,1,84.0,4.3,Yes,Yes,77.0,83.0,NotPlaced
5248,7.5,0,1,0,68.0,3.6,No,No,59.0,63.0,NotPlaced
8643,8.4,0,3,3,85.0,4.8,Yes,Yes,63.0,69.0,Placed
9301,7.5,1,2,0,87.0,3.9,No,No,55.0,63.0,NotPlaced
2088,7.8,1,2,0,77.0,4.2,No,Yes,79.0,70.0,Placed
3485,7.7,0,2,0,76.0,4.7,Yes,No,67.0,81.0,Placed
8065,7.0,1,1,1,68.0,3.7,No,No,55.0,68.0,NotPlaced
2729,7.6,1,1,0,75.0,3.6,No,Yes,55.0,68.0,NotPlaced
611,7.6,2,1,1,89.0,3.9,No,Yes,55.0,67.0,NotPlaced
4770,7.5,1,1,0,69.0,4.5,No,No,64.0,66.0,NotPlaced
2499,7.6,1,1,0,83.0,4.3,No,Yes,57.0,71.0,NotPlaced
4660,7.7,1,1,0,63.0,3.9,No,No,65.0,68.0,Placed
8398,6.5,1,2,0,76.0,4.5,Yes,Yes,75.0,82.0,NotPlaced
3840,7.8,1,2,1,81.0,4.1,Yes,Yes,61.0,78.0,Placed
8448,8.0,2,3,2,90.0,4.7,Yes,Yes,76.0,84.0,NotPlaced
8133,7.7,2,2,2,90.0,4.8,Yes,Yes,81.0,88.0,Placed
2894,7.6,1,3,2,79.0,4.3,No,Yes,70.0,87.0,NotPlaced
8458,7.3,1,2,1,83.0,3.2,No,Yes,68.0,71.0,NotPlaced
3250,7.6,2,2,2,90.0,4.1,Yes,Yes,82.0,80.0,Placed
2019,8.0,0,3,2,90.0,4.7,Yes,Yes,71.0,88.0,Placed
2024,8.3,2,3,0,90.0,4.8,Yes,Yes,68.0,83.0,Placed
2996,8.1,1,1,1,77.0,4.6,Yes,Yes,73.0,87.0,NotPlaced
713,7.5,1,1,0,81.0,4.6,Yes,Yes,60.0,67.0,NotPlaced
3785,7.5,0,2,0,81.0,4.1,Yes,Yes,74.0,66.0,NotPlaced
4023,8.2,0,3,0,86.0,4.5,Yes,Yes,90.0,81.0,Placed
6945,8.5,2,3,2,84.0,4.0,Yes,Yes,72.0,80.0,Placed
2533,7.5,1,3,0,83.0,4.7,Yes,Yes,59.0,87.0,Placed
135,8.0,0,1,0,60.0,4.0,No,No,57.0,70.0,NotPlaced
3140,7.4,1,2,2,77.0,3.7,Yes,Yes,79.0,88.0,NotPlaced
3222,8.3,1,3,2,83.0,4.6,Yes,No,69.0,87.0,Placed
1985,7.6,2,1,1,76.0,3.5,No,Yes,58.0,81.0,NotPlaced
4418,8.0,2,1,0,90.0,4.3,No,Yes,71.0,83.0,NotPlaced
3057,6.5,1,1,1,76.0,3.9,Yes,Yes,68.0,62.0,NotPlaced
1941,7.6,1,1,0,66.0,4.1,No,Yes,58.0,69.0,NotPlaced
1771,8.4,1,2,3,75.0,3.8,Yes,Yes,66.0,71.0,NotPlaced
6607,8.5,2,3,3,76.0,4.7,No,Yes,66.0,85.0,Placed
3838,8.1,1,1,1,74.0,4.5,Yes,Yes,78.0,69.0,NotPlaced
487,8.3,1,3,1,86.0,4.8,No,Yes,80.0,67.0,NotPlaced
3735,7.7,1,3,2,78.0,3.9,Yes,Yes,59.0,65.0,NotPlaced
7287,8.6,1,3,2,85.0,4.8,Yes,Yes,78.0,85.0,Placed
8316,7.6,1,2,1,74.0,4.7,No,Yes,77.0,85.0,NotPlaced
932,7.7,0,1,0,76.0,3.4,No,No,55.0,65.0,NotPlaced
6637,7.6,1,3,1,71.0,4.8,Yes,Yes,55.0,74.0,NotPlaced
5460,7.9,2,2,2,90.0,4.8,Yes,No,83.0,82.0,Placed
2423,7.6,1,2,2,74.0,4.2,No,Yes,81.0,68.0,NotPlaced
8779,6.9,0,1,0,79.0,4.8,Yes,No,62.0,67.0,NotPlaced
364,7.4,2,3,1,84.0,4.8,No,Yes,77.0,68.0,Placed
3135,8.2,2,1,1,75.0,3.7,Yes,Yes,68.0,84.0,NotPlaced
479,8.4,2,3,1,85.0,4.7,Yes,Yes,63.0,78.0,Placed
9233,7.6,0,1,0,83.0,3.8,No,Yes,56.0,66.0,NotPlaced
7423,7.5,0,1,1,66.0,4.1,Yes,Yes,58.0,67.0,NotPlaced
7205,7.7,1,1,1,66.0,3.9,No,No,55.0,65.0,NotPlaced
3201,7.5,1,3,0,85.0,4.6,Yes,Yes,80.0,69.0,Placed
6298,8.2,1,2,1,77.0,4.5,Yes,Yes,71.0,80.0,NotPlaced
1354,8.1,1,3,1,82.0,4.8,Yes,Yes,82.0,82.0,Placed
5603,8.4,1,3,2,90.0,4.8,Yes,Yes,69.0,87.0,Placed
8677,6.6,1,1,0,71.0,3.0,No,No,65.0,62.0,NotPlaced
7999,7.6,1,1,0,80.0,3.9,No,No,56.0,67.0,NotPlaced
6047,8.2,1,3,1,77.0,4.2,Yes,Yes,70.0,84.0,Placed
2205,8.3,0,3,1,76.0,4.5,Yes,No,81.0,67.0,NotPlaced
4639,8.2,1,1,2,86.0,3.4,No,Yes,80.0,71.0,NotPlaced
4749,8.2,1,1,2,85.0,4.8,Yes,Yes,79.0,82.0,Placed
3502,8.5,2,3,2,90.0,4.8,Yes,Yes,68.0,87.0,Placed
7347,8.2,2,3,0,76.0,4.2,Yes,Yes,72.0,67.0,Placed
4098,7.3,0,1,1,76.0,4.2,No,No,55.0,66.0,NotPlaced
6877,6.5,1,1,0,79.0,4.2,No,Yes,61.0,59.0,NotPlaced
3858,8.3,2,3,2,82.0,4.4,Yes,No,80.0,80.0,Placed
1223,6.9,1,3,2,86.0,4.4,Yes,Yes,79.0,70.0,Placed
4895,8.2,1,3,0,90.0,4.7,Yes,Yes,80.0,80.0,Placed
464,8.2,2,2,1,76.0,4.6,Yes,Yes,66.0,65.0,NotPlaced
4541,7.7,1,2,2,90.0,4.7,Yes,Yes,58.0,85.0,Placed
7854,8.4,1,3,2,90.0,4.8,Yes,Yes,75.0,87.0,Placed
3085,7.7,1,1,1,68.0,4.2,No,Yes,74.0,74.0,NotPlaced
4440,7.4,0,1,1,61.0,3.8,No,No,62.0,64.0,NotPlaced
9310,6.7,1,1,0,60.0,3.7,No,No,55.0,63.0,NotPlaced
8369,8.6,1,3,3,84.0,4.5,Yes,Yes,73.0,85.0,Placed
3671,7.5,1,3,1,78.0,4.0,No,No,75.0,66.0,NotPlaced
1577,7.6,1,1,1,62.0,4.2,No,No,80.0,65.0,NotPlaced
4447,8.2,1,1,1,69.0,4.2,No,No,58.0,62.0,NotPlaced
9793,8.0,1,3,2,72.0,4.4,Yes,Yes,77.0,87.0,Placed
8696,7.5,1,1,0,90.0,4.6,No,Yes,68.0,73.0,NotPlaced
6375,8.2,1,3,2,90.0,4.8,Yes,Yes,78.0,83.0,Placed
3738,7.0,1,1,1,75.0,4.2,Yes,Yes,61.0,64.0,NotPlaced
2554,8.0,1,3,2,90.0,4.8,No,Yes,85.0,88.0,Placed
7014,8.1,1,3,0,85.0,3.7,Yes,Yes,55.0,79.0,Placed
9043,8.6,1,3,3,88.0,4.6,Yes,Yes,79.0,85.0,Placed
716,6.7,1,1,1,66.0,3.4,No,Yes,59.0,68.0,NotPlaced
3832,6.7,1,1,0,66.0,4.4,No,Yes,63.0,67.0,NotPlaced
6228,7.5,1,2,1,65.0,4.1,No,No,58.0,64.0,NotPlaced
3051,8.2,1,1,1,76.0,3.5,No,Yes,85.0,63.0,Placed
9659,7.6,2,2,2,86.0,4.2,Yes,Yes,73.0,83.0,Placed
9995,7.8,2,2,2,80.0,4.8,Yes,Yes,79.0,69.0,NotPlaced
805,8.2,1,3,2,71.0,4.8,Yes,Yes,73.0,70.0,NotPlaced
1380,7.5,1,1,1,84.0,4.3,No,Yes,55.0,67.0,NotPlaced
14,7.7,1,1,1,74.0,4.6,No,Yes,63.0,73.0,NotPlaced
6261,7.0,0,1,0,62.0,4.7,No,Yes,57.0,72.0,NotPlaced
4697,8.2,1,3,1,80.0,4.8,Yes,Yes,72.0,82.0,Placed
9287,6.6,1,1,1,74.0,4.0,Yes,Yes,55.0,65.0,Placed
557,7.1,0,2,0,67.0,3.2,No,No,57.0,57.0,NotPlaced
8661,7.3,1,3,0,84.0,4.6,Yes,No,61.0,66.0,NotPlaced
3870,8.4,2,3,2,90.0,4.7,Yes,Yes,78.0,82.0,Placed
414,6.5,0,1,0,71.0,3.4,No,Yes,59.0,67.0,NotPlaced
3674,6.5,1,1,0,83.0,3.6,No,Yes,55.0,70.0,NotPlaced
6827,8.7,2,3,2,90.0,4.8,Yes,Yes,77.0,86.0,Placed
1438,8.8,2,3,2,90.0,4.8,Yes,Yes,83.0,67.0,Placed
7402,6.7,1,1,0,73.0,3.5,Yes,Yes,55.0,63.0,NotPlaced
9942,7.8,1,1,1,71.0,3.8,No,Yes,62.0,68.0,NotPlaced
162,7.9,1,2,1,81.0,4.0,Yes,Yes,60.0,71.0,NotPlaced
3962,6.5,1,1,0,67.0,4.2,No,No,57.0,61.0,NotPlaced
8777,8.2,2,3,0,90.0,4.8,Yes,Yes,68.0,82.0,Placed
7837,8.5,1,2,2,81.0,3.8,Yes,Yes,78.0,85.0,NotPlaced
1085,7.6,1,1,3,79.0,4.8,No,Yes,70.0,66.0,NotPlaced
6925,6.5,1,1,1,63.0,4.5,No,No,59.0,69.0,NotPlaced
8360,6.5,1,3,2,78.0,4.2,No,Yes,78.0,71.0,NotPlaced
7467,8.4,1,2,2,86.0,4.2,Yes,Yes,80.0,82.0,NotPlaced
8144,7.4,1,2,1,86.0,4.5,No,Yes,82.0,65.0,NotPlaced
8829,8.2,2,3,2,85.0,4.8,Yes,Yes,73.0,85.0,Placed
2485,7.7,1,0,0,75.0,4.1,Yes,Yes,71.0,61.0,Placed
3847,8.2,1,3,1,79.0,4.4,No,Yes,77.0,81.0,NotPlaced
6119,7.5,1,3,0,71.0,4.7,No,No,73.0,66.0,NotPlaced
9032,8.0,2,3,2,83.0,4.5,Yes,No,79.0,81.0,NotPlaced
5322,6.6,1,2,0,73.0,4.3,Yes,No,58.0,66.0,NotPlaced
5935,8.9,2,3,0,90.0,4.8,Yes,Yes,71.0,84.0,Placed
6331,7.5,1,1,3,79.0,4.5,Yes,No,56.0,71.0,NotPlaced
5573,7.7,1,2,2,61.0,3.8,Yes,Yes,72.0,61.0,NotPlaced
6147,8.4,2,3,0,90.0,4.8,Yes,Yes,58.0,88.0,Placed
2657,6.5,0,1,2,63.0,3.9,No,No,59.0,70.0,NotPlaced
7375,8.4,1,3,1,85.0,4.8,Yes,Yes,55.0,80.0,NotPlaced
5473,8.1,1,3,2,90.0,4.8,Yes,Yes,83.0,88.0,Placed
4070,6.6,1,1,1,66.0,3.9,Yes,Yes,57.0,67.0,NotPlaced
405,6.9,0,1,2,76.0,4.8,Yes,No,78.0,82.0,Placed
7065,6.8,0,1,0,78.0,4.7,Yes,Yes,64.0,68.0,NotPlaced
2672,8.4,1,1,1,82.0,4.3,Yes,Yes,60.0,82.0,NotPlaced
3986,6.6,1,3,1,80.0,4.4,Yes,Yes,79.0,85.0,Placed
8136,8.2,0,3,0,77.0,4.0,Yes,No,69.0,85.0,NotPlaced
9897,8.4,2,3,1,84.0,4.3,Yes,Yes,81.0,87.0,NotPlaced
9192,7.7,1,1,1,73.0,4.2,Yes,Yes,70.0,79.0,NotPlaced
8478,7.2,0,2,0,82.0,4.8,No,Yes,55.0,66.0,NotPlaced
239,8.5,2,3,2,90.0,4.8,Yes,Yes,80.0,79.0,Placed
9255,8.0,1,3,3,87.0,4.6,Yes,No,83.0,88.0,Placed
6262,8.0,1,2,2,87.0,4.6,Yes,Yes,70.0,69.0,Placed
7474,7.4,1,1,1,62.0,4.8,Yes,Yes,55.0,71.0,NotPlaced
9915,8.3,2,2,2,90.0,4.6,Yes,Yes,75.0,86.0,NotPlaced
1961,8.3,2,3,0,77.0,4.1,Yes,Yes,84.0,64.0,NotPlaced
5108,7.7,1,3,2,90.0,4.7,Yes,Yes,82.0,73.0,Placed
5364,8.4,0,2,0,81.0,4.4,Yes,Yes,61.0,68.0,Placed
8058,8.3,1,3,2,90.0,4.7,Yes,Yes,69.0,80.0,Placed
2331,7.4,2,2,1,78.0,4.3,Yes,No,68.0,69.0,NotPlaced
200,7.8,2,3,0,79.0,4.3,Yes,No,87.0,87.0,NotPlaced
6566,8.3,2,3,2,90.0,4.8,Yes,Yes,75.0,85.0,Placed
7740,7.4,1,1,0,80.0,3.4,No,No,55.0,63.0,NotPlaced
4192,7.8,2,3,0,83.0,4.2,Yes,Yes,80.0,87.0,Placed
7891,7.6,1,1,1,66.0,3.8,No,No,56.0,67.0,NotPlaced
6,7.0,0,2,2,71.0,4.2,Yes,No,55.0,66.0,NotPlaced
789,6.5,1,1,1,78.0,4.0,No,No,65.0,65.0,NotPlaced
7332,8.0,1,2,1,78.0,3.6,Yes,Yes,79.0,83.0,NotPlaced
6459,7.4,2,3,2,80.0,4.6,Yes,Yes,79.0,73.0,NotPlaced
8012,6.5,1,3,2,81.0,4.5,No,No,72.0,82.0,Placed
8855,8.0,0,2,2,90.0,4.8,Yes,Yes,68.0,85.0,Placed
3006,8.3,2,3,2,89.0,4.1,Yes,Yes,77.0,77.0,Placed
9739,6.6,1,1,0,76.0,4.8,Yes,Yes,77.0,71.0,NotPlaced
5783,6.9,2,3,0,86.0,4.6,No,Yes,70.0,85.0,NotPlaced
1908,7.6,1,1,1,72.0,3.3,No,Yes,58.0,61.0,NotPlaced
2282,6.6,1,1,0,68.0,3.9,Yes,Yes,55.0,67.0,Placed
3373,7.4,1,1,2,85.0,4.4,Yes,No,75.0,67.0,Placed
9037,6.9,1,1,1,84.0,4.7,Yes,No,55.0,73.0,NotPlaced
2896,8.3,1,2,1,84.0,4.3,Yes,Yes,64.0,71.0,NotPlaced
9993,8.0,2,1,2,78.0,4.4,Yes,Yes,75.0,72.0,Placed
7488,8.1,1,2,0,84.0,4.3,No,No,58.0,80.0,Placed
1944,8.3,1,3,2,85.0,4.1,Yes,Yes,76.0,86.0,Placed
980,6.6,1,2,0,88.0,4.0,No,No,78.0,67.0,NotPlaced
2928,6.5,1,1,1,68.0,4.6,No,No,58.0,63.0,NotPlaced
8006,8.6,1,3,0,89.0,4.8,Yes,Yes,74.0,61.0,Placed
7871,8.5,2,3,2,86.0,4.7,Yes,Yes,71.0,79.0,Placed
2659,7.6,1,2,0,75.0,3.9,Yes,Yes,57.0,62.0,NotPlaced
1542,7.6,1,1,2,81.0,4.2,Yes,Yes,86.0,81.0,NotPlaced
8602,8.5,2,3,2,90.0,4.6,Yes,Yes,81.0,88.0,Placed
4374,8.3,0,3,2,87.0,4.7,Yes,Yes,77.0,83.0,Placed
8708,6.7,2,1,2,71.0,4.0,No,Yes,55.0,65.0,NotPlaced
5639,7.5,1,3,2,90.0,4.8,Yes,Yes,71.0,84.0,Placed
4667,7.7,1,3,2,86.0,4.4,Yes,Yes,83.0,67.0,Placed
2737,7.6,2,2,1,84.0,4.8,Yes,Yes,90.0,84.0,NotPlaced
6812,8.2,0,3,2,90.0,4.7,Yes,Yes,76.0,88.0,Placed
3981,8.2,2,3,2,90.0,4.8,Yes,Yes,85.0,80.0,Placed
5194,8.1,1,2,1,81.0,4.7,Yes,Yes,61.0,84.0,NotPlaced
273,7.7,1,2,0,81.0,3.8,Yes,Yes,65.0,59.0,NotPlaced
9031,8.6,2,3,2,76.0,4.2,Yes,Yes,81.0,84.0,Placed
2286,7.4,1,2,0,80.0,4.3,No,Yes,65.0,67.0,NotPlaced
3344,7.7,1,2,0,77.0,4.3,Yes,Yes,61.0,83.0,Placed
5911,6.7,1,1,1,66.0,3.5,Yes,No,86.0,69.0,NotPlaced
2376,7.4,1,1,0,77.0,3.6,No,No,55.0,65.0,NotPlaced
6136,6.5,1,1,1,69.0,4.2,Yes,No,70.0,69.0,Placed
7611,8.2,2,1,2,90.0,4.6,Yes,Yes,74.0,79.0,Placed
9113,6.5,1,1,1,84.0,4.0,Yes,Yes,68.0,81.0,Placed
5686,8.3,0,3,2,88.0,4.8,Yes,Yes,74.0,72.0,Placed
7564,8.7,0,1,0,87.0,4.8,Yes,No,77.0,79.0,Placed
6655,8.3,1,3,2,83.0,4.7,Yes,No,77.0,87.0,Placed
9445,8.5,1,2,2,85.0,4.8,Yes,Yes,88.0,88.0,Placed
9818,8.2,2,2,2,90.0,4.8,Yes,Yes,89.0,84.0,Placed
9898,6.5,1,1,0,65.0,3.6,No,Yes,56.0,63.0,NotPlaced
8192,6.5,1,2,0,89.0,4.5,No,Yes,61.0,70.0,NotPlaced
283,8.2,1,1,2,86.0,4.4,No,No,76.0,82.0,NotPlaced
5837,8.2,1,1,0,88.0,3.9,No,Yes,66.0,64.0,NotPlaced
2067,7.5,0,2,1,81.0,4.1,Yes,No,56.0,66.0,NotPlaced
8980,8.6,2,3,0,87.0,4.7,Yes,Yes,76.0,73.0,NotPlaced
1361,7.3,1,2,0,76.0,4.5,No,Yes,60.0,68.0,NotPlaced
3164,6.5,1,1,0,88.0,4.0,Yes,Yes,58.0,70.0,Placed
6184,7.9,1,3,1,82.0,4.5,Yes,Yes,77.0,81.0,Placed
5834,7.4,1,3,0,71.0,4.4,No,Yes,84.0,64.0,Placed
8918,8.2,0,1,3,84.0,4.8,Yes,Yes,88.0,69.0,Placed
2341,6.6,1,1,0,69.0,4.2,Yes,Yes,55.0,69.0,NotPlaced
1468,6.6,1,1,1,71.0,4.2,Yes,Yes,55.0,71.0,NotPlaced
7096,7.1,1,1,2,73.0,4.2,Yes,No,78.0,62.0,NotPlaced
560,7.6,2,2,0,72.0,4.3,No,Yes,77.0,67.0,Placed
9181,7.6,0,1,0,82.0,3.8,No,No,80.0,70.0,NotPlaced
9575,7.7,1,2,1,84.0,4.5,Yes,Yes,69.0,69.0,Placed
8749,6.5,1,2,2,76.0,4.8,No,Yes,81.0,85.0,NotPlaced
1679,8.4,0,2,0,86.0,4.6,Yes,Yes,77.0,80.0,NotPlaced
6948,6.7,1,1,1,82.0,4.4,Yes,Yes,82.0,73.0,NotPlaced
1169,8.0,1,3,2,90.0,4.8,Yes,Yes,77.0,83.0,NotPlaced
5755,7.1,0,3,0,80.0,4.4,Yes,No,80.0,83.0,Placed
282,8.2,1,2,1,79.0,3.8,Yes,Yes,55.0,70.0,NotPlaced
2803,8.3,1,3,2,87.0,4.4,Yes,Yes,76.0,83.0,Placed
4117,6.7,1,1,0,76.0,4.2,No,No,61.0,63.0,Placed
8209,6.9,1,2,0,80.0,3.4,No,No,55.0,71.0,NotPlaced
1747,7.4,2,2,1,72.0,3.5,No,No,73.0,69.0,NotPlaced
129,7.4,1,1,1,64.0,4.3,No,Yes,73.0,73.0,NotPlaced
7248,7.6,2,3,2,90.0,4.8,Yes,Yes,81.0,84.0,Placed
7711,8.3,2,3,1,85.0,4.8,Yes,Yes,79.0,86.0,Placed
4127,8.6,2,3,2,90.0,4.8,Yes,Yes,82.0,86.0,Placed
1802,7.4,0,2,0,76.0,3.8,No,Yes,66.0,70.0,NotPlaced
3046,6.5,0,1,1,64.0,4.5,Yes,Yes,70.0,87.0,NotPlaced
2912,6.7,1,2,1,64.0,3.8,No,Yes,82.0,64.0,NotPlaced
8080,6.7,1,2,2,68.0,4.1,Yes,No,79.0,70.0,NotPlaced
7771,8.1,1,1,0,84.0,3.7,Yes,No,64.0,64.0,NotPlaced
6974,6.8,0,1,0,82.0,4.0,No,Yes,65.0,63.0,Placed
8970,7.9,1,2,1,81.0,4.8,No,Yes,74.0,65.0,NotPlaced
5087,7.9,0,1,1,74.0,3.9,Yes,Yes,79.0,62.0,NotPlaced
6936,6.5,1,1,0,80.0,4.4,Yes,Yes,55.0,66.0,NotPlaced
1127,7.5,0,3,1,84.0,4.2,No,Yes,56.0,68.0,NotPlaced
217,6.9,1,2,1,74.0,4.1,No,No,55.0,69.0,NotPlaced
8391,6.8,1,3,2,78.0,4.5,Yes,Yes,76.0,85.0,NotPlaced
7095,6.5,0,1,0,66.0,3.5,No,No,61.0,66.0,NotPlaced
433,7.7,2,1,1,64.0,3.7,No,Yes,77.0,70.0,NotPlaced
1491,7.1,1,2,1,80.0,4.7,No,Yes,57.0,74.0,Placed
5214,6.5,0,2,1,65.0,4.4,No,No,60.0,69.0,NotPlaced
5551,7.5,1,1,0,65.0,3.9,No,Yes,58.0,69.0,NotPlaced
5901,6.8,1,1,0,85.0,4.3,No,Yes,86.0,83.0,Placed
6241,8.6,2,2,2,81.0,4.6,Yes,Yes,83.0,84.0,Placed
6884,8.3,2,3,3,88.0,4.8,Yes,Yes,78.0,84.0,Placed
3699,7.3,1,1,0,76.0,4.3,No,No,55.0,66.0,NotPlaced
6191,7.5,1,2,0,80.0,4.3,No,No,76.0,71.0,NotPlaced
3396,8.5,2,3,2,88.0,4.6,Yes,No,68.0,87.0,Placed
2667,8.2,2,3,2,90.0,4.8,Yes,Yes,73.0,83.0,Placed
7150,8.6,1,3,2,85.0,4.8,Yes,Yes,82.0,84.0,Placed
4005,7.9,1,1,1,75.0,4.4,Yes,Yes,74.0,70.0,NotPlaced
5229,7.1,1,1,1,72.0,3.2,No,No,58.0,64.0,NotPlaced
7841,7.7,1,1,1,78.0,4.8,No,No,65.0,72.0,NotPlaced
9418,7.7,1,3,2,83.0,4.0,Yes,Yes,86.0,67.0,Placed
4922,6.6,1,2,1,62.0,3.7,No,Yes,73.0,60.0,NotPlaced
9344,6.8,1,1,1,67.0,4.4,No,No,68.0,65.0,NotPlaced
2493,8.0,0,1,0,70.0,3.6,No,No,56.0,63.0,NotPlaced
2557,8.4,1,2,2,86.0,4.8,No,Yes,87.0,85.0,Placed
6143,7.9,1,3,3,86.0,4.5,Yes,Yes,69.0,67.0,Placed
4217,7.6,1,1,1,77.0,3.9,No,No,55.0,61.0,NotPlaced
6252,8.2,0,3,2,87.0,4.8,Yes,No,75.0,88.0,Placed
4092,8.6,1,1,0,87.0,4.8,Yes,Yes,69.0,82.0,Placed
5894,8.0,2,1,2,89.0,4.2,No,Yes,68.0,82.0,NotPlaced
1406,7.5,0,1,0,64.0,4.3,No,No,69.0,69.0,NotPlaced
2876,7.5,1,2,0,79.0,4.7,No,No,69.0,67.0,NotPlaced
7608,7.6,1,1,0,69.0,4.0,No,Yes,59.0,65.0,NotPlaced
5986,8.4,2,3,2,77.0,4.5,Yes,Yes,74.0,83.0,NotPlaced
2319,8.3,1,3,2,89.0,4.7,Yes,Yes,72.0,80.0,NotPlaced
752,8.2,2,3,1,79.0,4.8,Yes,Yes,79.0,86.0,Placed
2982,7.7,0,1,1,77.0,3.3,No,No,56.0,68.0,NotPlaced
1016,8.6,1,3,1,83.0,4.7,Yes,Yes,81.0,87.0,Placed
2401,7.4,1,1,2,68.0,4.3,No,Yes,61.0,60.0,NotPlaced
6659,8.5,1,1,1,71.0,4.0,Yes,Yes,59.0,83.0,NotPlaced
3842,7.7,1,1,0,75.0,4.1,No,Yes,86.0,69.0,Placed
1561,7.5,1,1,1,77.0,3.9,Yes,Yes,58.0,71.0,NotPlaced
4765,7.4,1,2,0,76.0,4.5,No,No,68.0,73.0,NotPlaced
7663,8.3,0,3,2,90.0,4.5,Yes,Yes,74.0,83.0,Placed
9023,6.5,1,2,1,76.0,4.1,Yes,No,56.0,70.0,NotPlaced
3465,7.7,0,2,1,81.0,4.1,Yes,Yes,69.0,85.0,NotPlaced
2295,8.4,2,3,2,90.0,4.5,Yes,No,75.0,86.0,Placed
2232,8.4,1,3,1,78.0,4.4,No,No,69.0,73.0,NotPlaced
3439,7.3,1,3,0,87.0,4.6,Yes,No,55.0,70.0,NotPlaced
140,8.9,2,3,2,90.0,4.8,Yes,Yes,69.0,85.0,Placed
1582,8.4,1,1,2,81.0,4.8,Yes,No,84.0,80.0,Placed
2249,6.6,0,2,0,64.0,4.2,No,No,55.0,85.0,NotPlaced
4452,8.9,1,3,1,74.0,4.5,Yes,Yes,62.0,81.0,Placed
9208,7.0,1,2,0,72.0,4.6,Yes,Yes,68.0,74.0,Placed
5815,7.5,1,3,2,88.0,4.8,Yes,Yes,81.0,77.0,Placed
5284,8.2,1,1,2,87.0,4.3,Yes,No,69.0,86.0,NotPlaced
6632,7.4,0,2,0,85.0,4.4,No,No,89.0,69.0,NotPlaced
661,7.4,1,1,1,73.0,3.7,No,No,55.0,63.0,NotPlaced
9946,6.6,1,1,1,70.0,4.1,Yes,Yes,56.0,75.0,NotPlaced
6133,6.5,0,1,0,74.0,4.1,Yes,No,66.0,61.0,NotPlaced
650,7.6,0,1,2,74.0,4.6,Yes,Yes,76.0,67.0,Placed
7843,7.9,2,3,2,76.0,4.5,Yes,No,87.0,82.0,Placed
28,8.3,1,1,1,81.0,4.5,Yes,Yes,64.0,65.0,NotPlaced
8832,6.5,1,2,1,69.0,3.8,No,Yes,56.0,71.0,NotPlaced
4642,8.3,2,3,2,90.0,4.8,Yes,Yes,73.0,87.0,Placed
8993,7.3,2,3,2,78.0,4.7,No,Yes,70.0,88.0,NotPlaced
6956,8.1,2,3,2,90.0,4.6,Yes,Yes,71.0,87.0,Placed
3773,8.3,0,3,2,90.0,4.3,Yes,Yes,77.0,85.0,Placed
290,8.5,0,2,2,75.0,4.5,Yes,No,76.0,83.0,Placed
256,8.5,1,3,2,75.0,4.5,Yes,Yes,75.0,84.0,NotPlaced
7265,7.7,1,1,1,67.0,3.7,No,No,55.0,68.0,NotPlaced
3837,7.5,0,2,0,76.0,4.2,Yes,Yes,55.0,73.0,NotPlaced
4012,8.1,2,3,2,90.0,4.8,Yes,Yes,87.0,82.0,Placed
9872,7.4,0,1,1,83.0,3.8,No,No,55.0,72.0,NotPlaced
3062,8.1,2,3,2,89.0,4.8,Yes,Yes,88.0,67.0,NotPlaced
8177,7.9,0,3,2,80.0,4.7,Yes,Yes,77.0,83.0,Placed
7275,7.6,1,1,0,64.0,3.4,No,No,55.0,59.0,NotPlaced
4711,7.1,2,1,2,77.0,4.1,Yes,Yes,61.0,68.0,NotPlaced
6560,8.3,2,3,2,86.0,4.8,Yes,Yes,78.0,83.0,Placed
4474,7.8,0,2,0,74.0,4.3,No,No,56.0,64.0,NotPlaced
2865,8.4,2,3,2,90.0,4.8,Yes,Yes,76.0,88.0,Placed
1554,8.2,2,3,2,81.0,4.8,Yes,No,80.0,79.0,Placed
6217,7.4,0,1,0,65.0,4.2,No,No,64.0,67.0,NotPlaced
2841,8.2,2,3,2,90.0,4.7,Yes,Yes,83.0,78.0,Placed
9830,8.4,2,3,2,90.0,4.5,Yes,Yes,78.0,84.0,NotPlaced
311,7.6,1,1,0,66.0,4.1,No,Yes,62.0,73.0,NotPlaced
3305,7.5,1,1,0,75.0,3.7,No,No,57.0,66.0,NotPlaced
6258,8.7,2,3,0,80.0,4.7,Yes,Yes,80.0,74.0,Placed
8902,6.9,2,2,2,90.0,4.8,No,Yes,85.0,85.0,Placed
3790,8.9,1,3,2,86.0,4.8,Yes,Yes,78.0,77.0,Placed
3271,8.4,2,3,2,90.0,4.6,Yes,Yes,83.0,88.0,Placed
9443,8.0,2,3,2,90.0,4.8,Yes,Yes,71.0,87.0,Placed
3219,6.7,1,1,1,67.0,4.7,No,Yes,81.0,64.0,Placed
4673,8.4,1,1,2,78.0,4.1,No,Yes,73.0,79.0,NotPlaced
6961,8.3,2,3,2,90.0,4.7,Yes,Yes,82.0,83.0,Placed
8968,7.4,1,1,0,80.0,4.3,No,Yes,58.0,69.0,Placed
4119,7.8,0,2,0,71.0,4.4,No,Yes,74.0,65.0,NotPlaced
3347,6.5,1,2,0,72.0,4.1,No,No,55.0,70.0,NotPlaced
2387,7.8,1,2,0,83.0,4.8,Yes,Yes,78.0,80.0,Placed
9816,6.5,1,2,0,76.0,4.2,No,Yes,55.0,64.0,NotPlaced
2944,8.1,2,1,0,86.0,4.3,Yes,Yes,72.0,80.0,NotPlaced
4482,8.2,2,1,2,81.0,4.0,Yes,Yes,83.0,86.0,NotPlaced
2844,8.1,1,3,1,68.0,4.7,No,Yes,59.0,68.0,NotPlaced
7047,6.5,1,1,1,61.0,4.2,No,Yes,64.0,69.0,NotPlaced
4444,6.8,1,2,1,73.0,4.3,Yes,No,86.0,71.0,NotPlaced
8587,8.1,1,3,0,74.0,4.0,Yes,Yes,62.0,83.0,Placed
2915,6.6,1,1,0,71.0,4.5,Yes,No,90.0,64.0,NotPlaced
5209,6.5,0,1,0,85.0,3.9,No,No,55.0,69.0,NotPlaced
490,8.3,1,3,0,82.0,4.8,Yes,Yes,71.0,88.0,NotPlaced
4461,8.2,2,3,2,90.0,4.8,Yes,Yes,85.0,80.0,Placed
648,8.3,1,3,0,84.0,4.6,Yes,Yes,72.0,83.0,NotPlaced
5985,7.7,1,1,2,64.0,4.4,Yes,Yes,61.0,64.0,NotPlaced
9899,7.5,0,1,1,73.0,4.6,Yes,Yes,56.0,62.0,NotPlaced
2847,8.4,1,3,0,87.0,4.3,Yes,Yes,59.0,81.0,NotPlaced
6815,8.3,1,3,2,90.0,4.8,Yes,No,82.0,84.0,Placed
1556,7.8,2,3,1,79.0,4.6,No,No,55.0,68.0,NotPlaced
7348,8.1,2,3,2,90.0,4.8,Yes,Yes,75.0,84.0,Placed
3665,6.6,1,1,0,78.0,3.7,No,Yes,73.0,68.0,NotPlaced
8407,8.5,2,3,2,82.0,4.4,Yes,Yes,76.0,65.0,Placed
6946,7.5,0,3,1,79.0,4.4,Yes,Yes,55.0,67.0,NotPlaced
7785,8.4,0,3,1,86.0,4.0,Yes,Yes,85.0,67.0,NotPlaced
3974,7.6,1,0,0,84.0,4.8,Yes,Yes,60.0,69.0,Placed
4668,8.3,2,3,2,90.0,4.7,No,Yes,71.0,73.0,Placed
3127,8.6,1,3,1,85.0,4.8,Yes,No,73.0,86.0,NotPlaced
2160,7.4,1,1,1,68.0,4.5,No,No,69.0,68.0,NotPlaced
1953,7.8,0,2,0,86.0,4.1,Yes,Yes,85.0,84.0,NotPlaced
6070,6.9,1,1,0,79.0,4.7,Yes,No,71.0,71.0,NotPlaced
5531,8.0,1,3,2,79.0,4.6,Yes,Yes,68.0,87.0,Placed
5497,8.4,2,3,2,85.0,4.7,Yes,Yes,87.0,85.0,NotPlaced
9371,7.5,1,1,1,87.0,4.8,No,Yes,69.0,72.0,Placed
6186,7.6,1,3,0,70.0,3.9,Yes,Yes,85.0,67.0,NotPlaced
7340,7.6,1,3,2,90.0,4.8,Yes,Yes,74.0,83.0,NotPlaced
9637,6.5,1,3,0,83.0,4.3,Yes,Yes,74.0,62.0,NotPlaced
8367,7.3,0,1,1,71.0,4.6,No,No,57.0,67.0,NotPlaced
3,7.3,1,2,2,82.0,4.8,Yes,No,79.0,80.0,NotPlaced
1703,8.2,2,3,2,88.0,4.8,Yes,Yes,65.0,83.0,Placed
1005,8.6,1,1,2,75.0,4.5,Yes,Yes,68.0,82.0,NotPlaced
3471,8.5,2,3,2,90.0,4.8,Yes,Yes,81.0,80.0,Placed
3544,6.8,0,2,1,71.0,4.0,No,No,58.0,70.0,NotPlaced
1754,8.1,2,3,2,90.0,4.6,Yes,Yes,81.0,88.0,Placed
9999,8.9,0,3,2,87.0,4.8,Yes,Yes,71.0,85.0,Placed
4077,7.7,0,0,2,89.0,4.1,Yes,Yes,74.0,79.0,NotPlaced
7503,8.8,2,3,2,90.0,4.7,Yes,Yes,74.0,86.0,Placed
8431,6.5,0,1,1,66.0,4.6,No,No,62.0,66.0,NotPlaced
5489,7.6,1,2,2,82.0,4.8,Yes,Yes,64.0,80.0,NotPlaced
5692,6.6,1,1,0,74.0,4.6,No,Yes,55.0,75.0,NotPlaced
4506,7.0,1,3,0,90.0,4.2,No,Yes,72.0,84.0,Placed
9683,7.6,1,2,1,73.0,3.7,No,Yes,55.0,62.0,NotPlaced
8422,8.3,2,3,2,90.0,4.8,Yes,Yes,78.0,85.0,Placed
3182,7.8,1,3,1,88.0,4.0,No,Yes,72.0,83.0,NotPlaced
8962,7.8,1,3,0,79.0,4.8,Yes,Yes,72.0,79.0,NotPlaced
6783,7.7,0,1,2,83.0,4.4,Yes,Yes,56.0,61.0,Placed
4963,9.1,1,1,0,75.0,3.8,No,No,55.0,62.0,Placed
4875,8.3,0,3,2,89.0,4.8,Yes,Yes,86.0,85.0,Placed
7886,7.6,1,3,2,72.0,4.8,Yes,Yes,75.0,70.0,NotPlaced
2933,7.5,1,1,0,68.0,3.7,No,No,57.0,63.0,NotPlaced
635,8.6,2,3,2,87.0,4.4,Yes,Yes,69.0,86.0,Placed
4200,8.6,0,1,1,68.0,4.3,No,Yes,55.0,63.0,NotPlaced
4746,8.8,1,3,2,89.0,4.4,Yes,Yes,77.0,76.0,Placed
5187,6.5,0,3,2,85.0,4.6,Yes,Yes,81.0,84.0,Placed
542,7.4,2,3,2,84.0,4.8,Yes,Yes,82.0,80.0,NotPlaced
6400,6.5,2,2,0,79.0,4.1,Yes,No,57.0,64.0,NotPlaced
7546,6.6,1,1,0,77.0,3.8,No,Yes,59.0,71.0,NotPlaced
7901,7.6,1,2,1,67.0,3.9,No,No,55.0,65.0,NotPlaced
2855,8.5,2,3,0,89.0,4.8,Yes,Yes,82.0,70.0,Placed
3942,6.8,1,3,0,85.0,4.5,Yes,Yes,86.0,83.0,NotPlaced
2438,7.6,1,2,0,70.0,4.7,No,Yes,60.0,64.0,Placed
5028,8.1,1,1,1,74.0,4.5,No,No,70.0,62.0,NotPlaced
8226,7.8,1,1,0,61.0,3.4,No,No,63.0,63.0,NotPlaced
757,8.1,1,3,1,89.0,4.7,Yes,Yes,78.0,85.0,Placed
492,8.3,2,3,2,79.0,4.4,Yes,Yes,74.0,80.0,Placed
2874,7.3,1,2,0,81.0,3.7,Yes,Yes,68.0,85.0,NotPlaced
4903,8.1,1,3,0,77.0,4.1,No,Yes,70.0,84.0,NotPlaced
3767,6.9,0,2,1,78.0,4.1,No,Yes,55.0,64.0,NotPlaced
3892,7.6,1,1,0,74.0,3.8,No,Yes,61.0,66.0,NotPlaced
5446,7.9,1,3,1,77.0,4.1,Yes,Yes,78.0,69.0,NotPlaced
2674,7.5,1,1,2,78.0,4.4,No,Yes,76.0,74.0,NotPlaced
6370,7.3,0,2,0,83.0,4.2,No,Yes,71.0,66.0,NotPlaced
2929,8.3,2,3,0,85.0,4.7,Yes,Yes,73.0,87.0,NotPlaced
4030,7.8,0,2,1,75.0,4.4,Yes,Yes,61.0,68.0,Placed
7182,7.4,1,3,0,84.0,4.1,Yes,Yes,55.0,73.0,NotPlaced
3650,7.1,2,3,0,80.0,4.3,Yes,Yes,82.0,84.0,Placed
5289,7.8,1,1,0,61.0,4.1,No,No,57.0,67.0,NotPlaced
6718,8.1,1,1,0,77.0,4.4,Yes,No,66.0,67.0,NotPlaced
9370,7.4,0,1,1,72.0,3.5,No,Yes,66.0,61.0,NotPlaced
1602,6.6,0,2,0,73.0,4.2,Yes,Yes,62.0,84.0,NotPlaced
9452,8.9,2,3,2,90.0,4.8,Yes,Yes,78.0,84.0,Placed
8452,7.4,0,1,0,68.0,4.1,No,Yes,81.0,73.0,NotPlaced
3478,8.2,1,1,0,77.0,4.1,Yes,Yes,79.0,65.0,NotPlaced
959,7.9,2,3,2,87.0,4.5,No,Yes,74.0,67.0,NotPlaced
3778,7.7,1,1,0,81.0,4.0,Yes,Yes,75.0,65.0,Placed
2047,6.6,1,1,0,70.0,4.1,No,No,55.0,67.0,NotPlaced
6071,7.3,1,2,0,80.0,4.2,No,No,57.0,69.0,NotPlaced
7562,7.3,1,2,1,88.0,4.8,No,No,55.0,74.0,NotPlaced
5580,8.4,1,2,2,79.0,4.8,Yes,Yes,61.0,81.0,NotPlaced
7418,7.5,1,1,1,72.0,4.5,No,Yes,59.0,65.0,NotPlaced
4124,8.3,2,3,2,86.0,4.8,Yes,Yes,86.0,82.0,Placed
2243,6.5,2,3,0,89.0,4.4,Yes,Yes,77.0,73.0,Placed
2427,6.5,0,1,1,84.0,3.6,No,No,61.0,63.0,NotPlaced
4220,7.1,1,1,1,69.0,3.3,No,No,65.0,61.0,NotPlaced
3863,7.6,0,1,0,85.0,4.1,No,No,61.0,68.0,NotPlaced
7888,6.5,1,3,2,84.0,4.5,No,Yes,70.0,75.0,Placed
7675,7.7,1,3,2,88.0,4.5,Yes,Yes,79.0,70.0,NotPlaced
6304,8.4,2,3,2,90.0,4.8,Yes,Yes,73.0,84.0,Placed
3573,7.6,1,3,0,70.0,4.8,No,Yes,59.0,73.0,NotPlaced
2947,7.9,1,3,2,88.0,4.5,Yes,No,90.0,69.0,Placed
6525,7.9,1,2,0,75.0,3.9,No,Yes,62.0,73.0,NotPlaced
9461,7.0,0,1,0,74.0,4.4,No,No,71.0,60.0,NotPlaced
2691,6.5,1,2,1,73.0,4.1,No,Yes,65.0,68.0,NotPlaced
758,7.7,0,1,1,76.0,3.9,No,No,58.0,66.0,NotPlaced
3414,7.5,1,1,1,72.0,4.0,No,Yes,63.0,62.0,NotPlaced
6859,8.5,1,3,2,76.0,4.8,Yes,Yes,67.0,83.0,Placed
2091,7.7,1,2,2,86.0,4.8,Yes,Yes,73.0,86.0,Placed
9749,7.4,1,1,0,65.0,3.7,No,No,65.0,66.0,NotPlaced
7314,6.6,1,1,0,74.0,3.6,No,No,55.0,67.0,NotPlaced
3306,7.9,1,1,0,87.0,4.4,No,Yes,58.0,70.0,Placed
6557,7.1,1,2,2,74.0,4.3,Yes,Yes,55.0,66.0,NotPlaced
3561,6.5,2,3,2,86.0,4.4,Yes,Yes,76.0,81.0,NotPlaced
8955,8.6,2,3,2,90.0,4.7,Yes,Yes,83.0,88.0,Placed
734,6.7,1,1,1,65.0,4.0,No,Yes,64.0,61.0,NotPlaced
8081,8.1,1,3,3,77.0,4.1,Yes,Yes,74.0,85.0,Placed
5346,6.5,1,1,0,79.0,4.0,No,No,55.0,70.0,NotPlaced
2128,7.6,1,2,1,83.0,3.9,Yes,Yes,70.0,69.0,Placed
1740,7.8,2,3,2,73.0,4.6,Yes,No,73.0,62.0,NotPlaced
2814,7.2,1,1,1,67.0,4.3,No,No,74.0,72.0,NotPlaced
278,7.3,1,2,1,79.0,3.8,No,Yes,58.0,73.0,NotPlaced
1760,8.1,2,3,2,82.0,4.5,Yes,Yes,79.0,87.0,NotPlaced
3187,7.9,1,2,1,77.0,4.3,No,No,55.0,63.0,Placed
376,7.2,1,1,0,85.0,3.5,No,Yes,84.0,70.0,NotPlaced
1750,6.5,2,1,0,75.0,4.3,Yes,Yes,69.0,73.0,NotPlaced
3913,6.5,0,3,0,80.0,4.5,No,Yes,79.0,64.0,NotPlaced
5761,8.5,2,3,2,79.0,4.8,No,No,72.0,69.0,NotPlaced
1887,7.4,1,2,0,80.0,4.2,Yes,Yes,83.0,80.0,Placed
3657,7.8,1,2,0,83.0,4.8,Yes,Yes,77.0,68.0,Placed
8593,6.5,2,3,2,80.0,4.8,Yes,Yes,78.0,82.0,NotPlaced
5252,6.9,1,1,1,67.0,3.9,No,Yes,62.0,66.0,NotPlaced
1832,7.6,1,1,1,75.0,3.7,No,No,55.0,63.0,NotPlaced
1100,8.1,0,3,2,90.0,4.7,Yes,Yes,82.0,86.0,Placed
9719,7.6,1,1,0,79.0,4.2,No,Yes,79.0,85.0,NotPlaced
2761,8.3,1,1,3,76.0,4.2,No,Yes,56.0,83.0,NotPlaced
703,6.9,0,1,0,67.0,3.9,Yes,No,67.0,65.0,NotPlaced
1789,6.7,2,1,2,72.0,4.5,No,Yes,77.0,69.0,NotPlaced
7428,8.1,1,2,2,83.0,4.8,Yes,Yes,81.0,82.0,Placed
7147,7.2,1,2,1,65.0,4.4,No,No,55.0,74.0,NotPlaced
8026,8.3,2,3,2,90.0,4.7,Yes,Yes,80.0,83.0,Placed
5257,8.2,2,2,0,88.0,4.1,Yes,Yes,63.0,77.0,NotPlaced
7676,7.3,0,3,1,82.0,3.8,No,No,84.0,62.0,NotPlaced
8573,8.7,0,3,2,90.0,4.8,Yes,Yes,71.0,83.0,Placed
2305,8.2,1,3,2,90.0,3.6,Yes,Yes,75.0,80.0,Placed
8813,7.8,1,3,0,76.0,4.4,Yes,Yes,74.0,74.0,NotPlaced
8132,6.5,0,1,0,67.0,3.5,No,Yes,55.0,67.0,NotPlaced
1518,7.8,1,3,0,82.0,3.7,Yes,No,75.0,63.0,NotPlaced
2719,6.5,0,1,0,68.0,3.6,No,Yes,60.0,75.0,NotPlaced
104,7.5,2,1,1,76.0,4.2,Yes,Yes,57.0,80.0,NotPlaced
2247,8.5,2,2,2,69.0,4.4,No,Yes,76.0,81.0,NotPlaced
9392,7.8,1,3,2,90.0,4.0,Yes,Yes,72.0,84.0,NotPlaced
1269,7.5,1,2,0,80.0,4.0,Yes,Yes,58.0,82.0,NotPlaced
2275,6.5,1,1,0,62.0,4.0,No,No,61.0,74.0,NotPlaced
4892,8.3,2,3,2,82.0,4.3,No,Yes,74.0,60.0,Placed
1909,6.7,1,2,0,75.0,4.8,Yes,Yes,55.0,67.0,Placed
3651,7.6,2,1,1,74.0,3.7,Yes,Yes,63.0,70.0,NotPlaced
9938,6.5,1,2,1,63.0,3.0,No,No,55.0,61.0,NotPlaced
6713,8.3,2,1,0,89.0,4.6,No,No,74.0,77.0,Placed
8061,7.4,2,3,0,81.0,4.6,No,No,80.0,69.0,NotPlaced
6900,8.5,1,3,0,88.0,4.7,Yes,Yes,74.0,88.0,Placed
3759,7.7,1,3,3,87.0,3.9,Yes,Yes,80.0,65.0,NotPlaced
3815,7.0,1,1,1,76.0,4.6,No,Yes,57.0,63.0,NotPlaced
9424,7.7,1,2,1,69.0,4.2,No,No,59.0,59.0,NotPlaced
4676,7.7,0,2,0,70.0,4.0,No,Yes,55.0,66.0,NotPlaced
9741,6.5,1,1,1,62.0,3.9,No,No,57.0,70.0,NotPlaced
7504,8.0,2,3,2,87.0,3.7,Yes,Yes,72.0,83.0,Placed
3916,8.5,2,3,2,88.0,4.7,Yes,Yes,71.0,84.0,Placed
7017,7.9,2,3,0,90.0,4.8,Yes,Yes,88.0,84.0,Placed
8700,7.8,2,2,1,84.0,4.0,No,Yes,86.0,73.0,NotPlaced
1464,7.5,1,2,1,71.0,4.3,No,Yes,62.0,74.0,NotPlaced
7201,7.4,1,0,2,73.0,4.2,No,Yes,90.0,72.0,NotPlaced
4483,8.3,1,2,1,85.0,4.8,Yes,Yes,67.0,82.0,Placed
6912,6.7,1,3,2,71.0,3.7,Yes,Yes,87.0,71.0,NotPlaced
602,7.5,0,2,1,63.0,3.5,No,Yes,75.0,66.0,NotPlaced
3768,8.2,2,3,2,90.0,4.8,Yes,Yes,76.0,78.0,Placed
9439,8.5,2,1,2,86.0,4.4,Yes,Yes,71.0,84.0,Placed
889,8.0,1,1,0,83.0,4.7,No,Yes,60.0,87.0,Placed
2259,8.3,1,2,0,82.0,4.6,Yes,Yes,85.0,86.0,Placed
9008,6.7,0,1,1,85.0,4.2,Yes,Yes,68.0,64.0,Placed
6053,7.4,0,1,0,79.0,3.3,No,Yes,58.0,61.0,NotPlaced
4388,7.3,1,2,1,68.0,4.6,Yes,No,75.0,83.0,NotPlaced
5860,8.5,0,3,0,90.0,4.5,Yes,Yes,55.0,62.0,Placed
1329,7.6,1,2,1,86.0,4.8,Yes,Yes,55.0,68.0,NotPlaced
3239,8.1,2,2,1,75.0,3.8,No,No,55.0,64.0,NotPlaced
5368,8.1,2,3,0,86.0,4.3,Yes,Yes,73.0,81.0,Placed
739,7.7,1,2,0,78.0,3.6,Yes,Yes,55.0,71.0,Placed
801,7.7,0,1,2,76.0,4.6,No,Yes,84.0,63.0,NotPlaced
6255,6.6,0,1,1,60.0,3.9,No,No,64.0,63.0,NotPlaced
1851,7.8,1,1,0,86.0,4.0,Yes,Yes,60.0,76.0,Placed
2215,6.5,0,1,1,65.0,4.2,No,Yes,58.0,70.0,NotPlaced
3459,8.2,2,3,2,87.0,4.6,Yes,Yes,81.0,86.0,Placed
655,8.2,2,3,1,90.0,4.8,Yes,Yes,82.0,77.0,Placed
1400,8.2,1,1,3,77.0,3.6,Yes,Yes,58.0,72.0,Placed
8214,8.3,2,3,2,86.0,4.6,Yes,Yes,79.0,84.0,Placed
8361,7.5,0,1,2,78.0,4.6,No,Yes,68.0,71.0,NotPlaced
9614,7.2,1,3,2,81.0,4.8,Yes,Yes,62.0,65.0,NotPlaced
1452,7.5,1,2,0,80.0,4.1,Yes,Yes,55.0,82.0,Placed
3831,7.5,0,1,0,85.0,3.9,Yes,Yes,82.0,81.0,NotPlaced
7477,8.1,1,2,0,86.0,4.8,No,Yes,82.0,63.0,NotPlaced
9413,8.6,2,2,0,77.0,3.5,No,Yes,65.0,67.0,NotPlaced
2302,8.0,1,3,3,90.0,4.8,Yes,Yes,82.0,84.0,Placed
6791,8.7,1,3,2,74.0,4.6,Yes,Yes,82.0,81.0,Placed
9883,8.0,1,3,2,84.0,4.3,Yes,Yes,76.0,78.0,Placed
871,7.2,1,1,1,69.0,4.3,No,No,58.0,62.0,NotPlaced
4766,6.7,1,1,0,82.0,3.7,No,Yes,55.0,58.0,NotPlaced
4941,7.6,1,3,0,75.0,4.2,Yes,No,76.0,76.0,Placed
1235,7.6,1,2,1,82.0,4.7,Yes,Yes,86.0,65.0,NotPlaced
9325,8.4,1,1,3,90.0,4.5,Yes,Yes,72.0,69.0,Placed
813,7.1,1,2,0,70.0,4.0,No,No,57.0,72.0,NotPlaced
25,7.4,1,2,1,90.0,4.3,No,Yes,56.0,69.0,NotPlaced
2285,7.7,0,1,0,65.0,3.9,No,No,74.0,69.0,NotPlaced
7783,7.4,0,1,1,80.0,4.2,No,No,55.0,69.0,NotPlaced
958,6.5,0,2,1,69.0,4.7,Yes,Yes,72.0,72.0,NotPlaced
1768,8.3,2,3,2,90.0,4.8,Yes,Yes,83.0,85.0,Placed
400,6.9,0,1,0,90.0,4.5,Yes,Yes,81.0,80.0,Placed
5774,8.2,1,1,0,71.0,4.0,No,Yes,56.0,66.0,NotPlaced
4527,6.5,0,1,1,70.0,4.2,No,Yes,55.0,63.0,NotPlaced
9210,7.5,1,2,0,78.0,4.0,Yes,Yes,66.0,85.0,NotPlaced
4650,7.8,1,2,1,70.0,4.3,Yes,Yes,59.0,71.0,Placed
7403,8.1,0,3,2,82.0,4.8,Yes,No,82.0,83.0,Placed
6611,7.7,0,3,2,87.0,4.8,Yes,Yes,80.0,86.0,Placed
5949,8.3,0,3,2,90.0,4.8,Yes,Yes,87.0,84.0,Placed
5701,8.1,1,2,2,74.0,4.4,Yes,Yes,79.0,86.0,Placed
3887,6.5,0,3,1,79.0,4.3,Yes,Yes,58.0,82.0,NotPlaced
6701,8.2,2,3,2,90.0,4.8,Yes,Yes,81.0,88.0,Placed
5424,6.6,1,2,0,70.0,4.1,Yes,Yes,55.0,62.0,NotPlaced
5003,7.5,0,3,2,83.0,4.4,Yes,Yes,78.0,88.0,Placed
6985,8.2,2,2,0,90.0,4.2,No,Yes,71.0,85.0,Placed
861,8.0,1,1,0,84.0,3.9,Yes,No,55.0,66.0,NotPlaced
8464,6.5,2,3,1,76.0,4.3,Yes,No,76.0,77.0,NotPlaced
1537,7.7,2,3,2,82.0,4.8,Yes,Yes,80.0,83.0,Placed
2720,8.2,0,3,2,78.0,4.8,Yes,No,61.0,71.0,Placed
7937,8.9,1,3,2,90.0,4.8,Yes,Yes,75.0,84.0,Placed
3038,7.4,1,2,1,66.0,4.3,No,No,78.0,70.0,NotPlaced
131,8.0,1,3,0,80.0,4.4,Yes,Yes,85.0,84.0,Placed
8013,7.0,1,2,0,69.0,4.3,No,Yes,55.0,68.0,NotPlaced
9405,7.5,1,2,0,71.0,4.7,No,No,57.0,87.0,NotPlaced
2380,8.5,1,1,2,72.0,4.0,Yes,Yes,80.0,82.0,Placed
257,8.7,2,3,2,90.0,4.8,Yes,Yes,83.0,81.0,Placed
9216,7.6,0,1,0,78.0,4.3,Yes,Yes,76.0,77.0,Placed
2673,6.7,1,2,0,90.0,4.7,Yes,Yes,55.0,82.0,Placed
6644,8.3,2,1,0,81.0,4.3,Yes,Yes,86.0,70.0,NotPlaced
9620,7.4,2,1,2,62.0,4.7,No,No,55.0,71.0,NotPlaced
7588,7.5,0,1,1,70.0,4.4,No,No,55.0,66.0,NotPlaced
1560,8.3,2,3,0,90.0,4.7,Yes,Yes,65.0,69.0,Placed
6679,8.0,1,3,2,90.0,4.0,No,Yes,78.0,86.0,Placed
2409,6.5,1,1,1,79.0,4.1,No,No,61.0,67.0,Placed
4222,8.0,1,2,2,85.0,4.8,Yes,Yes,68.0,82.0,Placed
4062,7.0,1,1,0,65.0,4.0,No,No,58.0,65.0,NotPlaced
6967,6.8,1,2,0,75.0,4.3,Yes,Yes,73.0,73.0,NotPlaced
3083,8.3,1,3,2,74.0,4.4,Yes,Yes,82.0,82.0,Placed
6032,7.6,1,1,0,73.0,4.2,No,Yes,55.0,69.0,NotPlaced
9515,8.2,1,1,2,74.0,4.5,Yes,No,82.0,69.0,Placed
1184,7.9,2,3,1,90.0,4.0,Yes,Yes,82.0,75.0,Placed
8985,8.4,0,3,2,83.0,4.0,Yes,No,62.0,64.0,Placed
2291,8.7,1,3,2,80.0,4.7,Yes,Yes,76.0,82.0,Placed
9100,6.5,1,1,1,76.0,4.3,Yes,No,60.0,63.0,NotPlaced
7026,6.8,1,1,0,60.0,3.7,No,No,64.0,64.0,NotPlaced
6986,7.0,1,1,0,72.0,4.4,No,Yes,74.0,65.0,NotPlaced
7988,7.2,0,1,0,63.0,3.8,No,No,66.0,66.0,NotPlaced
6971,7.8,0,2,1,82.0,4.4,Yes,Yes,73.0,88.0,Placed
8439,6.8,1,1,0,69.0,3.9,No,No,62.0,60.0,NotPlaced
7167,6.5,1,2,0,72.0,4.3,Yes,Yes,65.0,68.0,Placed
9356,6.5,1,2,0,75.0,4.0,No,No,58.0,71.0,NotPlaced
378,7.4,1,2,0,77.0,4.1,Yes,Yes,55.0,77.0,NotPlaced
9965,7.5,1,3,1,87.0,4.5,Yes,Yes,57.0,84.0,Placed
4620,6.7,0,3,1,67.0,4.2,Yes,No,63.0,63.0,NotPlaced
3359,6.8,1,1,0,76.0,4.3,No,No,67.0,65.0,NotPlaced
6410,7.5,0,2,0,72.0,4.3,No,No,56.0,71.0,NotPlaced
2919,8.2,2,3,2,90.0,4.8,Yes,Yes,85.0,83.0,Placed
865,8.4,1,3,0,77.0,4.7,Yes,Yes,79.0,84.0,Placed
2739,8.5,1,3,2,88.0,4.8,Yes,Yes,83.0,83.0,NotPlaced
2858,8.8,0,1,2,90.0,4.8,Yes,Yes,82.0,82.0,NotPlaced
6366,7.6,0,2,1,80.0,4.6,Yes,Yes,72.0,83.0,NotPlaced
7577,8.3,2,3,0,90.0,4.8,Yes,Yes,79.0,82.0,Placed
4734,8.6,1,3,0,74.0,4.4,Yes,Yes,86.0,81.0,Placed
4768,7.8,1,3,2,82.0,4.8,Yes,No,78.0,77.0,Placed
5680,7.5,1,1,1,73.0,3.5,No,Yes,58.0,69.0,NotPlaced
5017,8.7,2,3,2,77.0,4.8,Yes,No,89.0,87.0,Placed
9588,8.1,2,3,2,90.0,4.6,Yes,No,74.0,84.0,Placed
3236,8.3,1,3,2,90.0,4.5,Yes,Yes,56.0,71.0,Placed
4964,8.2,1,3,2,90.0,4.8,Yes,Yes,77.0,87.0,Placed
2730,7.6,0,2,0,79.0,4.6,No,Yes,76.0,72.0,NotPlaced
1709,6.5,1,2,0,63.0,4.3,No,No,82.0,82.0,NotPlaced
6710,8.1,2,1,2,80.0,4.2,Yes,No,75.0,80.0,Placed
9622,8.2,2,3,2,90.0,4.8,Yes,Yes,79.0,86.0,Placed
8363,8.3,1,3,2,89.0,4.7,Yes,Yes,70.0,86.0,Placed
3941,8.5,1,1,1,81.0,4.5,Yes,Yes,70.0,62.0,NotPlaced
5206,7.4,0,1,0,79.0,4.0,No,Yes,55.0,66.0,NotPlaced
3036,8.0,2,3,3,84.0,4.0,Yes,Yes,75.0,60.0,NotPlaced
5303,8.2,2,1,0,82.0,4.6,Yes,Yes,74.0,82.0,Placed
7816,8.5,1,3,2,90.0,4.7,Yes,Yes,75.0,81.0,Placed
3574,8.5,2,3,2,90.0,4.7,Yes,Yes,85.0,82.0,Placed
8068,6.7,1,1,0,64.0,3.7,No,Yes,55.0,60.0,NotPlaced
7630,7.6,0,1,0,75.0,4.2,Yes,No,55.0,59.0,NotPlaced
1106,7.7,1,3,2,90.0,4.7,Yes,Yes,80.0,84.0,Placed
8801,8.2,1,1,1,78.0,4.0,No,Yes,56.0,70.0,NotPlaced
8701,8.7,2,3,2,90.0,4.8,Yes,Yes,85.0,86.0,Placed
701,7.9,1,3,0,79.0,3.7,No,Yes,67.0,83.0,NotPlaced
8247,7.7,1,2,0,86.0,4.5,No,Yes,72.0,79.0,Placed
3579,8.5,2,3,0,88.0,4.7,Yes,Yes,74.0,86.0,Placed
7515,7.4,1,1,1,70.0,4.0,Yes,Yes,57.0,72.0,NotPlaced
9364,8.6,2,2,1,78.0,4.8,Yes,No,80.0,82.0,NotPlaced
5521,7.6,1,3,2,88.0,4.5,Yes,Yes,75.0,84.0,Placed
1433,8.6,1,3,0,88.0,4.8,Yes,Yes,89.0,82.0,NotPlaced
5492,7.6,1,1,0,63.0,4.3,Yes,No,59.0,60.0,NotPlaced
2457,7.8,2,3,2,90.0,3.9,Yes,Yes,60.0,87.0,NotPlaced
8856,8.6,1,3,0,82.0,4.5,No,Yes,55.0,74.0,NotPlaced
7046,7.9,2,3,2,90.0,4.8,Yes,Yes,70.0,86.0,Placed
7526,8.1,2,3,0,89.0,4.1,Yes,No,81.0,67.0,NotPlaced
8421,8.0,1,3,1,90.0,4.4,No,Yes,82.0,67.0,NotPlaced
7168,7.8,2,3,0,78.0,4.8,Yes,No,74.0,82.0,Placed
2149,8.2,1,3,0,77.0,4.5,Yes,Yes,75.0,88.0,Placed
6494,8.4,1,2,1,76.0,4.0,Yes,Yes,55.0,84.0,Placed
9107,8.3,2,3,2,90.0,4.8,Yes,Yes,80.0,81.0,Placed
1103,8.1,0,2,3,71.0,4.2,Yes,No,82.0,74.0,NotPlaced
1154,6.5,1,2,1,76.0,4.5,Yes,Yes,55.0,74.0,NotPlaced
8809,8.1,2,3,2,86.0,4.7,Yes,Yes,76.0,80.0,Placed
415,7.6,1,3,1,73.0,4.4,No,Yes,55.0,62.0,NotPlaced
8301,8.2,2,3,2,73.0,4.3,Yes,Yes,55.0,70.0,NotPlaced
9981,8.6,1,2,0,87.0,4.3,Yes,Yes,69.0,69.0,NotPlaced
4184,8.0,1,1,2,76.0,3.4,Yes,Yes,61.0,66.0,NotPlaced
2688,8.5,2,3,1,90.0,4.7,Yes,Yes,72.0,77.0,Placed
6749,8.2,1,2,0,82.0,4.5,Yes,Yes,74.0,66.0,NotPlaced
7873,8.2,1,1,0,80.0,3.9,Yes,Yes,61.0,84.0,NotPlaced
7553,7.5,0,2,0,81.0,3.6,No,Yes,55.0,68.0,Placed
6798,7.5,1,1,0,68.0,3.6,No,Yes,67.0,66.0,NotPlaced
7363,6.7,0,1,0,78.0,3.0,No,No,55.0,65.0,NotPlaced
1895,7.5,0,1,0,66.0,4.3,No,No,60.0,68.0,NotPlaced
1482,8.0,2,3,2,90.0,4.8,Yes,Yes,79.0,78.0,Placed
8535,8.3,2,2,1,87.0,4.5,Yes,Yes,82.0,80.0,NotPlaced
7654,8.2,2,3,2,87.0,4.8,Yes,Yes,83.0,83.0,Placed
7660,8.3,0,3,3,89.0,4.8,Yes,Yes,74.0,74.0,Placed
8215,8.4,2,3,2,90.0,4.8,Yes,Yes,76.0,87.0,Placed
5731,8.0,2,3,2,90.0,4.8,Yes,Yes,77.0,82.0,Placed
6527,8.1,2,3,2,90.0,4.8,Yes,Yes,80.0,87.0,Placed
8765,8.8,2,3,2,90.0,4.7,Yes,Yes,80.0,86.0,Placed
3918,7.6,1,3,0,71.0,4.7,Yes,No,64.0,67.0,NotPlaced
8873,8.3,2,3,3,88.0,4.8,Yes,Yes,84.0,87.0,Placed
3181,7.7,1,1,0,69.0,4.4,No,No,55.0,69.0,NotPlaced
5529,6.5,0,2,2,88.0,4.6,No,Yes,71.0,72.0,NotPlaced
6082,8.4,1,3,2,78.0,4.1,Yes,Yes,75.0,83.0,Placed
1593,9.0,1,3,2,78.0,4.8,Yes,Yes,79.0,85.0,Placed
925,7.5,0,1,2,89.0,4.0,No,Yes,66.0,63.0,NotPlaced
4828,8.3,2,2,1,64.0,4.0,No,Yes,55.0,65.0,Placed
6873,6.5,2,1,0,85.0,4.8,No,Yes,72.0,68.0,NotPlaced
8657,7.6,2,2,0,77.0,4.4,No,Yes,72.0,74.0,NotPlaced
1351,8.6,0,3,2,90.0,4.8,Yes,Yes,81.0,82.0,Placed
9649,8.4,2,3,0,89.0,4.6,Yes,Yes,87.0,82.0,Placed
9720,6.6,1,2,1,74.0,4.1,No,Yes,83.0,88.0,Placed
984,8.4,1,3,2,90.0,4.8,Yes,Yes,80.0,78.0,Placed
5539,8.3,2,3,0,80.0,4.2,No,No,87.0,68.0,NotPlaced
4354,7.7,1,1,0,76.0,3.8,No,Yes,75.0,58.0,NotPlaced
1278,6.5,1,3,2,89.0,4.6,No,Yes,81.0,71.0,NotPlaced
9163,8.3,2,3,2,88.0,4.8,Yes,No,79.0,83.0,NotPlaced
5831,8.7,1,2,2,73.0,4.4,No,Yes,72.0,68.0,NotPlaced
3796,8.1,2,3,1,88.0,4.2,Yes,Yes,74.0,84.0,Placed
7385,8.6,2,3,2,90.0,4.8,Yes,Yes,81.0,87.0,Placed
8009,8.0,1,3,1,76.0,4.6,No,No,70.0,67.0,NotPlaced
6357,7.6,0,1,1,70.0,3.9,No,No,71.0,63.0,Placed
164,6.9,0,1,0,73.0,4.1,No,Yes,55.0,69.0,Placed
9367,6.5,1,2,0,78.0,4.0,Yes,Yes,69.0,65.0,NotPlaced
5476,6.5,1,1,0,77.0,4.2,No,Yes,55.0,74.0,NotPlaced
4864,7.7,1,1,0,79.0,4.3,Yes,Yes,85.0,71.0,NotPlaced
5973,7.5,1,2,0,83.0,4.3,No,Yes,56.0,66.0,Placed
3054,7.4,1,2,2,77.0,4.6,Yes,Yes,66.0,83.0,Placed
3111,7.1,1,1,2,71.0,4.2,No,Yes,57.0,71.0,NotPlaced
3355,8.3,1,3,2,90.0,4.5,Yes,Yes,75.0,79.0,Placed
3548,7.5,1,1,0,70.0,4.8,No,No,61.0,72.0,NotPlaced
322,8.5,2,3,1,85.0,4.3,Yes,Yes,88.0,80.0,Placed
961,8.1,2,3,2,90.0,4.7,Yes,Yes,78.0,82.0,Placed
6517,7.9,1,3,2,88.0,4.6,Yes,Yes,84.0,85.0,Placed
9321,8.2,2,3,2,88.0,4.5,Yes,Yes,72.0,83.0,Placed
3774,7.7,1,2,0,73.0,3.7,No,No,55.0,70.0,NotPlaced
851,8.4,1,3,2,90.0,4.8,Yes,Yes,70.0,84.0,NotPlaced
5325,8.1,2,3,2,90.0,4.8,Yes,Yes,75.0,88.0,Placed
8210,7.5,0,2,1,70.0,3.8,Yes,Yes,78.0,87.0,Placed
6709,8.5,2,2,0,83.0,4.7,Yes,Yes,80.0,87.0,NotPlaced
5928,7.1,2,3,2,90.0,4.7,Yes,Yes,70.0,83.0,Placed
7083,6.5,1,3,1,87.0,4.7,No,Yes,55.0,67.0,NotPlaced
5195,6.5,0,1,2,80.0,4.1,No,Yes,74.0,82.0,NotPlaced
159,7.8,0,1,1,72.0,4.0,No,No,61.0,69.0,NotPlaced
3480,7.9,2,3,2,89.0,4.4,Yes,Yes,89.0,86.0,Placed
1759,7.9,1,1,1,79.0,4.1,No,Yes,68.0,72.0,NotPlaced
7186,8.2,2,3,2,90.0,4.8,Yes,Yes,79.0,79.0,Placed
133,8.4,1,1,0,81.0,4.6,Yes,No,78.0,82.0,Placed
7857,8.3,1,3,0,84.0,4.4,Yes,Yes,73.0,84.0,NotPlaced
1635,8.1,2,3,2,90.0,4.7,Yes,Yes,81.0,83.0,Placed
7085,6.7,1,1,1,77.0,4.7,Yes,No,69.0,70.0,NotPlaced
819,6.8,0,3,2,76.0,3.9,Yes,Yes,85.0,73.0,NotPlaced
9652,7.4,1,1,1,83.0,4.0,No,Yes,74.0,78.0,NotPlaced
7523,8.0,2,3,0,90.0,4.5,Yes,Yes,85.0,79.0,Placed
2531,8.5,2,3,2,87.0,4.4,Yes,Yes,77.0,71.0,Placed
8562,7.6,1,2,2,86.0,4.3,Yes,Yes,70.0,80.0,NotPlaced
54,6.5,1,2,1,80.0,4.5,Yes,Yes,72.0,67.0,NotPlaced
7823,8.3,1,3,1,81.0,4.8,Yes,Yes,65.0,83.0,NotPlaced
553,7.6,0,2,0,81.0,4.0,No,No,60.0,60.0,NotPlaced
5762,8.2,1,2,0,67.0,4.1,No,Yes,56.0,78.0,NotPlaced
1186,6.8,1,1,3,72.0,4.3,No,Yes,75.0,74.0,NotPlaced
725,7.8,0,3,0,76.0,3.7,Yes,Yes,85.0,79.0,Placed
4479,8.3,2,1,1,81.0,4.0,Yes,Yes,55.0,70.0,Placed
8442,6.5,1,1,0,68.0,4.0,No,Yes,55.0,69.0,NotPlaced
6254,7.5,1,2,0,81.0,3.6,Yes,Yes,71.0,87.0,Placed
6906,8.3,2,3,2,87.0,4.3,Yes,Yes,67.0,84.0,Placed
1592,7.7,1,2,0,73.0,4.8,No,Yes,59.0,65.0,NotPlaced
3094,7.4,1,2,1,66.0,3.5,No,No,55.0,65.0,NotPlaced
3461,7.6,1,1,1,75.0,4.1,Yes,Yes,55.0,68.0,NotPlaced
1904,8.4,2,3,2,90.0,4.8,Yes,Yes,79.0,86.0,Placed
211,8.3,1,2,1,82.0,4.7,Yes,Yes,77.0,84.0,NotPlaced
5105,6.6,1,1,1,87.0,4.7,No,Yes,55.0,69.0,NotPlaced
8656,8.0,2,3,0,83.0,4.1,Yes,Yes,67.0,83.0,NotPlaced
2960,7.7,1,3,2,85.0,4.8,Yes,Yes,80.0,86.0,Placed
4915,7.9,1,3,1,81.0,4.5,No,Yes,75.0,73.0,Placed
3535,7.4,0,1,1,76.0,4.3,No,Yes,55.0,62.0,NotPlaced
9773,8.2,1,2,1,90.0,4.7,Yes,Yes,81.0,70.0,NotPlaced
2147,8.5,2,3,1,90.0,4.7,Yes,Yes,75.0,88.0,Placed
7692,6.5,0,1,1,70.0,4.4,No,Yes,55.0,62.0,NotPlaced
6705,8.2,1,1,1,64.0,3.7,No,No,59.0,66.0,NotPlaced
926,7.5,0,1,0,66.0,3.5,No,No,60.0,73.0,NotPlaced
7684,8.2,2,3,1,90.0,3.9,Yes,Yes,76.0,82.0,Placed
1440,7.5,0,2,2,78.0,4.0,No,Yes,64.0,75.0,NotPlaced
3731,8.7,0,3,0,85.0,4.5,Yes,Yes,77.0,65.0,Placed
2116,6.6,0,1,1,71.0,4.4,Yes,Yes,64.0,85.0,NotPlaced
2985,8.3,1,2,2,83.0,4.2,Yes,Yes,55.0,88.0,Placed
8827,8.1,2,2,0,80.0,4.8,Yes,No,55.0,82.0,Placed
6653,8.2,1,0,0,85.0,4.8,No,Yes,72.0,66.0,Placed
8786,8.4,0,3,2,75.0,4.8,Yes,Yes,55.0,63.0,NotPlaced
5470,8.5,2,3,2,90.0,4.8,Yes,Yes,85.0,87.0,Placed
2571,7.1,1,1,0,74.0,4.7,Yes,No,78.0,70.0,NotPlaced
4227,8.9,1,3,1,90.0,4.7,Yes,Yes,72.0,87.0,NotPlaced
7299,6.5,2,1,1,78.0,3.5,No,Yes,61.0,67.0,NotPlaced
9772,8.3,1,3,0,83.0,4.7,No,No,63.0,81.0,NotPlaced
9664,8.3,2,3,2,90.0,4.8,Yes,Yes,79.0,84.0,Placed
8099,7.6,1,1,0,71.0,3.3,No,Yes,64.0,72.0,NotPlaced
9496,7.6,0,2,1,75.0,4.7,No,Yes,72.0,67.0,NotPlaced
1938,7.6,2,2,1,90.0,4.7,Yes,Yes,70.0,70.0,NotPlaced
1279,6.5,0,1,0,61.0,3.7,No,No,67.0,71.0,NotPlaced
3739,8.5,1,1,0,85.0,4.4,Yes,Yes,71.0,86.0,Placed
7178,6.8,1,1,1,80.0,3.5,No,Yes,64.0,70.0,NotPlaced
5392,8.5,1,1,2,77.0,4.3,Yes,Yes,80.0,81.0,Placed
1969,6.5,0,1,0,79.0,4.2,Yes,Yes,83.0,74.0,Placed
5748,7.7,1,1,0,71.0,4.1,Yes,Yes,75.0,70.0,NotPlaced
329,7.8,1,2,0,78.0,4.8,Yes,Yes,75.0,65.0,Placed
8248,7.8,1,2,2,85.0,4.3,No,Yes,68.0,78.0,Placed
3307,7.5,1,2,1,60.0,3.4,Yes,Yes,78.0,84.0,NotPlaced
5387,8.2,1,3,2,90.0,4.7,Yes,Yes,76.0,86.0,Placed
8768,6.5,0,3,0,77.0,4.2,No,No,78.0,61.0,NotPlaced
7926,7.6,1,1,0,74.0,3.8,No,No,55.0,72.0,NotPlaced
8064,6.5,1,1,1,83.0,4.2,No,No,58.0,76.0,NotPlaced
9857,7.9,0,1,0,79.0,4.2,No,No,55.0,62.0,NotPlaced
619,6.5,1,1,0,84.0,4.5,Yes,Yes,55.0,84.0,NotPlaced
51,6.5,0,2,1,77.0,4.8,No,Yes,56.0,65.0,NotPlaced
9382,7.5,0,1,0,68.0,3.8,No,Yes,55.0,62.0,NotPlaced
6237,7.8,1,3,0,82.0,3.9,No,No,55.0,83.0,NotPlaced
5,8.3,1,2,2,86.0,4.5,Yes,Yes,74.0,88.0,Placed
5334,7.5,0,1,2,73.0,3.9,No,Yes,55.0,67.0,Placed
6688,7.9,1,3,0,77.0,4.1,Yes,Yes,73.0,82.0,NotPlaced
2605,7.9,2,3,2,90.0,4.7,Yes,Yes,75.0,74.0,Placed
4942,8.3,0,3,2,90.0,4.8,Yes,No,90.0,84.0,Placed
598,7.4,2,1,1,81.0,4.0,Yes,No,76.0,66.0,Placed
9721,7.7,2,3,2,90.0,4.8,Yes,Yes,83.0,83.0,Placed
2681,6.5,1,1,0,77.0,3.9,Yes,No,67.0,71.0,NotPlaced
2862,7.9,1,3,1,75.0,4.6,Yes,Yes,80.0,81.0,NotPlaced
1131,7.4,1,2,1,63.0,3.6,Yes,Yes,57.0,61.0,NotPlaced
3139,8.3,1,2,0,78.0,4.5,No,Yes,63.0,60.0,NotPlaced
1555,7.6,2,2,1,77.0,4.1,No,No,69.0,75.0,NotPlaced
2106,8.1,2,3,2,85.0,4.8,Yes,Yes,80.0,79.0,Placed
6334,7.5,0,2,0,69.0,4.3,No,No,55.0,70.0,NotPlaced
5210,8.6,1,3,2,86.0,4.7,Yes,Yes,81.0,82.0,Placed
5049,8.3,1,2,3,85.0,4.6,Yes,Yes,69.0,86.0,Placed
9864,8.4,1,2,1,83.0,3.7,No,Yes,55.0,66.0,NotPlaced
7696,8.1,2,3,0,79.0,4.8,Yes,Yes,70.0,82.0,NotPlaced
9935,6.6,1,2,0,71.0,4.4,Yes,Yes,69.0,68.0,NotPlaced
6591,7.7,1,3,1,90.0,4.6,Yes,Yes,81.0,82.0,Placed
7420,6.5,1,1,0,67.0,3.9,No,No,84.0,66.0,NotPlaced
5699,7.4,1,2,2,66.0,4.4,No,Yes,61.0,85.0,NotPlaced
9130,8.5,2,1,0,86.0,4.7,Yes,Yes,64.0,83.0,NotPlaced
9427,7.4,1,2,1,72.0,4.4,Yes,Yes,61.0,82.0,Placed
2961,8.5,1,3,0,74.0,4.3,Yes,Yes,78.0,62.0,Placed
5218,7.7,0,3,1,82.0,4.1,No,Yes,82.0,88.0,Placed
7297,8.0,2,3,2,90.0,4.5,Yes,Yes,85.0,82.0,Placed
2167,8.0,1,2,2,80.0,4.7,Yes,No,72.0,80.0,NotPlaced
1573,8.5,1,2,1,73.0,4.2,Yes,Yes,76.0,88.0,NotPlaced
7063,8.1,1,1,1,83.0,4.7,Yes,Yes,75.0,83.0,NotPlaced
1772,8.4,0,3,2,90.0,4.3,Yes,Yes,76.0,88.0,Placed
8126,8.4,1,3,2,90.0,4.8,Yes,Yes,82.0,88.0,Placed
9770,7.7,0,2,1,66.0,4.3,Yes,Yes,68.0,67.0,NotPlaced
6440,8.3,1,3,2,89.0,4.4,Yes,Yes,63.0,81.0,Placed
3179,7.6,1,1,0,80.0,3.6,No,No,55.0,67.0,NotPlaced
3809,6.5,1,2,1,82.0,4.0,No,Yes,74.0,74.0,NotPlaced
6113,8.2,1,3,0,78.0,4.2,Yes,Yes,60.0,66.0,Placed
9426,8.2,0,3,1,89.0,4.8,Yes,No,76.0,78.0,Placed
1976,8.2,2,3,2,90.0,4.8,Yes,Yes,84.0,85.0,Placed
4193,7.6,0,1,1,76.0,3.9,No,Yes,55.0,72.0,NotPlaced
7802,8.5,2,3,1,84.0,4.4,Yes,Yes,87.0,84.0,Placed
8094,8.1,1,3,0,90.0,4.8,Yes,Yes,75.0,81.0,Placed
7989,8.7,2,2,2,90.0,4.8,Yes,Yes,74.0,84.0,Placed
8344,6.5,1,2,2,81.0,3.6,Yes,Yes,89.0,80.0,Placed
5048,6.6,1,1,1,68.0,3.3,Yes,No,60.0,62.0,NotPlaced
8944,7.2,1,1,1,74.0,3.9,No,Yes,57.0,69.0,NotPlaced
2522,8.1,1,1,2,76.0,4.0,No,Yes,71.0,71.0,NotPlaced
8925,8.2,1,2,3,86.0,3.9,Yes,Yes,76.0,88.0,Placed
5094,8.3,2,3,1,88.0,3.8,Yes,Yes,58.0,87.0,Placed
7649,7.5,1,1,0,61.0,3.9,No,No,55.0,74.0,NotPlaced
9197,7.7,2,2,0,90.0,4.7,Yes,Yes,70.0,86.0,Placed
2239,7.5,1,2,0,82.0,4.4,No,Yes,57.0,61.0,Placed
1587,7.7,1,1,0,74.0,4.0,Yes,Yes,79.0,87.0,Placed
7598,7.0,1,1,2,83.0,4.8,Yes,Yes,83.0,80.0,Placed
5385,8.5,2,2,0,85.0,4.5,Yes,Yes,71.0,78.0,Placed
8104,8.1,1,1,1,67.0,3.8,No,No,59.0,57.0,NotPlaced
4150,7.7,1,1,1,67.0,3.0,No,No,55.0,67.0,NotPlaced
4450,8.2,1,3,2,79.0,4.8,Yes,Yes,71.0,82.0,Placed
5619,7.4,1,2,1,78.0,4.6,No,Yes,67.0,68.0,NotPlaced
2018,8.9,2,3,2,90.0,4.8,Yes,Yes,82.0,88.0,Placed
8083,7.3,1,1,0,82.0,3.9,No,No,81.0,60.0,NotPlaced
8605,8.2,1,1,0,69.0,4.5,No,Yes,55.0,70.0,NotPlaced
3500,7.7,1,1,1,79.0,4.0,Yes,Yes,84.0,65.0,NotPlaced
3600,7.9,1,3,1,80.0,4.3,Yes,Yes,74.0,88.0,NotPlaced
820,7.7,1,2,2,90.0,4.8,No,No,62.0,86.0,NotPlaced
6120,7.8,1,3,0,90.0,3.7,Yes,Yes,71.0,85.0,NotPlaced
9682,7.6,1,1,0,74.0,4.2,No,Yes,61.0,61.0,NotPlaced
4631,6.7,1,2,0,71.0,4.3,No,No,57.0,80.0,NotPlaced
692,7.5,0,2,1,62.0,4.5,No,No,55.0,65.0,NotPlaced
3068,6.9,1,2,1,68.0,3.8,Yes,Yes,70.0,66.0,NotPlaced
7752,8.7,2,3,0,82.0,4.1,Yes,Yes,72.0,79.0,Placed
4130,6.5,1,2,1,82.0,3.4,Yes,No,72.0,68.0,NotPlaced
5612,8.1,1,2,1,73.0,4.2,No,Yes,83.0,87.0,NotPlaced
9926,7.6,1,3,1,74.0,4.0,Yes,Yes,72.0,81.0,NotPlaced
6281,7.7,1,2,0,75.0,4.5,No,Yes,67.0,67.0,NotPlaced
802,6.5,0,1,1,71.0,4.4,Yes,Yes,55.0,75.0,NotPlaced
1509,7.6,2,1,1,66.0,3.4,No,No,56.0,74.0,NotPlaced
3752,7.6,0,1,2,83.0,4.7,No,Yes,77.0,69.0,Placed
9596,7.0,1,3,1,80.0,4.8,Yes,Yes,59.0,68.0,Placed
2835,6.6,1,2,0,60.0,4.7,Yes,Yes,55.0,69.0,NotPlaced
6807,8.1,1,3,2,90.0,4.8,Yes,Yes,74.0,82.0,Placed
3443,7.8,1,3,2,90.0,4.8,Yes,Yes,86.0,70.0,Placed
5553,7.6,1,1,0,77.0,4.5,Yes,Yes,70.0,71.0,NotPlaced
2060,8.4,0,3,2,87.0,4.8,Yes,No,82.0,75.0,Placed
7555,6.7,1,1,0,66.0,4.3,Yes,No,55.0,71.0,NotPlaced
6326,6.7,1,1,2,80.0,4.4,No,Yes,55.0,64.0,Placed
5204,7.6,1,2,0,81.0,4.7,Yes,Yes,82.0,83.0,NotPlaced
8480,7.6,1,2,0,70.0,3.7,Yes,Yes,63.0,71.0,Placed
2212,8.5,0,1,1,90.0,4.8,Yes,No,61.0,75.0,NotPlaced
2092,7.6,1,1,1,77.0,4.0,No,Yes,55.0,74.0,Placed
8568,8.0,1,3,2,90.0,4.8,Yes,Yes,79.0,84.0,Placed
9599,6.5,1,1,0,82.0,4.4,No,Yes,56.0,68.0,NotPlaced
9047,7.1,1,2,1,84.0,4.3,Yes,Yes,75.0,82.0,NotPlaced
518,7.7,2,3,0,78.0,4.1,Yes,Yes,70.0,81.0,NotPlaced
6178,7.6,1,1,2,85.0,4.3,No,Yes,60.0,87.0,Placed
711,8.4,2,3,2,84.0,4.5,Yes,Yes,78.0,78.0,Placed
2139,8.4,1,3,0,83.0,4.8,Yes,Yes,77.0,85.0,Placed
4054,8.5,2,3,2,90.0,4.8,Yes,No,76.0,84.0,NotPlaced
2685,7.0,1,2,0,72.0,4.1,No,Yes,71.0,73.0,NotPlaced
7268,7.4,1,1,0,81.0,4.3,Yes,Yes,67.0,70.0,NotPlaced
3711,7.5,1,1,0,60.0,3.7,No,Yes,55.0,60.0,NotPlaced
3189,7.6,1,1,0,73.0,4.3,No,Yes,68.0,64.0,NotPlaced
7277,6.5,2,3,2,87.0,4.8,Yes,Yes,71.0,84.0,Placed
3380,8.4,2,1,2,86.0,4.4,Yes,Yes,83.0,81.0,Placed
5574,7.2,1,1,0,72.0,4.1,No,Yes,55.0,73.0,NotPlaced
484,7.5,1,1,2,75.0,3.5,Yes,Yes,55.0,64.0,NotPlaced
3474,8.2,1,3,0,84.0,4.7,Yes,Yes,71.0,81.0,Placed
9779,7.9,1,3,2,90.0,4.8,Yes,Yes,82.0,80.0,Placed
5715,7.9,1,3,2,90.0,4.4,Yes,Yes,80.0,84.0,Placed
3515,7.9,1,1,1,63.0,4.2,No,No,60.0,62.0,NotPlaced
5163,7.6,2,1,1,63.0,4.8,No,Yes,78.0,71.0,Placed
2568,7.4,1,1,0,66.0,3.8,Yes,Yes,62.0,65.0,NotPlaced
6758,7.9,1,2,0,86.0,4.5,Yes,Yes,76.0,70.0,NotPlaced
2875,6.5,0,3,0,72.0,4.1,No,Yes,70.0,64.0,NotPlaced
6738,7.7,1,3,2,74.0,3.6,Yes,Yes,78.0,64.0,NotPlaced
7498,6.6,1,1,0,73.0,3.1,No,No,58.0,61.0,NotPlaced
7909,7.3,0,1,0,78.0,3.7,No,Yes,79.0,86.0,NotPlaced
6775,8.6,2,2,0,70.0,4.1,Yes,Yes,79.0,64.0,Placed
2069,7.5,1,3,0,83.0,4.8,Yes,Yes,73.0,87.0,Placed
8981,6.9,1,2,2,77.0,4.2,Yes,Yes,77.0,86.0,NotPlaced
103,6.5,1,1,1,62.0,3.8,No,Yes,58.0,65.0,NotPlaced
6726,6.7,1,1,1,67.0,4.3,No,No,57.0,60.0,NotPlaced
5015,6.5,0,1,1,66.0,4.4,No,No,69.0,67.0,NotPlaced
3896,7.5,0,3,1,73.0,4.0,No,No,56.0,66.0,NotPlaced
116,7.6,1,1,1,67.0,3.5,No,No,55.0,67.0,NotPlaced
9677,6.5,0,2,2,78.0,4.2,No,Yes,59.0,77.0,NotPlaced
4113,7.7,1,1,1,66.0,4.8,Yes,No,71.0,65.0,NotPlaced
565,8.2,1,2,1,90.0,4.7,Yes,Yes,76.0,80.0,Placed
2660,7.5,1,3,2,78.0,4.6,Yes,Yes,74.0,84.0,Placed
7518,6.5,1,2,0,81.0,4.1,Yes,Yes,56.0,81.0,NotPlaced
6159,6.9,0,3,1,87.0,4.6,Yes,Yes,66.0,75.0,NotPlaced
5133,6.6,0,1,1,68.0,4.1,No,Yes,55.0,66.0,NotPlaced
1367,7.6,1,2,0,79.0,4.1,No,Yes,55.0,72.0,NotPlaced
3194,8.1,2,2,0,78.0,4.8,Yes,No,58.0,79.0,NotPlaced
756,7.8,1,2,3,87.0,4.4,Yes,Yes,75.0,84.0,NotPlaced
1638,6.5,1,2,0,79.0,4.5,No,No,61.0,57.0,NotPlaced
9792,8.5,1,3,0,70.0,3.7,Yes,Yes,71.0,82.0,NotPlaced
263,8.1,0,2,3,78.0,4.1,Yes,Yes,81.0,78.0,Placed
6207,8.4,0,3,2,86.0,4.8,Yes,Yes,75.0,86.0,Placed
6643,7.5,1,1,1,80.0,4.5,No,Yes,73.0,67.0,NotPlaced
141,6.5,1,1,1,72.0,4.5,No,No,66.0,70.0,NotPlaced
1402,8.4,1,2,2,86.0,4.5,Yes,Yes,86.0,79.0,Placed
6975,8.2,2,3,2,90.0,4.5,Yes,Yes,83.0,83.0,Placed
9844,8.0,2,3,2,85.0,4.8,Yes,No,77.0,82.0,Placed
9790,7.4,0,1,0,81.0,3.9,No,Yes,60.0,70.0,NotPlaced
7633,7.5,1,1,0,77.0,4.0,No,Yes,55.0,63.0,NotPlaced
3861,6.5,1,1,0,60.0,3.9,No,Yes,61.0,67.0,NotPlaced
8417,7.4,2,1,0,80.0,4.0,Yes,Yes,69.0,67.0,NotPlaced
9506,7.8,1,2,2,90.0,4.8,Yes,Yes,77.0,85.0,Placed
1356,6.9,1,1,0,68.0,4.7,Yes,Yes,60.0,63.0,NotPlaced
204,8.2,0,2,1,82.0,4.5,Yes,Yes,78.0,87.0,Placed
7596,6.5,2,1,3,83.0,4.5,Yes,Yes,55.0,68.0,NotPlaced
4905,8.1,1,3,2,90.0,4.4,Yes,Yes,77.0,86.0,Placed
796,8.6,1,3,0,81.0,4.8,Yes,Yes,79.0,71.0,Placed
4072,7.4,1,2,1,66.0,4.5,No,No,58.0,71.0,NotPlaced
3833,8.2,0,3,0,79.0,4.7,Yes,Yes,65.0,87.0,Placed
8028,8.2,1,2,1,84.0,4.8,Yes,Yes,68.0,88.0,NotPlaced
4307,8.3,2,3,3,83.0,4.6,Yes,No,78.0,85.0,Placed
3022,7.7,1,3,2,78.0,4.1,Yes,Yes,77.0,82.0,Placed
6321,7.0,1,1,0,86.0,4.0,No,Yes,55.0,83.0,Placed
1529,8.3,1,3,2,80.0,4.1,Yes,Yes,76.0,83.0,Placed
1426,7.5,1,2,1,83.0,4.6,No,Yes,62.0,69.0,NotPlaced
9747,7.3,0,1,1,72.0,3.6,No,Yes,59.0,67.0,NotPlaced
6547,7.4,1,2,0,70.0,4.1,Yes,No,77.0,69.0,NotPlaced
4900,8.3,2,3,2,84.0,4.0,Yes,Yes,78.0,86.0,NotPlaced
6831,7.7,0,1,2,84.0,3.9,No,Yes,60.0,65.0,NotPlaced
9460,7.7,1,1,1,72.0,3.9,No,Yes,55.0,67.0,NotPlaced
8273,7.6,2,2,2,80.0,4.8,Yes,Yes,75.0,83.0,Placed
5724,8.4,2,3,2,90.0,4.8,Yes,Yes,84.0,83.0,Placed
95,7.7,2,2,2,85.0,4.8,Yes,Yes,74.0,83.0,NotPlaced
8474,7.3,0,3,0,72.0,4.4,No,No,66.0,71.0,NotPlaced
9410,6.9,0,1,1,70.0,3.5,No,Yes,59.0,71.0,NotPlaced
1310,6.6,0,1,2,72.0,4.1,No,Yes,84.0,70.0,NotPlaced
114,8.6,2,3,0,81.0,4.7,Yes,No,71.0,83.0,Placed
3615,7.8,1,2,1,81.0,4.6,Yes,Yes,82.0,84.0,NotPlaced
4108,7.4,1,1,0,71.0,3.3,No,No,55.0,66.0,NotPlaced
7221,6.5,1,1,0,84.0,4.0,No,Yes,62.0,75.0,NotPlaced
3420,8.1,2,1,1,87.0,4.1,Yes,Yes,55.0,69.0,NotPlaced
8733,8.0,2,3,2,90.0,4.8,Yes,Yes,77.0,85.0,Placed
2343,8.7,2,2,1,72.0,4.6,Yes,Yes,77.0,77.0,NotPlaced
2637,8.3,1,3,2,90.0,4.8,Yes,Yes,76.0,88.0,Placed
9822,8.6,2,3,3,89.0,4.7,No,Yes,68.0,86.0,Placed
994,8.1,2,3,2,78.0,4.5,No,Yes,57.0,68.0,Placed
5804,8.0,1,3,2,77.0,4.5,Yes,Yes,79.0,71.0,NotPlaced
5493,8.4,1,1,0,78.0,4.3,Yes,Yes,55.0,69.0,Placed
2237,8.5,1,2,3,90.0,4.8,No,Yes,70.0,72.0,NotPlaced
4264,7.7,0,1,1,77.0,4.3,No,Yes,60.0,72.0,NotPlaced
5324,8.7,1,3,3,89.0,4.8,Yes,Yes,74.0,83.0,NotPlaced
9947,7.5,0,1,1,68.0,3.6,Yes,Yes,55.0,65.0,NotPlaced
6530,7.6,1,3,1,74.0,4.3,Yes,Yes,68.0,64.0,Placed
9978,8.3,2,3,2,90.0,4.8,Yes,Yes,82.0,88.0,Placed
1305,8.6,1,3,2,79.0,4.5,Yes,Yes,68.0,82.0,Placed
2994,6.5,2,3,0,84.0,4.8,No,Yes,62.0,84.0,NotPlaced
5776,7.5,1,1,0,72.0,4.4,Yes,Yes,55.0,61.0,Placed
2723,8.3,2,2,0,78.0,4.1,No,Yes,60.0,83.0,Placed
4775,6.7,1,1,0,70.0,3.7,No,Yes,56.0,68.0,NotPlaced
5004,8.2,1,3,0,82.0,4.1,Yes,Yes,85.0,86.0,NotPlaced
5602,7.6,1,3,1,73.0,4.1,No,Yes,80.0,70.0,NotPlaced
9733,8.4,1,3,1,80.0,4.6,Yes,Yes,74.0,81.0,Placed
4917,8.0,2,3,2,90.0,4.8,Yes,Yes,68.0,85.0,Placed
6095,8.5,1,3,2,89.0,4.0,Yes,Yes,68.0,74.0,NotPlaced
4076,7.5,0,1,0,72.0,3.6,No,No,56.0,70.0,NotPlaced
7259,7.5,1,1,1,72.0,3.8,No,Yes,55.0,68.0,NotPlaced
3827,7.5,1,3,3,90.0,4.6,Yes,Yes,86.0,79.0,Placed
9098,7.6,1,2,0,72.0,4.4,No,Yes,57.0,64.0,NotPlaced
1011,7.5,1,1,0,81.0,4.5,No,Yes,58.0,76.0,Placed
7253,7.6,1,2,0,77.0,4.1,No,Yes,55.0,58.0,NotPlaced
5964,7.7,1,1,0,90.0,4.8,No,Yes,79.0,80.0,Placed
2242,7.5,1,1,0,68.0,4.1,No,Yes,82.0,67.0,NotPlaced
4612,7.5,0,1,0,60.0,3.5,No,No,55.0,63.0,NotPlaced
1942,6.6,1,3,2,90.0,4.8,Yes,Yes,67.0,83.0,NotPlaced
9939,7.4,1,1,2,69.0,4.5,No,Yes,57.0,70.0,NotPlaced
1233,7.0,0,1,2,72.0,4.0,Yes,Yes,56.0,62.0,NotPlaced
8998,7.5,1,2,0,60.0,3.6,No,Yes,55.0,67.0,NotPlaced
9624,7.6,1,2,0,66.0,3.5,No,Yes,57.0,62.0,NotPlaced
4006,6.8,1,2,2,77.0,4.7,Yes,No,74.0,60.0,NotPlaced
6318,6.5,1,1,0,72.0,4.2,No,Yes,72.0,64.0,NotPlaced
2214,8.1,0,1,2,81.0,4.1,Yes,Yes,74.0,66.0,Placed
3262,7.1,0,1,0,69.0,4.2,No,Yes,57.0,71.0,Placed
8149,8.2,2,3,2,87.0,4.8,Yes,Yes,74.0,87.0,Placed
2363,7.7,1,2,0,74.0,3.8,Yes,Yes,58.0,63.0,NotPlaced
1372,8.1,0,3,0,90.0,4.7,Yes,No,83.0,84.0,Placed
2015,6.5,1,2,1,62.0,4.4,No,Yes,60.0,66.0,NotPlaced
8438,7.5,1,3,1,84.0,4.6,No,No,81.0,62.0,NotPlaced
6350,7.6,1,1,1,82.0,4.0,Yes,Yes,59.0,67.0,NotPlaced
1728,6.5,1,1,0,71.0,4.5,No,No,61.0,65.0,NotPlaced
419,7.5,1,1,0,67.0,4.2,Yes,Yes,57.0,70.0,Placed
9430,8.3,1,2,0,81.0,4.1,No,Yes,59.0,64.0,NotPlaced
3167,8.3,1,2,0,83.0,4.2,Yes,No,79.0,84.0,NotPlaced
1774,8.5,1,3,1,72.0,4.5,Yes,Yes,57.0,84.0,NotPlaced
1417,7.5,1,1,3,77.0,4.1,No,Yes,83.0,69.0,NotPlaced
4210,6.5,1,1,0,74.0,4.6,No,No,58.0,67.0,NotPlaced
8168,8.1,2,3,2,90.0,4.8,Yes,Yes,89.0,84.0,Placed
435,7.8,1,3,0,81.0,4.3,No,No,64.0,70.0,NotPlaced
8127,7.6,0,3,0,79.0,4.6,Yes,Yes,63.0,61.0,NotPlaced
47,6.9,1,1,1,76.0,4.4,No,No,55.0,65.0,NotPlaced
6666,7.3,0,2,0,83.0,4.5,No,No,60.0,69.0,NotPlaced
5152,8.1,2,3,2,87.0,3.9,Yes,Yes,57.0,77.0,NotPlaced
2883,8.2,2,3,1,85.0,4.6,No,Yes,78.0,66.0,Placed
9484,7.8,0,3,2,90.0,4.8,Yes,No,81.0,81.0,Placed
670,7.6,1,1,0,76.0,4.0,No,Yes,75.0,70.0,Placed
7145,8.5,1,3,0,75.0,4.8,Yes,Yes,78.0,64.0,NotPlaced
4522,8.2,1,0,2,90.0,4.7,Yes,Yes,73.0,88.0,Placed
9380,7.6,1,1,1,72.0,4.5,Yes,Yes,57.0,68.0,NotPlaced
1033,7.8,2,3,1,73.0,4.3,Yes,Yes,82.0,82.0,Placed
501,7.8,1,1,0,82.0,4.2,No,Yes,75.0,71.0,NotPlaced
8282,7.7,1,2,1,74.0,4.5,No,No,55.0,68.0,NotPlaced
1809,7.7,0,1,2,78.0,4.6,No,Yes,55.0,85.0,Placed
7585,6.9,1,1,0,75.0,3.8,Yes,Yes,55.0,66.0,NotPlaced
9435,7.4,1,1,0,65.0,4.0,No,No,62.0,67.0,NotPlaced
5934,7.5,1,2,2,86.0,4.8,Yes,Yes,77.0,81.0,Placed
3624,6.6,1,2,0,83.0,4.2,No,Yes,82.0,71.0,NotPlaced
2228,7.8,1,3,0,81.0,4.5,Yes,Yes,79.0,72.0,Placed
13,8.3,2,3,2,90.0,4.5,Yes,Yes,84.0,83.0,Placed
1824,7.8,0,1,0,73.0,4.0,No,No,56.0,72.0,NotPlaced
8135,7.4,0,2,1,89.0,4.3,Yes,Yes,79.0,70.0,NotPlaced
7612,8.1,0,2,0,77.0,3.8,Yes,Yes,84.0,62.0,NotPlaced
9020,7.6,1,1,1,73.0,3.9,No,No,65.0,70.0,NotPlaced
9001,7.8,1,3,2,90.0,4.8,Yes,Yes,83.0,88.0,Placed
7304,7.6,0,2,0,61.0,3.8,No,Yes,55.0,67.0,NotPlaced
3637,8.2,1,2,3,68.0,4.4,Yes,Yes,75.0,82.0,Placed
4909,8.4,1,2,1,87.0,4.7,No,Yes,76.0,67.0,NotPlaced
8190,7.9,1,3,1,90.0,4.8,Yes,Yes,77.0,85.0,Placed
7326,7.5,0,1,0,81.0,4.2,No,No,67.0,60.0,NotPlaced
4742,8.4,0,3,2,88.0,3.7,Yes,Yes,76.0,85.0,Placed
2179,8.4,2,3,2,90.0,4.8,Yes,Yes,88.0,80.0,Placed
7371,6.5,1,1,0,86.0,4.2,Yes,Yes,65.0,65.0,NotPlaced
2950,7.3,0,1,1,80.0,4.5,No,Yes,55.0,69.0,NotPlaced
7858,8.1,1,3,1,78.0,4.1,Yes,Yes,66.0,73.0,NotPlaced
880,7.6,1,2,1,68.0,4.5,No,Yes,80.0,66.0,NotPlaced
1877,7.8,1,2,0,70.0,3.8,Yes,Yes,59.0,69.0,NotPlaced
8823,8.1,0,2,1,88.0,3.8,Yes,Yes,72.0,82.0,NotPlaced
3511,7.2,1,1,3,75.0,3.5,No,No,67.0,66.0,NotPlaced
814,7.9,1,1,1,86.0,4.3,No,Yes,55.0,70.0,NotPlaced
4801,7.3,1,1,0,71.0,3.8,Yes,No,61.0,64.0,NotPlaced
7939,8.3,1,2,0,76.0,4.5,No,Yes,83.0,81.0,Placed
5212,7.5,1,1,2,84.0,4.8,Yes,No,83.0,81.0,NotPlaced
3033,7.8,1,3,1,80.0,4.2,No,Yes,71.0,87.0,NotPlaced
9136,7.5,1,2,0,89.0,4.5,Yes,Yes,79.0,83.0,Placed
1572,8.9,2,3,2,90.0,4.8,Yes,Yes,72.0,86.0,Placed
4619,8.2,1,2,0,69.0,3.9,Yes,Yes,68.0,63.0,NotPlaced
9434,6.5,0,1,0,84.0,4.1,No,Yes,60.0,62.0,NotPlaced
2901,8.4,2,2,2,86.0,4.8,Yes,Yes,72.0,83.0,Placed
580,7.5,1,2,0,60.0,4.0,No,Yes,56.0,71.0,NotPlaced
585,8.1,2,3,2,90.0,4.4,Yes,Yes,81.0,87.0,Placed
578,6.7,0,3,2,90.0,4.8,No,No,55.0,63.0,NotPlaced
4713,6.6,1,1,1,72.0,4.3,No,No,63.0,74.0,NotPlaced
2350,8.2,0,3,0,90.0,4.3,Yes,Yes,79.0,86.0,NotPlaced
3009,7.6,0,1,0,69.0,4.7,No,No,56.0,67.0,NotPlaced
494,7.7,1,2,0,82.0,4.3,No,Yes,77.0,67.0,NotPlaced
3278,8.2,1,3,2,90.0,4.7,Yes,Yes,83.0,82.0,Placed
2143,8.5,1,3,2,88.0,4.8,Yes,Yes,83.0,85.0,Placed
2288,7.5,1,2,1,67.0,3.3,No,Yes,55.0,67.0,NotPlaced
8693,8.3,0,3,0,90.0,4.7,Yes,Yes,69.0,82.0,Placed
7521,7.9,1,3,2,87.0,4.8,Yes,Yes,82.0,88.0,Placed
4695,7.7,1,1,1,70.0,4.1,No,No,57.0,71.0,NotPlaced
7582,8.6,2,3,2,90.0,4.5,Yes,Yes,79.0,84.0,Placed
5861,6.8,0,1,2,71.0,4.2,No,No,70.0,62.0,NotPlaced
9298,8.0,0,2,1,67.0,4.1,Yes,Yes,74.0,75.0,NotPlaced
9393,6.8,0,1,1,67.0,3.5,No,No,59.0,62.0,NotPlaced
5635,7.6,0,1,2,75.0,4.5,No,No,80.0,66.0,NotPlaced
1203,7.5,1,1,1,77.0,4.5,Yes,Yes,72.0,86.0,Placed
4998,8.5,1,1,2,75.0,4.8,No,Yes,75.0,62.0,Placed
6978,7.4,1,1,1,64.0,4.3,Yes,Yes,55.0,64.0,NotPlaced
1122,7.4,0,2,1,83.0,4.5,Yes,Yes,55.0,68.0,Placed
3603,8.5,0,3,0,81.0,4.1,No,No,73.0,75.0,NotPlaced
1850,7.6,1,1,0,76.0,4.6,No,No,73.0,62.0,NotPlaced
4195,7.5,1,1,0,85.0,4.2,No,Yes,72.0,62.0,NotPlaced
119,6.5,1,2,1,78.0,4.2,No,No,62.0,62.0,NotPlaced
9487,7.5,2,1,0,84.0,3.8,No,No,61.0,63.0,Placed
9119,8.2,2,3,2,90.0,4.6,Yes,Yes,78.0,85.0,Placed
9173,8.1,1,3,1,90.0,4.8,Yes,No,83.0,87.0,Placed
7929,7.3,1,2,0,80.0,4.5,Yes,Yes,55.0,64.0,Placed
5998,7.7,1,2,0,78.0,4.0,No,Yes,57.0,68.0,NotPlaced
5077,7.5,0,2,1,72.0,4.5,Yes,No,67.0,64.0,NotPlaced
1388,8.0,2,2,2,90.0,4.8,Yes,Yes,90.0,84.0,Placed
970,6.8,1,1,1,78.0,4.1,No,No,73.0,72.0,NotPlaced
7614,7.4,1,2,0,74.0,4.5,No,Yes,70.0,68.0,Placed
93,8.1,1,3,2,89.0,4.6,Yes,Yes,86.0,80.0,Placed
9697,7.7,1,1,0,81.0,3.9,No,No,55.0,65.0,NotPlaced
2517,8.0,1,3,0,89.0,4.5,Yes,Yes,79.0,78.0,Placed
7050,7.7,1,2,0,83.0,4.0,Yes,Yes,68.0,69.0,NotPlaced
4625,7.6,1,2,0,78.0,3.8,No,No,71.0,64.0,NotPlaced
6914,7.6,1,2,0,63.0,4.7,No,No,55.0,63.0,NotPlaced
3401,7.7,2,3,2,86.0,4.6,Yes,Yes,61.0,84.0,Placed
7122,7.7,1,3,2,90.0,4.0,Yes,Yes,80.0,86.0,Placed
5729,7.8,0,3,0,83.0,4.4,Yes,Yes,81.0,73.0,NotPlaced
3411,8.3,1,2,1,71.0,4.0,Yes,Yes,55.0,61.0,NotPlaced
7561,7.5,1,1,1,69.0,3.9,No,Yes,59.0,66.0,NotPlaced
3856,7.9,1,2,0,60.0,4.0,No,No,55.0,59.0,NotPlaced
5951,7.3,1,1,1,72.0,4.6,No,Yes,58.0,70.0,NotPlaced
7334,8.3,1,3,2,90.0,4.8,Yes,Yes,75.0,85.0,Placed
8418,7.6,1,3,0,78.0,3.9,Yes,Yes,72.0,85.0,NotPlaced
4672,7.9,1,3,1,80.0,4.8,Yes,No,79.0,87.0,Placed
2379,8.6,2,3,2,90.0,4.8,Yes,Yes,65.0,82.0,Placed
3547,7.7,1,1,1,66.0,4.1,No,Yes,58.0,61.0,NotPlaced
7995,8.3,0,1,0,71.0,4.1,Yes,Yes,55.0,59.0,Placed
9536,7.8,1,2,2,76.0,4.7,Yes,Yes,66.0,86.0,Placed
5082,8.0,2,3,2,90.0,4.8,Yes,Yes,76.0,88.0,Placed
1770,7.8,0,2,0,79.0,4.1,No,Yes,57.0,63.0,NotPlaced
707,8.1,2,3,0,81.0,4.8,Yes,Yes,72.0,88.0,NotPlaced
3701,8.7,2,1,3,82.0,4.5,Yes,Yes,76.0,73.0,Placed
4982,7.5,1,1,0,66.0,3.9,No,Yes,55.0,78.0,NotPlaced
3285,6.6,0,1,0,88.0,4.3,No,Yes,55.0,72.0,NotPlaced
1691,8.2,2,3,2,90.0,4.8,Yes,No,75.0,80.0,Placed
1710,8.1,2,3,2,90.0,4.7,Yes,Yes,66.0,85.0,Placed
4586,8.5,1,2,1,75.0,4.7,Yes,No,72.0,65.0,NotPlaced
761,7.5,1,1,0,79.0,3.7,No,No,55.0,58.0,NotPlaced
6555,7.7,1,2,1,74.0,4.8,Yes,Yes,70.0,66.0,NotPlaced
411,8.7,2,1,0,90.0,4.7,Yes,Yes,74.0,86.0,Placed
1883,7.7,1,1,1,78.0,3.3,No,No,55.0,74.0,NotPlaced
7444,7.6,1,3,3,79.0,4.2,No,Yes,61.0,70.0,NotPlaced
171,8.3,1,2,1,69.0,3.8,No,Yes,76.0,71.0,NotPlaced
281,8.3,2,3,1,90.0,4.8,Yes,No,55.0,80.0,Placed
3588,7.4,1,2,1,82.0,4.0,No,No,58.0,62.0,NotPlaced
3098,8.5,1,3,2,90.0,4.8,Yes,Yes,79.0,86.0,Placed
1748,6.5,1,1,0,65.0,4.5,No,Yes,55.0,68.0,NotPlaced
5270,8.8,2,3,2,84.0,4.8,Yes,Yes,78.0,81.0,Placed
2957,8.6,1,3,2,82.0,4.8,Yes,Yes,85.0,86.0,Placed
1810,7.7,1,1,1,64.0,3.7,No,Yes,55.0,61.0,NotPlaced
2369,6.5,1,2,1,86.0,4.3,Yes,Yes,84.0,88.0,Placed
9621,8.0,0,3,2,90.0,4.8,Yes,Yes,74.0,71.0,Placed
7365,7.6,2,3,1,87.0,4.4,No,No,63.0,65.0,NotPlaced
7680,6.5,1,2,0,61.0,4.0,No,No,56.0,61.0,NotPlaced
5836,7.8,1,2,0,82.0,4.2,No,No,63.0,72.0,NotPlaced
4626,6.8,1,1,1,67.0,4.1,No,No,59.0,66.0,NotPlaced
4525,8.4,0,2,2,80.0,4.1,Yes,Yes,75.0,63.0,Placed
4743,8.5,1,3,2,90.0,4.8,Yes,Yes,88.0,87.0,NotPlaced
6453,6.5,0,1,1,80.0,3.7,No,Yes,67.0,68.0,Placed
416,6.5,1,1,1,80.0,3.8,Yes,Yes,58.0,65.0,NotPlaced
7540,7.5,0,2,1,82.0,4.2,Yes,Yes,80.0,85.0,NotPlaced
6359,6.7,1,1,0,90.0,4.3,No,No,80.0,82.0,Placed
465,7.4,0,1,0,78.0,4.6,No,No,56.0,69.0,NotPlaced
469,7.2,1,2,1,68.0,4.4,No,No,55.0,64.0,NotPlaced
2911,8.4,1,3,0,82.0,4.1,No,Yes,74.0,86.0,NotPlaced
2710,7.9,2,3,2,90.0,4.8,Yes,Yes,81.0,87.0,Placed
9542,8.0,2,3,2,86.0,4.8,Yes,Yes,84.0,72.0,Placed
1197,6.8,1,1,0,78.0,3.7,No,Yes,61.0,65.0,Placed
4403,7.4,1,1,1,82.0,3.7,No,No,56.0,75.0,NotPlaced
695,7.2,1,2,0,81.0,4.3,Yes,Yes,83.0,63.0,NotPlaced
8793,8.3,2,2,3,87.0,4.8,Yes,Yes,81.0,84.0,NotPlaced
6090,8.3,2,3,2,79.0,4.4,Yes,Yes,83.0,85.0,Placed
5873,7.6,0,1,0,66.0,4.0,No,No,61.0,69.0,NotPlaced
8140,7.7,1,1,0,64.0,3.8,No,No,60.0,68.0,NotPlaced
7772,7.9,2,1,0,75.0,3.4,Yes,Yes,55.0,63.0,NotPlaced
6899,8.6,1,3,2,90.0,4.8,Yes,Yes,73.0,83.0,Placed
5671,8.1,1,1,2,68.0,3.2,No,Yes,55.0,70.0,NotPlaced
2796,8.1,1,3,2,90.0,4.5,Yes,Yes,76.0,82.0,Placed
9236,8.4,0,1,1,85.0,4.8,Yes,Yes,75.0,81.0,Placed
462,7.9,0,1,0,60.0,3.4,No,No,64.0,59.0,NotPlaced
3289,8.2,1,3,2,88.0,4.4,Yes,No,74.0,84.0,NotPlaced
5785,8.2,1,2,1,77.0,3.7,Yes,Yes,75.0,83.0,Placed
6938,6.6,0,1,1,72.0,3.9,No,No,64.0,62.0,NotPlaced
6097,8.3,1,3,2,90.0,4.8,Yes,Yes,79.0,80.0,Placed
5990,8.7,1,3,3,90.0,4.5,Yes,Yes,79.0,87.0,Placed
2459,8.4,2,3,3,83.0,4.7,Yes,No,69.0,83.0,NotPlaced
2833,7.2,1,3,2,80.0,4.6,No,No,79.0,84.0,Placed
9500,8.3,0,3,2,74.0,4.7,Yes,Yes,70.0,84.0,NotPlaced
8315,8.0,1,3,2,78.0,3.7,No,No,55.0,71.0,NotPlaced
9501,7.6,2,3,2,82.0,4.8,Yes,Yes,80.0,80.0,Placed
9562,6.8,1,1,2,64.0,3.5,No,No,55.0,63.0,NotPlaced
7461,7.1,1,1,1,71.0,4.2,Yes,Yes,65.0,69.0,NotPlaced
9674,8.2,2,2,3,84.0,3.9,No,Yes,71.0,84.0,NotPlaced
6054,7.5,1,1,0,76.0,4.2,No,No,63.0,73.0,NotPlaced
9526,7.5,1,2,1,76.0,4.3,No,Yes,66.0,67.0,NotPlaced
3635,7.6,2,1,2,77.0,4.2,No,No,75.0,66.0,NotPlaced
1864,6.6,1,1,0,68.0,4.6,No,No,57.0,72.0,NotPlaced
3668,8.4,2,3,2,90.0,4.8,Yes,Yes,78.0,76.0,Placed
1045,7.6,1,2,0,76.0,3.8,Yes,Yes,55.0,73.0,Placed
7194,7.6,1,2,0,73.0,3.7,No,Yes,67.0,61.0,NotPlaced
2707,8.8,1,3,3,90.0,4.8,Yes,Yes,75.0,84.0,NotPlaced
2917,8.1,0,1,0,71.0,4.0,Yes,Yes,60.0,69.0,NotPlaced
3576,8.6,2,3,2,90.0,4.8,Yes,Yes,71.0,80.0,Placed
3081,7.9,1,3,2,82.0,4.4,Yes,Yes,80.0,88.0,NotPlaced
1562,7.6,1,2,1,87.0,3.8,Yes,Yes,61.0,85.0,NotPlaced
3608,8.2,1,1,2,79.0,4.2,No,No,78.0,70.0,NotPlaced
92,7.1,1,1,0,70.0,3.3,No,No,55.0,66.0,NotPlaced
5103,8.7,0,3,2,88.0,4.7,Yes,Yes,85.0,82.0,Placed
3556,6.6,1,1,1,80.0,4.4,No,Yes,77.0,68.0,NotPlaced
8512,6.8,1,3,1,86.0,4.8,Yes,Yes,76.0,79.0,NotPlaced
4546,7.5,1,2,1,76.0,4.4,No,Yes,70.0,75.0,NotPlaced
6302,7.5,2,3,2,85.0,4.3,Yes,No,78.0,81.0,NotPlaced
5205,7.3,1,1,0,66.0,3.7,No,No,59.0,68.0,NotPlaced
9678,7.4,1,1,0,68.0,3.9,No,Yes,79.0,76.0,NotPlaced
72,6.7,0,2,1,79.0,4.1,No,No,78.0,67.0,NotPlaced
4179,8.4,1,3,3,90.0,4.8,Yes,Yes,78.0,85.0,Placed
8029,8.1,2,2,0,83.0,4.7,Yes,Yes,78.0,86.0,Placed
9809,7.8,1,2,0,75.0,4.1,No,No,76.0,66.0,NotPlaced
347,7.8,0,3,0,90.0,4.7,Yes,Yes,72.0,69.0,Placed
6811,8.0,2,3,0,84.0,4.1,Yes,No,83.0,66.0,Placed
1494,7.6,2,3,3,72.0,4.0,Yes,No,74.0,77.0,NotPlaced
6139,7.3,1,1,1,60.0,4.6,No,Yes,55.0,61.0,NotPlaced
5965,8.6,2,3,2,90.0,4.8,Yes,Yes,88.0,86.0,Placed
5173,7.5,1,2,0,71.0,4.7,No,Yes,55.0,72.0,NotPlaced
9679,7.7,1,1,0,83.0,4.2,No,No,59.0,70.0,NotPlaced
5130,6.7,1,1,1,76.0,3.9,No,No,62.0,65.0,NotPlaced
5123,7.8,0,2,0,79.0,4.5,Yes,No,80.0,81.0,NotPlaced
8689,7.2,0,1,0,70.0,3.5,No,No,58.0,69.0,NotPlaced
697,7.6,1,2,0,70.0,3.4,No,Yes,55.0,74.0,NotPlaced
1605,7.9,2,3,2,90.0,4.8,Yes,Yes,75.0,87.0,Placed
4954,7.4,1,2,0,69.0,4.1,No,No,58.0,71.0,NotPlaced
6155,6.5,0,1,1,80.0,3.4,Yes,Yes,60.0,66.0,NotPlaced
2040,7.5,1,3,1,79.0,3.8,Yes,Yes,62.0,63.0,Placed
9657,7.6,1,1,0,61.0,3.7,No,No,64.0,73.0,NotPlaced
1059,7.5,1,1,0,77.0,3.9,No,Yes,55.0,69.0,NotPlaced
184,7.7,1,1,0,71.0,4.7,No,Yes,57.0,69.0,NotPlaced
8034,8.1,1,3,0,88.0,4.0,No,Yes,81.0,87.0,Placed
9888,8.2,0,2,2,79.0,4.5,Yes,Yes,55.0,86.0,NotPlaced
1857,6.5,1,1,0,70.0,4.7,Yes,Yes,55.0,66.0,Placed
8393,7.4,1,2,3,83.0,4.7,Yes,Yes,59.0,81.0,Placed
9264,6.5,1,1,1,69.0,3.5,No,No,55.0,63.0,NotPlaced
6980,8.5,1,3,2,81.0,4.2,No,Yes,55.0,86.0,NotPlaced
8131,7.4,2,2,2,86.0,4.0,No,Yes,74.0,68.0,NotPlaced
4899,8.6,2,3,2,90.0,4.8,Yes,Yes,87.0,84.0,Placed
651,8.1,1,3,0,90.0,4.8,Yes,Yes,83.0,83.0,NotPlaced
8540,8.3,1,3,2,87.0,4.7,Yes,Yes,77.0,81.0,Placed
1590,7.6,1,3,0,83.0,4.1,Yes,Yes,57.0,67.0,NotPlaced
7383,8.4,2,3,2,90.0,4.5,Yes,Yes,75.0,80.0,Placed
901,8.6,2,3,3,87.0,4.7,Yes,Yes,70.0,86.0,Placed
4111,8.3,1,3,1,76.0,4.6,Yes,No,84.0,85.0,NotPlaced
3749,7.5,2,3,2,90.0,4.8,Yes,Yes,84.0,88.0,Placed
5649,7.4,1,1,0,77.0,3.6,No,Yes,73.0,78.0,NotPlaced
738,7.0,1,1,1,65.0,3.0,No,No,55.0,62.0,NotPlaced
9789,8.5,1,3,0,81.0,4.8,Yes,Yes,73.0,83.0,Placed
3806,7.6,1,2,1,67.0,4.5,Yes,No,61.0,66.0,NotPlaced
5823,8.2,1,3,0,85.0,4.4,Yes,No,65.0,66.0,NotPlaced
6330,7.7,1,1,3,71.0,3.6,Yes,No,62.0,84.0,NotPlaced
7219,7.7,1,3,2,90.0,4.8,Yes,Yes,77.0,81.0,Placed
9331,8.3,2,2,0,89.0,4.8,Yes,Yes,83.0,81.0,Placed
3476,8.2,1,3,2,90.0,4.8,Yes,Yes,85.0,84.0,Placed
6413,7.5,1,1,0,67.0,3.8,No,No,66.0,59.0,NotPlaced
1539,6.7,0,1,0,66.0,3.7,No,Yes,55.0,66.0,Placed
1862,7.4,1,1,1,69.0,4.2,No,Yes,59.0,65.0,NotPlaced
1496,8.0,2,1,2,88.0,4.0,Yes,Yes,80.0,87.0,NotPlaced
6096,8.2,2,2,0,86.0,4.5,Yes,Yes,55.0,83.0,Placed
5088,8.6,1,3,0,90.0,4.8,Yes,Yes,86.0,80.0,Placed
1553,6.5,1,1,1,67.0,3.7,No,Yes,55.0,66.0,NotPlaced
6131,7.5,0,3,1,77.0,4.8,Yes,Yes,75.0,83.0,NotPlaced
7600,7.3,1,1,0,60.0,3.2,No,No,61.0,70.0,NotPlaced
7187,8.0,2,3,2,89.0,3.7,No,Yes,81.0,83.0,Placed
1817,8.4,2,3,2,90.0,4.8,Yes,Yes,76.0,83.0,Placed
2225,7.4,0,3,2,90.0,4.7,Yes,Yes,83.0,88.0,Placed
4507,8.0,1,3,3,90.0,4.7,Yes,Yes,68.0,85.0,Placed
8230,6.5,1,1,0,70.0,4.0,No,Yes,59.0,71.0,NotPlaced
8494,6.5,0,3,0,66.0,3.5,No,No,55.0,67.0,NotPlaced
9011,8.6,2,3,2,90.0,4.8,Yes,Yes,82.0,81.0,Placed
6536,7.9,1,3,2,83.0,4.8,Yes,Yes,58.0,81.0,NotPlaced
9763,7.6,1,1,1,73.0,4.7,No,No,55.0,70.0,NotPlaced
1964,7.6,1,2,0,70.0,3.9,No,Yes,55.0,60.0,NotPlaced
3514,8.0,0,1,1,81.0,4.0,No,No,55.0,73.0,NotPlaced
2824,7.5,1,3,3,68.0,4.1,Yes,Yes,67.0,71.0,NotPlaced
3407,8.1,2,3,2,78.0,3.4,Yes,Yes,83.0,81.0,Placed
2562,8.4,0,2,2,86.0,4.7,Yes,Yes,66.0,87.0,NotPlaced
946,7.7,0,1,0,67.0,3.5,No,No,55.0,61.0,NotPlaced
7442,7.9,0,3,1,82.0,4.0,No,Yes,82.0,67.0,Placed
5069,8.1,2,3,0,90.0,4.6,Yes,Yes,80.0,81.0,Placed
1029,8.3,1,1,0,80.0,4.4,No,No,71.0,62.0,NotPlaced
9038,8.8,1,3,2,89.0,4.5,Yes,Yes,73.0,85.0,Placed
9353,8.7,0,3,2,85.0,4.5,Yes,No,71.0,83.0,NotPlaced
5798,8.2,1,2,2,84.0,4.5,Yes,Yes,68.0,63.0,Placed
3441,8.2,0,3,2,86.0,3.9,Yes,Yes,75.0,84.0,NotPlaced
6875,7.4,1,2,0,88.0,4.6,No,Yes,73.0,66.0,NotPlaced
1586,8.2,1,2,0,81.0,4.0,Yes,Yes,57.0,68.0,NotPlaced
4153,8.3,1,2,2,82.0,4.5,No,Yes,73.0,66.0,NotPlaced
393,8.9,0,3,0,89.0,4.8,Yes,No,77.0,78.0,Placed
1027,7.8,1,3,2,87.0,4.3,Yes,Yes,73.0,72.0,Placed
1918,7.5,2,3,2,79.0,4.4,Yes,Yes,70.0,80.0,Placed
6929,6.6,1,2,1,66.0,4.8,No,No,64.0,69.0,NotPlaced
2375,6.5,0,2,3,85.0,4.5,Yes,Yes,55.0,71.0,Placed
2893,7.3,0,3,2,89.0,4.5,Yes,Yes,80.0,86.0,Placed
8926,8.3,2,3,2,90.0,4.8,Yes,Yes,76.0,83.0,Placed
5053,8.5,2,2,2,88.0,4.8,Yes,Yes,76.0,86.0,Placed
8414,7.4,1,1,0,72.0,3.6,No,No,55.0,71.0,NotPlaced
8399,8.4,1,0,0,75.0,4.7,Yes,Yes,76.0,76.0,Placed
4426,6.5,1,2,0,76.0,4.1,Yes,Yes,81.0,83.0,Placed
7671,8.4,2,3,2,90.0,4.8,Yes,Yes,72.0,84.0,Placed
9247,6.5,0,2,2,74.0,4.3,Yes,Yes,82.0,70.0,NotPlaced
6692,7.4,1,1,0,76.0,4.3,No,No,57.0,74.0,NotPlaced
8212,8.0,2,1,2,90.0,4.6,Yes,Yes,87.0,85.0,NotPlaced
8523,8.5,2,3,2,90.0,4.8,Yes,Yes,75.0,88.0,Placed
8972,8.4,1,3,0,73.0,4.7,Yes,Yes,72.0,73.0,NotPlaced
7590,7.9,1,0,3,90.0,4.8,Yes,Yes,68.0,88.0,NotPlaced
3874,7.7,1,1,2,86.0,4.2,Yes,Yes,58.0,80.0,NotPlaced
8095,8.6,1,3,0,86.0,3.8,Yes,Yes,78.0,72.0,NotPlaced
3934,8.1,1,3,2,72.0,4.8,No,No,83.0,77.0,NotPlaced
4894,7.4,1,2,0,89.0,3.6,No,No,62.0,72.0,NotPlaced
2552,8.5,2,1,1,80.0,3.6,Yes,No,83.0,68.0,NotPlaced
3148,8.0,1,3,2,90.0,4.8,Yes,Yes,71.0,82.0,NotPlaced
4585,7.1,1,2,0,87.0,4.2,Yes,Yes,69.0,72.0,Placed
6455,8.6,2,3,1,90.0,4.8,Yes,Yes,77.0,84.0,Placed
2631,7.6,1,3,0,80.0,4.7,No,No,77.0,70.0,NotPlaced
6144,8.3,1,3,2,88.0,4.7,Yes,Yes,85.0,80.0,Placed
6129,7.6,1,1,0,71.0,4.0,Yes,Yes,69.0,88.0,NotPlaced
981,8.3,2,3,2,90.0,4.8,Yes,Yes,80.0,88.0,Placed
2443,7.4,2,2,0,69.0,4.1,No,No,59.0,75.0,NotPlaced
4411,7.7,1,2,0,77.0,4.2,Yes,Yes,55.0,69.0,Placed
3789,7.6,0,1,1,62.0,4.1,No,No,55.0,64.0,NotPlaced
777,8.1,0,3,2,90.0,4.2,Yes,Yes,69.0,88.0,Placed
2312,7.0,1,3,1,90.0,4.7,Yes,Yes,74.0,60.0,NotPlaced
4230,7.0,1,1,0,71.0,4.4,No,No,63.0,74.0,NotPlaced
6636,8.0,1,2,0,80.0,4.4,No,No,55.0,72.0,NotPlaced
5471,7.4,1,1,0,62.0,4.1,No,No,75.0,66.0,NotPlaced
8293,6.5,1,1,1,83.0,4.4,No,No,55.0,65.0,NotPlaced
2583,6.5,2,3,2,81.0,3.3,No,Yes,83.0,76.0,Placed
2538,7.4,0,2,2,78.0,3.8,No,Yes,80.0,70.0,NotPlaced
2049,8.6,2,3,1,90.0,4.8,Yes,Yes,75.0,88.0,Placed
5159,8.2,1,2,2,78.0,4.1,Yes,Yes,70.0,82.0,NotPlaced
7525,7.4,1,1,2,63.0,3.6,No,Yes,62.0,72.0,NotPlaced
6200,7.7,2,3,2,76.0,4.8,Yes,Yes,70.0,85.0,Placed
3388,8.3,2,3,2,84.0,4.8,Yes,Yes,77.0,82.0,Placed
1830,6.5,1,2,1,85.0,4.0,Yes,Yes,71.0,82.0,Placed
9267,8.6,2,3,3,90.0,4.8,Yes,Yes,66.0,83.0,Placed
8543,7.4,1,2,1,90.0,4.4,Yes,Yes,81.0,86.0,NotPlaced
4853,8.5,1,3,2,87.0,4.8,Yes,Yes,67.0,85.0,Placed
8603,8.0,1,1,0,90.0,4.5,Yes,Yes,69.0,74.0,Placed
4009,8.6,1,3,2,90.0,4.8,Yes,Yes,84.0,85.0,Placed
1195,8.1,2,3,2,90.0,4.8,Yes,Yes,84.0,88.0,Placed
2751,7.7,0,2,1,72.0,4.4,No,Yes,58.0,66.0,NotPlaced
815,6.6,0,1,1,72.0,4.1,No,Yes,64.0,70.0,NotPlaced
5233,7.4,1,1,1,68.0,4.1,Yes,Yes,55.0,67.0,NotPlaced
4212,8.6,2,3,0,79.0,4.7,Yes,No,71.0,79.0,NotPlaced
3776,7.4,1,1,0,72.0,4.0,No,Yes,63.0,69.0,NotPlaced
4938,8.5,1,1,2,82.0,4.4,Yes,Yes,82.0,85.0,Placed
9626,8.4,0,3,2,87.0,4.8,Yes,Yes,81.0,83.0,Placed
4712,7.7,2,1,1,70.0,3.5,Yes,Yes,66.0,67.0,Placed
4567,7.6,1,1,0,81.0,3.3,Yes,Yes,57.0,65.0,NotPlaced
3662,8.4,1,1,0,80.0,4.6,Yes,Yes,77.0,82.0,NotPlaced
601,6.8,1,1,1,75.0,3.8,No,Yes,60.0,67.0,NotPlaced
653,6.8,0,3,2,89.0,4.8,Yes,Yes,78.0,69.0,Placed
7836,6.5,1,1,0,78.0,4.4,No,Yes,66.0,74.0,NotPlaced
5373,7.3,1,1,2,75.0,3.8,Yes,Yes,55.0,69.0,NotPlaced
787,7.4,1,1,1,67.0,4.5,No,No,55.0,67.0,NotPlaced
2118,7.8,0,1,0,81.0,4.2,No,No,63.0,58.0,NotPlaced
4122,7.5,1,1,0,77.0,4.8,No,Yes,55.0,58.0,Placed
4293,8.8,1,3,2,90.0,4.8,Yes,Yes,85.0,81.0,Placed
7883,6.5,1,1,0,66.0,4.1,No,No,55.0,62.0,NotPlaced
1215,7.7,1,2,0,73.0,4.3,No,Yes,55.0,70.0,NotPlaced
8649,8.2,1,2,3,83.0,4.2,Yes,Yes,78.0,80.0,NotPlaced
5889,8.0,0,1,0,72.0,4.2,No,No,67.0,67.0,NotPlaced
9510,7.6,1,1,1,74.0,4.5,No,No,55.0,65.0,NotPlaced
3696,7.3,1,3,1,78.0,4.5,Yes,Yes,79.0,78.0,NotPlaced
7450,7.5,1,2,0,78.0,3.9,No,No,66.0,68.0,NotPlaced
1989,8.4,2,3,1,85.0,4.4,Yes,Yes,78.0,83.0,Placed
2574,7.4,1,1,3,74.0,4.1,No,Yes,61.0,63.0,NotPlaced
6349,8.6,2,3,2,88.0,4.7,Yes,Yes,73.0,84.0,NotPlaced
4809,6.8,1,2,2,70.0,4.0,Yes,Yes,62.0,69.0,NotPlaced
798,8.4,1,2,2,75.0,4.1,Yes,Yes,55.0,73.0,NotPlaced
2327,7.5,1,1,0,67.0,4.3,No,No,61.0,69.0,NotPlaced
4036,8.5,1,3,2,90.0,4.5,Yes,Yes,76.0,84.0,Placed
7193,8.5,2,3,2,90.0,4.8,Yes,Yes,82.0,87.0,Placed
5799,6.5,1,3,2,84.0,4.7,No,No,58.0,69.0,NotPlaced
9791,8.5,2,3,2,90.0,4.8,Yes,Yes,76.0,86.0,Placed
4236,8.4,1,2,2,79.0,4.2,Yes,No,77.0,81.0,NotPlaced
6324,7.3,1,1,1,79.0,3.4,No,Yes,55.0,68.0,NotPlaced
3055,8.4,2,2,2,78.0,4.1,No,Yes,83.0,80.0,Placed
7587,8.1,2,3,2,87.0,4.8,Yes,No,84.0,86.0,Placed
60,6.6,0,1,0,76.0,3.9,No,Yes,78.0,69.0,Placed
5695,7.0,1,1,0,72.0,4.5,No,Yes,71.0,65.0,NotPlaced
8017,7.8,1,2,0,84.0,3.0,Yes,Yes,62.0,70.0,NotPlaced
4063,6.6,1,3,1,74.0,4.5,Yes,Yes,76.0,71.0,NotPlaced
7031,6.5,1,1,1,75.0,4.5,No,No,55.0,65.0,NotPlaced
5879,8.3,1,3,2,85.0,4.7,Yes,Yes,74.0,78.0,NotPlaced
7913,7.8,2,2,2,81.0,4.5,Yes,Yes,85.0,57.0,Placed
502,6.8,1,1,2,74.0,4.2,Yes,No,77.0,84.0,NotPlaced
6046,7.5,1,3,2,89.0,4.8,Yes,Yes,61.0,70.0,NotPlaced
6338,8.5,2,3,2,90.0,4.8,Yes,No,78.0,81.0,Placed
5369,6.8,1,1,0,66.0,3.5,No,No,56.0,72.0,NotPlaced
5370,7.6,2,2,0,84.0,4.3,No,No,64.0,65.0,NotPlaced
6697,7.8,1,1,0,70.0,4.0,No,Yes,55.0,66.0,NotPlaced
4978,7.7,2,2,0,75.0,4.5,Yes,Yes,78.0,72.0,NotPlaced
9985,8.5,1,3,2,90.0,4.8,Yes,Yes,81.0,84.0,Placed
3125,6.9,1,1,1,65.0,4.4,No,Yes,62.0,71.0,NotPlaced
218,6.6,1,1,0,77.0,4.5,No,No,62.0,70.0,NotPlaced
9527,7.6,0,1,0,80.0,4.2,No,No,55.0,73.0,NotPlaced
4215,6.5,2,3,2,80.0,4.1,Yes,Yes,76.0,86.0,Placed
9361,8.0,2,3,0,90.0,4.8,Yes,Yes,76.0,86.0,Placed
5184,6.9,1,1,1,90.0,3.9,No,No,55.0,67.0,NotPlaced
2072,7.6,0,2,1,69.0,4.8,No,No,80.0,71.0,NotPlaced
1682,8.3,1,2,1,82.0,4.4,Yes,Yes,76.0,85.0,Placed
766,8.1,2,3,2,90.0,4.8,Yes,Yes,86.0,85.0,Placed
9827,7.5,1,1,1,64.0,4.6,No,Yes,55.0,59.0,NotPlaced
9131,8.2,1,3,2,89.0,4.8,Yes,Yes,77.0,83.0,Placed
7059,7.6,1,1,1,70.0,3.9,No,Yes,59.0,63.0,NotPlaced
7406,7.5,0,1,0,65.0,3.9,No,No,55.0,65.0,NotPlaced
6687,7.4,1,1,0,72.0,4.3,No,No,64.0,63.0,NotPlaced
3152,7.7,0,3,0,88.0,4.8,Yes,Yes,73.0,77.0,Placed
631,7.6,1,2,1,74.0,4.6,No,Yes,74.0,85.0,Placed
3065,8.6,2,3,2,90.0,4.8,Yes,Yes,71.0,81.0,Placed
4449,8.4,1,3,0,74.0,4.6,No,Yes,70.0,69.0,NotPlaced
6169,6.9,1,1,1,70.0,4.5,No,No,65.0,72.0,NotPlaced
6428,8.2,2,3,2,90.0,4.8,Yes,Yes,85.0,83.0,Placed
8647,7.3,0,1,1,69.0,4.6,No,Yes,68.0,64.0,NotPlaced
5673,8.2,2,3,2,90.0,4.8,Yes,Yes,90.0,84.0,Placed
1581,7.5,1,1,1,78.0,4.2,No,Yes,59.0,72.0,NotPlaced
9046,8.3,2,3,2,90.0,4.3,Yes,Yes,75.0,84.0,NotPlaced
1956,7.8,1,1,1,87.0,4.2,Yes,Yes,59.0,86.0,Placed
3531,8.4,0,3,0,84.0,4.2,Yes,Yes,75.0,82.0,Placed
3746,7.5,1,3,2,78.0,4.6,Yes,Yes,72.0,86.0,Placed
1008,7.3,1,1,1,76.0,4.1,No,Yes,80.0,68.0,NotPlaced
3853,6.5,0,1,0,67.0,3.9,Yes,Yes,76.0,66.0,NotPlaced
933,7.5,1,1,0,70.0,4.3,No,Yes,55.0,71.0,NotPlaced
1123,7.2,1,1,1,83.0,4.4,No,No,59.0,68.0,NotPlaced
9101,7.5,0,1,0,82.0,4.4,No,Yes,58.0,85.0,NotPlaced
7280,8.0,1,1,2,78.0,4.3,Yes,No,67.0,69.0,NotPlaced
9189,8.2,2,3,2,90.0,4.6,Yes,Yes,81.0,79.0,Placed
696,7.1,2,3,2,90.0,4.4,Yes,Yes,77.0,87.0,Placed
1811,8.4,1,3,2,87.0,4.8,Yes,Yes,75.0,88.0,Placed
3797,7.1,1,1,0,69.0,3.5,No,No,60.0,65.0,NotPlaced
2099,8.1,1,3,2,90.0,4.3,Yes,Yes,74.0,80.0,NotPlaced
8937,7.7,0,2,0,85.0,4.0,No,Yes,55.0,64.0,Placed
3008,6.7,0,2,1,79.0,3.3,No,No,73.0,69.0,NotPlaced
5399,8.2,2,3,2,90.0,4.6,Yes,Yes,83.0,83.0,Placed
4570,7.5,2,2,1,63.0,4.0,Yes,Yes,55.0,68.0,NotPlaced
9345,6.6,1,2,0,79.0,3.9,No,Yes,60.0,69.0,NotPlaced
6057,6.5,0,2,0,74.0,4.1,No,Yes,55.0,82.0,NotPlaced
7108,8.0,2,3,2,83.0,4.5,Yes,Yes,79.0,87.0,Placed
1981,8.4,1,3,2,88.0,4.5,Yes,Yes,73.0,82.0,Placed
4448,8.1,0,1,0,88.0,4.3,No,No,55.0,61.0,NotPlaced
9560,8.4,2,3,2,90.0,4.8,Yes,Yes,70.0,85.0,Placed
6871,6.7,2,2,2,78.0,4.5,Yes,Yes,57.0,67.0,NotPlaced
2483,7.6,1,2,2,76.0,4.5,Yes,Yes,76.0,81.0,NotPlaced
3399,7.9,0,1,0,80.0,4.5,Yes,Yes,58.0,81.0,Placed
1133,6.5,1,2,0,84.0,4.2,No,No,79.0,65.0,NotPlaced
232,7.4,2,1,1,87.0,4.5,Yes,Yes,68.0,84.0,NotPlaced
7881,8.4,0,1,0,80.0,4.5,Yes,Yes,87.0,78.0,NotPlaced
9931,7.4,1,1,0,78.0,3.9,No,Yes,58.0,63.0,NotPlaced
6834,8.1,0,3,2,85.0,4.7,Yes,No,87.0,79.0,NotPlaced
6278,8.0,0,3,1,83.0,3.7,No,Yes,59.0,81.0,NotPlaced
360,7.7,1,2,0,68.0,3.9,No,Yes,62.0,63.0,NotPlaced
5367,6.6,1,1,0,71.0,4.1,No,Yes,67.0,64.0,NotPlaced
9505,7.4,1,2,1,69.0,3.4,No,Yes,57.0,66.0,NotPlaced
8271,7.4,1,3,2,73.0,4.1,Yes,Yes,86.0,78.0,Placed
5786,7.6,1,2,1,77.0,4.4,No,Yes,55.0,68.0,NotPlaced
1177,8.2,0,1,2,88.0,4.6,Yes,No,75.0,58.0,Placed
9801,7.5,1,2,1,72.0,4.8,No,Yes,55.0,73.0,NotPlaced
6704,8.1,0,1,1,77.0,4.1,No,No,56.0,66.0,NotPlaced
6363,8.8,2,3,2,90.0,4.8,Yes,Yes,72.0,86.0,Placed
213,8.6,2,3,2,78.0,4.8,Yes,Yes,82.0,81.0,NotPlaced
156,7.7,0,1,0,81.0,4.8,Yes,Yes,69.0,63.0,Placed
5966,7.6,1,2,2,80.0,4.5,No,Yes,68.0,86.0,NotPlaced
2812,8.5,1,3,1,82.0,4.7,Yes,Yes,80.0,70.0,Placed
386,8.5,1,3,2,74.0,4.1,No,Yes,76.0,68.0,Placed
4329,7.4,0,1,0,71.0,4.4,No,No,57.0,66.0,NotPlaced
1525,8.2,0,1,2,90.0,4.7,No,Yes,73.0,68.0,Placed
2714,8.6,1,2,2,76.0,4.4,Yes,No,79.0,84.0,NotPlaced
9193,7.8,2,3,2,87.0,4.5,Yes,No,84.0,81.0,Placed
6506,8.2,2,2,2,78.0,4.0,No,No,65.0,63.0,NotPlaced
8662,8.5,2,3,2,90.0,4.8,Yes,Yes,75.0,88.0,Placed
3059,7.3,1,2,1,70.0,4.0,No,No,55.0,73.0,NotPlaced
6163,8.5,2,3,2,90.0,4.8,Yes,Yes,82.0,83.0,Placed
2885,8.1,2,2,0,84.0,4.8,Yes,Yes,76.0,87.0,Placed
2886,6.6,1,1,0,75.0,4.8,No,No,62.0,65.0,NotPlaced
2112,7.5,1,3,0,84.0,4.1,Yes,Yes,82.0,82.0,NotPlaced
4902,8.4,2,3,2,86.0,4.8,Yes,Yes,74.0,81.0,Placed
4727,8.2,1,3,2,84.0,4.4,Yes,Yes,70.0,83.0,Placed
2400,7.7,1,1,0,72.0,4.2,No,No,55.0,63.0,NotPlaced
816,8.2,2,2,1,90.0,4.8,No,Yes,72.0,62.0,Placed
4112,8.3,2,3,2,90.0,4.8,Yes,Yes,81.0,87.0,Placed
3627,6.7,1,2,0,73.0,4.0,No,Yes,58.0,68.0,Placed
7638,8.5,1,2,0,87.0,4.3,Yes,Yes,72.0,83.0,Placed
6212,8.7,2,3,2,90.0,4.8,Yes,Yes,88.0,84.0,Placed
4566,7.2,1,3,0,68.0,4.4,No,No,84.0,82.0,NotPlaced
6683,8.4,1,3,2,82.0,4.6,Yes,Yes,59.0,85.0,NotPlaced
7972,7.7,1,3,0,80.0,4.8,Yes,Yes,76.0,86.0,Placed
8610,7.0,2,1,1,88.0,4.8,Yes,Yes,75.0,81.0,Placed
8744,7.7,0,1,2,72.0,4.3,Yes,No,82.0,72.0,NotPlaced
176,6.7,1,2,0,73.0,4.5,No,Yes,55.0,65.0,NotPlaced
58,8.4,2,2,2,81.0,4.6,Yes,Yes,77.0,82.0,Placed
177,8.3,1,2,3,78.0,3.8,Yes,No,67.0,65.0,NotPlaced
6430,8.5,1,1,2,77.0,4.6,No,Yes,55.0,82.0,Placed
9613,7.6,0,1,0,78.0,3.2,No,Yes,55.0,70.0,NotPlaced
7911,7.6,1,2,0,79.0,4.1,No,Yes,69.0,65.0,Placed
9121,7.0,1,1,0,81.0,3.6,No,Yes,55.0,70.0,NotPlaced
9044,6.5,1,1,0,68.0,3.8,No,Yes,59.0,59.0,NotPlaced
7230,6.7,1,2,0,72.0,4.3,No,Yes,55.0,72.0,NotPlaced
686,8.7,0,1,2,82.0,4.5,Yes,Yes,73.0,86.0,Placed
2539,8.4,2,3,2,90.0,4.8,Yes,Yes,69.0,63.0,Placed
8668,6.7,0,1,1,75.0,3.2,No,No,55.0,71.0,NotPlaced
2273,8.0,1,2,1,80.0,3.4,Yes,Yes,76.0,82.0,NotPlaced
5784,7.4,1,2,0,71.0,3.7,No,Yes,55.0,62.0,NotPlaced
1286,7.4,1,2,1,70.0,3.8,No,Yes,55.0,73.0,NotPlaced
7044,7.9,1,3,2,83.0,4.7,Yes,Yes,90.0,86.0,Placed
8277,8.6,1,3,2,90.0,4.8,Yes,Yes,85.0,87.0,Placed
3994,8.4,1,2,1,81.0,3.8,Yes,Yes,72.0,65.0,Placed
939,7.3,1,1,0,65.0,4.0,No,Yes,63.0,70.0,NotPlaced
4241,7.5,1,1,0,71.0,4.3,No,No,57.0,78.0,Placed
7056,6.5,2,1,2,85.0,4.7,No,Yes,66.0,85.0,NotPlaced
3209,7.7,1,1,1,68.0,3.8,No,No,57.0,69.0,NotPlaced
4512,6.8,1,2,0,69.0,3.7,No,Yes,57.0,71.0,NotPlaced
7806,8.2,1,1,2,79.0,4.7,Yes,Yes,67.0,86.0,Placed
8016,8.3,2,3,2,90.0,4.8,Yes,No,75.0,80.0,Placed
4709,8.0,2,2,2,77.0,4.8,Yes,No,76.0,80.0,NotPlaced
8497,8.2,2,3,2,90.0,4.6,Yes,Yes,75.0,83.0,Placed
3047,7.6,0,1,0,71.0,4.0,No,Yes,58.0,66.0,NotPlaced
818,8.4,1,3,2,78.0,4.8,Yes,No,85.0,81.0,NotPlaced
1276,8.5,2,3,0,90.0,4.8,Yes,Yes,73.0,88.0,Placed
3726,7.6,0,3,0,86.0,3.7,Yes,Yes,85.0,80.0,Placed
7753,7.5,1,2,0,79.0,4.4,Yes,No,62.0,69.0,NotPlaced
1504,7.3,0,1,1,80.0,4.1,No,No,55.0,70.0,NotPlaced
2584,8.7,2,3,2,90.0,4.8,Yes,Yes,81.0,80.0,Placed
8553,7.7,2,2,0,80.0,3.8,Yes,Yes,62.0,72.0,NotPlaced
7480,7.5,1,1,0,81.0,3.6,No,Yes,56.0,71.0,NotPlaced
3438,7.6,1,1,0,66.0,3.2,No,No,55.0,63.0,NotPlaced
138,8.1,2,2,2,90.0,4.5,Yes,Yes,73.0,82.0,Placed
5589,8.2,1,2,0,78.0,3.8,No,Yes,55.0,80.0,NotPlaced
892,7.0,0,1,0,82.0,4.4,Yes,No,55.0,73.0,NotPlaced
314,8.2,1,3,2,90.0,4.3,No,Yes,77.0,82.0,Placed
2365,8.6,1,3,1,83.0,4.7,Yes,Yes,78.0,81.0,Placed
7789,6.5,0,1,3,76.0,4.4,Yes,No,64.0,70.0,NotPlaced
7954,6.6,1,1,2,67.0,4.0,No,No,55.0,67.0,NotPlaced
8724,7.5,1,2,1,73.0,4.2,Yes,Yes,72.0,64.0,NotPlaced
8346,7.9,0,3,1,84.0,4.3,Yes,No,83.0,84.0,Placed
7143,8.2,0,2,0,67.0,3.6,No,No,64.0,70.0,NotPlaced
7565,8.0,2,1,2,88.0,4.7,Yes,Yes,62.0,66.0,Placed
9117,7.5,1,1,1,77.0,4.6,No,No,56.0,67.0,NotPlaced
4563,6.5,1,3,1,78.0,3.2,No,No,79.0,76.0,NotPlaced
4654,7.6,1,3,1,90.0,4.5,Yes,Yes,70.0,80.0,NotPlaced
577,6.5,2,3,1,84.0,4.7,Yes,Yes,85.0,83.0,Placed
8513,7.5,1,2,2,68.0,4.0,Yes,Yes,69.0,68.0,Placed
5499,7.4,2,2,0,68.0,3.8,No,Yes,55.0,66.0,NotPlaced
4544,7.8,1,2,0,83.0,4.7,No,Yes,55.0,85.0,NotPlaced
4109,8.3,2,3,2,89.0,4.8,Yes,Yes,68.0,87.0,Placed
3352,7.9,1,2,0,84.0,4.6,Yes,No,73.0,84.0,Placed
9880,7.8,1,3,2,82.0,4.2,No,Yes,85.0,69.0,Placed
8465,7.1,0,1,0,73.0,4.1,No,Yes,55.0,64.0,NotPlaced
7624,7.4,1,1,1,73.0,4.2,Yes,No,66.0,87.0,NotPlaced
4337,7.2,0,2,0,82.0,3.9,Yes,No,69.0,64.0,Placed
3129,6.9,0,2,0,63.0,4.3,No,No,69.0,68.0,NotPlaced
3678,7.5,1,3,0,79.0,4.4,Yes,No,65.0,64.0,Placed
2800,6.9,0,1,0,70.0,4.3,No,No,57.0,63.0,NotPlaced
1216,6.9,1,3,2,82.0,3.5,Yes,Yes,59.0,60.0,Placed
7538,6.7,1,1,0,71.0,4.1,No,No,60.0,68.0,NotPlaced
6734,7.3,1,2,3,81.0,3.8,No,Yes,76.0,64.0,NotPlaced
2480,8.2,1,1,1,84.0,3.9,Yes,Yes,61.0,60.0,Placed
3520,8.4,2,3,2,90.0,4.8,Yes,Yes,76.0,85.0,Placed
3666,8.5,1,3,2,88.0,4.7,Yes,Yes,74.0,88.0,Placed
5181,7.7,1,1,0,70.0,4.8,Yes,Yes,55.0,73.0,NotPlaced
9555,8.2,0,2,2,88.0,3.3,Yes,Yes,74.0,68.0,Placed
8877,8.0,1,3,2,90.0,4.7,Yes,Yes,74.0,88.0,Placed
3121,7.4,1,1,0,68.0,3.5,No,No,61.0,70.0,NotPlaced
7893,7.3,1,3,2,90.0,4.5,Yes,Yes,77.0,85.0,Placed
2077,8.4,0,3,2,90.0,4.7,Yes,Yes,82.0,87.0,Placed
3223,6.6,0,1,0,79.0,4.4,No,Yes,55.0,64.0,NotPlaced
8395,7.8,1,2,2,90.0,4.5,Yes,Yes,80.0,64.0,Placed
4490,8.3,2,2,0,81.0,4.0,Yes,No,75.0,82.0,Placed
3393,7.4,2,2,2,87.0,4.0,Yes,Yes,79.0,84.0,Placed
6240,8.1,1,3,2,82.0,4.8,Yes,Yes,80.0,68.0,Placed
507,6.6,2,3,1,72.0,4.6,Yes,No,56.0,57.0,NotPlaced
1995,7.7,0,1,0,65.0,4.3,No,Yes,55.0,64.0,NotPlaced
3927,6.5,1,2,1,77.0,4.2,No,No,62.0,71.0,NotPlaced
5932,7.6,1,2,1,81.0,3.9,No,No,74.0,66.0,NotPlaced
7429,7.4,1,2,0,71.0,4.6,No,No,63.0,68.0,NotPlaced
5848,8.3,2,3,0,86.0,4.7,Yes,Yes,81.0,71.0,Placed
2371,7.5,0,2,1,73.0,3.6,No,No,56.0,71.0,NotPlaced
2925,6.6,0,3,0,86.0,4.8,No,No,79.0,66.0,NotPlaced
325,7.2,1,2,0,69.0,4.0,No,Yes,55.0,61.0,NotPlaced
286,7.9,1,1,0,77.0,4.7,Yes,Yes,64.0,60.0,NotPlaced
9590,6.5,1,2,0,68.0,4.2,Yes,Yes,70.0,64.0,NotPlaced
220,7.9,2,2,2,88.0,4.8,Yes,Yes,81.0,85.0,Placed
2345,6.7,1,1,1,76.0,4.6,No,No,62.0,68.0,NotPlaced
4165,7.5,1,2,0,80.0,3.5,No,No,66.0,65.0,NotPlaced
5667,7.4,1,1,1,60.0,4.3,Yes,Yes,80.0,75.0,NotPlaced
6467,7.6,1,1,0,83.0,4.8,Yes,Yes,79.0,79.0,NotPlaced
5644,7.6,2,2,1,88.0,4.8,Yes,Yes,83.0,86.0,NotPlaced
6355,7.3,1,1,0,74.0,3.7,No,No,62.0,65.0,NotPlaced
8716,6.9,0,2,1,82.0,3.9,No,Yes,78.0,59.0,NotPlaced
4798,7.7,2,3,0,80.0,4.8,Yes,Yes,73.0,83.0,Placed
7520,7.8,1,1,1,85.0,4.8,Yes,Yes,82.0,83.0,Placed
5251,8.3,0,2,2,83.0,4.3,Yes,Yes,70.0,83.0,Placed
166,6.5,0,1,1,79.0,3.9,No,No,55.0,66.0,NotPlaced
9219,8.4,2,1,1,77.0,4.4,No,Yes,60.0,69.0,NotPlaced
7152,6.5,2,1,3,81.0,4.2,Yes,No,55.0,68.0,NotPlaced
5031,6.8,1,1,1,61.0,3.5,No,No,66.0,72.0,NotPlaced
1020,8.3,0,3,2,78.0,4.3,Yes,No,77.0,87.0,NotPlaced
2878,7.3,1,2,0,66.0,4.6,No,Yes,59.0,72.0,NotPlaced
3233,7.1,1,1,0,79.0,4.6,No,No,62.0,72.0,NotPlaced
144,7.8,2,3,0,77.0,4.8,Yes,Yes,79.0,87.0,NotPlaced
2194,7.8,1,1,0,79.0,4.0,No,Yes,55.0,70.0,NotPlaced
2374,6.5,2,1,1,77.0,4.2,Yes,Yes,58.0,64.0,NotPlaced
7669,7.5,0,2,0,70.0,4.1,No,Yes,55.0,67.0,NotPlaced
7159,7.4,0,1,0,71.0,3.7,No,No,55.0,64.0,NotPlaced
6837,7.7,2,3,2,90.0,4.8,Yes,Yes,84.0,88.0,NotPlaced
6201,6.5,2,1,0,76.0,3.7,Yes,Yes,61.0,73.0,NotPlaced
9547,8.3,1,3,2,90.0,4.8,Yes,Yes,80.0,86.0,Placed
4028,7.6,1,1,0,72.0,4.0,No,Yes,55.0,67.0,NotPlaced
4702,7.5,1,1,1,82.0,4.6,No,Yes,55.0,65.0,NotPlaced
7154,7.9,2,1,0,88.0,4.5,Yes,Yes,73.0,78.0,NotPlaced
5075,6.5,1,2,0,87.0,4.3,No,No,63.0,68.0,NotPlaced
9074,7.6,1,2,0,72.0,4.2,No,Yes,59.0,65.0,Placed
2336,7.3,1,1,1,73.0,4.0,No,Yes,55.0,67.0,NotPlaced
8519,7.5,1,1,1,74.0,4.5,Yes,Yes,62.0,78.0,NotPlaced
2849,8.4,2,3,1,80.0,4.6,Yes,Yes,75.0,79.0,NotPlaced
5622,7.7,1,2,2,78.0,3.8,Yes,No,63.0,67.0,NotPlaced
8840,7.9,1,3,2,90.0,4.8,Yes,No,78.0,83.0,NotPlaced
8563,7.9,1,1,1,75.0,4.5,Yes,Yes,71.0,67.0,NotPlaced
1171,6.5,0,1,0,73.0,4.0,Yes,Yes,68.0,67.0,NotPlaced
9337,7.9,2,3,2,90.0,4.8,Yes,Yes,74.0,80.0,Placed
6691,8.3,2,3,2,86.0,4.8,Yes,Yes,81.0,80.0,Placed
5286,6.5,1,1,0,77.0,4.1,No,No,59.0,57.0,NotPlaced
4060,6.8,0,1,0,84.0,4.2,No,No,61.0,60.0,NotPlaced
9976,7.9,2,3,2,90.0,4.6,Yes,Yes,83.0,80.0,Placed
5379,6.7,1,1,1,76.0,4.6,No,No,65.0,69.0,NotPlaced
949,8.1,1,2,0,88.0,4.6,Yes,Yes,82.0,86.0,Placed
9352,7.6,0,2,0,72.0,4.4,No,No,59.0,61.0,Placed
3647,8.5,2,3,1,70.0,3.9,Yes,Yes,60.0,71.0,NotPlaced
1474,8.4,2,3,2,90.0,4.8,Yes,Yes,71.0,85.0,NotPlaced
3115,6.8,1,1,0,69.0,4.0,No,No,55.0,63.0,NotPlaced
438,8.4,2,3,2,90.0,4.8,Yes,Yes,82.0,86.0,Placed
5389,8.4,1,2,1,73.0,4.0,Yes,No,81.0,63.0,NotPlaced
1515,7.5,1,1,0,65.0,3.8,No,Yes,55.0,74.0,NotPlaced
5687,8.1,0,2,0,84.0,4.7,No,Yes,61.0,69.0,NotPlaced
9511,6.6,2,1,2,62.0,4.3,No,No,63.0,67.0,NotPlaced
1875,6.5,0,3,2,86.0,4.6,Yes,Yes,76.0,83.0,NotPlaced
7153,6.7,1,1,0,67.0,4.6,No,Yes,57.0,64.0,NotPlaced
6848,7.9,0,1,0,87.0,4.5,No,Yes,75.0,75.0,Placed
8623,7.6,1,2,1,61.0,3.2,No,No,61.0,57.0,NotPlaced
6011,6.6,0,2,1,74.0,4.6,No,Yes,55.0,66.0,NotPlaced
8510,8.4,1,3,0,75.0,4.6,Yes,Yes,81.0,84.0,NotPlaced
1175,7.5,1,1,3,68.0,3.6,No,No,58.0,72.0,NotPlaced
5918,7.4,1,1,0,87.0,4.6,No,No,55.0,70.0,NotPlaced
4744,8.5,2,3,2,90.0,4.3,Yes,Yes,79.0,83.0,Placed
1355,7.7,0,1,0,78.0,4.3,Yes,No,55.0,68.0,NotPlaced
5959,8.3,1,1,0,69.0,4.5,No,Yes,55.0,65.0,NotPlaced
6427,7.4,1,3,1,85.0,3.7,Yes,Yes,64.0,70.0,Placed
2668,6.5,0,1,1,60.0,3.2,No,No,62.0,74.0,NotPlaced
7222,8.3,2,3,0,83.0,4.8,Yes,Yes,84.0,79.0,Placed
9541,8.3,2,3,2,89.0,4.8,Yes,Yes,78.0,81.0,Placed
750,7.5,1,1,0,72.0,4.1,No,Yes,55.0,63.0,NotPlaced
953,6.6,1,2,0,71.0,3.8,Yes,Yes,56.0,86.0,NotPlaced
2390,6.5,0,1,0,90.0,4.5,Yes,Yes,56.0,82.0,NotPlaced
7191,7.8,2,3,2,90.0,4.8,Yes,Yes,87.0,84.0,Placed
8150,7.9,1,2,1,85.0,4.8,No,No,81.0,79.0,Placed
7749,7.4,0,1,0,73.0,4.4,No,No,55.0,72.0,NotPlaced
8973,7.8,1,3,2,90.0,4.8,Yes,Yes,75.0,86.0,Placed
9474,7.3,1,1,2,79.0,4.4,No,Yes,60.0,71.0,NotPlaced
2509,6.8,1,1,1,72.0,4.3,No,Yes,65.0,60.0,Placed
8128,8.2,2,3,2,90.0,4.8,Yes,Yes,70.0,86.0,NotPlaced
7490,6.5,1,1,1,81.0,4.8,No,Yes,58.0,77.0,NotPlaced
6218,8.1,1,1,0,86.0,3.8,No,No,78.0,68.0,NotPlaced
4844,8.8,2,3,2,90.0,4.8,Yes,Yes,74.0,88.0,Placed
7758,8.1,1,3,0,76.0,4.0,Yes,Yes,75.0,73.0,Placed
4377,6.5,1,2,0,74.0,4.0,No,Yes,80.0,64.0,Placed
8259,8.1,0,3,0,76.0,3.9,Yes,Yes,66.0,83.0,NotPlaced
6433,6.5,1,3,0,77.0,4.4,No,No,55.0,70.0,NotPlaced
4033,8.4,1,1,1,73.0,4.5,No,No,63.0,60.0,NotPlaced
6174,8.6,0,3,2,90.0,4.8,Yes,No,81.0,85.0,Placed
7703,8.5,2,3,2,90.0,4.8,Yes,Yes,85.0,88.0,Placed
2818,8.4,2,2,3,90.0,4.6,Yes,Yes,77.0,83.0,Placed
4687,7.6,0,1,1,69.0,4.5,No,No,55.0,71.0,Placed
3912,7.6,1,2,2,72.0,4.5,Yes,No,87.0,84.0,Placed
6806,7.8,1,2,1,80.0,4.2,Yes,Yes,57.0,82.0,NotPlaced
270,6.6,1,2,1,65.0,4.1,No,No,56.0,58.0,NotPlaced
6880,7.3,0,3,0,70.0,4.3,No,No,55.0,70.0,Placed
2096,8.2,0,2,2,83.0,4.8,Yes,Yes,78.0,82.0,Placed
2100,8.1,1,3,3,89.0,4.8,Yes,Yes,66.0,86.0,Placed
8752,7.5,2,2,1,68.0,3.7,No,No,59.0,62.0,NotPlaced
8408,8.2,1,3,2,88.0,4.8,Yes,Yes,85.0,80.0,Placed
8825,8.6,0,3,0,86.0,4.5,Yes,No,70.0,83.0,NotPlaced
139,7.9,1,3,1,75.0,3.7,No,Yes,62.0,65.0,NotPlaced
6778,7.6,0,1,0,79.0,4.0,No,No,55.0,63.0,NotPlaced
1291,7.4,1,2,2,80.0,4.2,Yes,Yes,73.0,66.0,Placed
226,7.4,1,1,0,74.0,3.5,No,Yes,67.0,62.0,NotPlaced
5927,8.6,1,2,2,83.0,4.0,Yes,Yes,65.0,72.0,NotPlaced
8738,7.3,1,1,0,71.0,4.4,No,No,55.0,74.0,Placed
723,7.9,1,2,2,90.0,4.3,Yes,Yes,74.0,88.0,Placed
2861,8.4,2,3,0,90.0,4.8,Yes,Yes,70.0,88.0,Placed
3682,8.4,0,3,2,90.0,4.8,Yes,No,80.0,82.0,Placed
7584,8.5,1,3,0,90.0,4.5,Yes,Yes,74.0,83.0,Placed
2263,8.3,1,2,1,84.0,4.7,Yes,Yes,59.0,69.0,NotPlaced
2051,8.1,0,3,0,84.0,3.3,No,No,86.0,65.0,NotPlaced
3545,8.4,1,1,2,83.0,4.5,Yes,Yes,68.0,83.0,NotPlaced
9054,8.5,1,2,1,66.0,3.9,No,Yes,63.0,72.0,NotPlaced
8776,8.4,2,3,2,90.0,4.5,Yes,Yes,69.0,81.0,NotPlaced
9729,6.5,1,1,2,81.0,3.8,No,No,61.0,63.0,NotPlaced
8549,8.6,2,3,2,89.0,4.7,Yes,Yes,69.0,79.0,Placed
6289,8.1,2,3,2,84.0,4.1,Yes,Yes,87.0,85.0,Placed
1558,6.7,1,1,1,60.0,4.3,No,No,59.0,63.0,NotPlaced
403,6.9,0,1,1,76.0,3.8,No,No,61.0,67.0,NotPlaced
3497,7.7,2,3,2,87.0,4.8,Yes,Yes,77.0,86.0,Placed
6102,8.0,1,1,2,82.0,4.6,Yes,Yes,63.0,88.0,NotPlaced
3848,8.6,2,3,2,89.0,4.8,Yes,Yes,80.0,85.0,Placed
3332,8.1,1,1,0,77.0,4.8,Yes,No,57.0,63.0,Placed
2269,8.2,0,3,2,80.0,4.8,Yes,Yes,80.0,83.0,Placed
7814,7.7,2,3,0,90.0,4.6,Yes,No,55.0,80.0,NotPlaced
7181,7.4,0,2,0,69.0,4.2,No,Yes,59.0,62.0,NotPlaced
8581,8.5,0,1,0,71.0,4.0,Yes,No,73.0,69.0,NotPlaced
3984,7.5,1,2,2,83.0,3.1,No,No,58.0,74.0,NotPlaced
8256,8.5,1,3,2,89.0,4.8,Yes,Yes,77.0,88.0,Placed
9336,8.2,1,3,2,86.0,4.7,Yes,Yes,63.0,88.0,Placed
853,6.6,1,1,1,75.0,3.6,No,No,61.0,72.0,Placed
3712,7.5,1,2,1,73.0,4.8,Yes,No,60.0,77.0,NotPlaced
8717,7.1,0,1,0,70.0,4.4,No,No,77.0,67.0,NotPlaced
7401,7.9,1,1,0,89.0,4.5,Yes,Yes,78.0,81.0,Placed
1132,8.6,2,3,2,90.0,4.8,Yes,Yes,73.0,80.0,Placed
2541,6.8,0,2,2,84.0,4.5,No,No,67.0,70.0,NotPlaced
7698,6.6,0,1,1,71.0,3.4,No,No,56.0,70.0,NotPlaced
2693,8.4,1,3,2,86.0,4.7,Yes,Yes,80.0,84.0,Placed
3640,8.3,0,3,2,81.0,4.6,Yes,Yes,80.0,75.0,Placed
8475,8.3,1,3,2,88.0,4.8,Yes,Yes,77.0,85.0,Placed
5136,7.5,1,3,1,81.0,4.6,Yes,Yes,72.0,80.0,NotPlaced
8436,7.4,1,3,0,70.0,3.8,No,No,78.0,86.0,NotPlaced
2382,8.4,2,3,2,83.0,4.8,Yes,Yes,77.0,86.0,Placed
2506,8.3,1,3,2,90.0,4.8,Yes,Yes,85.0,86.0,Placed
2504,7.8,2,3,2,84.0,4.7,Yes,Yes,81.0,86.0,Placed
474,7.8,0,3,2,77.0,4.2,Yes,Yes,83.0,76.0,NotPlaced
705,8.4,2,3,2,90.0,4.7,Yes,Yes,76.0,84.0,Placed
9153,6.5,2,2,2,85.0,4.4,Yes,Yes,84.0,83.0,Placed
1373,7.5,2,1,1,60.0,3.2,No,Yes,55.0,67.0,NotPlaced
1575,7.5,2,3,2,79.0,4.1,Yes,Yes,75.0,70.0,Placed
9179,8.4,1,2,3,90.0,4.7,Yes,Yes,84.0,71.0,Placed
1890,6.5,1,1,0,74.0,4.0,No,Yes,84.0,71.0,NotPlaced
1732,6.6,1,1,1,60.0,4.0,No,No,55.0,64.0,NotPlaced
8030,7.5,0,1,0,71.0,4.1,No,Yes,73.0,66.0,NotPlaced
8437,6.5,1,2,1,84.0,3.8,No,Yes,81.0,62.0,NotPlaced
8283,7.4,1,1,1,70.0,4.3,No,Yes,72.0,75.0,NotPlaced
2364,8.5,2,3,2,86.0,4.8,Yes,Yes,78.0,87.0,Placed
3866,8.2,2,3,3,88.0,4.5,No,Yes,74.0,85.0,NotPlaced
3503,8.3,2,3,2,90.0,4.8,Yes,No,85.0,83.0,Placed
2799,7.9,1,1,0,80.0,3.8,No,No,55.0,72.0,NotPlaced
8511,7.9,2,3,2,88.0,4.6,Yes,Yes,69.0,81.0,Placed
2716,6.5,1,1,0,69.0,4.3,No,Yes,55.0,68.0,NotPlaced
5615,8.3,1,1,2,74.0,4.1,Yes,Yes,55.0,66.0,NotPlaced
573,8.4,0,3,2,79.0,4.5,Yes,Yes,75.0,64.0,NotPlaced
4643,7.5,1,2,1,64.0,4.2,No,Yes,70.0,64.0,NotPlaced
8102,7.8,1,3,0,81.0,4.3,Yes,Yes,76.0,82.0,Placed
9348,8.6,2,3,2,90.0,4.8,Yes,Yes,82.0,82.0,NotPlaced
4197,8.3,2,3,2,81.0,4.7,Yes,Yes,84.0,85.0,NotPlaced
1436,7.1,1,2,0,71.0,4.8,Yes,No,61.0,61.0,NotPlaced
3308,8.3,1,3,2,90.0,4.7,Yes,Yes,65.0,87.0,NotPlaced
9507,7.7,1,2,0,74.0,3.9,No,Yes,55.0,71.0,NotPlaced
9712,8.1,2,3,1,82.0,4.2,No,No,74.0,62.0,NotPlaced
5162,7.8,1,2,2,76.0,4.4,No,Yes,55.0,67.0,NotPlaced
8938,8.5,1,2,2,82.0,4.0,Yes,No,55.0,74.0,Placed
6180,7.6,2,1,1,66.0,3.7,No,No,64.0,71.0,NotPlaced
8757,8.3,1,1,2,82.0,4.2,Yes,No,55.0,87.0,Placed
8835,7.9,1,1,0,77.0,4.7,No,Yes,75.0,70.0,NotPlaced
1922,8.6,1,3,0,82.0,4.8,Yes,Yes,87.0,68.0,NotPlaced
5939,8.5,1,3,1,84.0,4.3,Yes,Yes,80.0,82.0,Placed
8600,7.7,1,3,2,90.0,4.4,No,Yes,87.0,84.0,Placed
1006,7.8,1,2,2,76.0,4.0,No,Yes,73.0,58.0,NotPlaced
2765,8.5,1,1,2,90.0,4.7,Yes,Yes,75.0,88.0,Placed
7722,8.3,1,2,0,78.0,4.6,Yes,Yes,74.0,60.0,NotPlaced
7166,7.4,1,1,0,87.0,3.2,No,No,61.0,72.0,NotPlaced
5135,8.0,2,3,2,90.0,4.4,Yes,Yes,80.0,88.0,Placed
5537,6.6,2,2,1,61.0,3.5,No,Yes,55.0,69.0,NotPlaced
2699,8.6,1,3,1,85.0,4.6,Yes,Yes,71.0,84.0,Placed
5638,6.6,2,3,0,73.0,4.5,Yes,Yes,75.0,72.0,NotPlaced
2468,7.9,1,1,1,89.0,4.0,No,Yes,81.0,70.0,NotPlaced
4831,8.2,1,3,1,88.0,3.9,No,No,79.0,68.0,NotPlaced
6471,8.1,2,3,2,86.0,3.8,Yes,Yes,71.0,84.0,Placed
3639,8.4,2,3,2,85.0,4.7,Yes,Yes,75.0,88.0,NotPlaced
5877,7.5,0,2,0,81.0,4.3,Yes,Yes,63.0,61.0,NotPlaced
8715,8.4,2,3,2,87.0,4.7,Yes,Yes,79.0,86.0,Placed
2626,7.6,1,1,0,89.0,4.2,No,Yes,55.0,68.0,NotPlaced
2039,8.3,1,3,1,90.0,4.8,Yes,Yes,83.0,87.0,Placed
6347,6.8,1,2,0,82.0,4.4,Yes,Yes,77.0,62.0,Placed
5068,8.6,1,3,2,90.0,4.6,Yes,Yes,85.0,81.0,Placed
1601,8.2,1,3,0,88.0,4.8,No,Yes,77.0,88.0,Placed
9018,8.4,2,3,0,90.0,4.7,Yes,No,76.0,83.0,Placed
3423,6.6,0,1,1,81.0,3.5,No,Yes,55.0,70.0,NotPlaced
3338,7.9,1,3,1,84.0,4.1,Yes,Yes,74.0,62.0,Placed
5188,7.6,0,3,2,78.0,4.8,No,Yes,78.0,79.0,Placed
1419,8.8,2,3,0,86.0,4.5,Yes,Yes,70.0,83.0,NotPlaced
6768,8.7,2,3,2,90.0,4.8,Yes,Yes,75.0,87.0,Placed
4636,7.8,2,2,2,89.0,4.7,Yes,Yes,82.0,80.0,Placed
7527,7.8,1,3,2,90.0,4.8,Yes,Yes,58.0,78.0,Placed
1113,7.4,1,3,1,87.0,3.6,No,No,57.0,61.0,NotPlaced
4320,8.2,2,3,2,90.0,4.8,Yes,Yes,79.0,86.0,Placed
2838,7.3,1,1,0,70.0,3.9,No,No,61.0,64.0,NotPlaced
8380,8.3,2,3,1,79.0,4.4,Yes,Yes,75.0,85.0,NotPlaced
3082,8.2,1,1,0,75.0,4.5,No,No,60.0,87.0,NotPlaced
449,6.5,1,1,0,80.0,4.3,Yes,Yes,75.0,68.0,NotPlaced
4665,8.3,2,3,2,90.0,4.8,Yes,Yes,78.0,83.0,Placed
7938,8.2,2,3,2,85.0,4.8,Yes,No,84.0,76.0,NotPlaced
5086,7.7,1,0,0,65.0,3.9,Yes,No,55.0,71.0,NotPlaced
4666,7.5,1,1,1,76.0,3.9,No,Yes,77.0,67.0,NotPlaced
7500,8.2,1,2,1,79.0,4.4,Yes,Yes,83.0,65.0,Placed
8639,6.9,1,2,0,67.0,3.7,No,Yes,76.0,71.0,NotPlaced
2062,8.1,1,2,0,78.0,4.2,Yes,Yes,84.0,82.0,Placed
2453,7.6,0,1,1,75.0,3.6,No,Yes,59.0,62.0,NotPlaced
2645,7.3,1,1,1,80.0,4.7,No,No,55.0,67.0,NotPlaced
9638,7.3,0,1,0,87.0,4.8,No,No,55.0,81.0,NotPlaced
6786,8.5,0,3,0,89.0,4.7,Yes,Yes,83.0,80.0,Placed
1510,8.2,1,3,1,80.0,4.0,No,Yes,58.0,63.0,NotPlaced
1798,8.3,2,3,2,84.0,4.6,Yes,Yes,76.0,74.0,NotPlaced
1077,6.8,1,1,0,85.0,4.3,No,Yes,77.0,75.0,NotPlaced
9094,7.6,2,1,1,74.0,3.8,Yes,Yes,61.0,83.0,NotPlaced
4266,7.9,2,3,2,88.0,4.6,Yes,No,79.0,79.0,Placed
6134,8.4,2,3,2,90.0,4.8,Yes,Yes,73.0,85.0,Placed
2579,6.7,0,2,0,82.0,4.3,No,Yes,55.0,62.0,NotPlaced
9150,7.4,2,3,1,89.0,4.6,Yes,Yes,59.0,64.0,NotPlaced
1314,7.6,0,3,1,90.0,4.6,Yes,Yes,80.0,72.0,Placed
4627,8.2,0,1,2,77.0,4.3,No,No,68.0,68.0,NotPlaced
5512,7.6,1,3,0,87.0,4.4,Yes,Yes,80.0,88.0,NotPlaced
3363,8.1,1,2,0,79.0,4.1,Yes,Yes,85.0,68.0,Placed
9524,7.7,1,1,0,78.0,4.3,No,No,56.0,67.0,NotPlaced
5099,6.5,0,1,1,69.0,3.9,No,No,55.0,75.0,NotPlaced
1980,8.3,2,3,0,88.0,4.8,Yes,Yes,82.0,72.0,NotPlaced
8929,8.5,2,1,1,78.0,4.4,Yes,Yes,66.0,86.0,Placed
659,8.2,1,2,3,85.0,4.5,Yes,Yes,69.0,82.0,NotPlaced
4501,8.6,1,3,2,90.0,4.8,Yes,Yes,74.0,87.0,Placed
5080,8.4,2,3,2,90.0,4.8,Yes,Yes,80.0,85.0,Placed
7134,8.2,2,2,2,90.0,4.6,Yes,Yes,68.0,87.0,Placed
5852,8.5,1,2,0,70.0,3.9,Yes,Yes,81.0,83.0,Placed
5811,8.3,1,2,3,82.0,3.7,No,Yes,69.0,84.0,NotPlaced
9873,7.5,1,2,1,74.0,3.8,Yes,Yes,77.0,84.0,NotPlaced
8555,8.6,2,3,2,90.0,4.8,No,Yes,71.0,85.0,Placed
6311,6.8,1,1,0,60.0,4.0,No,Yes,64.0,66.0,NotPlaced
9781,6.5,0,3,1,67.0,4.1,Yes,Yes,66.0,83.0,NotPlaced
8147,7.7,1,1,2,76.0,4.0,No,Yes,59.0,62.0,Placed
1657,8.2,1,2,2,79.0,4.8,Yes,Yes,74.0,70.0,Placed
3490,6.7,1,1,0,81.0,4.1,No,No,55.0,64.0,NotPlaced
3073,8.2,1,3,2,83.0,4.3,Yes,No,83.0,63.0,NotPlaced
3067,8.1,0,1,0,70.0,3.6,Yes,Yes,65.0,63.0,NotPlaced
2542,8.4,1,2,2,72.0,4.6,Yes,Yes,70.0,67.0,NotPlaced
8933,8.4,1,1,2,84.0,4.0,Yes,Yes,68.0,83.0,NotPlaced
9178,8.3,2,3,2,90.0,4.8,Yes,Yes,82.0,85.0,Placed
3427,7.0,1,2,0,89.0,4.6,Yes,No,83.0,82.0,NotPlaced
3327,6.8,1,1,1,72.0,4.8,No,Yes,62.0,67.0,NotPlaced
9783,7.5,1,1,0,81.0,4.7,Yes,Yes,57.0,64.0,Placed
1199,8.4,0,1,0,73.0,4.4,No,No,61.0,58.0,NotPlaced
3517,7.7,0,1,0,81.0,4.3,Yes,Yes,76.0,71.0,NotPlaced
3880,7.8,1,3,2,84.0,4.6,Yes,Yes,89.0,65.0,Placed
3228,8.3,2,3,3,90.0,4.8,Yes,Yes,90.0,83.0,Placed
5563,6.7,1,2,1,82.0,4.3,Yes,Yes,77.0,80.0,Placed
5630,7.5,1,2,1,76.0,3.8,No,Yes,55.0,75.0,NotPlaced
1300,7.3,1,2,0,79.0,4.6,No,Yes,55.0,72.0,NotPlaced
7961,7.6,1,2,0,72.0,4.8,No,Yes,63.0,65.0,NotPlaced
5005,8.6,1,2,1,73.0,4.7,Yes,Yes,76.0,66.0,NotPlaced
8063,8.2,1,1,1,69.0,4.2,No,Yes,76.0,65.0,NotPlaced
9186,6.7,0,1,0,75.0,4.6,No,Yes,63.0,61.0,NotPlaced
3914,7.7,2,2,0,73.0,4.3,Yes,Yes,72.0,88.0,Placed
1228,7.5,1,3,0,82.0,4.5,Yes,Yes,74.0,80.0,Placed
7569,7.4,1,1,1,70.0,3.5,No,Yes,57.0,61.0,NotPlaced
8616,8.5,1,3,1,90.0,4.8,Yes,Yes,80.0,67.0,NotPlaced
1963,8.4,2,3,2,90.0,4.8,Yes,Yes,79.0,84.0,Placed
2740,8.1,2,3,2,82.0,4.7,Yes,Yes,83.0,86.0,Placed
9654,8.5,1,0,2,70.0,4.2,Yes,No,63.0,67.0,NotPlaced
5581,7.7,0,3,2,86.0,4.7,Yes,Yes,78.0,84.0,Placed
997,8.2,2,3,2,90.0,4.8,Yes,Yes,87.0,88.0,Placed
8295,7.6,1,1,1,80.0,3.7,No,Yes,61.0,58.0,NotPlaced
6259,7.5,0,1,0,72.0,4.0,No,Yes,55.0,87.0,NotPlaced
3653,8.2,1,1,1,74.0,3.7,No,Yes,60.0,61.0,Placed
5464,7.2,1,2,1,74.0,3.7,No,No,55.0,72.0,NotPlaced
4037,6.8,1,1,0,68.0,3.1,No,No,55.0,68.0,NotPlaced
7232,7.1,0,1,0,71.0,3.8,No,No,55.0,61.0,NotPlaced
7533,7.7,1,3,0,75.0,4.0,Yes,Yes,78.0,81.0,Placed
8750,7.5,0,2,0,68.0,4.0,No,Yes,67.0,71.0,Placed
5259,7.8,0,2,0,83.0,4.8,No,No,62.0,68.0,NotPlaced
4581,7.8,1,2,0,72.0,3.6,Yes,Yes,60.0,64.0,NotPlaced
3782,8.5,1,3,2,90.0,4.7,Yes,Yes,80.0,80.0,Placed
3088,6.6,0,2,2,77.0,4.2,No,Yes,55.0,66.0,NotPlaced
8780,8.4,0,1,0,85.0,3.7,Yes,Yes,57.0,71.0,Placed
1256,7.6,1,3,0,83.0,4.3,Yes,Yes,81.0,81.0,Placed
3736,7.9,0,1,1,77.0,4.2,No,No,55.0,63.0,NotPlaced
368,8.0,2,3,1,87.0,4.2,Yes,Yes,75.0,81.0,Placed
776,8.4,1,2,0,71.0,4.5,Yes,Yes,68.0,81.0,Placed
8534,6.5,1,1,1,66.0,3.7,No,Yes,56.0,57.0,NotPlaced
8158,8.2,2,3,2,90.0,4.6,Yes,Yes,76.0,85.0,Placed
9911,8.4,1,3,2,82.0,4.6,Yes,Yes,72.0,83.0,Placed
8201,7.6,0,1,0,77.0,3.0,No,No,55.0,69.0,NotPlaced
3369,8.5,2,3,2,88.0,4.8,Yes,Yes,82.0,87.0,Placed
9188,8.2,2,3,2,86.0,4.4,Yes,Yes,78.0,66.0,Placed
3905,8.1,1,2,0,84.0,4.4,Yes,Yes,55.0,71.0,NotPlaced
20,7.4,1,2,0,70.0,4.4,No,Yes,58.0,63.0,NotPlaced
6766,7.1,2,3,2,88.0,4.7,Yes,Yes,76.0,86.0,Placed
4568,7.0,1,2,2,82.0,3.9,No,No,62.0,64.0,NotPlaced
5430,7.6,1,2,0,86.0,4.8,No,Yes,68.0,65.0,Placed
6373,7.7,1,3,0,81.0,4.8,Yes,Yes,79.0,85.0,Placed
163,6.7,1,1,0,75.0,4.2,No,No,56.0,64.0,NotPlaced
2422,7.5,1,1,0,67.0,4.2,No,No,57.0,60.0,NotPlaced
1891,8.3,0,1,3,77.0,4.0,No,Yes,55.0,67.0,NotPlaced
3037,7.3,1,1,1,66.0,4.4,No,No,60.0,64.0,NotPlaced
2447,8.4,2,1,1,88.0,4.8,Yes,Yes,85.0,84.0,NotPlaced
9615,8.3,1,3,0,90.0,4.8,Yes,Yes,83.0,82.0,Placed
7974,6.5,2,3,2,80.0,4.2,No,Yes,75.0,72.0,NotPlaced
8736,7.2,2,2,2,87.0,4.4,Yes,Yes,72.0,70.0,Placed
3527,8.6,2,3,2,90.0,4.8,Yes,Yes,81.0,79.0,Placed
2981,7.8,2,3,3,82.0,4.3,Yes,Yes,88.0,84.0,NotPlaced
6432,8.1,1,3,2,88.0,4.8,Yes,Yes,80.0,82.0,NotPlaced
8790,7.7,2,3,0,81.0,4.7,Yes,Yes,66.0,80.0,Placed
5396,8.4,0,1,2,79.0,3.9,Yes,Yes,80.0,80.0,NotPlaced
8025,8.1,1,3,2,81.0,4.5,Yes,Yes,83.0,84.0,Placed
7794,6.5,1,1,0,66.0,4.2,No,No,78.0,62.0,NotPlaced
1870,8.7,2,3,2,90.0,4.6,Yes,Yes,75.0,86.0,Placed
7185,7.6,0,1,1,77.0,4.6,No,Yes,55.0,68.0,NotPlaced
2491,7.7,2,2,2,90.0,4.8,Yes,Yes,79.0,83.0,Placed
7609,8.2,1,2,0,81.0,4.4,No,Yes,55.0,62.0,NotPlaced
9041,8.1,2,3,0,90.0,4.7,Yes,Yes,86.0,88.0,Placed
9057,7.6,0,3,2,87.0,4.7,Yes,No,80.0,84.0,Placed
5994,8.3,1,3,2,90.0,4.8,Yes,Yes,83.0,83.0,Placed
5669,8.3,1,2,0,82.0,4.5,Yes,Yes,71.0,67.0,Placed
7940,7.6,1,2,1,72.0,4.4,No,No,74.0,73.0,NotPlaced
1557,7.4,0,2,1,76.0,4.1,No,No,60.0,69.0,NotPlaced
3044,8.3,1,2,0,78.0,4.4,Yes,Yes,57.0,81.0,NotPlaced
7459,8.9,1,2,1,84.0,4.1,Yes,Yes,68.0,62.0,NotPlaced
2760,7.5,2,1,1,82.0,4.7,No,No,76.0,68.0,NotPlaced
9324,7.6,1,2,0,79.0,4.3,No,Yes,58.0,67.0,NotPlaced
1513,8.6,0,3,1,77.0,4.8,Yes,Yes,82.0,83.0,NotPlaced
4805,7.5,1,3,0,84.0,4.2,Yes,Yes,82.0,69.0,Placed
1535,8.1,1,1,0,69.0,3.8,No,No,56.0,62.0,NotPlaced
8584,7.8,0,1,0,74.0,3.3,No,No,55.0,63.0,NotPlaced
6958,8.4,1,3,2,90.0,4.3,Yes,Yes,73.0,85.0,Placed
625,8.4,1,1,0,72.0,3.9,Yes,No,60.0,82.0,NotPlaced
4878,7.7,1,1,0,86.0,4.1,No,Yes,55.0,70.0,NotPlaced
1925,7.4,1,1,1,78.0,4.3,No,Yes,55.0,66.0,NotPlaced
640,8.5,1,1,2,83.0,4.3,Yes,Yes,89.0,86.0,Placed
6531,8.4,2,3,2,88.0,4.5,Yes,Yes,73.0,83.0,Placed
3784,7.9,0,2,1,70.0,3.9,No,No,59.0,68.0,NotPlaced
3316,7.3,1,1,1,66.0,3.8,No,Yes,59.0,70.0,NotPlaced
6719,8.3,0,3,0,87.0,4.5,Yes,Yes,83.0,70.0,Placed
6702,8.6,0,1,0,66.0,4.4,No,Yes,56.0,72.0,NotPlaced
7927,6.7,1,1,1,72.0,4.2,No,Yes,55.0,63.0,NotPlaced
8014,8.0,2,3,2,88.0,4.8,Yes,Yes,82.0,81.0,Placed
5247,7.3,0,1,0,72.0,4.0,No,No,55.0,72.0,NotPlaced
7643,8.4,2,3,2,84.0,4.7,Yes,No,85.0,85.0,NotPlaced
1211,7.9,1,2,0,89.0,4.8,No,Yes,77.0,66.0,NotPlaced
5418,7.6,1,1,0,79.0,4.8,No,Yes,69.0,71.0,NotPlaced
9025,6.8,1,1,0,73.0,3.1,No,Yes,72.0,66.0,NotPlaced
539,8.9,2,3,2,90.0,4.8,Yes,Yes,79.0,87.0,Placed
1889,7.3,0,2,0,81.0,4.2,No,Yes,56.0,71.0,NotPlaced
9399,8.0,2,3,2,90.0,4.8,Yes,Yes,83.0,86.0,Placed
3143,8.7,2,3,2,90.0,4.8,Yes,Yes,90.0,80.0,Placed
1720,7.7,1,2,0,74.0,4.7,No,Yes,55.0,74.0,Placed
4382,6.7,1,3,0,73.0,4.5,Yes,Yes,70.0,73.0,Placed
1982,7.3,1,3,0,89.0,3.8,No,No,79.0,71.0,NotPlaced
9835,7.6,2,3,3,82.0,4.5,Yes,Yes,71.0,67.0,Placed
7411,7.6,1,1,0,60.0,3.6,No,No,55.0,64.0,NotPlaced
3698,8.2,0,1,0,81.0,4.4,Yes,No,63.0,77.0,Placed
8200,7.6,1,1,1,71.0,4.2,No,No,64.0,71.0,NotPlaced
29,7.5,1,2,1,84.0,4.4,No,No,66.0,73.0,NotPlaced
5313,7.9,2,3,1,89.0,4.8,Yes,Yes,90.0,86.0,Placed
5532,6.6,0,3,0,87.0,4.6,Yes,Yes,77.0,77.0,Placed
1147,8.6,2,3,0,85.0,4.8,Yes,Yes,89.0,83.0,Placed
3881,7.5,1,1,0,78.0,4.7,Yes,Yes,73.0,87.0,NotPlaced
9058,7.5,1,2,1,71.0,4.1,No,Yes,58.0,65.0,NotPlaced
5161,8.2,1,1,0,68.0,4.0,No,Yes,83.0,64.0,NotPlaced
6910,8.5,2,3,2,90.0,4.8,Yes,Yes,76.0,82.0,Placed
5242,8.4,1,3,0,90.0,4.6,Yes,Yes,78.0,87.0,Placed
4889,6.7,0,1,0,76.0,4.0,No,Yes,55.0,70.0,NotPlaced
797,8.3,1,3,2,82.0,4.6,Yes,No,80.0,81.0,NotPlaced
2258,8.1,2,3,2,86.0,4.5,Yes,Yes,84.0,81.0,Placed
4048,8.2,2,3,2,90.0,4.8,Yes,Yes,77.0,88.0,Placed
3932,8.2,0,2,2,79.0,4.0,Yes,Yes,76.0,79.0,Placed
8831,8.0,2,3,2,82.0,4.3,Yes,Yes,77.0,84.0,Placed
5972,7.6,0,3,0,88.0,4.6,Yes,No,82.0,81.0,Placed
1120,8.4,2,2,2,87.0,4.7,Yes,Yes,56.0,85.0,NotPlaced
717,8.5,2,3,2,88.0,4.3,No,Yes,67.0,88.0,NotPlaced
3552,7.5,2,2,1,90.0,4.2,Yes,Yes,82.0,74.0,NotPlaced
3539,8.2,1,1,0,79.0,4.5,Yes,Yes,81.0,63.0,Placed
7677,7.6,0,1,2,72.0,3.7,No,No,55.0,61.0,NotPlaced
2561,8.3,2,3,2,90.0,4.8,Yes,Yes,68.0,88.0,Placed
4919,8.5,2,1,0,86.0,4.5,Yes,Yes,80.0,82.0,Placed
1639,7.6,1,2,1,69.0,3.9,No,No,55.0,63.0,NotPlaced
6475,6.8,1,1,0,90.0,4.5,No,Yes,73.0,57.0,NotPlaced
205,8.2,1,1,0,81.0,4.3,Yes,Yes,60.0,70.0,Placed
5402,8.2,1,3,0,89.0,4.8,Yes,Yes,80.0,88.0,NotPlaced
8690,8.7,1,2,2,84.0,4.8,Yes,Yes,84.0,77.0,Placed
7646,8.0,1,2,2,90.0,4.7,Yes,Yes,77.0,88.0,NotPlaced
793,6.5,1,1,0,76.0,3.9,No,Yes,57.0,76.0,NotPlaced
2846,6.5,1,3,0,64.0,4.6,No,No,71.0,64.0,NotPlaced
1828,7.5,1,1,1,69.0,4.0,No,Yes,61.0,69.0,NotPlaced
1039,7.5,1,1,1,71.0,4.0,No,Yes,55.0,60.0,NotPlaced
2326,7.4,2,3,1,79.0,4.4,No,Yes,75.0,73.0,NotPlaced
1352,8.4,2,3,2,85.0,4.5,No,Yes,86.0,81.0,Placed
2892,8.3,2,1,0,80.0,4.7,Yes,Yes,84.0,86.0,Placed
4363,7.6,1,1,0,67.0,3.8,No,No,62.0,60.0,NotPlaced
9755,7.6,0,1,0,70.0,3.5,No,Yes,64.0,70.0,NotPlaced
3072,6.5,1,3,0,83.0,4.8,Yes,No,87.0,81.0,NotPlaced
6197,6.5,0,1,0,76.0,4.0,No,No,58.0,67.0,NotPlaced
1348,8.1,0,2,0,73.0,4.5,No,Yes,55.0,67.0,NotPlaced
5455,8.4,2,3,2,87.0,4.8,Yes,No,87.0,87.0,Placed
7935,8.0,2,3,2,90.0,4.8,Yes,Yes,82.0,78.0,Placed
5263,6.5,1,1,1,64.0,4.1,No,Yes,59.0,76.0,NotPlaced
2030,7.6,1,1,0,74.0,4.1,No,Yes,55.0,64.0,NotPlaced
5938,7.3,2,3,2,90.0,4.5,Yes,Yes,79.0,84.0,Placed
7256,6.6,2,3,2,79.0,4.4,Yes,Yes,82.0,83.0,Placed
5023,8.3,1,3,2,86.0,4.8,Yes,Yes,80.0,84.0,Placed
8906,6.5,1,1,1,79.0,4.7,No,Yes,59.0,64.0,NotPlaced
9429,8.3,1,3,2,90.0,4.8,Yes,Yes,79.0,82.0,Placed
6115,7.4,1,1,0,81.0,3.9,No,Yes,62.0,69.0,NotPlaced
3878,6.6,1,1,0,66.0,3.5,No,No,66.0,72.0,NotPlaced
4664,7.0,1,1,1,63.0,3.7,Yes,Yes,55.0,73.0,NotPlaced
4833,6.5,1,3,2,73.0,4.3,Yes,Yes,55.0,68.0,Placed
7900,7.9,1,3,0,71.0,3.9,Yes,Yes,55.0,72.0,NotPlaced
7932,7.5,1,1,0,84.0,4.5,No,No,55.0,68.0,NotPlaced
9869,7.6,1,2,0,90.0,4.8,Yes,Yes,55.0,81.0,NotPlaced
7243,8.6,1,3,2,88.0,4.8,Yes,Yes,79.0,88.0,Placed
4371,6.6,0,2,0,64.0,3.8,No,Yes,55.0,70.0,NotPlaced
7720,8.8,1,2,0,76.0,4.2,Yes,No,61.0,67.0,NotPlaced
5997,7.5,1,2,0,79.0,4.2,No,Yes,55.0,71.0,NotPlaced
7619,7.4,2,3,2,79.0,4.7,Yes,No,87.0,84.0,Placed
6371,8.5,2,3,0,82.0,4.4,Yes,Yes,87.0,83.0,Placed
2322,7.4,1,2,1,62.0,4.5,Yes,Yes,60.0,66.0,NotPlaced
9865,8.5,0,3,2,90.0,4.8,Yes,Yes,74.0,86.0,Placed
1897,7.5,1,3,2,75.0,4.5,Yes,Yes,80.0,63.0,Placed
9859,7.5,1,3,2,90.0,4.8,Yes,Yes,74.0,85.0,NotPlaced
1616,8.6,2,3,3,87.0,4.8,No,Yes,73.0,85.0,Placed
4314,7.8,0,1,1,60.0,4.1,No,No,55.0,68.0,NotPlaced
4904,6.7,1,1,1,67.0,3.4,No,No,56.0,62.0,NotPlaced
7852,7.9,0,2,1,72.0,4.3,Yes,Yes,60.0,72.0,NotPlaced
9338,8.0,2,3,1,90.0,4.8,Yes,Yes,86.0,85.0,Placed
8103,8.5,2,3,1,86.0,4.5,Yes,Yes,75.0,81.0,Placed
1173,7.6,1,1,2,78.0,4.2,No,No,78.0,60.0,NotPlaced
7372,8.5,2,3,2,87.0,4.6,Yes,Yes,73.0,86.0,Placed
7482,7.6,1,1,0,73.0,4.2,No,No,56.0,66.0,NotPlaced
1328,6.5,1,1,1,67.0,3.6,No,No,58.0,67.0,NotPlaced
3329,6.5,1,2,1,88.0,4.5,Yes,Yes,72.0,87.0,Placed
3706,7.6,0,3,0,71.0,3.9,Yes,Yes,57.0,75.0,NotPlaced
6225,7.5,1,1,2,68.0,3.9,Yes,Yes,80.0,78.0,NotPlaced
1779,7.6,0,1,0,75.0,4.0,No,No,67.0,68.0,NotPlaced
3151,7.9,0,3,0,87.0,3.9,Yes,Yes,78.0,82.0,NotPlaced
3109,7.0,1,3,2,75.0,4.4,Yes,Yes,74.0,63.0,Placed
1108,6.5,0,1,0,78.0,3.9,No,No,64.0,67.0,NotPlaced
718,6.9,1,1,1,74.0,4.4,No,No,86.0,63.0,NotPlaced
4752,7.1,1,1,1,76.0,4.2,Yes,Yes,81.0,82.0,Placed
1001,7.8,0,2,0,70.0,4.3,No,No,55.0,68.0,NotPlaced
5055,6.5,0,1,0,71.0,3.7,No,Yes,71.0,65.0,NotPlaced
1214,7.4,0,1,0,75.0,3.8,No,No,79.0,62.0,NotPlaced
1196,6.9,2,1,0,78.0,4.8,No,Yes,71.0,83.0,NotPlaced
4259,7.7,0,2,0,67.0,3.9,No,No,55.0,65.0,NotPlaced
4454,7.4,1,1,0,71.0,3.9,No,Yes,55.0,59.0,NotPlaced
4520,6.7,0,3,0,77.0,4.6,No,No,55.0,64.0,NotPlaced
7580,7.1,0,1,0,90.0,4.5,Yes,No,79.0,78.0,NotPlaced
1583,7.5,2,3,0,69.0,3.9,Yes,Yes,76.0,86.0,NotPlaced
6285,6.5,1,1,0,78.0,3.6,No,Yes,78.0,72.0,NotPlaced
158,8.0,1,3,1,87.0,4.6,Yes,Yes,72.0,83.0,NotPlaced
2519,6.8,0,1,1,62.0,3.5,No,No,55.0,63.0,NotPlaced
8969,6.9,1,1,1,72.0,3.6,No,No,61.0,59.0,NotPlaced
6879,6.5,1,2,0,70.0,4.0,No,Yes,68.0,66.0,NotPlaced
6990,8.0,2,3,1,87.0,4.3,Yes,No,70.0,84.0,NotPlaced
8525,7.9,2,2,0,77.0,4.4,No,Yes,68.0,68.0,Placed
3123,7.6,1,2,0,80.0,3.8,Yes,Yes,55.0,66.0,NotPlaced
8624,7.5,1,3,2,82.0,4.8,Yes,No,81.0,88.0,Placed
1243,8.3,0,1,2,90.0,4.8,Yes,Yes,81.0,82.0,Placed
1492,7.8,1,2,0,76.0,4.4,Yes,Yes,80.0,63.0,NotPlaced
155,7.2,1,3,1,75.0,4.2,Yes,Yes,64.0,84.0,NotPlaced
9695,8.1,0,3,2,90.0,4.8,Yes,Yes,83.0,86.0,Placed
6993,7.9,1,2,1,68.0,4.0,No,Yes,71.0,68.0,NotPlaced
7376,8.3,0,1,2,81.0,4.4,Yes,Yes,76.0,81.0,Placed
9175,8.1,0,1,2,77.0,4.6,Yes,Yes,76.0,88.0,Placed
4596,7.5,1,1,0,72.0,4.3,No,Yes,71.0,69.0,NotPlaced
8059,8.4,2,3,2,90.0,4.8,Yes,Yes,79.0,84.0,Placed
4609,6.7,0,1,0,78.0,3.8,No,Yes,61.0,62.0,NotPlaced
6835,7.0,1,2,0,74.0,4.2,No,Yes,55.0,69.0,Placed
383,7.3,0,1,1,80.0,3.6,No,Yes,62.0,65.0,NotPlaced
1945,6.5,0,1,1,81.0,4.0,No,Yes,55.0,67.0,NotPlaced
1919,7.4,2,1,3,66.0,3.9,No,No,61.0,57.0,NotPlaced
5062,6.9,1,2,0,66.0,4.4,Yes,Yes,57.0,84.0,Placed
763,7.7,1,1,0,70.0,3.9,No,Yes,55.0,67.0,NotPlaced
1125,8.5,0,3,3,87.0,4.7,Yes,Yes,73.0,85.0,NotPlaced
431,7.9,2,3,2,86.0,4.7,Yes,Yes,69.0,82.0,Placed
2871,6.5,1,1,0,78.0,4.5,Yes,Yes,55.0,77.0,NotPlaced
2206,6.5,0,1,0,62.0,4.0,No,Yes,58.0,66.0,NotPlaced
715,8.7,1,3,2,90.0,4.8,Yes,Yes,70.0,88.0,Placed
5789,8.0,2,3,2,79.0,4.8,No,No,74.0,79.0,Placed
4242,7.6,1,3,1,82.0,4.5,Yes,Yes,84.0,80.0,Placed
3314,6.5,1,2,1,70.0,3.9,No,No,56.0,68.0,NotPlaced
3948,8.0,2,3,2,90.0,4.3,Yes,Yes,75.0,82.0,Placed
646,7.4,1,2,1,79.0,4.7,Yes,Yes,59.0,67.0,NotPlaced
4246,7.9,1,1,1,84.0,4.5,Yes,Yes,71.0,85.0,Placed
6623,8.6,1,2,0,85.0,4.2,No,Yes,71.0,67.0,Placed
124,7.3,1,1,0,64.0,3.2,No,Yes,58.0,67.0,NotPlaced
563,7.4,1,3,2,88.0,4.8,Yes,Yes,82.0,85.0,Placed
2050,7.5,0,2,1,78.0,3.8,No,Yes,82.0,68.0,NotPlaced
8844,7.4,1,2,2,82.0,4.3,Yes,Yes,77.0,72.0,NotPlaced
6309,6.6,2,2,0,80.0,4.8,Yes,Yes,57.0,84.0,NotPlaced
4400,6.8,1,2,0,81.0,4.2,Yes,Yes,72.0,84.0,NotPlaced
5117,8.6,0,3,2,90.0,4.8,Yes,Yes,75.0,86.0,Placed
722,7.6,1,2,0,86.0,4.0,Yes,Yes,62.0,70.0,NotPlaced
2986,6.8,1,1,1,84.0,4.2,No,No,55.0,69.0,NotPlaced
4140,8.1,2,2,2,79.0,4.4,Yes,Yes,75.0,82.0,NotPlaced
8154,7.5,1,1,1,66.0,4.3,No,No,57.0,63.0,NotPlaced
9469,8.4,2,3,2,87.0,4.7,Yes,Yes,78.0,82.0,Placed
4638,7.4,1,1,0,63.0,3.8,No,Yes,62.0,70.0,NotPlaced
6548,7.7,0,1,0,82.0,4.7,Yes,Yes,62.0,68.0,NotPlaced
3586,7.7,1,2,0,77.0,4.3,No,Yes,55.0,68.0,NotPlaced
5164,7.9,1,2,0,82.0,4.7,Yes,Yes,79.0,80.0,NotPlaced
1230,6.7,1,2,0,71.0,3.8,Yes,Yes,73.0,74.0,NotPlaced
4994,8.1,2,2,0,83.0,4.4,No,No,74.0,82.0,NotPlaced
4352,8.3,1,3,0,82.0,4.1,No,Yes,76.0,70.0,NotPlaced
7867,6.8,1,1,0,71.0,4.4,No,No,60.0,68.0,NotPlaced
3154,7.4,1,1,0,77.0,4.5,No,Yes,69.0,73.0,NotPlaced
6300,8.1,2,2,0,72.0,4.2,No,Yes,55.0,68.0,Placed
5658,7.3,1,1,0,78.0,3.1,No,No,63.0,62.0,NotPlaced
1915,7.5,0,3,1,76.0,4.4,Yes,Yes,81.0,83.0,Placed
1543,6.7,1,1,0,74.0,4.1,No,Yes,55.0,68.0,NotPlaced
5500,7.1,2,1,3,71.0,4.8,Yes,No,72.0,71.0,NotPlaced
2,8.9,0,3,2,90.0,4.0,Yes,Yes,78.0,82.0,Placed
4634,7.9,1,3,1,77.0,4.3,Yes,Yes,84.0,85.0,Placed
7018,7.3,1,1,0,73.0,3.8,No,No,64.0,59.0,NotPlaced
5374,8.0,2,3,0,84.0,4.6,Yes,Yes,76.0,83.0,Placed
2736,8.1,2,3,2,90.0,4.7,Yes,Yes,76.0,88.0,Placed
1652,7.4,0,3,0,83.0,3.5,No,Yes,68.0,84.0,Placed
4024,7.1,1,2,0,76.0,4.1,No,Yes,73.0,85.0,NotPlaced
6902,8.0,1,1,0,79.0,3.8,No,No,55.0,66.0,NotPlaced
7045,8.6,1,3,2,86.0,4.7,Yes,Yes,82.0,85.0,Placed
5627,7.7,1,1,0,72.0,4.4,No,No,72.0,69.0,NotPlaced
9294,7.4,0,1,0,77.0,4.4,No,No,61.0,65.0,NotPlaced
3279,8.3,2,2,0,76.0,3.9,No,No,83.0,80.0,NotPlaced
4825,6.5,1,2,2,88.0,4.7,Yes,Yes,77.0,69.0,Placed
5122,8.3,2,2,2,90.0,4.8,Yes,Yes,71.0,83.0,Placed
8730,9.0,2,3,2,90.0,4.8,Yes,Yes,83.0,88.0,Placed
8350,7.9,0,1,0,79.0,4.4,Yes,No,55.0,85.0,NotPlaced
2201,8.1,1,1,0,90.0,4.7,No,Yes,70.0,82.0,NotPlaced
5255,7.4,0,1,0,61.0,3.7,No,Yes,57.0,63.0,NotPlaced
9520,8.7,1,1,1,80.0,4.1,Yes,Yes,69.0,79.0,Placed
1532,7.6,1,2,2,81.0,3.8,Yes,No,84.0,86.0,Placed
3938,8.4,2,3,2,87.0,4.8,Yes,Yes,83.0,88.0,Placed
3733,8.3,1,3,2,90.0,4.8,Yes,Yes,71.0,84.0,Placed
1615,7.5,1,1,0,78.0,4.1,No,No,55.0,67.0,NotPlaced
4201,8.1,2,3,0,90.0,4.7,Yes,Yes,79.0,82.0,Placed
4958,7.9,1,3,1,76.0,4.3,No,No,62.0,65.0,NotPlaced
857,6.5,1,2,0,79.0,4.6,Yes,No,71.0,75.0,Placed
4959,8.1,2,1,1,75.0,4.7,Yes,Yes,60.0,70.0,NotPlaced
6777,8.4,1,1,1,70.0,3.8,Yes,Yes,55.0,67.0,NotPlaced
115,6.7,2,1,2,76.0,4.8,Yes,No,55.0,78.0,NotPlaced
5816,8.5,2,3,2,90.0,4.7,Yes,Yes,73.0,85.0,Placed
9205,8.0,2,2,2,87.0,4.8,Yes,Yes,78.0,73.0,Placed
3445,8.2,2,3,2,75.0,4.2,Yes,Yes,75.0,81.0,Placed
8077,8.2,2,3,2,88.0,4.5,Yes,Yes,77.0,83.0,Placed
9118,8.0,1,2,1,80.0,4.3,Yes,Yes,74.0,88.0,NotPlaced
5398,7.5,1,1,1,69.0,3.6,No,Yes,55.0,71.0,NotPlaced
2880,8.1,1,1,1,79.0,3.4,No,Yes,78.0,66.0,NotPlaced
2997,6.7,1,2,1,85.0,4.4,No,Yes,55.0,71.0,NotPlaced
8489,7.8,1,1,0,73.0,4.6,No,Yes,64.0,69.0,NotPlaced
9778,8.6,1,3,2,85.0,4.8,Yes,Yes,77.0,72.0,Placed
986,7.9,2,1,2,89.0,4.8,Yes,No,78.0,77.0,NotPlaced
4459,8.7,2,2,2,90.0,4.7,Yes,Yes,76.0,85.0,Placed
5317,8.6,2,1,2,69.0,3.8,Yes,Yes,74.0,81.0,Placed
6586,8.4,1,3,0,63.0,4.3,Yes,Yes,55.0,68.0,NotPlaced
9732,6.5,0,2,1,66.0,4.5,Yes,No,63.0,63.0,NotPlaced
5825,7.1,0,3,2,74.0,4.5,Yes,Yes,59.0,79.0,NotPlaced
2965,7.8,1,3,1,90.0,4.4,Yes,Yes,85.0,82.0,Placed
7744,8.4,1,2,0,82.0,4.5,Yes,Yes,76.0,85.0,NotPlaced
7592,7.7,1,1,0,75.0,4.0,No,Yes,61.0,71.0,Placed
1444,6.6,1,1,1,68.0,4.0,No,No,69.0,62.0,NotPlaced
7405,6.5,1,1,2,68.0,4.2,No,No,68.0,64.0,NotPlaced
4777,8.1,1,3,2,90.0,4.7,No,Yes,72.0,88.0,Placed
6592,8.3,1,2,2,85.0,4.6,Yes,Yes,75.0,88.0,Placed
9132,7.6,2,3,0,76.0,4.8,Yes,Yes,71.0,85.0,NotPlaced
3446,8.3,2,3,2,89.0,4.7,Yes,Yes,84.0,82.0,Placed
6150,8.6,1,1,1,83.0,4.8,Yes,Yes,75.0,80.0,NotPlaced
2192,7.6,2,3,2,81.0,4.0,Yes,Yes,67.0,69.0,Placed
3812,7.7,0,1,0,77.0,4.6,No,No,79.0,61.0,NotPlaced
4152,7.6,1,1,2,87.0,4.1,Yes,Yes,79.0,67.0,Placed
2613,8.5,2,3,2,90.0,4.8,Yes,Yes,79.0,80.0,Placed
8451,7.5,1,1,0,74.0,4.7,No,No,55.0,64.0,NotPlaced
303,7.4,1,1,1,64.0,4.0,No,No,55.0,62.0,NotPlaced
3244,7.5,0,1,1,67.0,3.6,Yes,No,55.0,60.0,NotPlaced
4814,7.6,0,1,1,79.0,3.5,Yes,Yes,67.0,63.0,Placed
4858,7.6,1,1,1,63.0,4.5,No,No,70.0,63.0,NotPlaced
3084,8.7,1,3,1,71.0,4.8,Yes,Yes,76.0,81.0,Placed
5408,6.8,0,1,0,71.0,3.3,No,No,57.0,59.0,Placed
6628,8.2,2,3,2,90.0,4.8,Yes,Yes,74.0,85.0,NotPlaced
971,8.8,2,3,2,90.0,4.8,Yes,Yes,80.0,80.0,Placed
2357,7.5,1,1,0,66.0,4.1,No,No,63.0,60.0,NotPlaced
606,6.5,0,3,2,85.0,4.7,Yes,No,65.0,81.0,Placed
48,7.0,1,1,0,62.0,4.3,No,Yes,59.0,67.0,NotPlaced
5568,7.5,1,3,0,83.0,4.1,Yes,Yes,78.0,81.0,Placed
3337,6.5,1,2,1,80.0,4.2,No,No,55.0,65.0,NotPlaced
6233,8.6,1,2,2,90.0,4.8,Yes,Yes,80.0,87.0,Placed
5241,8.6,1,1,3,71.0,3.9,Yes,No,62.0,66.0,Placed
4078,7.8,1,1,1,77.0,4.0,No,Yes,62.0,63.0,NotPlaced
5410,8.1,1,3,2,90.0,4.7,Yes,Yes,85.0,83.0,Placed
9577,7.3,1,2,0,84.0,3.9,Yes,Yes,90.0,88.0,Placed
5554,8.3,0,2,0,78.0,4.5,No,Yes,78.0,66.0,Placed
6523,6.5,2,3,2,66.0,4.7,Yes,No,67.0,65.0,NotPlaced
9316,6.9,0,2,1,69.0,4.0,No,Yes,62.0,61.0,NotPlaced
8628,8.5,2,3,2,90.0,4.8,Yes,Yes,81.0,88.0,Placed
1345,8.2,2,3,2,90.0,4.8,Yes,Yes,82.0,88.0,Placed
5333,8.4,2,3,2,90.0,4.8,Yes,Yes,76.0,86.0,Placed
4099,6.6,0,1,0,68.0,3.8,No,No,65.0,65.0,NotPlaced
5830,7.8,0,3,3,85.0,4.8,Yes,Yes,80.0,81.0,Placed
5264,6.6,1,2,0,77.0,4.1,No,Yes,72.0,69.0,NotPlaced
4085,8.4,2,2,0,74.0,4.4,Yes,No,79.0,85.0,NotPlaced
3721,8.0,1,3,2,80.0,4.8,Yes,Yes,73.0,87.0,Placed
3353,6.5,1,1,1,83.0,3.8,Yes,No,72.0,72.0,Placed
948,8.4,2,3,2,90.0,4.8,No,Yes,70.0,85.0,Placed
1739,6.9,1,3,1,78.0,4.5,Yes,Yes,59.0,70.0,Placed
4453,7.7,1,2,0,80.0,4.1,Yes,Yes,73.0,62.0,NotPlaced
7905,8.1,2,3,2,83.0,4.3,Yes,Yes,83.0,79.0,Placed
343,8.6,2,3,2,90.0,4.8,Yes,Yes,77.0,86.0,Placed
4671,8.1,1,3,2,90.0,4.3,Yes,Yes,73.0,86.0,Placed
4073,7.5,1,2,0,78.0,3.7,No,No,70.0,67.0,NotPlaced
922,7.7,2,1,1,90.0,4.5,Yes,Yes,56.0,73.0,Placed
1552,7.7,1,2,2,81.0,4.0,No,Yes,57.0,67.0,Placed
535,7.5,1,2,0,77.0,4.3,No,No,55.0,74.0,NotPlaced
9407,7.0,0,1,0,85.0,4.4,No,Yes,66.0,61.0,NotPlaced
6703,7.8,2,3,2,90.0,4.8,Yes,Yes,76.0,88.0,Placed
2801,8.8,1,3,2,90.0,4.8,Yes,Yes,81.0,88.0,Placed
2059,8.7,2,3,2,90.0,4.8,Yes,Yes,80.0,86.0,Placed
3937,8.6,2,3,2,90.0,4.8,Yes,Yes,89.0,86.0,Placed
6364,8.4,0,3,0,90.0,4.3,Yes,No,59.0,66.0,Placed
6693,7.4,1,2,2,78.0,4.4,Yes,Yes,82.0,68.0,NotPlaced
5805,7.6,1,3,1,65.0,3.7,No,No,56.0,59.0,NotPlaced
1644,8.4,2,3,0,84.0,4.8,Yes,Yes,71.0,81.0,NotPlaced
7434,7.3,1,1,0,69.0,3.7,No,Yes,56.0,70.0,NotPlaced
6239,8.5,2,3,2,83.0,4.8,Yes,Yes,76.0,83.0,Placed
4879,7.6,1,2,0,84.0,3.6,No,Yes,75.0,60.0,Placed
822,8.1,1,3,1,88.0,4.4,No,Yes,77.0,87.0,Placed
2157,7.4,1,2,2,74.0,4.4,Yes,Yes,84.0,72.0,NotPlaced
7969,7.7,1,1,1,75.0,4.0,No,Yes,60.0,67.0,NotPlaced
4265,7.0,0,2,1,64.0,4.7,No,Yes,55.0,62.0,NotPlaced
7073,7.4,1,2,1,77.0,4.3,No,Yes,55.0,64.0,NotPlaced
645,8.5,2,3,2,88.0,4.6,Yes,Yes,85.0,84.0,Placed
4046,8.0,1,3,2,83.0,4.7,Yes,Yes,55.0,73.0,Placed
7686,6.7,1,2,1,81.0,4.5,Yes,Yes,71.0,83.0,Placed
7774,8.3,1,2,0,75.0,3.8,No,Yes,55.0,67.0,NotPlaced
5030,6.5,0,1,1,87.0,4.8,No,No,55.0,72.0,NotPlaced
249,6.5,1,1,0,70.0,4.7,No,Yes,79.0,64.0,NotPlaced
4451,7.6,2,3,1,74.0,4.2,Yes,Yes,81.0,63.0,NotPlaced
898,6.5,1,1,0,68.0,4.1,No,Yes,55.0,64.0,NotPlaced
3265,8.1,1,3,2,78.0,4.8,Yes,Yes,78.0,84.0,NotPlaced
1431,7.8,1,1,1,83.0,3.7,Yes,No,74.0,62.0,NotPlaced
5475,7.5,1,3,0,90.0,4.3,Yes,Yes,78.0,83.0,Placed
7007,7.7,0,2,1,71.0,4.4,No,Yes,55.0,70.0,NotPlaced
5091,7.4,1,1,0,64.0,4.2,Yes,Yes,61.0,70.0,NotPlaced
8318,6.7,0,1,0,74.0,4.0,No,No,60.0,63.0,NotPlaced
6863,6.6,2,3,2,85.0,4.8,Yes,Yes,79.0,85.0,Placed
3820,7.5,1,2,2,79.0,4.2,Yes,Yes,75.0,62.0,Placed
473,8.4,2,1,2,81.0,4.7,Yes,Yes,77.0,82.0,NotPlaced
9494,8.5,2,3,2,90.0,4.6,Yes,Yes,81.0,76.0,Placed
3425,8.3,0,3,2,78.0,4.1,Yes,Yes,65.0,65.0,Placed
6485,7.6,1,1,1,70.0,3.8,No,Yes,55.0,69.0,Placed
7213,7.9,0,3,2,82.0,4.4,Yes,Yes,74.0,83.0,Placed
9045,7.9,2,3,2,79.0,4.3,Yes,No,68.0,82.0,Placed
91,7.6,1,1,0,80.0,4.5,Yes,Yes,66.0,67.0,NotPlaced
76,6.5,1,1,0,63.0,4.5,No,Yes,57.0,68.0,NotPlaced
7192,7.4,0,1,0,73.0,4.1,No,No,63.0,72.0,NotPlaced
9246,8.0,2,3,2,90.0,4.8,Yes,Yes,69.0,86.0,Placed
7895,8.9,2,3,2,88.0,4.8,Yes,Yes,73.0,83.0,NotPlaced
9081,6.9,1,1,0,78.0,3.9,Yes,Yes,73.0,62.0,NotPlaced
224,7.9,2,3,2,90.0,4.8,Yes,No,81.0,78.0,NotPlaced
6633,6.6,1,2,0,79.0,3.6,No,No,55.0,67.0,NotPlaced
3360,8.5,1,3,1,82.0,4.7,Yes,Yes,76.0,88.0,Placed
6308,8.9,1,3,2,90.0,4.3,Yes,Yes,66.0,83.0,Placed
6856,8.3,2,3,1,83.0,4.5,Yes,Yes,80.0,84.0,Placed
4373,8.4,1,3,2,89.0,4.2,No,No,56.0,63.0,NotPlaced
3713,7.7,1,1,0,60.0,3.7,No,Yes,66.0,63.0,NotPlaced
4897,6.7,1,1,1,67.0,4.2,No,No,72.0,73.0,NotPlaced
2789,6.8,0,1,0,84.0,4.1,Yes,Yes,62.0,86.0,Placed
9700,8.2,1,3,2,85.0,4.4,Yes,Yes,81.0,84.0,Placed
9667,7.4,2,1,0,61.0,3.9,No,No,63.0,68.0,NotPlaced
1666,8.6,1,2,0,87.0,4.8,Yes,Yes,74.0,76.0,Placed
5721,8.8,2,3,2,90.0,4.8,Yes,Yes,73.0,80.0,Placed
8778,7.6,0,3,2,82.0,4.5,No,No,78.0,64.0,Placed
5288,7.9,0,3,0,90.0,4.4,Yes,No,75.0,86.0,Placed
6039,8.1,0,3,2,79.0,4.3,Yes,Yes,72.0,83.0,Placed
3964,6.7,0,1,0,74.0,4.2,Yes,Yes,55.0,68.0,NotPlaced
6226,7.4,1,2,1,75.0,4.6,No,Yes,55.0,66.0,NotPlaced
7519,8.4,0,1,1,78.0,3.8,Yes,No,64.0,68.0,NotPlaced
3362,7.4,1,1,0,85.0,3.7,No,No,57.0,67.0,NotPlaced
609,6.8,1,1,0,74.0,3.8,No,Yes,62.0,67.0,NotPlaced
2089,6.8,1,1,1,78.0,4.0,No,No,65.0,58.0,NotPlaced
2007,7.3,1,1,0,69.0,3.9,Yes,Yes,58.0,60.0,NotPlaced
4951,8.1,0,2,2,75.0,4.3,Yes,Yes,84.0,88.0,Placed
1308,7.0,1,1,2,70.0,4.8,Yes,Yes,70.0,88.0,NotPlaced
2749,8.1,2,3,2,85.0,4.6,Yes,Yes,82.0,85.0,Placed
1019,8.4,0,3,0,84.0,4.8,Yes,Yes,77.0,84.0,Placed
2682,6.5,1,1,1,79.0,3.8,No,Yes,60.0,69.0,NotPlaced
1856,7.4,1,2,0,70.0,4.5,Yes,Yes,70.0,64.0,Placed
2580,6.5,0,1,1,73.0,3.8,No,Yes,55.0,71.0,NotPlaced
1129,6.7,0,1,0,60.0,3.9,No,Yes,55.0,58.0,NotPlaced
1460,8.7,2,3,2,90.0,4.8,Yes,Yes,88.0,87.0,Placed
828,7.1,0,2,0,80.0,3.8,No,Yes,57.0,70.0,NotPlaced
6803,7.9,1,2,2,89.0,4.8,Yes,Yes,82.0,83.0,Placed
7088,8.3,2,3,2,90.0,4.8,Yes,Yes,77.0,86.0,Placed
3298,6.5,0,2,0,69.0,3.6,No,Yes,55.0,75.0,NotPlaced
7963,8.3,0,1,0,87.0,4.5,No,Yes,74.0,69.0,Placed
5543,8.7,1,2,0,74.0,4.8,No,No,74.0,83.0,NotPlaced
1697,7.6,1,2,2,79.0,4.3,Yes,Yes,70.0,82.0,Placed
7863,7.5,1,2,1,82.0,4.0,No,No,63.0,63.0,NotPlaced
1266,8.6,1,3,1,90.0,4.8,Yes,Yes,72.0,83.0,NotPlaced
299,8.1,0,3,2,90.0,4.8,Yes,Yes,69.0,84.0,NotPlaced
2655,8.5,1,3,3,88.0,4.4,Yes,Yes,75.0,83.0,Placed
7985,8.3,1,3,2,82.0,4.8,Yes,Yes,77.0,88.0,Placed
5260,8.3,0,2,1,80.0,3.9,Yes,Yes,57.0,69.0,NotPlaced
9355,8.8,2,2,2,90.0,4.7,Yes,No,71.0,79.0,Placed
6004,8.3,1,2,1,76.0,4.2,Yes,Yes,78.0,80.0,NotPlaced
5365,8.4,2,3,2,84.0,4.2,Yes,Yes,81.0,84.0,Placed
1151,6.8,2,3,3,87.0,4.0,Yes,Yes,78.0,82.0,NotPlaced
3432,8.2,0,3,2,79.0,3.9,No,Yes,81.0,65.0,NotPlaced
3296,8.7,1,3,1,88.0,4.6,Yes,Yes,76.0,80.0,Placed
292,6.5,2,3,1,82.0,4.6,Yes,No,83.0,63.0,NotPlaced
7826,7.8,1,1,1,67.0,3.5,No,No,60.0,70.0,NotPlaced
1064,6.5,1,1,0,80.0,3.8,No,No,61.0,65.0,Placed
3675,7.3,1,1,0,79.0,4.0,No,Yes,67.0,81.0,NotPlaced
4420,6.5,1,2,0,79.0,4.5,No,Yes,55.0,67.0,NotPlaced
3798,8.3,1,3,1,84.0,4.6,Yes,Yes,65.0,63.0,Placed
1056,7.7,0,2,0,73.0,4.2,Yes,Yes,82.0,87.0,Placed
1324,8.2,0,3,3,90.0,4.6,Yes,Yes,75.0,84.0,Placed
1247,8.4,2,2,2,79.0,4.7,Yes,Yes,76.0,80.0,Placed
5787,8.1,1,3,2,75.0,3.9,Yes,Yes,74.0,83.0,NotPlaced
4533,8.7,2,3,2,90.0,4.8,Yes,Yes,83.0,85.0,Placed
6472,8.1,0,2,1,79.0,4.3,No,Yes,58.0,78.0,NotPlaced
9556,7.5,2,3,0,90.0,4.7,Yes,No,88.0,86.0,Placed
4832,7.7,1,1,0,76.0,4.1,No,Yes,55.0,64.0,NotPlaced
440,6.5,0,1,0,67.0,4.3,Yes,No,81.0,63.0,Placed
8483,8.2,2,3,2,90.0,4.5,Yes,Yes,86.0,81.0,Placed
7726,8.1,1,3,2,81.0,4.5,No,Yes,70.0,85.0,NotPlaced
3582,7.4,1,1,1,81.0,3.5,No,Yes,55.0,64.0,NotPlaced
4273,7.6,1,1,3,65.0,4.0,Yes,Yes,55.0,69.0,NotPlaced
2027,7.3,1,1,0,70.0,3.7,Yes,Yes,61.0,67.0,NotPlaced
2954,6.7,2,1,1,77.0,4.5,Yes,Yes,64.0,62.0,NotPlaced
1610,7.6,1,1,1,68.0,4.1,No,No,55.0,71.0,NotPlaced
182,8.2,1,3,0,82.0,4.8,Yes,Yes,70.0,73.0,Placed
9005,6.8,1,1,1,75.0,4.3,No,Yes,55.0,67.0,NotPlaced
9525,7.3,1,1,1,85.0,4.8,No,Yes,55.0,66.0,Placed
4129,7.7,1,2,3,78.0,4.2,Yes,Yes,71.0,84.0,NotPlaced
9566,8.0,1,3,2,90.0,4.4,Yes,Yes,87.0,81.0,Placed
6030,7.4,1,2,0,69.0,3.6,No,Yes,55.0,63.0,NotPlaced
5819,7.4,1,2,0,68.0,3.8,No,Yes,57.0,65.0,NotPlaced
5749,7.6,1,1,1,77.0,4.0,No,Yes,55.0,65.0,NotPlaced
1429,7.4,1,2,1,72.0,4.4,No,Yes,55.0,70.0,NotPlaced
4987,6.5,1,1,1,84.0,4.4,Yes,Yes,72.0,87.0,Placed
5140,7.5,1,1,0,72.0,4.1,No,No,55.0,72.0,NotPlaced
720,8.3,2,2,0,90.0,4.6,Yes,Yes,81.0,81.0,Placed
3906,7.6,0,2,0,87.0,3.8,No,Yes,60.0,66.0,NotPlaced
2486,8.0,1,2,0,72.0,4.8,Yes,No,87.0,67.0,NotPlaced
7700,7.5,1,2,1,85.0,4.8,No,Yes,61.0,84.0,NotPlaced
3092,8.1,1,2,0,90.0,4.6,Yes,Yes,84.0,86.0,Placed
1180,8.1,1,3,2,90.0,4.8,Yes,Yes,81.0,83.0,Placed
2177,7.8,1,2,2,68.0,4.4,No,No,55.0,68.0,NotPlaced
2780,8.1,2,3,2,82.0,4.2,Yes,Yes,72.0,82.0,NotPlaced
7513,6.9,1,2,1,74.0,4.0,Yes,Yes,59.0,66.0,NotPlaced
784,8.4,2,3,1,89.0,4.6,Yes,Yes,74.0,70.0,NotPlaced
3087,7.7,1,1,0,81.0,4.3,No,No,60.0,70.0,Placed
7323,8.4,1,1,1,70.0,4.2,No,No,62.0,68.0,NotPlaced
7767,6.5,1,3,2,85.0,4.8,Yes,Yes,55.0,70.0,NotPlaced
5220,7.4,2,2,0,84.0,4.3,No,Yes,79.0,82.0,NotPlaced
2943,7.7,1,1,0,67.0,3.6,No,No,57.0,64.0,NotPlaced
825,8.2,2,3,2,87.0,4.8,Yes,Yes,75.0,72.0,Placed
7589,6.8,1,2,1,75.0,4.0,No,Yes,62.0,76.0,NotPlaced
2023,8.1,2,1,0,82.0,4.4,No,No,55.0,73.0,NotPlaced
5010,7.7,2,1,2,79.0,4.6,Yes,Yes,57.0,80.0,Placed
7054,7.9,1,1,2,74.0,3.5,No,No,88.0,72.0,NotPlaced
931,7.5,2,3,1,86.0,4.4,Yes,Yes,71.0,80.0,Placed
7845,8.6,2,2,1,77.0,4.5,Yes,Yes,87.0,82.0,NotPlaced
7146,8.5,1,3,2,90.0,4.3,Yes,Yes,76.0,84.0,Placed
5961,6.5,1,1,0,69.0,4.5,No,No,55.0,70.0,NotPlaced
1238,8.8,1,3,2,74.0,4.3,Yes,Yes,71.0,79.0,Placed
9834,8.3,2,1,1,84.0,3.5,Yes,Yes,55.0,73.0,NotPlaced
2647,6.8,1,1,1,65.0,4.5,No,Yes,55.0,62.0,NotPlaced
4182,7.9,2,3,2,90.0,4.8,Yes,Yes,82.0,88.0,Placed
7508,7.9,1,2,0,64.0,3.7,Yes,No,62.0,64.0,NotPlaced
6888,7.7,1,1,1,69.0,4.5,No,Yes,55.0,60.0,NotPlaced
8772,6.8,1,2,0,80.0,4.5,Yes,Yes,56.0,67.0,Placed
2887,8.3,1,2,2,90.0,4.8,Yes,Yes,70.0,88.0,Placed
1683,7.6,1,1,0,73.0,3.7,No,Yes,55.0,64.0,NotPlaced
8453,8.2,2,3,2,90.0,4.8,Yes,No,76.0,88.0,Placed
9787,7.4,1,1,1,65.0,3.6,No,No,55.0,61.0,NotPlaced
2581,8.0,0,1,1,67.0,4.1,Yes,Yes,62.0,61.0,Placed
751,8.1,1,2,3,86.0,4.5,Yes,Yes,88.0,70.0,Placed
1792,7.5,1,1,1,76.0,4.5,Yes,No,59.0,59.0,NotPlaced
451,8.0,1,3,0,77.0,4.1,No,No,82.0,84.0,Placed
5352,8.3,1,3,2,81.0,4.7,Yes,Yes,76.0,86.0,NotPlaced
9013,6.8,1,1,0,77.0,4.2,Yes,Yes,64.0,64.0,NotPlaced
9751,7.5,1,1,0,69.0,3.9,No,Yes,55.0,72.0,NotPlaced
8251,7.5,1,1,1,79.0,3.9,No,No,55.0,73.0,NotPlaced
7066,6.9,1,1,1,60.0,3.3,No,No,58.0,62.0,NotPlaced
3090,7.1,1,1,1,72.0,3.9,No,No,57.0,57.0,NotPlaced
7475,8.5,1,3,2,86.0,4.7,Yes,Yes,73.0,83.0,Placed
1837,7.9,1,1,0,76.0,4.2,Yes,Yes,70.0,60.0,NotPlaced
775,6.6,1,1,0,72.0,3.9,No,Yes,60.0,69.0,NotPlaced
5145,8.8,1,3,2,90.0,4.8,Yes,Yes,77.0,83.0,Placed
7780,8.1,1,3,2,78.0,3.7,Yes,Yes,73.0,83.0,Placed
755,6.8,1,1,0,67.0,4.3,Yes,No,84.0,61.0,NotPlaced
9206,7.6,1,1,1,73.0,4.5,No,No,55.0,61.0,NotPlaced
624,7.6,0,1,1,70.0,4.0,No,No,69.0,69.0,NotPlaced
1711,8.3,0,3,2,89.0,4.4,Yes,Yes,75.0,82.0,NotPlaced
2546,8.3,1,3,1,72.0,4.3,Yes,Yes,55.0,67.0,NotPlaced
3826,6.6,0,2,0,64.0,4.6,Yes,No,59.0,63.0,NotPlaced
702,8.4,2,1,1,87.0,4.8,No,Yes,75.0,78.0,NotPlaced
7825,6.9,0,1,2,72.0,4.8,Yes,Yes,58.0,85.0,Placed
3652,8.4,2,3,2,90.0,4.7,Yes,Yes,73.0,88.0,Placed
2831,7.1,2,3,2,88.0,4.5,Yes,Yes,75.0,70.0,Placed
9997,7.4,0,1,0,90.0,4.8,No,No,84.0,67.0,Placed
4456,8.0,2,2,2,86.0,4.5,Yes,Yes,76.0,85.0,Placed
269,8.5,1,3,0,82.0,4.4,Yes,Yes,68.0,88.0,Placed
2482,8.6,1,3,2,90.0,4.8,Yes,Yes,80.0,80.0,Placed
890,7.6,1,3,1,83.0,4.8,No,No,82.0,68.0,Placed
421,7.3,1,1,1,75.0,3.6,No,Yes,55.0,66.0,NotPlaced
2879,7.6,0,1,0,88.0,4.3,No,Yes,56.0,62.0,NotPlaced
1126,7.8,2,3,2,90.0,4.3,Yes,Yes,80.0,85.0,Placed
4075,7.5,1,2,1,76.0,3.7,Yes,Yes,59.0,70.0,NotPlaced
466,6.7,1,1,1,66.0,3.6,No,No,55.0,67.0,NotPlaced
4269,8.5,1,3,2,90.0,4.8,Yes,Yes,79.0,87.0,Placed
8087,8.5,2,3,2,90.0,4.8,Yes,Yes,85.0,86.0,Placed
6674,7.7,1,1,0,66.0,3.6,No,Yes,55.0,63.0,NotPlaced
8463,8.2,1,3,0,88.0,4.2,Yes,Yes,66.0,88.0,Placed
7493,7.7,1,3,0,74.0,4.3,Yes,Yes,75.0,86.0,NotPlaced
6141,6.9,0,2,0,69.0,3.4,No,No,66.0,72.0,NotPlaced
55,6.5,0,2,1,72.0,4.5,No,No,57.0,69.0,NotPlaced
193,7.5,1,2,0,77.0,4.2,Yes,Yes,58.0,63.0,NotPlaced
3199,8.1,2,3,2,85.0,4.5,No,Yes,55.0,75.0,Placed
7091,8.0,0,3,2,81.0,4.5,Yes,Yes,85.0,88.0,Placed
7032,7.8,1,1,1,90.0,3.9,No,Yes,81.0,67.0,Placed
3549,8.2,0,3,2,81.0,4.3,Yes,No,88.0,84.0,NotPlaced
1788,8.2,1,3,2,85.0,4.6,Yes,Yes,86.0,78.0,Placed
9378,8.6,1,3,2,89.0,4.7,Yes,Yes,72.0,85.0,Placed
6251,7.5,0,1,1,71.0,4.5,No,Yes,55.0,67.0,NotPlaced
3536,8.4,1,1,0,90.0,4.7,Yes,Yes,83.0,85.0,Placed
774,6.6,0,1,1,63.0,3.8,No,No,61.0,68.0,NotPlaced
5276,8.1,0,3,2,73.0,4.2,Yes,Yes,88.0,87.0,Placed
335,8.0,1,2,1,88.0,3.6,No,Yes,69.0,69.0,NotPlaced
9240,6.7,1,2,0,82.0,4.7,Yes,Yes,71.0,87.0,Placed
4263,7.4,1,2,1,60.0,3.2,No,No,55.0,68.0,NotPlaced
1619,8.9,0,3,2,85.0,4.6,No,Yes,77.0,72.0,NotPlaced
3928,9.0,1,3,2,90.0,4.8,Yes,Yes,77.0,78.0,Placed
4615,6.7,0,1,0,82.0,3.8,No,No,67.0,63.0,NotPlaced
509,8.2,1,1,0,79.0,4.2,No,No,72.0,69.0,NotPlaced
4944,6.7,1,2,1,76.0,3.2,No,Yes,55.0,80.0,NotPlaced
5191,7.4,0,1,0,80.0,3.4,No,No,70.0,70.0,NotPlaced
3526,6.7,1,1,1,83.0,4.3,No,No,55.0,63.0,NotPlaced
8032,6.9,0,1,1,65.0,4.1,Yes,Yes,70.0,61.0,Placed
7124,8.6,2,3,2,90.0,4.8,Yes,Yes,80.0,82.0,Placed
7468,6.5,2,1,1,86.0,3.7,Yes,Yes,58.0,68.0,NotPlaced
4328,7.6,1,1,1,62.0,3.4,No,No,60.0,62.0,NotPlaced
2360,8.8,1,3,0,86.0,4.4,Yes,Yes,63.0,72.0,NotPlaced
9493,7.6,1,1,0,81.0,3.8,No,Yes,73.0,72.0,NotPlaced
1642,7.5,1,2,0,76.0,4.5,Yes,Yes,69.0,83.0,Placed
298,6.8,1,1,0,68.0,4.3,No,Yes,65.0,69.0,NotPlaced
3264,8.3,2,3,2,90.0,4.6,Yes,Yes,70.0,84.0,Placed
6966,6.5,1,1,1,60.0,3.8,No,Yes,81.0,65.0,NotPlaced
2449,6.7,1,1,0,63.0,4.6,No,No,67.0,66.0,NotPlaced
2618,6.6,1,1,0,72.0,4.1,Yes,No,58.0,64.0,Placed
9390,6.6,1,1,1,72.0,3.9,No,No,81.0,61.0,NotPlaced
3220,8.1,2,3,2,90.0,4.5,Yes,Yes,80.0,88.0,Placed
2828,7.8,1,1,1,83.0,4.0,No,Yes,67.0,69.0,Placed
1940,7.5,0,2,0,69.0,3.7,No,No,58.0,65.0,NotPlaced
2709,8.5,2,1,2,83.0,4.3,Yes,Yes,65.0,84.0,NotPlaced
3467,7.0,1,2,0,68.0,4.0,No,Yes,55.0,74.0,NotPlaced
1800,6.7,0,2,0,66.0,3.9,No,No,58.0,68.0,NotPlaced
2294,6.5,1,1,0,80.0,4.4,No,Yes,59.0,69.0,NotPlaced
3562,8.3,1,1,0,78.0,3.7,No,Yes,55.0,66.0,NotPlaced
207,7.3,1,2,1,84.0,4.6,No,Yes,55.0,72.0,NotPlaced
3350,7.5,1,1,2,68.0,4.6,Yes,No,62.0,70.0,NotPlaced
6385,8.4,2,3,2,90.0,4.7,Yes,Yes,77.0,84.0,Placed
9160,7.5,1,2,0,62.0,4.4,No,No,60.0,71.0,NotPlaced
8622,7.7,0,2,0,79.0,4.0,No,No,58.0,72.0,NotPlaced
8185,8.6,1,2,1,90.0,4.2,No,Yes,71.0,68.0,Placed
6918,8.6,2,3,2,87.0,4.8,Yes,Yes,69.0,81.0,Placed
772,6.8,0,3,1,82.0,4.2,Yes,Yes,74.0,72.0,NotPlaced
1881,7.2,0,1,0,73.0,3.7,No,No,55.0,62.0,NotPlaced
2041,7.9,1,2,0,68.0,3.7,No,No,55.0,59.0,NotPlaced
6554,8.5,1,3,2,78.0,4.8,Yes,Yes,76.0,84.0,Placed
6865,6.5,1,2,0,78.0,4.0,Yes,Yes,57.0,78.0,NotPlaced
1336,8.0,2,3,1,90.0,4.3,Yes,Yes,79.0,73.0,Placed
2389,7.6,1,1,1,85.0,4.1,No,Yes,85.0,70.0,NotPlaced
3991,7.9,2,1,2,90.0,4.5,Yes,No,74.0,79.0,NotPlaced
8655,8.5,2,3,2,88.0,4.8,Yes,Yes,68.0,88.0,Placed
2859,8.1,2,3,2,90.0,4.7,Yes,Yes,82.0,85.0,Placed
7129,6.6,1,1,0,77.0,4.2,No,No,64.0,59.0,NotPlaced
7325,7.3,1,2,1,61.0,4.7,Yes,Yes,68.0,72.0,NotPlaced
1648,7.3,1,1,1,72.0,4.1,No,Yes,61.0,70.0,NotPlaced
4144,7.4,1,2,0,89.0,4.2,Yes,Yes,74.0,83.0,NotPlaced
6066,7.5,1,1,0,78.0,3.6,No,No,57.0,68.0,NotPlaced
4794,7.6,1,1,1,86.0,4.1,No,No,57.0,64.0,NotPlaced
1423,6.5,0,1,0,66.0,3.4,No,No,55.0,66.0,NotPlaced
1121,8.5,1,1,0,75.0,4.5,Yes,Yes,84.0,68.0,NotPlaced
172,6.6,0,3,0,87.0,4.5,No,No,80.0,82.0,NotPlaced
6595,8.1,1,2,1,83.0,4.6,No,Yes,82.0,81.0,NotPlaced
4517,8.5,1,3,0,76.0,3.9,Yes,Yes,64.0,61.0,NotPlaced
7267,7.4,1,1,0,85.0,3.9,No,Yes,62.0,68.0,NotPlaced
1680,7.6,0,2,1,72.0,4.5,No,No,55.0,67.0,NotPlaced
9123,8.4,2,1,0,90.0,4.6,Yes,Yes,72.0,82.0,NotPlaced
1245,6.5,0,2,0,78.0,4.3,Yes,Yes,55.0,69.0,NotPlaced
8915,7.6,1,1,1,75.0,3.6,No,Yes,59.0,62.0,NotPlaced
9817,6.5,0,3,2,87.0,4.8,Yes,No,79.0,64.0,NotPlaced
4045,7.2,0,3,0,75.0,4.6,No,No,83.0,65.0,Placed
1698,7.5,0,2,2,79.0,4.6,Yes,Yes,90.0,67.0,Placed
6631,7.3,1,1,1,76.0,4.5,No,Yes,55.0,74.0,NotPlaced
380,8.2,2,1,2,90.0,4.8,Yes,Yes,79.0,68.0,Placed
4255,6.5,0,3,0,80.0,4.4,Yes,Yes,63.0,68.0,NotPlaced
5746,7.7,2,1,0,83.0,4.6,No,Yes,63.0,64.0,NotPlaced
6543,8.6,2,3,2,90.0,4.8,Yes,Yes,81.0,82.0,Placed
1821,8.5,2,3,2,90.0,4.5,Yes,Yes,75.0,82.0,Placed
8808,7.9,0,2,2,87.0,3.9,No,Yes,63.0,69.0,NotPlaced
4610,7.0,0,1,1,66.0,3.8,No,No,55.0,65.0,NotPlaced
2690,6.5,1,2,0,84.0,4.7,No,Yes,55.0,60.0,NotPlaced
1058,8.5,2,3,2,89.0,4.8,Yes,Yes,74.0,83.0,Placed
9877,7.4,2,3,0,80.0,4.5,Yes,Yes,77.0,87.0,Placed
2735,6.5,1,1,1,72.0,3.3,No,Yes,55.0,62.0,NotPlaced
6896,8.7,1,3,2,81.0,4.7,Yes,Yes,74.0,74.0,Placed
5769,7.5,1,2,2,89.0,4.8,Yes,Yes,78.0,75.0,Placed
2208,7.8,1,1,0,89.0,4.7,Yes,Yes,79.0,69.0,NotPlaced
4785,7.7,1,3,2,87.0,4.8,Yes,Yes,70.0,88.0,Placed
7416,8.3,1,3,2,85.0,4.7,Yes,Yes,71.0,86.0,NotPlaced
5250,8.1,1,2,1,75.0,4.2,Yes,No,76.0,69.0,NotPlaced
5341,6.7,1,2,2,76.0,3.8,No,Yes,61.0,61.0,NotPlaced
5198,7.7,2,3,3,82.0,4.5,Yes,Yes,82.0,81.0,Placed
9199,8.4,1,3,2,90.0,4.8,Yes,Yes,85.0,82.0,Placed
8516,7.7,0,1,0,81.0,3.8,Yes,Yes,82.0,64.0,NotPlaced
8411,8.3,2,3,2,90.0,4.3,Yes,Yes,82.0,80.0,Placed
3405,8.5,2,1,2,77.0,4.5,Yes,Yes,66.0,71.0,Placed
3958,7.7,1,3,0,82.0,3.8,Yes,Yes,63.0,67.0,NotPlaced
5110,7.8,1,2,0,80.0,4.7,Yes,Yes,55.0,66.0,NotPlaced
6614,7.7,1,2,0,79.0,4.7,Yes,Yes,79.0,66.0,Placed
4297,7.8,1,3,1,84.0,4.5,Yes,Yes,56.0,88.0,NotPlaced
3988,8.1,1,1,0,85.0,3.1,No,Yes,55.0,65.0,NotPlaced
1326,6.6,1,1,1,76.0,4.5,No,No,65.0,63.0,Placed
4993,7.4,2,2,1,81.0,4.4,Yes,Yes,66.0,88.0,Placed
4047,7.6,1,1,1,69.0,3.6,No,No,62.0,63.0,NotPlaced
2094,6.7,2,3,2,83.0,4.0,No,No,79.0,68.0,Placed
2806,7.4,2,3,2,75.0,4.2,No,Yes,80.0,66.0,NotPlaced
1412,7.0,1,1,1,70.0,4.0,No,Yes,56.0,65.0,NotPlaced
4299,8.5,1,3,2,80.0,4.8,Yes,Yes,84.0,87.0,Placed
4583,6.7,1,1,1,67.0,4.0,No,Yes,55.0,69.0,NotPlaced
6412,6.9,1,1,1,75.0,3.7,No,Yes,65.0,66.0,NotPlaced
8255,8.3,2,3,0,73.0,4.5,Yes,Yes,71.0,87.0,NotPlaced
1762,7.5,1,1,1,70.0,3.8,No,Yes,63.0,73.0,NotPlaced
2465,7.5,0,2,0,90.0,4.8,No,Yes,55.0,79.0,NotPlaced
5727,8.9,2,3,2,90.0,4.8,Yes,Yes,82.0,87.0,Placed
5312,7.7,1,2,0,90.0,4.8,No,Yes,64.0,69.0,Placed
6025,7.6,2,2,1,72.0,3.9,Yes,No,79.0,80.0,NotPlaced
1898,8.2,1,1,0,71.0,3.8,No,No,67.0,62.0,NotPlaced
4965,7.7,0,1,0,82.0,4.1,No,Yes,56.0,75.0,NotPlaced
7322,8.3,1,3,2,82.0,4.3,Yes,Yes,61.0,66.0,NotPlaced
6492,8.2,1,1,2,79.0,4.8,Yes,Yes,61.0,58.0,NotPlaced
1087,8.4,0,3,0,75.0,4.6,Yes,Yes,73.0,83.0,Placed
1702,8.4,2,3,2,81.0,4.3,Yes,Yes,75.0,79.0,Placed
506,7.3,0,3,2,77.0,4.6,Yes,Yes,72.0,88.0,Placed
5151,7.4,1,1,0,66.0,4.4,No,No,55.0,70.0,NotPlaced
33,8.5,1,3,0,90.0,4.8,Yes,Yes,85.0,85.0,Placed
4253,8.1,0,3,2,85.0,4.8,Yes,Yes,79.0,88.0,NotPlaced
9306,7.6,1,2,2,75.0,4.7,No,Yes,65.0,68.0,NotPlaced
7770,7.7,1,1,1,73.0,4.0,No,Yes,58.0,67.0,NotPlaced
1115,8.0,1,3,2,89.0,4.8,Yes,Yes,70.0,81.0,NotPlaced
2001,7.7,2,1,0,65.0,3.8,Yes,No,88.0,79.0,NotPlaced
4379,7.9,2,3,2,88.0,4.7,Yes,No,81.0,80.0,Placed
6087,8.1,2,3,2,90.0,4.8,Yes,Yes,89.0,85.0,Placed
7118,7.6,1,3,1,75.0,3.9,Yes,Yes,81.0,66.0,Placed
7036,8.3,1,2,2,79.0,4.6,Yes,Yes,75.0,73.0,Placed
5496,7.6,1,2,0,79.0,4.2,No,No,55.0,84.0,NotPlaced
9449,6.5,1,1,0,80.0,4.4,No,Yes,55.0,68.0,NotPlaced
8043,8.1,2,3,2,90.0,4.8,Yes,Yes,83.0,84.0,Placed
7807,6.5,1,1,1,65.0,3.0,No,No,61.0,79.0,NotPlaced
6118,7.9,1,3,1,67.0,4.4,Yes,No,71.0,77.0,NotPlaced
5146,7.5,0,3,1,84.0,4.5,No,Yes,77.0,78.0,NotPlaced
8930,8.6,0,3,2,78.0,4.2,Yes,No,62.0,74.0,NotPlaced
2934,8.6,1,1,3,81.0,4.7,No,Yes,72.0,86.0,Placed
2109,7.5,1,1,0,70.0,4.4,No,Yes,70.0,64.0,NotPlaced
9234,8.5,1,3,0,88.0,4.6,No,Yes,70.0,84.0,Placed
8290,7.4,0,2,2,82.0,4.8,Yes,Yes,88.0,66.0,Placed
3606,7.8,1,3,0,74.0,4.2,Yes,No,62.0,84.0,NotPlaced
9761,6.6,1,1,1,64.0,4.4,No,No,64.0,60.0,NotPlaced
4498,7.6,1,2,0,74.0,4.6,No,Yes,59.0,60.0,NotPlaced
9930,8.5,1,3,2,83.0,4.4,Yes,Yes,84.0,83.0,Placed
5781,8.6,1,3,0,88.0,4.5,Yes,Yes,78.0,67.0,NotPlaced
3921,7.8,1,2,0,70.0,4.8,Yes,Yes,74.0,67.0,NotPlaced
969,7.6,1,2,0,73.0,4.0,Yes,Yes,75.0,64.0,NotPlaced
22,7.4,1,2,1,72.0,3.5,No,Yes,82.0,69.0,Placed
547,6.5,1,1,1,74.0,4.0,No,No,56.0,73.0,NotPlaced
7936,7.7,1,1,1,65.0,3.5,No,No,60.0,69.0,NotPlaced
8907,7.5,1,2,1,79.0,4.5,No,Yes,64.0,68.0,NotPlaced
5646,6.5,1,2,1,89.0,4.0,No,Yes,55.0,67.0,NotPlaced
6033,8.6,2,3,2,90.0,4.8,Yes,Yes,73.0,86.0,Placed
944,8.3,1,2,2,71.0,4.5,Yes,Yes,56.0,67.0,Placed
1625,7.8,1,2,1,83.0,3.5,No,Yes,66.0,72.0,NotPlaced
7499,6.5,1,1,1,70.0,4.1,No,No,65.0,66.0,NotPlaced
3211,8.4,2,3,0,74.0,4.3,Yes,Yes,74.0,84.0,NotPlaced
6050,7.8,0,1,0,74.0,4.0,No,No,55.0,63.0,NotPlaced
8654,7.7,2,2,1,84.0,4.7,Yes,Yes,78.0,82.0,Placed
9944,8.2,2,3,1,83.0,4.3,No,Yes,57.0,62.0,Placed
8912,6.8,1,1,1,71.0,4.3,No,Yes,55.0,62.0,NotPlaced
9327,8.3,1,2,3,77.0,4.1,No,Yes,80.0,81.0,Placed
4466,7.1,2,3,0,75.0,3.5,Yes,No,69.0,69.0,NotPlaced
817,7.4,1,2,2,85.0,3.5,Yes,Yes,57.0,68.0,Placed
3591,8.4,1,1,3,89.0,4.4,Yes,Yes,72.0,71.0,Placed
975,7.7,1,2,1,69.0,4.1,No,Yes,78.0,63.0,NotPlaced
3002,8.2,1,3,2,85.0,4.4,Yes,Yes,76.0,88.0,Placed
6805,7.3,1,1,1,71.0,3.8,No,Yes,57.0,57.0,NotPlaced
3944,6.5,1,2,0,85.0,4.1,No,Yes,90.0,66.0,NotPlaced
1906,7.7,2,3,2,89.0,4.8,Yes,Yes,82.0,87.0,Placed
5480,6.8,1,1,1,80.0,4.3,Yes,Yes,55.0,66.0,Placed
9200,7.8,1,3,2,75.0,4.3,Yes,Yes,55.0,79.0,NotPlaced
1327,6.6,1,1,0,70.0,3.3,No,Yes,60.0,68.0,NotPlaced
7665,6.5,1,1,1,71.0,4.5,No,No,55.0,74.0,NotPlaced
1530,8.3,1,3,0,82.0,4.7,Yes,Yes,83.0,82.0,NotPlaced
7773,8.5,1,2,3,77.0,4.8,Yes,Yes,66.0,85.0,NotPlaced
381,6.5,1,2,1,65.0,4.0,Yes,Yes,66.0,69.0,NotPlaced
2507,8.3,1,0,0,73.0,4.6,Yes,Yes,70.0,85.0,Placed
3702,8.0,1,1,0,68.0,4.0,Yes,Yes,65.0,71.0,NotPlaced
9963,7.3,1,1,0,60.0,4.5,No,No,58.0,60.0,NotPlaced
9401,7.7,1,2,0,88.0,4.8,Yes,Yes,75.0,82.0,Placed
1398,7.6,1,1,2,67.0,4.0,No,Yes,57.0,61.0,NotPlaced
2448,7.8,0,1,0,67.0,4.1,Yes,No,59.0,69.0,NotPlaced
7157,6.7,2,2,1,71.0,4.4,No,No,55.0,67.0,NotPlaced
5980,7.6,1,1,1,69.0,4.3,No,No,58.0,70.0,NotPlaced
1274,8.1,1,1,2,72.0,4.1,Yes,No,64.0,65.0,NotPlaced
5690,8.2,2,1,1,90.0,4.0,No,Yes,55.0,66.0,NotPlaced
7760,7.5,1,1,1,60.0,4.8,Yes,Yes,75.0,70.0,NotPlaced
497,7.0,1,2,0,75.0,4.6,Yes,Yes,78.0,67.0,NotPlaced
9653,6.7,2,1,2,85.0,3.5,Yes,Yes,55.0,84.0,NotPlaced
5632,8.0,1,3,2,90.0,4.4,Yes,Yes,72.0,82.0,Placed
7528,6.6,2,1,0,67.0,3.9,No,No,55.0,74.0,NotPlaced
9538,8.0,1,1,1,70.0,4.0,No,Yes,72.0,64.0,NotPlaced
6518,8.1,2,3,2,90.0,4.4,Yes,No,81.0,80.0,NotPlaced
3277,7.4,1,1,1,75.0,4.2,Yes,Yes,64.0,64.0,NotPlaced
2795,6.5,1,1,1,79.0,4.4,Yes,Yes,74.0,71.0,NotPlaced
8718,7.3,0,1,0,72.0,4.3,No,No,55.0,68.0,NotPlaced
5258,6.5,1,1,0,81.0,4.2,No,Yes,67.0,65.0,NotPlaced
2391,8.0,2,2,1,82.0,3.9,Yes,Yes,63.0,68.0,NotPlaced
6126,7.5,0,1,0,83.0,3.8,Yes,Yes,61.0,67.0,NotPlaced
3268,7.5,1,2,1,71.0,4.0,Yes,Yes,72.0,63.0,NotPlaced
6461,8.5,1,2,3,80.0,4.3,Yes,Yes,55.0,86.0,NotPlaced
6857,7.8,2,1,1,77.0,4.2,No,No,55.0,67.0,NotPlaced
6250,7.5,1,1,0,68.0,4.1,No,No,55.0,60.0,NotPlaced
5593,8.2,1,3,2,90.0,4.8,Yes,Yes,85.0,77.0,Placed
8634,8.4,2,3,2,90.0,4.6,Yes,Yes,74.0,88.0,Placed
7144,8.2,2,3,2,90.0,4.8,Yes,No,83.0,86.0,Placed
9103,6.9,2,1,0,73.0,4.0,No,Yes,84.0,67.0,NotPlaced
2589,7.3,2,2,1,85.0,4.8,No,No,56.0,69.0,NotPlaced
628,7.5,1,2,1,90.0,4.3,Yes,Yes,59.0,84.0,Placed
1081,8.8,1,1,2,87.0,4.4,Yes,Yes,78.0,81.0,Placed
6901,8.8,2,3,2,88.0,4.7,Yes,Yes,78.0,88.0,Placed
1853,7.6,1,2,0,69.0,4.4,No,Yes,60.0,68.0,NotPlaced
5863,7.8,0,2,0,78.0,4.4,No,Yes,59.0,64.0,Placed
3433,7.7,1,3,0,90.0,4.3,Yes,Yes,80.0,78.0,Placed
2073,6.7,1,1,0,81.0,4.6,Yes,Yes,57.0,70.0,Placed
3760,8.2,2,3,2,90.0,4.8,Yes,Yes,70.0,85.0,Placed
6405,6.5,0,2,1,87.0,4.8,Yes,Yes,74.0,88.0,Placed
3254,7.6,1,1,0,83.0,3.7,Yes,Yes,69.0,82.0,NotPlaced
5112,6.5,1,1,0,72.0,3.8,No,No,55.0,68.0,NotPlaced
710,8.4,1,3,1,79.0,4.1,No,Yes,83.0,87.0,Placed
9532,8.1,1,3,2,90.0,4.8,Yes,Yes,90.0,85.0,Placed
2135,8.1,2,2,2,79.0,4.6,Yes,Yes,79.0,85.0,NotPlaced
8789,8.6,2,3,2,90.0,4.6,Yes,Yes,74.0,88.0,Placed
6516,7.5,2,1,1,80.0,4.3,No,Yes,72.0,64.0,NotPlaced
7272,7.6,1,2,0,66.0,4.5,No,Yes,55.0,76.0,NotPlaced
1061,8.7,2,3,2,90.0,4.8,Yes,Yes,79.0,85.0,Placed
8356,6.5,1,1,0,77.0,4.7,No,No,55.0,83.0,NotPlaced
5910,7.5,0,2,1,80.0,4.7,No,Yes,82.0,82.0,Placed
9841,6.5,1,1,2,85.0,4.6,Yes,Yes,55.0,65.0,Placed
2777,7.5,1,1,1,71.0,4.5,No,No,55.0,69.0,NotPlaced
856,7.6,0,1,1,85.0,4.1,No,Yes,56.0,68.0,Placed
4166,7.6,1,2,2,75.0,3.8,Yes,Yes,75.0,63.0,NotPlaced
7558,8.1,1,3,2,85.0,4.5,Yes,No,76.0,87.0,NotPlaced
8561,6.6,1,1,0,72.0,3.2,No,Yes,55.0,68.0,NotPlaced
7535,7.6,1,3,2,79.0,3.8,Yes,Yes,75.0,88.0,Placed
2164,6.5,1,1,0,68.0,3.8,No,No,59.0,65.0,NotPlaced
6142,7.0,1,1,1,74.0,4.4,Yes,Yes,78.0,71.0,Placed
151,8.4,2,3,2,90.0,4.8,Yes,Yes,90.0,85.0,Placed
1880,8.3,2,1,2,72.0,4.0,Yes,Yes,76.0,70.0,NotPlaced
3642,7.4,1,2,0,84.0,4.5,Yes,Yes,61.0,66.0,NotPlaced
3568,8.1,2,3,0,86.0,3.5,Yes,Yes,75.0,83.0,Placed
8035,8.3,0,3,2,83.0,4.3,Yes,Yes,76.0,84.0,Placed
3472,6.7,0,3,2,88.0,4.7,Yes,Yes,82.0,82.0,Placed
514,7.6,1,2,0,88.0,4.8,No,Yes,57.0,68.0,NotPlaced
9311,8.3,2,3,0,72.0,3.6,No,Yes,72.0,85.0,NotPlaced
854,8.1,2,3,1,75.0,3.7,Yes,Yes,86.0,66.0,Placed
3633,8.5,2,3,1,68.0,4.0,Yes,Yes,73.0,70.0,NotPlaced
3212,6.8,0,1,1,63.0,3.7,Yes,No,63.0,65.0,NotPlaced
4912,7.1,1,2,1,73.0,3.9,No,Yes,79.0,72.0,Placed
1114,7.8,2,1,0,84.0,4.2,Yes,Yes,71.0,65.0,Placed
3720,7.2,1,2,0,73.0,4.2,No,Yes,61.0,63.0,NotPlaced
134,8.7,0,3,2,88.0,4.8,No,No,87.0,84.0,NotPlaced
3993,6.5,1,1,0,75.0,3.3,No,No,55.0,63.0,NotPlaced
1681,7.5,1,3,1,73.0,4.6,Yes,Yes,75.0,63.0,Placed
2810,6.5,1,1,0,77.0,3.9,Yes,Yes,78.0,67.0,NotPlaced
9907,8.1,2,3,2,90.0,4.7,Yes,Yes,74.0,82.0,Placed
4869,8.5,2,3,1,85.0,4.1,Yes,Yes,89.0,79.0,Placed
4333,7.5,1,2,2,82.0,4.8,Yes,Yes,74.0,86.0,NotPlaced
8869,6.5,0,2,2,85.0,4.1,No,Yes,71.0,72.0,NotPlaced
3061,8.2,2,2,2,76.0,4.3,Yes,Yes,76.0,66.0,Placed
9684,8.2,2,3,2,90.0,4.8,Yes,Yes,68.0,86.0,Placed
5119,7.4,2,1,0,78.0,3.6,No,No,55.0,70.0,NotPlaced
8651,8.4,1,2,1,73.0,4.5,No,Yes,75.0,84.0,NotPlaced
8914,6.5,0,2,0,83.0,4.6,Yes,Yes,55.0,65.0,NotPlaced
4870,8.3,2,3,2,90.0,4.5,Yes,Yes,87.0,86.0,Placed
7173,7.3,1,2,0,80.0,3.7,No,Yes,55.0,69.0,Placed
6825,8.0,1,1,2,83.0,4.4,Yes,No,71.0,74.0,NotPlaced
2543,8.4,1,3,2,90.0,4.8,Yes,Yes,85.0,88.0,Placed
1280,7.7,0,1,0,63.0,4.0,Yes,No,67.0,63.0,Placed
9752,7.7,1,1,0,82.0,4.6,Yes,No,55.0,84.0,NotPlaced
1831,8.2,2,3,2,90.0,4.8,Yes,Yes,86.0,86.0,Placed
7231,8.0,2,2,3,82.0,4.0,Yes,Yes,59.0,82.0,Placed
4147,8.3,2,3,2,90.0,4.8,Yes,Yes,81.0,81.0,Placed
5523,7.2,1,1,0,66.0,3.9,Yes,No,61.0,67.0,NotPlaced
7980,6.7,1,1,0,76.0,3.8,Yes,Yes,57.0,66.0,Placed
1684,7.7,1,1,0,71.0,4.2,No,Yes,70.0,71.0,NotPlaced
8330,6.7,1,2,1,76.0,4.6,Yes,Yes,71.0,68.0,NotPlaced
7227,8.2,1,3,0,90.0,4.4,No,Yes,70.0,84.0,NotPlaced
4513,6.9,1,3,0,77.0,4.8,Yes,Yes,80.0,80.0,Placed
989,6.9,1,2,0,85.0,4.8,Yes,Yes,73.0,87.0,Placed
6672,8.3,2,1,0,79.0,4.0,Yes,Yes,62.0,67.0,Placed
4239,8.5,0,3,2,83.0,4.5,No,No,70.0,69.0,NotPlaced
3673,8.4,2,1,2,85.0,4.1,Yes,Yes,81.0,66.0,Placed
2224,6.5,1,2,1,76.0,4.3,No,No,69.0,62.0,Placed
9245,7.4,0,1,2,90.0,4.5,Yes,Yes,76.0,68.0,Placed
8110,7.3,1,1,1,68.0,4.7,No,Yes,68.0,58.0,NotPlaced
6916,7.6,1,1,0,82.0,4.0,No,No,65.0,58.0,NotPlaced
5045,6.5,1,1,1,79.0,4.6,Yes,Yes,56.0,68.0,NotPlaced
6567,8.3,2,3,2,84.0,4.5,Yes,No,73.0,84.0,Placed
4918,7.4,0,2,1,76.0,4.0,No,Yes,69.0,73.0,NotPlaced
5587,7.5,0,1,0,76.0,4.4,No,No,63.0,70.0,NotPlaced
8722,7.5,0,1,1,82.0,3.8,No,Yes,62.0,70.0,NotPlaced
7645,7.7,1,1,0,81.0,4.6,No,Yes,76.0,68.0,NotPlaced
5256,7.8,1,3,3,84.0,3.9,Yes,Yes,64.0,72.0,NotPlaced
3572,7.1,2,1,1,77.0,4.4,No,Yes,75.0,82.0,Placed
65,7.6,1,2,0,77.0,4.6,Yes,No,84.0,67.0,NotPlaced
9167,8.3,1,2,1,88.0,4.2,No,Yes,71.0,85.0,Placed
9129,6.5,0,1,0,64.0,4.1,No,No,56.0,69.0,NotPlaced
4764,7.5,1,1,0,64.0,4.0,No,No,58.0,71.0,NotPlaced
7051,8.0,2,2,0,84.0,4.7,Yes,Yes,64.0,88.0,Placed
740,6.5,2,1,0,79.0,3.6,No,No,63.0,65.0,NotPlaced
4270,7.9,2,3,2,83.0,4.7,Yes,No,77.0,80.0,Placed
9221,7.5,0,1,1,64.0,4.3,No,Yes,55.0,64.0,NotPlaced
9694,7.5,1,1,0,72.0,4.2,No,No,57.0,72.0,NotPlaced
5594,8.7,2,3,2,90.0,4.7,Yes,Yes,70.0,87.0,Placed
2181,7.5,1,2,0,87.0,4.5,No,No,57.0,72.0,NotPlaced
1812,8.3,1,1,2,78.0,4.5,Yes,Yes,78.0,88.0,Placed
8927,7.4,1,1,0,72.0,4.2,Yes,Yes,55.0,66.0,Placed
9333,7.6,1,3,2,71.0,4.2,Yes,Yes,72.0,68.0,NotPlaced
6520,7.8,2,3,2,81.0,4.8,No,Yes,65.0,79.0,NotPlaced
1820,7.8,2,1,1,75.0,3.8,No,No,65.0,64.0,NotPlaced
6646,8.2,2,3,0,83.0,4.3,Yes,Yes,84.0,87.0,Placed
1930,8.3,2,3,2,90.0,4.8,Yes,Yes,83.0,87.0,Placed
233,7.7,0,1,1,69.0,4.8,Yes,Yes,78.0,65.0,NotPlaced
1713,6.9,0,1,0,73.0,4.2,No,No,55.0,59.0,NotPlaced
3758,8.1,1,3,2,82.0,4.2,Yes,Yes,72.0,67.0,NotPlaced
7920,7.2,1,3,2,84.0,4.4,Yes,Yes,88.0,85.0,NotPlaced
5154,7.7,1,1,2,85.0,3.6,No,No,58.0,72.0,Placed
5753,7.2,1,1,1,72.0,4.5,Yes,Yes,61.0,73.0,NotPlaced
5107,8.4,2,3,2,90.0,4.7,Yes,Yes,80.0,88.0,Placed
1248,7.7,1,3,2,90.0,4.8,Yes,Yes,79.0,88.0,Placed
1512,7.5,1,2,1,77.0,4.4,Yes,Yes,83.0,71.0,Placed
3330,8.0,0,3,2,87.0,3.8,No,No,73.0,63.0,Placed
7781,8.1,1,3,0,87.0,4.1,No,Yes,78.0,85.0,Placed
9317,8.4,1,3,2,90.0,4.8,Yes,Yes,88.0,84.0,Placed
9974,7.7,1,2,1,68.0,4.2,No,Yes,55.0,85.0,NotPlaced
3670,7.7,1,3,2,90.0,4.5,Yes,Yes,81.0,86.0,Placed
5478,7.8,1,1,1,65.0,3.7,No,No,55.0,64.0,NotPlaced
1188,7.7,1,1,0,88.0,4.7,No,Yes,55.0,61.0,NotPlaced
5059,8.0,1,3,2,81.0,4.0,Yes,Yes,81.0,86.0,Placed
3933,6.9,1,1,1,69.0,4.1,Yes,Yes,55.0,67.0,NotPlaced
7276,8.3,1,2,1,77.0,3.5,No,Yes,65.0,68.0,NotPlaced
3977,7.0,1,3,1,77.0,4.2,Yes,Yes,78.0,84.0,Placed
4874,8.3,1,3,2,90.0,4.5,No,Yes,77.0,81.0,NotPlaced
3654,8.2,1,3,2,90.0,4.8,Yes,No,79.0,85.0,Placed
1341,8.2,0,1,0,90.0,4.7,No,Yes,67.0,86.0,NotPlaced
9462,8.2,2,2,1,87.0,4.5,Yes,Yes,70.0,70.0,NotPlaced
4443,7.0,1,1,1,69.0,4.0,Yes,Yes,76.0,65.0,NotPlaced
8638,8.3,1,3,1,87.0,4.5,Yes,No,70.0,82.0,NotPlaced
4737,7.4,1,3,1,73.0,4.4,No,Yes,55.0,74.0,NotPlaced
3872,6.5,1,1,0,75.0,3.6,No,No,63.0,68.0,NotPlaced
8612,7.7,0,1,1,64.0,3.9,No,Yes,55.0,63.0,NotPlaced
8048,8.3,1,1,0,83.0,4.0,No,Yes,65.0,66.0,NotPlaced
8082,7.6,1,3,2,90.0,4.8,Yes,Yes,85.0,80.0,Placed
8688,6.8,1,2,2,70.0,3.8,No,Yes,55.0,67.0,NotPlaced
8850,8.6,1,3,2,90.0,4.8,Yes,Yes,78.0,85.0,Placed
6799,7.9,1,1,1,81.0,4.7,No,No,55.0,66.0,NotPlaced
4526,8.2,1,2,2,89.0,4.3,Yes,No,79.0,80.0,Placed
9725,7.7,1,1,0,72.0,4.1,No,No,61.0,68.0,NotPlaced
8787,7.7,0,1,1,85.0,4.4,No,Yes,61.0,65.0,Placed
5974,7.5,1,2,0,82.0,4.2,No,Yes,77.0,64.0,NotPlaced
583,7.4,1,2,1,71.0,4.8,No,Yes,63.0,69.0,NotPlaced
8085,6.5,1,2,0,67.0,4.1,No,Yes,57.0,71.0,NotPlaced
137,8.2,2,3,2,90.0,4.4,Yes,Yes,90.0,81.0,Placed
5520,8.5,2,2,2,81.0,4.8,Yes,Yes,79.0,88.0,Placed
4556,6.5,1,1,0,64.0,4.1,No,No,63.0,68.0,NotPlaced
1484,8.3,1,3,2,90.0,4.8,Yes,Yes,70.0,82.0,Placed
7024,7.3,0,1,0,70.0,4.4,Yes,No,67.0,67.0,NotPlaced
5851,7.9,1,2,1,64.0,4.2,No,Yes,60.0,58.0,NotPlaced
3247,6.5,1,1,0,69.0,3.4,No,No,66.0,66.0,NotPlaced
9698,8.0,2,3,3,86.0,4.8,Yes,Yes,77.0,82.0,Placed
3854,6.5,1,2,1,72.0,4.0,No,No,62.0,70.0,NotPlaced
3805,8.4,1,2,2,81.0,4.2,Yes,Yes,55.0,66.0,Placed
5219,8.5,2,2,1,83.0,4.3,Yes,No,55.0,80.0,NotPlaced
9169,7.3,0,3,1,70.0,3.8,Yes,No,56.0,76.0,Placed
8893,7.0,1,1,1,62.0,3.4,No,No,55.0,63.0,NotPlaced
9358,7.4,1,1,0,67.0,4.2,No,Yes,61.0,74.0,Placed
8098,8.2,1,3,0,86.0,4.7,Yes,Yes,81.0,88.0,Placed
2395,8.6,1,3,2,88.0,4.6,No,Yes,72.0,83.0,Placed
9945,7.0,1,2,1,67.0,3.4,No,Yes,56.0,64.0,NotPlaced
7084,7.7,0,3,0,90.0,4.8,Yes,Yes,76.0,80.0,NotPlaced
2694,8.3,0,1,2,84.0,4.8,Yes,Yes,83.0,82.0,Placed
6582,7.9,0,1,0,89.0,4.8,Yes,Yes,81.0,85.0,Placed
7613,7.7,1,2,0,80.0,3.5,Yes,Yes,79.0,84.0,NotPlaced
6930,6.7,1,1,1,63.0,4.6,No,No,55.0,69.0,NotPlaced
6867,8.3,1,1,1,73.0,4.3,Yes,Yes,59.0,62.0,NotPlaced
3317,7.9,1,2,1,87.0,4.4,Yes,No,58.0,83.0,NotPlaced
8347,7.6,0,1,1,62.0,4.1,No,No,55.0,68.0,NotPlaced
3727,7.8,1,3,0,90.0,4.0,Yes,Yes,84.0,79.0,Placed
4589,7.4,1,2,0,85.0,4.6,No,Yes,60.0,68.0,Placed
5305,7.6,1,2,0,89.0,4.5,Yes,Yes,71.0,82.0,NotPlaced
4087,6.5,1,1,0,64.0,4.5,No,Yes,55.0,64.0,NotPlaced
8038,8.1,1,2,0,83.0,4.1,Yes,No,66.0,66.0,NotPlaced
6149,7.7,2,3,2,90.0,4.8,Yes,Yes,82.0,81.0,Placed
2782,8.4,1,3,1,79.0,4.0,Yes,Yes,80.0,83.0,NotPlaced
8987,8.1,1,2,0,83.0,3.9,No,No,85.0,60.0,NotPlaced
2640,8.4,2,3,2,90.0,4.8,Yes,Yes,85.0,78.0,Placed
456,7.7,1,3,2,84.0,4.6,Yes,Yes,80.0,83.0,Placed
3287,7.4,1,2,0,78.0,3.9,No,Yes,73.0,72.0,NotPlaced
7399,7.9,2,3,2,84.0,4.7,Yes,Yes,72.0,86.0,Placed
8596,7.5,0,1,1,83.0,4.0,No,Yes,56.0,67.0,NotPlaced
2700,8.4,2,3,2,90.0,4.8,Yes,Yes,75.0,84.0,Placed
73,8.1,2,3,2,90.0,4.8,Yes,Yes,80.0,86.0,Placed
9209,6.5,1,2,0,81.0,3.3,No,No,55.0,70.0,NotPlaced
8349,7.2,2,3,2,90.0,4.7,Yes,Yes,83.0,86.0,Placed
4286,7.5,0,2,1,87.0,4.1,Yes,Yes,68.0,68.0,NotPlaced
1781,7.7,1,2,2,88.0,4.6,Yes,Yes,77.0,72.0,Placed
8359,7.8,1,2,0,77.0,4.4,Yes,Yes,69.0,80.0,NotPlaced
8232,6.6,0,1,3,84.0,3.7,No,No,75.0,67.0,NotPlaced
8988,8.6,0,2,2,83.0,3.9,Yes,Yes,70.0,85.0,NotPlaced
2323,7.5,0,1,1,71.0,4.4,Yes,Yes,79.0,74.0,NotPlaced
9263,7.8,1,1,0,70.0,4.2,No,Yes,63.0,65.0,NotPlaced
9412,6.8,2,2,0,69.0,4.8,Yes,No,70.0,82.0,NotPlaced
7784,8.2,1,3,2,90.0,4.4,Yes,Yes,71.0,81.0,Placed
4683,8.5,2,3,2,90.0,4.8,Yes,Yes,82.0,70.0,Placed
6860,7.6,1,3,0,80.0,4.8,Yes,Yes,71.0,85.0,NotPlaced
9019,8.2,1,2,0,81.0,4.8,No,Yes,55.0,70.0,NotPlaced
7602,7.0,1,2,1,61.0,4.0,No,Yes,70.0,65.0,NotPlaced
540,7.5,2,2,0,73.0,4.4,Yes,Yes,86.0,74.0,Placed
8711,8.5,1,2,2,74.0,4.0,No,Yes,83.0,79.0,NotPlaced
6164,8.4,1,1,0,75.0,4.8,No,No,64.0,63.0,NotPlaced
4572,7.3,1,3,1,79.0,3.3,No,Yes,72.0,69.0,NotPlaced
5855,7.4,1,3,2,70.0,4.4,No,No,58.0,70.0,NotPlaced
5968,8.4,2,3,2,83.0,4.6,Yes,Yes,81.0,87.0,Placed
3541,8.6,1,3,0,89.0,4.7,Yes,Yes,72.0,85.0,Placed
4847,8.7,2,3,3,89.0,4.5,Yes,Yes,72.0,87.0,Placed
3000,7.6,0,3,0,90.0,4.7,No,Yes,73.0,77.0,NotPlaced
7262,8.1,2,3,3,90.0,4.7,Yes,No,83.0,82.0,NotPlaced
7127,6.9,0,2,0,65.0,3.6,No,No,55.0,67.0,NotPlaced
8021,6.6,1,3,2,81.0,4.5,Yes,No,72.0,77.0,NotPlaced
4484,7.6,1,1,0,79.0,4.0,No,Yes,62.0,69.0,NotPlaced
546,7.6,2,3,2,90.0,4.5,Yes,Yes,75.0,82.0,Placed
2441,8.0,0,3,2,76.0,4.7,Yes,Yes,77.0,82.0,Placed
2011,7.2,0,1,1,73.0,3.4,No,Yes,73.0,70.0,NotPlaced
7787,6.7,1,1,1,81.0,4.1,No,No,64.0,72.0,NotPlaced
4571,8.6,0,2,1,79.0,3.8,Yes,Yes,69.0,86.0,Placed
4163,6.7,1,2,0,68.0,4.6,No,Yes,55.0,77.0,NotPlaced
7735,8.3,1,2,1,70.0,4.8,Yes,Yes,87.0,85.0,Placed
5757,7.6,2,2,1,88.0,4.6,Yes,Yes,79.0,86.0,NotPlaced
2785,7.4,1,3,0,85.0,4.6,No,No,62.0,65.0,NotPlaced
5268,8.2,2,3,2,90.0,4.8,Yes,Yes,83.0,87.0,Placed
8280,7.5,1,3,0,83.0,4.8,Yes,Yes,75.0,84.0,Placed
6204,8.6,0,3,0,82.0,4.6,Yes,Yes,75.0,88.0,Placed
2725,7.4,1,1,2,84.0,4.7,Yes,Yes,80.0,75.0,Placed
3430,8.1,0,3,2,89.0,4.8,Yes,Yes,72.0,85.0,Placed
3280,8.5,1,3,0,90.0,4.1,Yes,Yes,81.0,85.0,Placed
305,8.2,0,3,2,90.0,4.8,Yes,Yes,79.0,80.0,Placed
4068,7.5,2,3,0,88.0,4.6,Yes,Yes,78.0,87.0,Placed
1394,7.6,1,2,0,75.0,4.8,No,No,61.0,69.0,NotPlaced
475,7.3,1,2,1,75.0,4.6,No,Yes,55.0,75.0,NotPlaced
4038,8.2,2,3,2,90.0,4.6,Yes,Yes,74.0,84.0,Placed
4867,7.3,1,1,2,81.0,3.7,No,Yes,58.0,76.0,NotPlaced
5962,8.2,0,2,1,75.0,4.6,Yes,No,82.0,72.0,NotPlaced
3646,7.9,2,3,0,81.0,4.6,Yes,Yes,82.0,79.0,NotPlaced
736,8.1,2,3,2,87.0,4.6,Yes,Yes,85.0,80.0,Placed
1946,8.4,2,3,2,89.0,4.8,Yes,Yes,73.0,81.0,NotPlaced
5597,6.6,1,1,0,70.0,4.5,No,No,59.0,68.0,NotPlaced
3755,8.4,2,3,2,90.0,4.7,Yes,Yes,88.0,80.0,Placed
4608,7.2,1,1,1,69.0,3.7,No,No,65.0,70.0,NotPlaced
1609,6.5,1,1,1,78.0,4.0,No,No,55.0,66.0,NotPlaced
6447,7.7,1,2,0,71.0,4.0,Yes,Yes,57.0,70.0,NotPlaced
3554,8.4,2,1,2,78.0,4.1,Yes,Yes,55.0,64.0,NotPlaced
2440,6.8,1,2,0,75.0,4.2,No,Yes,77.0,57.0,NotPlaced
2462,7.6,1,1,0,70.0,4.1,No,No,61.0,63.0,NotPlaced
358,8.2,1,2,1,90.0,4.8,Yes,Yes,78.0,71.0,Placed
2458,8.1,0,2,3,72.0,3.2,Yes,Yes,73.0,83.0,Placed
3783,8.2,1,1,0,66.0,3.9,No,No,57.0,66.0,NotPlaced
2949,6.7,1,1,0,71.0,4.3,No,Yes,57.0,60.0,Placed
4338,8.1,2,3,2,87.0,4.8,Yes,Yes,78.0,80.0,NotPlaced
2165,7.6,1,2,0,72.0,4.1,No,Yes,60.0,64.0,NotPlaced
4275,6.9,1,2,1,81.0,4.3,No,Yes,59.0,68.0,NotPlaced
9711,7.3,1,1,0,77.0,4.0,No,No,63.0,66.0,NotPlaced
7364,7.5,1,1,1,66.0,4.1,No,Yes,56.0,69.0,NotPlaced
7025,8.3,1,2,0,84.0,4.2,Yes,Yes,82.0,81.0,Placed
7306,6.8,1,1,0,72.0,4.2,No,Yes,60.0,68.0,NotPlaced
9592,7.8,1,3,1,77.0,3.7,No,Yes,72.0,85.0,NotPlaced
7709,8.2,2,3,0,65.0,4.3,Yes,Yes,78.0,83.0,Placed
4557,7.7,1,3,0,74.0,4.7,No,Yes,73.0,67.0,Placed
2602,8.2,0,2,2,90.0,4.8,Yes,Yes,77.0,83.0,Placed
8225,7.7,1,1,0,69.0,4.0,No,No,55.0,69.0,NotPlaced
6746,8.2,2,3,2,83.0,4.5,Yes,Yes,84.0,88.0,Placed
5008,6.5,0,3,0,88.0,4.8,Yes,Yes,85.0,84.0,Placed
5435,7.7,1,2,0,78.0,3.8,No,Yes,61.0,70.0,NotPlaced
3144,8.2,0,3,0,90.0,4.4,Yes,Yes,86.0,78.0,Placed
6138,7.5,1,1,2,78.0,4.3,Yes,No,58.0,70.0,Placed
6972,7.3,1,2,0,75.0,3.9,No,Yes,80.0,71.0,NotPlaced
2592,6.6,1,3,2,76.0,4.5,Yes,Yes,74.0,84.0,Placed
555,8.2,0,3,0,76.0,4.7,Yes,Yes,77.0,66.0,NotPlaced
2556,8.2,1,3,2,89.0,4.5,Yes,Yes,84.0,88.0,Placed
8782,7.5,1,2,0,81.0,4.7,No,Yes,56.0,69.0,NotPlaced
5503,6.6,1,1,0,81.0,4.4,Yes,Yes,74.0,75.0,NotPlaced
4059,7.2,0,1,0,73.0,4.1,No,Yes,55.0,69.0,Placed
4336,8.4,2,3,2,90.0,4.5,Yes,Yes,73.0,82.0,Placed
8771,8.2,1,1,1,79.0,4.1,Yes,Yes,58.0,83.0,NotPlaced
1787,7.5,1,3,0,88.0,4.8,Yes,No,82.0,85.0,Placed
3936,7.5,1,1,0,84.0,4.2,No,Yes,56.0,69.0,NotPlaced
1970,7.8,1,1,0,66.0,4.6,No,No,57.0,67.0,NotPlaced
4877,7.6,2,3,2,81.0,4.3,Yes,Yes,86.0,69.0,Placed
1334,7.5,0,1,0,80.0,4.5,No,No,58.0,67.0,NotPlaced
7835,6.5,1,3,1,76.0,4.1,Yes,Yes,55.0,74.0,NotPlaced
3989,6.5,1,1,1,82.0,4.1,No,No,65.0,65.0,NotPlaced
2272,7.8,2,3,0,75.0,4.5,Yes,Yes,72.0,81.0,Placed
8461,8.2,1,3,2,85.0,4.6,Yes,Yes,79.0,86.0,Placed
1480,7.6,0,1,0,65.0,3.4,No,No,59.0,72.0,NotPlaced
8240,6.6,0,1,1,66.0,3.8,No,No,62.0,58.0,NotPlaced
9051,7.1,1,1,0,63.0,4.2,No,Yes,55.0,69.0,NotPlaced
3875,7.4,1,1,0,78.0,4.4,No,No,69.0,62.0,NotPlaced
2502,7.8,0,2,0,80.0,4.1,No,Yes,60.0,83.0,Placed
59,8.0,1,1,0,86.0,4.2,No,No,55.0,83.0,NotPlaced
4826,7.4,0,2,1,79.0,4.6,No,Yes,61.0,67.0,NotPlaced
5200,6.5,0,1,0,69.0,3.6,No,Yes,71.0,72.0,NotPlaced
8919,7.4,2,3,1,78.0,4.7,No,Yes,55.0,84.0,NotPlaced
7310,8.5,0,1,0,73.0,4.3,Yes,Yes,73.0,67.0,NotPlaced
1911,7.5,1,1,0,64.0,3.4,No,No,56.0,66.0,NotPlaced
3501,6.5,1,2,0,69.0,4.0,No,No,58.0,72.0,NotPlaced
9097,7.8,2,2,2,88.0,4.3,Yes,Yes,75.0,82.0,NotPlaced
4460,8.1,0,2,0,78.0,4.0,No,No,58.0,68.0,NotPlaced
764,7.6,1,1,0,70.0,3.5,No,No,63.0,62.0,NotPlaced
6105,6.7,1,1,1,71.0,4.0,No,Yes,59.0,66.0,NotPlaced
9502,8.0,2,3,2,90.0,4.6,Yes,Yes,73.0,85.0,Placed
5274,6.5,1,1,0,76.0,4.5,Yes,Yes,55.0,65.0,Placed
7076,8.5,1,2,2,90.0,4.8,Yes,Yes,80.0,83.0,Placed
3741,7.0,1,1,0,62.0,4.2,Yes,Yes,69.0,77.0,NotPlaced
3048,8.3,1,2,2,78.0,4.4,Yes,Yes,76.0,85.0,Placed
2793,8.5,1,2,0,87.0,4.7,No,Yes,55.0,70.0,Placed
7748,6.7,0,1,1,76.0,3.9,No,Yes,55.0,65.0,NotPlaced
8678,7.7,1,3,0,80.0,4.8,Yes,Yes,73.0,82.0,NotPlaced
945,7.2,0,2,2,90.0,4.8,Yes,Yes,82.0,75.0,Placed
2198,7.6,0,2,2,78.0,4.4,Yes,Yes,80.0,71.0,NotPlaced
769,8.0,2,3,2,90.0,4.8,Yes,Yes,87.0,88.0,Placed
6671,8.4,1,3,0,88.0,4.1,Yes,Yes,87.0,85.0,Placed
1456,7.4,2,1,0,79.0,4.8,No,Yes,60.0,68.0,NotPlaced
1829,8.1,2,3,2,74.0,4.2,Yes,Yes,61.0,82.0,Placed
2064,8.8,0,3,2,89.0,4.5,Yes,Yes,77.0,87.0,Placed
4430,6.5,1,2,0,70.0,3.9,No,Yes,63.0,63.0,NotPlaced
6685,8.4,1,3,2,86.0,4.4,Yes,No,79.0,76.0,NotPlaced
1397,8.3,0,3,2,89.0,4.5,Yes,Yes,85.0,84.0,Placed
7240,8.2,2,3,2,81.0,4.8,Yes,Yes,81.0,83.0,Placed
3781,6.6,1,1,0,83.0,3.7,Yes,Yes,74.0,76.0,Placed
1803,8.7,2,3,2,88.0,4.8,Yes,Yes,79.0,83.0,NotPlaced
1346,8.3,1,3,0,90.0,4.1,Yes,Yes,82.0,81.0,Placed
5084,7.0,0,1,0,75.0,3.8,Yes,No,59.0,72.0,NotPlaced
1304,8.6,1,3,2,90.0,4.6,Yes,Yes,85.0,84.0,Placed
9021,7.5,1,1,0,82.0,4.5,No,Yes,62.0,72.0,NotPlaced
9929,8.3,2,3,2,90.0,4.8,Yes,Yes,82.0,84.0,Placed
9824,7.4,1,1,0,73.0,4.1,No,Yes,55.0,67.0,NotPlaced
924,7.2,1,1,0,78.0,4.2,No,No,65.0,74.0,NotPlaced
4509,8.1,2,3,0,90.0,4.4,No,Yes,78.0,86.0,Placed
8759,8.3,2,3,2,90.0,4.8,Yes,Yes,83.0,85.0,Placed
4057,8.6,1,2,0,72.0,4.4,No,Yes,76.0,57.0,NotPlaced
9846,8.0,2,3,2,90.0,4.8,Yes,Yes,81.0,88.0,Placed
2585,8.8,2,3,2,85.0,4.7,Yes,No,86.0,86.0,Placed
6170,7.7,1,3,2,76.0,4.8,No,Yes,68.0,87.0,Placed
1201,6.7,1,1,2,90.0,4.2,Yes,No,79.0,88.0,NotPlaced
4754,8.4,0,3,0,83.0,4.5,Yes,Yes,85.0,67.0,Placed
4606,7.6,1,2,0,73.0,4.2,Yes,Yes,58.0,72.0,NotPlaced
4463,8.0,1,3,2,79.0,4.8,Yes,Yes,83.0,85.0,Placed
5812,7.5,0,1,0,79.0,3.6,No,Yes,77.0,72.0,NotPlaced
5719,7.9,2,3,2,87.0,4.8,Yes,Yes,83.0,69.0,Placed
366,8.2,1,1,1,79.0,4.6,No,Yes,55.0,61.0,NotPlaced
4458,7.5,0,3,0,88.0,4.0,No,Yes,71.0,86.0,NotPlaced
1032,7.9,1,1,0,81.0,4.6,Yes,No,61.0,68.0,Placed
4342,7.9,1,1,1,69.0,3.9,No,No,62.0,60.0,NotPlaced
7004,8.8,2,3,2,90.0,4.8,Yes,Yes,71.0,84.0,Placed
2101,6.7,1,2,0,74.0,4.0,No,Yes,56.0,66.0,NotPlaced
706,7.8,0,1,0,78.0,4.0,Yes,No,64.0,69.0,NotPlaced
3852,7.5,0,2,2,80.0,4.8,No,Yes,55.0,70.0,Placed
432,8.1,2,3,2,90.0,4.5,Yes,Yes,78.0,81.0,Placed
8108,7.6,1,3,1,73.0,4.8,No,Yes,62.0,73.0,Placed
9734,7.0,1,1,1,72.0,3.8,No,No,55.0,68.0,NotPlaced
5481,7.6,1,2,2,75.0,4.6,No,No,61.0,64.0,NotPlaced
556,8.3,2,3,2,88.0,4.7,Yes,Yes,70.0,85.0,Placed
8208,8.3,0,1,1,72.0,3.8,No,No,58.0,67.0,NotPlaced
7072,7.4,1,1,0,69.0,3.6,No,Yes,55.0,70.0,NotPlaced
5357,8.3,2,2,2,89.0,4.0,Yes,Yes,78.0,85.0,Placed
3788,8.1,2,3,2,90.0,4.8,Yes,Yes,88.0,87.0,Placed
6067,8.3,0,3,1,88.0,4.2,Yes,Yes,69.0,86.0,Placed
9990,8.3,2,3,0,90.0,4.6,Yes,No,78.0,79.0,Placed
2432,7.4,1,1,1,69.0,3.9,Yes,Yes,63.0,66.0,NotPlaced
8836,8.0,2,3,2,90.0,4.8,Yes,Yes,75.0,83.0,Placed
3014,6.5,2,3,0,88.0,4.5,No,No,79.0,62.0,NotPlaced
9871,7.5,0,2,0,62.0,4.3,No,Yes,81.0,69.0,NotPlaced
7160,8.1,2,1,1,78.0,4.4,Yes,Yes,77.0,67.0,NotPlaced
4134,7.5,1,2,1,69.0,3.2,No,Yes,55.0,65.0,NotPlaced
7981,8.3,0,3,0,90.0,4.6,Yes,Yes,81.0,88.0,Placed
3709,7.6,1,2,1,84.0,4.4,No,Yes,68.0,70.0,NotPlaced
5995,6.5,1,3,0,72.0,4.6,Yes,Yes,85.0,69.0,Placed
7931,8.3,2,3,2,90.0,4.8,Yes,Yes,90.0,81.0,Placed
7361,7.3,1,1,0,70.0,4.3,No,Yes,63.0,76.0,NotPlaced
4282,6.6,1,1,0,72.0,4.2,No,No,55.0,61.0,NotPlaced
1668,8.0,0,3,0,89.0,4.4,Yes,No,79.0,85.0,Placed
5277,8.2,1,1,1,81.0,4.8,No,Yes,60.0,60.0,Placed
4949,8.5,2,3,2,83.0,4.6,Yes,Yes,73.0,81.0,Placed
1160,6.5,1,1,0,71.0,4.1,No,No,55.0,66.0,NotPlaced
9198,8.1,1,2,2,85.0,4.4,No,Yes,72.0,84.0,NotPlaced
350,7.5,2,1,0,83.0,4.6,Yes,No,58.0,81.0,NotPlaced
9341,8.2,1,3,0,86.0,4.8,Yes,Yes,88.0,86.0,Placed
9482,7.9,1,2,2,78.0,3.9,Yes,Yes,75.0,70.0,NotPlaced
8159,7.0,1,1,0,79.0,4.3,No,No,55.0,70.0,NotPlaced
4623,8.2,2,3,3,90.0,4.2,Yes,Yes,78.0,77.0,NotPlaced
6751,8.7,2,3,2,87.0,4.6,Yes,Yes,77.0,81.0,Placed
5327,7.9,0,2,1,87.0,4.4,No,No,71.0,70.0,NotPlaced
5271,6.9,1,3,0,90.0,3.8,Yes,Yes,80.0,78.0,Placed
584,7.8,0,1,1,77.0,4.1,Yes,Yes,55.0,70.0,NotPlaced
2956,8.3,1,3,2,74.0,4.7,Yes,Yes,78.0,84.0,NotPlaced
496,8.8,1,3,2,88.0,4.8,Yes,Yes,79.0,86.0,Placed
7557,7.6,0,2,1,77.0,4.7,Yes,Yes,76.0,65.0,NotPlaced
1842,7.3,0,1,1,74.0,3.8,No,Yes,60.0,65.0,NotPlaced
174,8.0,1,1,1,78.0,4.4,No,No,66.0,68.0,NotPlaced
4472,8.3,0,2,2,77.0,3.8,Yes,Yes,55.0,74.0,NotPlaced
4141,8.4,2,3,2,90.0,4.8,Yes,Yes,74.0,86.0,Placed
2900,8.6,1,1,2,87.0,3.9,Yes,Yes,84.0,84.0,Placed
5555,8.4,2,3,2,90.0,4.8,Yes,Yes,75.0,88.0,Placed
2373,8.3,0,3,0,88.0,3.4,Yes,Yes,76.0,87.0,Placed
1144,8.3,2,3,2,81.0,4.8,Yes,Yes,70.0,85.0,Placed
8495,8.5,2,3,0,87.0,4.6,Yes,Yes,86.0,85.0,Placed
2156,8.4,2,3,2,90.0,4.8,Yes,No,72.0,85.0,Placed
4410,6.8,1,2,0,73.0,4.3,No,Yes,79.0,62.0,Placed
3052,8.6,1,3,0,77.0,4.0,No,Yes,55.0,70.0,NotPlaced
288,7.6,0,3,3,75.0,4.3,Yes,Yes,82.0,87.0,Placed
5661,6.5,1,1,1,85.0,4.8,No,Yes,55.0,61.0,NotPlaced
7874,7.9,1,2,2,87.0,3.6,Yes,No,80.0,88.0,Placed
512,8.3,2,3,2,89.0,4.7,Yes,Yes,80.0,88.0,Placed
5599,8.5,2,3,2,89.0,4.8,Yes,Yes,81.0,78.0,Placed
1015,8.0,2,2,2,83.0,3.3,Yes,Yes,65.0,69.0,NotPlaced
8,7.7,2,1,0,85.0,3.5,Yes,Yes,59.0,72.0,NotPlaced
5717,6.5,1,2,1,68.0,4.8,No,No,55.0,68.0,NotPlaced
1903,7.7,0,1,1,78.0,4.1,No,No,58.0,75.0,NotPlaced
5089,7.8,1,3,1,77.0,3.6,No,Yes,55.0,64.0,NotPlaced
9259,8.1,2,1,0,87.0,4.0,Yes,Yes,75.0,88.0,NotPlaced
574,8.2,2,3,2,90.0,4.7,Yes,Yes,85.0,80.0,Placed
3953,8.3,2,3,2,89.0,4.6,No,Yes,79.0,86.0,NotPlaced
5487,7.2,1,1,1,68.0,3.4,No,No,55.0,63.0,NotPlaced
6256,6.6,1,1,0,61.0,3.0,No,No,67.0,70.0,NotPlaced
4605,7.1,1,1,1,66.0,4.2,No,No,55.0,65.0,NotPlaced
662,7.3,1,1,0,90.0,4.6,Yes,No,76.0,62.0,NotPlaced
6386,8.2,2,3,2,87.0,4.7,Yes,Yes,86.0,71.0,Placed
8429,6.9,1,1,1,64.0,4.6,No,No,55.0,61.0,NotPlaced
2715,6.5,1,1,1,79.0,4.2,Yes,Yes,82.0,69.0,Placed
6928,8.2,1,3,0,90.0,4.7,Yes,Yes,68.0,60.0,Placed
7652,8.6,1,1,2,90.0,4.7,Yes,Yes,76.0,85.0,Placed
7583,6.5,2,1,0,69.0,3.7,No,No,55.0,68.0,NotPlaced
9274,8.5,2,2,2,90.0,4.4,Yes,Yes,70.0,84.0,Placed
3751,8.1,1,2,0,79.0,4.5,Yes,Yes,65.0,76.0,NotPlaced
878,6.5,0,1,0,65.0,3.5,No,Yes,55.0,71.0,NotPlaced
6832,8.5,2,3,2,90.0,4.8,Yes,Yes,80.0,80.0,NotPlaced
4151,8.2,2,3,2,83.0,4.3,Yes,Yes,85.0,81.0,Placed
9421,6.6,0,1,0,69.0,4.5,Yes,Yes,69.0,64.0,NotPlaced
4254,8.2,1,3,2,87.0,4.6,Yes,Yes,78.0,82.0,Placed
199,7.6,1,1,1,82.0,4.8,Yes,Yes,79.0,86.0,Placed
6522,7.5,0,3,0,89.0,3.9,No,Yes,77.0,76.0,Placed
408,8.3,2,1,0,81.0,4.1,Yes,Yes,76.0,83.0,NotPlaced
9918,7.4,1,2,0,70.0,4.3,No,Yes,55.0,71.0,NotPlaced
965,6.5,1,1,1,62.0,3.4,No,Yes,69.0,70.0,NotPlaced
6117,7.6,1,2,1,64.0,3.7,No,Yes,63.0,76.0,Placed
3348,7.6,1,1,1,67.0,4.5,No,No,55.0,74.0,NotPlaced
8670,6.6,1,3,2,90.0,4.6,Yes,Yes,73.0,65.0,NotPlaced
1239,8.4,1,3,2,87.0,4.8,No,Yes,77.0,84.0,Placed
6769,8.3,1,2,0,70.0,4.3,Yes,Yes,72.0,81.0,NotPlaced
3559,6.9,1,2,0,79.0,4.2,Yes,Yes,77.0,63.0,NotPlaced
2905,6.7,1,1,0,76.0,4.2,No,Yes,55.0,66.0,NotPlaced
7407,6.7,1,1,2,74.0,4.3,Yes,No,62.0,72.0,Placed
4932,6.5,1,2,1,79.0,4.1,No,Yes,60.0,60.0,NotPlaced
8384,7.4,1,3,2,80.0,4.4,Yes,Yes,73.0,72.0,Placed
3283,8.7,1,1,0,83.0,4.3,No,No,66.0,70.0,Placed
3473,7.4,1,1,0,70.0,3.7,No,Yes,61.0,72.0,NotPlaced
7831,6.5,1,1,1,78.0,4.3,No,Yes,77.0,69.0,NotPlaced
1848,7.8,2,3,1,90.0,4.6,Yes,No,87.0,84.0,Placed
1462,6.5,1,1,1,83.0,4.1,No,Yes,81.0,66.0,Placed
8166,6.5,0,1,0,76.0,4.7,No,Yes,59.0,68.0,NotPlaced
9746,8.9,0,3,0,83.0,4.8,Yes,Yes,80.0,85.0,Placed
2718,8.4,0,3,0,86.0,4.6,Yes,Yes,90.0,83.0,Placed
5362,8.5,2,3,2,90.0,4.8,Yes,Yes,79.0,86.0,Placed
4796,7.4,1,2,0,79.0,4.2,No,Yes,79.0,71.0,Placed
5876,8.6,2,3,2,84.0,4.8,Yes,Yes,79.0,87.0,Placed
8920,8.7,2,2,0,89.0,4.5,No,Yes,78.0,71.0,Placed
3613,8.2,2,2,2,87.0,4.4,Yes,Yes,78.0,83.0,Placed
4177,8.3,1,3,1,90.0,4.8,Yes,Yes,70.0,79.0,Placed
9314,8.5,2,3,2,90.0,4.7,Yes,Yes,77.0,86.0,Placed
3400,7.5,1,3,0,71.0,4.0,No,No,64.0,85.0,NotPlaced
5281,8.4,1,2,0,81.0,4.1,No,Yes,81.0,71.0,Placed
5733,6.5,1,2,0,66.0,4.2,No,Yes,59.0,64.0,NotPlaced
9243,7.5,1,2,0,73.0,3.5,Yes,Yes,84.0,66.0,NotPlaced
7777,8.1,1,3,2,87.0,4.5,Yes,Yes,81.0,88.0,Placed
5301,6.5,1,3,0,86.0,4.3,Yes,Yes,76.0,87.0,NotPlaced
5457,7.7,1,2,0,88.0,4.1,Yes,Yes,55.0,64.0,NotPlaced
9691,8.1,0,1,1,71.0,4.4,No,No,85.0,66.0,NotPlaced
1523,7.7,1,2,1,78.0,4.6,No,Yes,55.0,60.0,NotPlaced
6565,8.0,0,3,2,90.0,4.8,Yes,Yes,71.0,83.0,Placed
8239,7.4,1,1,1,72.0,4.0,No,No,55.0,69.0,NotPlaced
8741,7.3,1,1,0,79.0,4.5,No,Yes,55.0,67.0,NotPlaced
6384,6.5,1,2,1,70.0,3.9,Yes,Yes,74.0,85.0,NotPlaced
7967,6.5,0,1,0,64.0,4.1,No,No,63.0,70.0,NotPlaced
1072,7.9,0,3,1,86.0,4.6,Yes,No,77.0,80.0,Placed
7336,7.8,1,2,1,68.0,3.9,No,No,61.0,63.0,NotPlaced
8739,7.3,1,1,0,77.0,4.0,No,Yes,55.0,59.0,NotPlaced
6342,7.4,1,2,2,84.0,4.2,Yes,Yes,55.0,86.0,NotPlaced
3134,7.2,1,1,0,76.0,4.0,No,Yes,65.0,68.0,NotPlaced
4592,6.5,1,2,0,71.0,4.3,No,No,59.0,72.0,NotPlaced
5780,8.6,1,3,0,82.0,4.3,Yes,Yes,71.0,82.0,Placed
4725,8.3,2,3,2,90.0,4.4,Yes,Yes,84.0,86.0,Placed
5913,8.2,1,3,2,90.0,4.8,Yes,Yes,80.0,81.0,Placed
5378,7.3,1,1,0,76.0,4.4,No,Yes,62.0,70.0,NotPlaced
8456,7.4,1,3,2,76.0,3.7,Yes,Yes,74.0,83.0,NotPlaced
7531,6.5,1,1,0,70.0,4.1,No,No,65.0,72.0,NotPlaced
4361,7.5,1,1,1,74.0,4.6,No,Yes,57.0,69.0,NotPlaced
5875,7.5,0,1,0,72.0,3.9,No,Yes,65.0,70.0,NotPlaced
7810,7.2,1,1,0,61.0,4.4,No,Yes,57.0,77.0,NotPlaced
1288,8.2,1,2,0,82.0,3.9,Yes,Yes,75.0,86.0,NotPlaced
6698,7.6,1,1,0,77.0,4.1,No,Yes,57.0,67.0,Placed
9323,7.9,2,3,2,90.0,4.8,Yes,Yes,81.0,87.0,Placed
485,6.5,1,1,0,74.0,3.9,No,No,70.0,67.0,NotPlaced
2820,7.8,1,2,0,75.0,4.5,No,Yes,55.0,71.0,Placed
5759,7.3,1,1,1,72.0,3.5,No,Yes,55.0,67.0,NotPlaced
5802,8.0,0,1,0,75.0,3.8,Yes,No,57.0,64.0,NotPlaced
603,8.5,2,3,0,89.0,4.8,Yes,Yes,79.0,80.0,Placed
3587,7.5,1,2,1,73.0,4.2,Yes,Yes,76.0,71.0,NotPlaced
7554,7.8,1,1,1,63.0,4.1,No,Yes,55.0,67.0,NotPlaced
3417,7.7,2,3,0,83.0,4.6,Yes,No,80.0,75.0,NotPlaced
6982,7.9,2,1,0,73.0,4.4,Yes,No,66.0,57.0,Placed
6926,8.4,0,3,0,77.0,4.6,Yes,Yes,79.0,84.0,Placed
2762,8.0,0,3,2,87.0,4.5,Yes,Yes,83.0,81.0,Placed
6858,8.4,1,3,2,88.0,4.8,Yes,Yes,73.0,84.0,NotPlaced
7563,6.7,0,2,0,75.0,4.2,No,Yes,55.0,64.0,NotPlaced
6028,7.1,0,1,1,69.0,3.7,Yes,No,61.0,66.0,NotPlaced
4758,8.9,2,2,0,90.0,4.8,Yes,Yes,72.0,87.0,Placed
6606,8.6,2,3,2,90.0,4.8,Yes,Yes,67.0,85.0,NotPlaced
1640,9.0,0,2,2,86.0,4.5,Yes,Yes,78.0,86.0,Placed
1493,7.5,1,3,1,72.0,4.5,Yes,Yes,79.0,83.0,Placed
4094,8.5,1,3,3,86.0,4.8,Yes,Yes,78.0,73.0,Placed
6198,7.7,1,1,0,72.0,4.1,No,No,62.0,65.0,Placed
3078,7.7,1,1,1,90.0,4.1,No,Yes,75.0,71.0,Placed
3504,7.6,1,1,0,65.0,3.1,No,No,58.0,69.0,NotPlaced
9797,6.6,1,1,1,64.0,4.1,Yes,No,55.0,69.0,NotPlaced
8501,6.7,1,1,0,74.0,3.7,No,Yes,55.0,67.0,NotPlaced
517,7.3,1,1,1,69.0,4.2,No,No,55.0,65.0,NotPlaced
8964,7.7,2,2,2,75.0,4.2,No,Yes,71.0,83.0,NotPlaced
995,8.6,2,3,0,89.0,4.8,Yes,Yes,83.0,85.0,Placed
5275,6.8,1,2,0,71.0,4.3,Yes,Yes,60.0,59.0,NotPlaced
6819,7.5,0,1,0,81.0,4.7,No,Yes,55.0,70.0,NotPlaced
9996,7.5,1,1,2,72.0,3.9,Yes,No,85.0,66.0,NotPlaced
528,8.2,1,1,0,70.0,4.2,No,No,55.0,62.0,NotPlaced
2573,8.1,0,3,2,87.0,4.8,Yes,No,90.0,83.0,Placed
365,7.5,0,3,2,90.0,4.8,Yes,Yes,82.0,81.0,Placed
7041,8.6,1,3,2,70.0,4.3,Yes,Yes,80.0,87.0,Placed
9414,7.4,1,1,0,79.0,3.8,Yes,No,60.0,60.0,NotPlaced
5076,8.5,2,3,2,77.0,4.5,Yes,Yes,81.0,85.0,Placed
6814,8.0,1,1,0,80.0,4.4,Yes,Yes,73.0,76.0,NotPlaced
4313,8.6,2,3,2,90.0,4.8,Yes,No,82.0,87.0,Placed
7796,8.5,2,3,2,90.0,4.8,Yes,Yes,83.0,85.0,Placed
3325,8.3,1,3,2,90.0,4.8,No,Yes,79.0,87.0,Placed
8033,8.0,1,3,2,90.0,4.7,Yes,Yes,74.0,84.0,Placed
9224,6.5,0,2,2,81.0,4.6,Yes,Yes,79.0,69.0,Placed
1721,7.6,1,2,1,74.0,4.4,Yes,Yes,73.0,72.0,Placed
804,7.7,1,1,0,79.0,3.9,No,Yes,55.0,72.0,NotPlaced
2604,7.3,1,1,0,62.0,4.1,No,No,57.0,73.0,NotPlaced
9884,8.4,2,3,2,84.0,4.8,Yes,Yes,60.0,84.0,Placed
7195,7.6,1,1,1,71.0,4.1,Yes,Yes,62.0,79.0,NotPlaced
671,7.3,1,1,1,88.0,4.1,No,No,55.0,68.0,NotPlaced
1082,7.8,0,1,0,79.0,4.1,No,Yes,58.0,65.0,Placed
2845,8.4,2,3,2,79.0,4.4,Yes,No,80.0,79.0,NotPlaced
9576,7.4,2,3,2,83.0,4.2,No,Yes,79.0,71.0,NotPlaced
6667,7.1,1,3,2,72.0,3.8,Yes,No,57.0,62.0,NotPlaced
3263,8.6,1,2,2,80.0,4.8,Yes,Yes,73.0,80.0,NotPlaced
6816,8.1,0,3,2,89.0,4.8,Yes,Yes,78.0,83.0,Placed
1047,7.7,2,3,0,87.0,4.4,Yes,Yes,78.0,82.0,NotPlaced
4873,8.1,0,3,2,81.0,4.2,Yes,Yes,90.0,84.0,Placed
62,8.2,1,2,1,86.0,4.3,Yes,Yes,86.0,63.0,Placed
7281,8.2,2,3,2,90.0,4.8,Yes,Yes,82.0,84.0,Placed
1023,8.3,2,3,2,90.0,4.8,Yes,Yes,81.0,87.0,Placed
3487,7.0,1,1,2,75.0,4.4,Yes,No,59.0,68.0,NotPlaced
9122,8.4,2,3,1,84.0,4.5,Yes,Yes,83.0,79.0,Placed
1270,8.0,2,3,1,85.0,4.8,Yes,Yes,72.0,82.0,NotPlaced
6215,8.6,1,2,2,73.0,4.8,Yes,No,76.0,82.0,Placed
8252,7.5,2,1,1,78.0,4.3,No,Yes,55.0,71.0,NotPlaced
2229,8.0,1,3,2,90.0,4.7,Yes,Yes,72.0,84.0,NotPlaced
6056,7.6,1,3,1,79.0,3.9,Yes,Yes,70.0,85.0,Placed
9495,8.5,1,3,2,90.0,4.8,Yes,Yes,78.0,88.0,Placed
1695,7.5,1,1,1,80.0,4.6,No,No,63.0,70.0,NotPlaced
5844,8.0,1,3,2,90.0,4.3,Yes,Yes,66.0,85.0,Placed
1545,8.1,1,3,1,74.0,4.6,Yes,No,82.0,85.0,NotPlaced
9618,7.4,0,3,0,79.0,3.3,No,Yes,62.0,64.0,NotPlaced
732,7.9,2,3,2,90.0,4.8,Yes,Yes,82.0,84.0,Placed
1403,7.6,1,2,0,83.0,4.6,No,No,70.0,68.0,NotPlaced
9731,7.5,1,2,0,84.0,4.5,No,No,55.0,66.0,NotPlaced
4126,7.5,1,2,1,80.0,4.0,No,Yes,55.0,65.0,NotPlaced
7990,7.7,1,2,0,77.0,4.3,Yes,Yes,73.0,80.0,Placed
7779,8.4,1,1,1,74.0,3.8,Yes,No,69.0,76.0,NotPlaced
8337,7.9,2,3,2,82.0,4.8,Yes,Yes,90.0,84.0,Placed
2609,7.8,2,3,0,81.0,4.5,Yes,Yes,77.0,81.0,NotPlaced
349,6.5,2,3,0,79.0,3.7,Yes,Yes,68.0,86.0,NotPlaced
5800,8.0,0,2,2,87.0,4.7,Yes,No,72.0,83.0,NotPlaced
7471,8.2,1,3,1,79.0,4.6,Yes,Yes,73.0,84.0,NotPlaced
5647,8.3,1,3,1,73.0,4.7,Yes,No,71.0,65.0,NotPlaced
799,7.6,0,1,0,65.0,4.1,No,No,55.0,68.0,NotPlaced
1031,8.2,1,2,0,83.0,4.8,Yes,No,65.0,71.0,Placed
4128,8.5,1,3,2,87.0,4.4,Yes,Yes,82.0,82.0,Placed
1758,7.5,1,1,0,83.0,4.4,No,Yes,55.0,70.0,NotPlaced
4292,6.7,1,2,0,63.0,3.7,No,No,55.0,62.0,NotPlaced
2117,8.3,1,3,2,90.0,4.8,Yes,Yes,87.0,88.0,Placed
321,7.5,0,2,1,66.0,4.5,No,Yes,61.0,71.0,Placed
4305,7.5,1,2,2,75.0,4.3,No,Yes,76.0,85.0,Placed
6276,7.7,1,2,0,82.0,4.1,No,Yes,57.0,68.0,NotPlaced
2597,7.5,1,2,1,77.0,4.6,Yes,Yes,84.0,65.0,NotPlaced
8965,8.4,2,2,2,84.0,4.7,Yes,Yes,85.0,82.0,Placed
3761,8.4,2,3,2,90.0,4.8,Yes,Yes,71.0,85.0,Placed
608,7.7,1,1,1,78.0,4.2,Yes,Yes,66.0,67.0,NotPlaced
8426,7.3,1,2,1,73.0,4.0,No,No,56.0,75.0,NotPlaced
4372,8.2,1,3,2,90.0,4.6,Yes,Yes,75.0,82.0,Placed
1450,7.3,1,2,3,90.0,4.4,No,Yes,64.0,83.0,Placed
2104,6.5,1,2,0,77.0,3.5,No,Yes,57.0,68.0,Placed
5491,8.1,0,1,0,83.0,4.3,Yes,Yes,68.0,71.0,Placed
387,7.9,1,2,1,76.0,4.1,Yes,Yes,57.0,66.0,NotPlaced
6953,6.7,2,3,0,76.0,4.2,No,Yes,78.0,85.0,NotPlaced
5703,7.5,0,2,2,73.0,4.8,Yes,Yes,64.0,83.0,Placed
2807,6.7,1,1,0,74.0,3.9,Yes,Yes,74.0,66.0,NotPlaced
4160,7.5,1,1,1,73.0,4.1,No,Yes,55.0,75.0,NotPlaced
4947,6.5,0,1,0,60.0,3.9,No,No,64.0,66.0,NotPlaced
2654,7.3,1,1,1,67.0,3.4,No,No,55.0,68.0,NotPlaced
5157,8.1,0,3,2,87.0,4.2,Yes,Yes,67.0,84.0,Placed
2385,7.5,1,2,0,81.0,4.8,Yes,Yes,55.0,79.0,NotPlaced
8124,7.6,1,3,0,77.0,4.3,Yes,Yes,70.0,83.0,NotPlaced
8601,7.9,1,3,2,90.0,4.5,Yes,Yes,87.0,85.0,Placed
9534,8.4,2,3,2,86.0,4.2,Yes,Yes,81.0,68.0,Placed
3792,7.5,1,1,1,73.0,4.1,Yes,No,59.0,79.0,NotPlaced
2748,7.9,1,2,1,70.0,4.3,No,Yes,58.0,71.0,NotPlaced
8735,6.5,1,3,0,81.0,3.8,No,Yes,63.0,57.0,NotPlaced
1899,6.9,1,3,1,84.0,4.4,Yes,Yes,73.0,88.0,Placed
8883,6.6,1,3,2,79.0,4.6,Yes,Yes,78.0,75.0,Placed
5534,8.2,2,2,2,80.0,4.5,Yes,Yes,80.0,85.0,Placed
3290,7.4,1,1,1,66.0,4.2,No,Yes,56.0,62.0,NotPlaced
795,8.4,1,3,2,68.0,3.6,Yes,Yes,72.0,61.0,Placed
7390,8.2,0,3,1,90.0,4.8,Yes,No,61.0,75.0,NotPlaced
1724,8.8,1,3,0,72.0,4.1,Yes,Yes,74.0,74.0,Placed
9716,7.4,1,2,1,68.0,3.3,No,No,55.0,67.0,NotPlaced
4772,6.6,0,1,0,63.0,4.2,No,No,61.0,70.0,NotPlaced
4519,8.1,2,3,0,75.0,3.5,Yes,Yes,70.0,64.0,NotPlaced
9256,7.7,0,1,0,73.0,4.3,Yes,Yes,57.0,65.0,Placed
8811,7.5,1,2,0,78.0,4.4,Yes,Yes,61.0,71.0,NotPlaced
7260,8.5,2,3,2,90.0,4.8,Yes,Yes,79.0,88.0,Placed
5179,6.5,0,1,1,67.0,3.1,No,No,61.0,61.0,NotPlaced
394,7.3,1,1,0,79.0,4.1,Yes,No,57.0,64.0,NotPlaced
108,6.5,0,1,0,82.0,4.4,No,No,65.0,69.0,NotPlaced
4173,6.9,0,2,0,73.0,4.3,No,No,80.0,66.0,NotPlaced
4162,8.4,2,3,2,90.0,4.8,Yes,Yes,88.0,82.0,Placed
9513,8.2,1,2,1,71.0,4.6,Yes,Yes,87.0,85.0,NotPlaced
6959,8.0,0,1,0,82.0,4.3,No,Yes,72.0,65.0,NotPlaced
4278,7.5,0,3,0,65.0,4.3,Yes,Yes,79.0,84.0,NotPlaced
7955,8.2,1,1,2,71.0,4.2,Yes,Yes,77.0,83.0,NotPlaced
7038,7.8,1,3,1,70.0,4.3,No,No,65.0,61.0,NotPlaced
8891,7.5,1,2,2,87.0,3.9,Yes,Yes,81.0,70.0,NotPlaced
6853,7.6,1,1,1,72.0,4.5,No,No,55.0,66.0,NotPlaced
8174,7.9,2,3,2,90.0,4.6,Yes,Yes,75.0,87.0,Placed
9162,7.5,1,1,0,83.0,4.4,No,No,83.0,61.0,NotPlaced
9794,8.3,0,2,0,77.0,4.1,Yes,No,60.0,79.0,NotPlaced
3737,8.0,1,3,2,85.0,4.6,Yes,Yes,71.0,86.0,Placed
5596,7.5,1,2,1,75.0,3.7,No,Yes,56.0,68.0,NotPlaced
911,7.8,2,3,0,82.0,4.3,Yes,Yes,72.0,88.0,Placed
7536,8.5,1,2,0,84.0,4.5,Yes,Yes,77.0,81.0,NotPlaced
2532,7.3,1,1,2,76.0,4.3,No,No,55.0,70.0,Placed
2979,8.1,0,2,0,75.0,4.3,Yes,Yes,60.0,72.0,NotPlaced
6826,7.8,1,3,2,73.0,4.1,Yes,Yes,73.0,81.0,Placed
9736,6.5,1,3,2,85.0,4.8,Yes,Yes,74.0,82.0,NotPlaced
8435,7.9,0,1,0,80.0,4.8,No,Yes,83.0,69.0,NotPlaced
1139,7.8,2,3,2,90.0,4.7,Yes,Yes,80.0,86.0,Placed
8974,7.7,0,1,1,72.0,4.1,No,Yes,55.0,64.0,NotPlaced
2984,7.8,0,2,1,65.0,4.3,Yes,No,56.0,67.0,Placed
3550,8.5,1,3,2,82.0,4.8,Yes,Yes,76.0,82.0,Placed
6327,8.0,0,0,1,85.0,4.8,Yes,Yes,67.0,83.0,NotPlaced
9737,8.2,1,1,1,74.0,4.6,Yes,No,64.0,67.0,NotPlaced
6754,7.8,1,3,0,83.0,4.8,Yes,Yes,70.0,85.0,NotPlaced
6580,7.8,1,2,1,74.0,4.3,No,No,55.0,68.0,NotPlaced
6478,8.3,1,3,1,82.0,4.4,Yes,Yes,72.0,81.0,Placed
8202,8.0,2,3,3,90.0,4.8,Yes,Yes,78.0,85.0,Placed
9312,7.3,1,1,1,70.0,3.9,No,No,59.0,62.0,NotPlaced
7082,8.8,0,3,0,90.0,4.4,Yes,Yes,78.0,85.0,NotPlaced
1360,6.7,1,1,1,69.0,3.5,No,No,63.0,72.0,NotPlaced
3060,7.7,1,1,0,67.0,4.4,No,Yes,81.0,73.0,NotPlaced
1075,8.1,2,3,2,90.0,4.8,Yes,Yes,80.0,88.0,Placed
6629,7.3,2,1,1,87.0,4.2,Yes,No,90.0,65.0,NotPlaced
5712,8.3,1,3,2,90.0,4.8,Yes,Yes,84.0,83.0,Placed
8000,7.4,1,2,0,76.0,4.4,No,Yes,61.0,69.0,NotPlaced
3529,6.8,1,1,1,60.0,3.9,No,No,62.0,63.0,NotPlaced
8999,7.8,0,2,2,87.0,4.6,Yes,Yes,85.0,86.0,Placed
3039,8.3,1,2,2,87.0,4.3,Yes,Yes,81.0,88.0,Placed
1588,6.6,1,1,0,63.0,3.3,No,No,62.0,67.0,NotPlaced
3995,7.5,1,1,0,69.0,3.7,No,Yes,55.0,70.0,NotPlaced
5598,8.2,1,2,2,88.0,4.4,Yes,Yes,81.0,85.0,Placed
5592,8.1,0,3,1,86.0,4.7,Yes,Yes,63.0,79.0,Placed
3859,6.9,1,1,2,67.0,3.8,Yes,Yes,59.0,71.0,NotPlaced
5518,7.4,1,2,0,69.0,3.6,No,No,69.0,68.0,NotPlaced
7413,7.4,0,1,1,69.0,4.3,No,Yes,55.0,76.0,NotPlaced
8797,7.6,1,1,1,71.0,4.2,No,No,57.0,68.0,NotPlaced
2261,7.6,1,2,0,85.0,4.6,No,Yes,78.0,73.0,NotPlaced
2877,7.8,1,2,0,78.0,4.8,No,Yes,57.0,74.0,NotPlaced
2998,7.1,1,2,0,72.0,4.4,Yes,No,69.0,69.0,NotPlaced
627,7.4,1,1,2,80.0,4.3,Yes,Yes,55.0,66.0,NotPlaced
5871,7.7,1,1,1,89.0,4.4,No,No,55.0,63.0,NotPlaced
8889,8.4,1,3,2,90.0,4.8,Yes,Yes,82.0,87.0,Placed
4330,8.5,2,3,2,90.0,4.2,Yes,No,73.0,83.0,Placed
1331,7.5,0,1,0,60.0,3.7,No,No,55.0,67.0,NotPlaced
2045,7.8,0,2,0,89.0,3.9,Yes,Yes,70.0,74.0,NotPlaced
7067,7.6,1,3,0,82.0,4.8,Yes,Yes,61.0,75.0,Placed
5926,7.7,1,2,0,63.0,4.3,No,No,55.0,72.0,NotPlaced
8129,7.4,1,3,0,80.0,4.6,No,Yes,71.0,72.0,NotPlaced
884,7.1,1,2,0,77.0,3.7,Yes,Yes,71.0,69.0,Placed
209,8.3,2,3,3,90.0,4.5,Yes,Yes,70.0,88.0,Placed
7595,7.7,1,1,0,69.0,4.4,No,No,59.0,66.0,NotPlaced
9672,6.8,2,1,0,77.0,3.8,Yes,Yes,61.0,74.0,Placed
2670,8.6,2,3,2,90.0,4.8,Yes,Yes,75.0,78.0,Placed
6822,7.8,0,2,2,77.0,3.6,No,Yes,64.0,72.0,Placed
8554,8.1,0,3,2,90.0,4.8,Yes,Yes,78.0,86.0,Placed
4618,8.8,2,2,2,77.0,3.9,Yes,No,87.0,81.0,NotPlaced
1162,6.5,0,2,1,60.0,3.5,No,No,55.0,73.0,NotPlaced
3162,7.3,0,3,0,83.0,4.3,Yes,No,73.0,74.0,NotPlaced
8139,7.9,0,1,1,61.0,4.4,No,No,55.0,64.0,NotPlaced
4961,8.1,0,2,2,86.0,4.6,Yes,Yes,57.0,79.0,NotPlaced
6267,7.6,1,1,0,73.0,3.1,No,Yes,55.0,61.0,NotPlaced
2111,8.7,2,3,2,90.0,4.8,Yes,Yes,87.0,88.0,Placed
8002,8.1,2,3,2,90.0,4.6,Yes,Yes,79.0,84.0,Placed
310,7.4,1,2,1,75.0,4.3,No,Yes,55.0,85.0,NotPlaced
9290,7.4,1,1,0,87.0,3.7,No,Yes,80.0,76.0,NotPlaced
7742,8.4,1,3,3,90.0,4.8,Yes,Yes,76.0,86.0,Placed
8666,8.3,1,2,2,86.0,4.8,Yes,Yes,58.0,72.0,Placed
1939,7.6,0,1,0,67.0,4.3,Yes,Yes,59.0,69.0,NotPlaced
5296,7.8,1,3,1,80.0,4.8,Yes,No,61.0,81.0,NotPlaced
8667,8.0,1,3,1,90.0,4.8,Yes,Yes,79.0,87.0,Placed
6505,7.6,1,1,0,77.0,4.4,No,Yes,63.0,66.0,NotPlaced
1265,8.4,1,1,1,69.0,4.1,Yes,Yes,63.0,60.0,NotPlaced
2837,6.8,1,1,1,71.0,4.3,No,Yes,60.0,62.0,NotPlaced
3902,8.3,2,3,2,77.0,4.2,Yes,Yes,65.0,83.0,NotPlaced
5984,8.1,2,1,1,81.0,4.0,Yes,Yes,73.0,88.0,Placed
2769,6.5,0,2,2,77.0,4.6,No,Yes,72.0,83.0,NotPlaced
3376,8.2,1,2,2,90.0,4.8,Yes,Yes,74.0,86.0,Placed
9757,7.6,1,1,1,73.0,3.9,No,Yes,64.0,76.0,NotPlaced
5332,7.6,1,3,0,80.0,4.6,No,Yes,60.0,73.0,Placed
8401,8.2,1,3,0,82.0,4.7,Yes,Yes,78.0,85.0,Placed
8455,8.3,0,2,0,85.0,4.2,No,No,56.0,67.0,NotPlaced
4622,7.3,1,2,1,86.0,3.4,No,Yes,63.0,74.0,NotPlaced
2301,8.8,0,3,0,82.0,4.8,Yes,Yes,63.0,78.0,Placed
222,8.0,2,3,2,86.0,4.8,Yes,Yes,62.0,83.0,Placed
5766,7.7,1,3,3,84.0,4.7,Yes,Yes,78.0,73.0,NotPlaced
8441,8.5,2,3,2,90.0,4.8,Yes,Yes,70.0,86.0,Placed
448,7.7,0,3,2,89.0,4.4,Yes,Yes,82.0,85.0,Placed
2033,8.3,2,3,2,89.0,4.6,Yes,Yes,77.0,88.0,Placed
4558,8.6,2,3,1,90.0,4.3,Yes,Yes,71.0,82.0,Placed
1567,7.7,1,1,1,72.0,4.4,No,No,57.0,65.0,NotPlaced
8416,7.7,2,3,2,90.0,4.8,Yes,No,78.0,81.0,Placed
7820,8.3,2,3,2,90.0,4.8,Yes,Yes,87.0,81.0,NotPlaced
5447,8.1,1,3,0,78.0,4.0,Yes,Yes,66.0,82.0,NotPlaced
930,7.7,0,1,0,69.0,3.9,No,Yes,56.0,62.0,NotPlaced
6038,7.6,1,1,0,74.0,3.8,No,No,56.0,67.0,NotPlaced
5265,7.7,1,2,0,81.0,3.9,Yes,Yes,75.0,77.0,NotPlaced
8675,6.5,1,1,0,77.0,4.2,No,Yes,55.0,70.0,NotPlaced
9943,8.1,2,2,2,90.0,4.8,Yes,Yes,80.0,70.0,Placed
1284,8.5,2,3,2,90.0,4.1,Yes,Yes,74.0,81.0,Placed
8479,8.3,2,2,2,87.0,4.7,Yes,Yes,86.0,85.0,Placed
7233,7.4,1,1,1,75.0,3.5,No,No,68.0,83.0,NotPlaced
6615,6.5,1,1,1,81.0,4.3,No,Yes,67.0,70.0,NotPlaced
8550,7.7,2,3,2,82.0,4.8,Yes,Yes,80.0,87.0,NotPlaced
4957,7.4,1,2,1,71.0,4.1,No,Yes,62.0,72.0,NotPlaced
9581,8.0,2,3,2,86.0,4.8,Yes,No,80.0,68.0,NotPlaced
2004,7.3,1,2,2,75.0,4.6,Yes,Yes,77.0,74.0,Placed
6061,7.5,1,1,0,84.0,4.3,No,Yes,55.0,59.0,NotPlaced
6383,8.9,2,3,2,80.0,4.4,Yes,Yes,64.0,74.0,Placed
6686,8.6,1,3,2,90.0,4.8,No,Yes,78.0,83.0,NotPlaced
6550,6.9,0,1,0,72.0,4.6,No,Yes,55.0,67.0,NotPlaced
8386,6.5,0,2,2,82.0,4.3,Yes,Yes,82.0,88.0,NotPlaced
6866,8.8,2,3,2,90.0,4.8,Yes,Yes,70.0,83.0,Placed
5693,8.7,2,3,2,90.0,4.7,Yes,Yes,77.0,88.0,Placed
9293,7.6,1,1,2,90.0,4.4,No,Yes,81.0,73.0,NotPlaced
2097,8.2,2,2,2,82.0,4.7,Yes,No,75.0,68.0,Placed
6414,7.9,2,3,2,90.0,4.7,Yes,Yes,88.0,83.0,Placed
1363,7.6,1,2,0,78.0,4.4,No,No,80.0,79.0,NotPlaced
4343,8.3,0,3,1,90.0,4.6,Yes,Yes,87.0,88.0,Placed
5560,8.5,1,3,2,90.0,4.8,Yes,Yes,75.0,86.0,NotPlaced
3333,7.4,0,1,0,60.0,3.0,No,No,55.0,70.0,NotPlaced
7470,7.8,1,1,0,86.0,4.6,No,Yes,59.0,69.0,NotPlaced
2565,7.6,2,2,2,79.0,4.8,Yes,Yes,76.0,82.0,Placed
4407,6.5,1,2,0,80.0,3.8,No,Yes,55.0,60.0,NotPlaced
5845,7.8,1,3,2,87.0,4.8,Yes,Yes,67.0,88.0,Placed
3119,8.1,1,2,1,85.0,4.7,No,Yes,55.0,80.0,NotPlaced
3717,8.7,1,1,2,80.0,3.6,No,Yes,58.0,73.0,Placed
9070,6.5,1,2,0,76.0,3.7,No,No,56.0,67.0,NotPlaced
7768,6.8,0,1,0,60.0,3.9,No,No,67.0,61.0,NotPlaced
9030,7.7,1,1,2,76.0,4.6,No,Yes,76.0,66.0,NotPlaced
8050,7.9,0,3,2,83.0,4.8,Yes,Yes,73.0,79.0,Placed
3032,8.0,1,3,2,88.0,3.9,No,No,88.0,71.0,Placed
1876,7.7,2,1,1,80.0,4.7,Yes,Yes,56.0,85.0,Placed
3010,8.2,2,3,2,90.0,4.8,Yes,Yes,78.0,88.0,Placed
418,8.0,2,3,0,86.0,4.8,Yes,Yes,73.0,82.0,Placed
2236,8.3,1,2,2,90.0,4.8,Yes,Yes,90.0,84.0,Placed
306,8.0,1,2,1,80.0,4.3,No,Yes,71.0,61.0,NotPlaced
3375,7.4,1,1,1,68.0,3.9,Yes,Yes,62.0,63.0,NotPlaced
3876,8.4,2,2,2,84.0,4.8,Yes,Yes,87.0,87.0,Placed
3895,7.6,1,1,0,68.0,4.0,No,No,62.0,72.0,NotPlaced
5510,7.8,1,2,2,90.0,4.3,Yes,Yes,75.0,64.0,NotPlaced
9000,8.1,2,1,0,90.0,4.5,Yes,Yes,88.0,84.0,NotPlaced
9207,7.5,1,1,0,60.0,4.2,No,Yes,55.0,59.0,Placed
7009,8.1,2,1,3,79.0,4.0,Yes,Yes,78.0,79.0,Placed
6312,7.7,0,1,1,67.0,3.8,No,No,55.0,63.0,NotPlaced
3886,8.4,2,3,1,87.0,4.8,Yes,No,84.0,81.0,Placed
5310,8.0,1,1,0,83.0,4.7,No,No,55.0,66.0,NotPlaced
8854,7.6,2,1,0,79.0,4.8,Yes,Yes,55.0,70.0,NotPlaced
2187,7.8,2,1,1,74.0,3.6,Yes,Yes,57.0,72.0,NotPlaced
6624,7.6,1,1,1,78.0,4.0,Yes,Yes,55.0,69.0,NotPlaced
6457,8.7,1,2,1,74.0,4.2,Yes,Yes,55.0,80.0,Placed
4901,7.4,1,2,1,70.0,3.8,Yes,Yes,70.0,68.0,NotPlaced
9092,6.5,0,1,1,80.0,3.2,No,No,71.0,60.0,NotPlaced
9982,7.8,1,1,0,76.0,3.9,No,Yes,57.0,64.0,NotPlaced
1777,8.3,0,2,0,79.0,4.3,No,No,75.0,65.0,Placed
3714,6.7,0,1,1,79.0,3.6,Yes,No,74.0,70.0,NotPlaced
8721,8.6,2,2,2,76.0,4.7,Yes,No,67.0,84.0,Placed
4016,6.5,1,2,1,76.0,4.2,Yes,Yes,59.0,84.0,NotPlaced
255,6.5,1,1,0,74.0,4.2,No,No,59.0,65.0,NotPlaced
8676,8.4,1,2,0,79.0,3.4,Yes,Yes,72.0,88.0,Placed
1035,8.5,2,2,2,80.0,4.8,Yes,Yes,75.0,88.0,Placed
7369,8.0,2,3,0,88.0,4.5,Yes,No,77.0,84.0,NotPlaced
3003,6.5,1,1,1,64.0,3.4,No,No,56.0,61.0,NotPlaced
1749,7.5,1,1,1,61.0,4.2,Yes,No,64.0,64.0,NotPlaced
2419,7.5,1,2,0,78.0,3.9,Yes,Yes,87.0,76.0,NotPlaced
5353,8.2,2,2,2,90.0,4.3,Yes,Yes,73.0,80.0,Placed
3310,7.6,1,1,1,83.0,4.2,Yes,Yes,68.0,86.0,Placed
372,6.5,1,3,2,90.0,4.0,Yes,No,85.0,65.0,Placed
6409,7.9,1,1,2,80.0,4.1,Yes,Yes,76.0,83.0,NotPlaced
7628,8.7,1,3,2,80.0,4.1,Yes,Yes,70.0,88.0,Placed
1182,6.5,1,1,0,81.0,4.3,No,Yes,55.0,63.0,NotPlaced
6678,8.6,2,3,1,88.0,4.8,Yes,Yes,71.0,83.0,Placed
1128,6.5,1,1,0,68.0,4.5,No,No,59.0,64.0,NotPlaced
1613,7.7,2,3,2,86.0,4.4,Yes,Yes,71.0,74.0,Placed
551,7.7,2,2,1,74.0,4.1,No,Yes,55.0,63.0,NotPlaced
5768,7.4,1,2,2,78.0,4.7,No,Yes,70.0,70.0,Placed
5576,7.6,1,2,1,79.0,4.5,No,Yes,55.0,68.0,NotPlaced
1405,7.6,1,1,0,84.0,4.1,No,No,55.0,86.0,NotPlaced
7396,7.1,1,3,1,77.0,4.2,Yes,Yes,62.0,60.0,NotPlaced
8324,7.0,1,1,1,86.0,3.8,No,No,57.0,72.0,NotPlaced
9475,7.9,0,1,0,60.0,3.1,No,No,61.0,62.0,NotPlaced
7291,8.5,2,2,2,90.0,4.8,Yes,Yes,78.0,77.0,Placed
2634,7.5,1,1,0,80.0,4.7,No,No,56.0,82.0,Placed
8224,7.6,1,1,0,84.0,4.2,Yes,Yes,62.0,64.0,NotPlaced
5914,7.4,1,1,1,80.0,4.7,Yes,Yes,68.0,70.0,NotPlaced
7953,8.5,2,3,0,89.0,4.5,Yes,Yes,81.0,80.0,Placed
4690,7.9,1,1,0,83.0,4.8,Yes,Yes,89.0,85.0,Placed
4445,7.7,0,2,1,81.0,4.6,Yes,Yes,59.0,72.0,NotPlaced
370,8.0,2,2,2,81.0,4.5,No,No,69.0,71.0,NotPlaced
5999,7.7,1,2,0,78.0,4.5,No,Yes,75.0,65.0,NotPlaced
2131,8.1,0,2,0,70.0,4.8,Yes,Yes,78.0,86.0,Placed
7949,7.6,1,2,0,88.0,4.8,Yes,Yes,62.0,80.0,NotPlaced
295,7.7,0,1,0,79.0,4.8,No,Yes,58.0,71.0,NotPlaced
9369,8.2,1,2,1,70.0,3.9,No,Yes,55.0,71.0,NotPlaced
614,7.7,0,1,1,67.0,4.2,Yes,No,64.0,64.0,NotPlaced
4425,7.9,2,3,2,90.0,4.8,Yes,Yes,86.0,79.0,Placed
9237,6.8,0,3,2,75.0,4.4,Yes,Yes,84.0,85.0,NotPlaced
2738,7.9,0,1,2,77.0,4.8,Yes,Yes,83.0,82.0,Placed
835,7.1,0,1,1,71.0,4.0,No,Yes,56.0,64.0,NotPlaced
7388,8.0,2,3,2,90.0,4.7,Yes,Yes,78.0,80.0,Placed
170,8.0,2,3,3,76.0,4.1,Yes,Yes,78.0,61.0,NotPlaced
5906,7.0,0,3,2,90.0,4.1,Yes,Yes,73.0,68.0,NotPlaced
7689,7.3,1,3,0,71.0,4.5,No,No,58.0,70.0,NotPlaced
8796,8.2,1,2,2,80.0,4.4,Yes,Yes,72.0,83.0,Placed
1048,8.3,1,1,1,71.0,4.8,Yes,Yes,78.0,83.0,NotPlaced
5321,7.9,1,2,0,90.0,4.8,No,Yes,75.0,85.0,NotPlaced
8457,7.6,1,1,0,77.0,3.7,No,Yes,55.0,67.0,Placed
1968,6.5,0,1,0,86.0,3.9,No,No,72.0,70.0,NotPlaced
3998,7.6,1,2,0,75.0,3.8,No,Yes,61.0,68.0,NotPlaced
6026,8.0,0,1,1,75.0,4.1,Yes,No,83.0,64.0,NotPlaced
1574,8.2,2,3,2,90.0,4.8,Yes,No,69.0,73.0,Placed
5361,8.0,1,3,0,79.0,4.8,Yes,Yes,77.0,74.0,NotPlaced
7950,8.3,1,3,1,90.0,4.5,Yes,Yes,88.0,77.0,Placed
1646,8.2,2,3,2,90.0,4.6,Yes,Yes,76.0,87.0,Placed
9442,8.2,0,3,0,65.0,4.2,Yes,Yes,71.0,73.0,NotPlaced
6645,7.4,1,1,0,61.0,4.1,No,Yes,55.0,72.0,Placed
803,7.6,1,1,0,70.0,4.0,No,Yes,55.0,57.0,NotPlaced
677,7.6,1,3,1,68.0,4.6,Yes,Yes,72.0,83.0,Placed
549,7.9,1,3,0,90.0,4.6,Yes,Yes,81.0,79.0,Placed
85,7.6,0,2,0,86.0,4.8,Yes,Yes,57.0,72.0,Placed
243,7.3,1,2,0,71.0,4.4,No,Yes,58.0,67.0,NotPlaced
6322,8.0,0,3,2,74.0,4.7,Yes,Yes,77.0,88.0,Placed
1080,8.4,1,2,2,77.0,4.5,No,Yes,55.0,85.0,NotPlaced
7359,7.3,1,1,0,83.0,3.7,No,No,55.0,62.0,NotPlaced
9271,7.7,1,1,1,83.0,4.1,No,No,81.0,71.0,NotPlaced
8751,7.3,0,1,0,78.0,3.6,No,No,56.0,70.0,NotPlaced
8163,7.7,2,3,2,87.0,4.8,Yes,Yes,80.0,82.0,Placed
1340,7.6,0,1,0,78.0,4.3,No,Yes,71.0,64.0,NotPlaced
8621,8.5,2,3,2,90.0,4.8,Yes,Yes,81.0,82.0,Placed
2043,7.6,0,1,0,63.0,4.4,No,Yes,61.0,71.0,Placed
1393,7.9,1,3,0,81.0,4.8,Yes,Yes,69.0,82.0,Placed
8607,6.5,1,1,1,68.0,4.4,Yes,No,60.0,60.0,NotPlaced
7549,8.3,1,3,2,90.0,4.7,Yes,Yes,76.0,80.0,Placed
5779,7.5,0,3,1,65.0,4.2,No,No,58.0,67.0,NotPlaced
4017,6.5,1,1,2,90.0,4.0,Yes,Yes,79.0,81.0,Placed
7473,6.5,2,1,0,78.0,4.4,No,Yes,75.0,65.0,NotPlaced
4597,8.1,0,3,0,90.0,4.5,Yes,No,78.0,85.0,Placed
5201,6.9,1,3,0,85.0,4.4,Yes,Yes,59.0,86.0,Placed
6616,6.7,1,2,1,64.0,3.1,No,Yes,55.0,68.0,NotPlaced
2292,6.5,0,2,0,76.0,3.6,No,Yes,55.0,66.0,NotPlaced
1569,7.7,1,3,0,85.0,4.8,Yes,Yes,80.0,68.0,Placed
536,8.4,2,2,2,73.0,4.8,Yes,No,78.0,82.0,Placed
5315,7.6,1,3,2,84.0,4.6,Yes,Yes,78.0,79.0,NotPlaced
5479,7.9,1,3,2,82.0,4.4,Yes,Yes,70.0,86.0,NotPlaced
6852,7.6,1,3,2,81.0,4.8,Yes,Yes,78.0,87.0,Placed
9328,7.7,1,3,2,90.0,4.3,Yes,Yes,76.0,83.0,Placed
4868,7.5,2,2,2,90.0,4.2,Yes,Yes,70.0,87.0,NotPlaced
3106,6.7,1,1,0,75.0,4.1,No,No,64.0,59.0,NotPlaced
7417,8.3,1,3,2,90.0,4.8,Yes,Yes,69.0,88.0,Placed
8167,6.9,0,1,0,60.0,4.6,No,No,80.0,67.0,NotPlaced
9004,6.9,1,1,0,74.0,4.5,No,Yes,57.0,63.0,NotPlaced
6997,8.6,2,3,2,90.0,4.8,Yes,Yes,84.0,85.0,NotPlaced
9612,6.5,2,2,1,88.0,3.9,No,Yes,68.0,73.0,NotPlaced
8705,8.4,2,3,1,86.0,4.4,Yes,Yes,57.0,80.0,Placed
3628,7.9,1,3,0,75.0,4.1,Yes,No,75.0,74.0,NotPlaced
9071,8.3,1,2,0,77.0,3.8,Yes,Yes,63.0,80.0,NotPlaced
2377,8.2,2,3,2,90.0,4.8,Yes,Yes,76.0,85.0,Placed
8859,7.4,1,1,0,66.0,4.4,No,No,55.0,65.0,NotPlaced
4700,6.8,1,2,1,71.0,3.7,No,Yes,56.0,62.0,NotPlaced
9740,8.3,2,3,0,90.0,4.8,Yes,Yes,84.0,86.0,Placed
2946,8.0,1,2,0,85.0,4.3,Yes,Yes,69.0,81.0,NotPlaced
7934,8.0,0,2,0,60.0,4.2,No,No,55.0,70.0,NotPlaced
7849,6.9,0,1,0,78.0,4.5,No,Yes,55.0,63.0,NotPlaced
4733,7.4,0,1,1,64.0,4.7,No,Yes,76.0,71.0,NotPlaced
9190,8.5,2,3,2,84.0,4.5,Yes,Yes,74.0,86.0,Placed
1141,7.7,2,1,1,79.0,4.6,Yes,Yes,89.0,87.0,Placed
6508,7.1,1,1,1,76.0,4.3,No,Yes,78.0,71.0,NotPlaced
6107,8.6,2,3,2,90.0,4.6,Yes,Yes,88.0,86.0,Placed
5072,7.3,1,3,1,71.0,3.8,Yes,Yes,79.0,81.0,NotPlaced
331,6.5,0,2,0,80.0,4.6,Yes,Yes,62.0,86.0,Placed
2798,7.5,0,1,1,72.0,3.5,No,Yes,55.0,65.0,NotPlaced
3602,7.8,0,1,2,76.0,4.3,Yes,No,55.0,69.0,NotPlaced
6445,9.0,2,3,3,83.0,4.8,Yes,Yes,76.0,87.0,Placed
8362,8.3,2,2,2,90.0,4.6,Yes,Yes,80.0,83.0,Placed
3429,8.4,1,3,2,83.0,4.8,Yes,Yes,65.0,71.0,Placed
6287,7.0,1,1,1,70.0,4.0,No,No,60.0,58.0,NotPlaced
1073,6.5,1,1,1,77.0,3.9,No,Yes,55.0,70.0,NotPlaced
3575,7.7,1,1,1,67.0,4.4,No,No,56.0,64.0,NotPlaced
4358,7.5,1,2,1,78.0,3.8,No,Yes,65.0,71.0,NotPlaced
9168,7.6,0,3,2,72.0,4.6,Yes,Yes,89.0,85.0,NotPlaced
2281,8.3,0,3,2,74.0,4.1,Yes,Yes,70.0,84.0,NotPlaced
1365,8.4,1,1,2,82.0,4.8,Yes,Yes,63.0,67.0,Placed
8348,8.4,2,3,1,86.0,4.7,Yes,Yes,90.0,80.0,Placed
7285,7.8,1,1,1,76.0,4.8,No,No,59.0,70.0,NotPlaced
1060,8.2,1,2,3,82.0,4.6,Yes,Yes,74.0,83.0,NotPlaced
7397,7.2,1,2,2,75.0,4.2,No,Yes,65.0,69.0,NotPlaced
9893,6.5,1,2,0,77.0,4.0,No,Yes,55.0,87.0,NotPlaced
2489,7.7,1,3,0,86.0,4.1,Yes,Yes,77.0,58.0,NotPlaced
3368,8.5,2,3,2,90.0,4.8,Yes,Yes,74.0,88.0,Placed
268,8.0,1,2,1,76.0,4.5,No,Yes,68.0,75.0,NotPlaced
2534,6.5,1,2,1,78.0,4.5,No,No,57.0,66.0,NotPlaced
9689,7.5,1,1,1,77.0,3.7,No,Yes,61.0,62.0,NotPlaced
7170,8.0,2,1,2,78.0,4.4,No,Yes,80.0,66.0,Placed
2830,8.4,2,2,2,77.0,4.8,Yes,Yes,71.0,84.0,Placed
9569,7.6,1,1,0,81.0,4.2,Yes,Yes,81.0,81.0,NotPlaced
3007,7.9,1,2,2,83.0,4.5,Yes,No,69.0,87.0,Placed
850,8.3,2,1,0,86.0,4.8,Yes,No,74.0,86.0,NotPlaced
3334,6.5,2,1,1,83.0,3.6,Yes,Yes,76.0,67.0,NotPlaced
6708,8.2,1,3,2,90.0,4.3,Yes,Yes,77.0,87.0,Placed
1257,7.6,1,1,1,77.0,4.1,No,Yes,64.0,70.0,NotPlaced
2246,8.0,1,2,1,83.0,4.0,Yes,Yes,75.0,68.0,Placed
5269,7.6,1,1,1,74.0,4.4,Yes,No,55.0,83.0,NotPlaced
7180,6.6,2,1,2,90.0,4.8,Yes,No,84.0,67.0,NotPlaced
8269,7.0,1,1,0,70.0,4.1,No,No,56.0,62.0,NotPlaced
3543,6.6,1,1,0,64.0,3.2,Yes,Yes,55.0,62.0,NotPlaced
3688,7.3,1,2,1,83.0,3.9,Yes,Yes,74.0,66.0,Placed
1229,8.3,1,2,0,79.0,4.3,No,Yes,79.0,84.0,Placed
1600,6.8,1,1,1,60.0,4.4,No,Yes,62.0,66.0,NotPlaced
8958,8.3,2,3,2,88.0,4.8,Yes,Yes,66.0,83.0,Placed
219,8.3,1,2,2,88.0,4.1,Yes,Yes,80.0,79.0,Placed
3518,7.5,1,3,0,86.0,4.5,Yes,Yes,90.0,67.0,Placed
4115,7.6,0,2,0,64.0,4.8,No,No,60.0,64.0,NotPlaced
9332,6.7,1,2,1,78.0,4.4,No,Yes,60.0,69.0,NotPlaced
9894,8.3,1,2,0,65.0,4.1,Yes,Yes,71.0,62.0,Placed
1037,8.3,2,3,2,87.0,4.8,Yes,Yes,82.0,84.0,Placed
2130,7.9,0,3,2,90.0,4.4,Yes,Yes,88.0,83.0,Placed
1439,7.6,0,2,0,79.0,4.3,No,No,55.0,63.0,Placed
6617,7.0,1,1,2,80.0,4.1,No,No,69.0,59.0,Placed
2481,6.6,1,1,1,77.0,3.0,No,No,57.0,68.0,NotPlaced
6984,8.6,1,3,2,90.0,4.8,Yes,Yes,71.0,79.0,Placed
6507,7.7,1,1,0,74.0,4.5,No,No,84.0,67.0,NotPlaced
3004,8.2,1,2,1,90.0,4.8,Yes,No,82.0,63.0,NotPlaced
8887,7.5,1,2,1,78.0,4.7,No,No,55.0,66.0,NotPlaced
7452,7.4,1,1,1,69.0,4.2,Yes,No,60.0,69.0,NotPlaced
1213,8.2,1,3,2,90.0,4.8,Yes,Yes,85.0,86.0,Placed
4473,8.1,2,3,2,90.0,4.7,Yes,Yes,77.0,84.0,Placed
6496,7.8,1,1,1,78.0,4.2,No,No,55.0,72.0,NotPlaced
1508,7.7,2,1,0,78.0,4.3,Yes,Yes,75.0,68.0,NotPlaced
8681,7.6,1,1,1,79.0,4.1,No,Yes,55.0,68.0,Placed
3421,7.6,1,2,1,90.0,4.5,Yes,Yes,68.0,86.0,NotPlaced
6230,7.0,1,3,0,74.0,4.6,Yes,Yes,77.0,67.0,NotPlaced
4135,7.2,1,1,1,66.0,3.5,No,No,55.0,74.0,NotPlaced
9882,7.5,1,1,0,79.0,3.2,No,No,57.0,66.0,NotPlaced
6441,7.7,0,2,0,72.0,3.6,No,Yes,55.0,66.0,NotPlaced
6603,8.2,2,3,2,90.0,4.8,Yes,Yes,72.0,82.0,Placed
6682,8.0,0,3,2,79.0,4.6,Yes,No,82.0,82.0,Placed
3351,6.5,1,1,0,75.0,3.9,No,No,59.0,82.0,NotPlaced
3356,8.7,1,3,2,86.0,4.7,Yes,Yes,67.0,86.0,NotPlaced
5874,6.5,1,1,1,75.0,3.6,No,Yes,60.0,64.0,NotPlaced
2367,7.7,1,3,2,86.0,4.5,No,Yes,65.0,88.0,NotPlaced
9828,7.4,1,3,2,80.0,4.7,Yes,Yes,74.0,83.0,Placed
3523,7.7,1,1,1,69.0,4.0,Yes,Yes,79.0,85.0,NotPlaced
1665,8.5,0,2,2,85.0,4.2,Yes,Yes,82.0,88.0,Placed
2010,8.1,2,3,2,90.0,3.7,Yes,Yes,78.0,77.0,Placed
7184,7.5,1,1,0,84.0,4.7,Yes,Yes,79.0,85.0,Placed
7530,8.3,1,1,2,90.0,4.5,Yes,Yes,79.0,81.0,Placed
7479,7.7,0,2,0,72.0,4.5,No,Yes,63.0,87.0,NotPlaced
8469,6.6,0,1,0,68.0,4.8,No,No,55.0,71.0,Placed
6559,8.3,2,3,2,90.0,4.8,Yes,Yes,68.0,81.0,NotPlaced
8754,8.6,2,3,2,82.0,4.4,Yes,Yes,64.0,83.0,Placed
2698,8.3,2,2,2,77.0,4.0,Yes,Yes,84.0,81.0,Placed
4817,8.3,1,3,1,89.0,4.8,Yes,Yes,79.0,84.0,Placed
7039,7.5,1,2,0,90.0,4.6,No,Yes,65.0,68.0,NotPlaced
7317,8.3,2,3,2,84.0,4.7,Yes,Yes,68.0,80.0,Placed
1861,8.1,1,3,0,90.0,4.6,No,Yes,71.0,81.0,Placed
5061,7.5,0,1,1,60.0,4.2,No,No,59.0,74.0,NotPlaced
8444,6.6,1,3,3,65.0,4.2,Yes,Yes,55.0,86.0,Placed
7052,6.5,1,1,0,76.0,3.7,No,No,67.0,65.0,NotPlaced
9819,8.1,1,3,0,88.0,3.8,Yes,Yes,68.0,77.0,NotPlaced
8851,7.7,1,2,1,76.0,3.7,No,Yes,72.0,69.0,NotPlaced
6605,8.3,1,3,2,90.0,4.6,Yes,Yes,85.0,84.0,Placed
3320,7.9,2,3,2,89.0,4.8,Yes,Yes,61.0,82.0,Placed
7189,7.6,1,1,0,88.0,3.9,No,Yes,55.0,68.0,NotPlaced
2110,8.1,1,1,0,60.0,3.7,Yes,No,77.0,66.0,NotPlaced
7975,8.1,1,1,0,81.0,3.5,Yes,Yes,78.0,84.0,NotPlaced
2048,7.6,0,1,0,61.0,3.8,No,Yes,55.0,61.0,NotPlaced
7301,7.4,1,2,1,69.0,4.6,No,Yes,55.0,68.0,NotPlaced
4359,7.8,2,3,0,90.0,4.8,Yes,Yes,78.0,83.0,Placed
9144,8.1,1,1,0,86.0,4.8,No,Yes,61.0,82.0,Placed
6663,8.4,0,3,2,88.0,4.7,Yes,Yes,70.0,70.0,Placed
4827,8.3,2,3,2,90.0,4.7,Yes,Yes,73.0,74.0,Placed
64,6.6,1,2,1,72.0,4.1,No,No,55.0,75.0,NotPlaced
6612,8.6,1,3,2,82.0,4.8,Yes,Yes,88.0,81.0,Placed
78,6.9,1,1,0,83.0,3.5,No,Yes,61.0,71.0,NotPlaced
186,6.5,0,1,0,78.0,3.7,Yes,Yes,75.0,69.0,NotPlaced
1855,7.3,1,2,2,84.0,4.4,Yes,Yes,76.0,81.0,Placed
6954,7.6,0,1,0,80.0,3.8,No,No,55.0,83.0,NotPlaced
9537,7.5,1,2,1,78.0,4.8,Yes,Yes,58.0,84.0,NotPlaced
2620,7.9,2,1,0,77.0,4.3,Yes,No,77.0,84.0,NotPlaced
5169,8.2,2,3,1,90.0,4.7,Yes,Yes,79.0,85.0,Placed
123,7.7,1,3,2,90.0,4.8,Yes,No,80.0,85.0,Placed
9489,7.4,1,1,1,65.0,3.7,No,No,57.0,57.0,NotPlaced
3836,7.8,2,3,2,87.0,4.8,Yes,No,82.0,78.0,Placed
1475,7.8,2,3,2,90.0,4.8,Yes,Yes,84.0,86.0,Placed
8508,6.5,0,3,1,82.0,4.6,No,No,57.0,66.0,NotPlaced
7918,8.3,0,3,1,73.0,4.4,Yes,Yes,76.0,75.0,NotPlaced
5708,7.7,1,1,0,82.0,4.5,Yes,Yes,55.0,84.0,NotPlaced
5577,7.5,1,1,0,68.0,3.6,No,Yes,69.0,62.0,NotPlaced
6720,7.5,2,2,2,78.0,4.2,No,No,59.0,71.0,NotPlaced
3210,6.5,1,2,1,69.0,4.1,No,Yes,72.0,60.0,NotPlaced
2599,7.7,1,2,0,84.0,4.7,No,Yes,72.0,61.0,NotPlaced
8916,7.5,0,1,0,74.0,4.5,Yes,Yes,71.0,80.0,NotPlaced
1241,8.2,1,3,2,90.0,4.4,Yes,Yes,85.0,84.0,Placed
4603,7.9,1,1,1,73.0,4.3,No,No,55.0,82.0,NotPlaced
1730,7.9,2,3,2,90.0,4.8,Yes,Yes,74.0,88.0,Placed
6420,7.7,0,1,1,75.0,3.6,Yes,Yes,56.0,65.0,NotPlaced
3282,8.4,1,2,2,88.0,4.1,Yes,Yes,66.0,86.0,Placed
5905,8.0,0,3,0,90.0,3.8,Yes,No,84.0,80.0,Placed
198,8.5,2,3,0,86.0,4.2,Yes,Yes,60.0,85.0,Placed
1816,7.4,1,2,1,71.0,4.0,No,Yes,76.0,63.0,Placed
4781,8.2,2,3,2,78.0,4.8,Yes,Yes,83.0,83.0,Placed
8928,8.3,2,3,0,82.0,4.5,Yes,Yes,74.0,70.0,NotPlaced
5806,8.4,2,3,2,89.0,3.9,Yes,Yes,74.0,83.0,Placed
2407,7.6,0,1,0,83.0,3.2,No,No,55.0,65.0,NotPlaced
2083,7.4,1,1,1,82.0,4.3,No,Yes,86.0,69.0,NotPlaced
2227,8.4,1,3,2,81.0,4.3,No,Yes,74.0,66.0,Placed
2152,7.6,1,2,2,87.0,4.8,Yes,Yes,90.0,76.0,NotPlaced
3291,7.7,0,2,0,70.0,3.6,No,Yes,57.0,66.0,NotPlaced
7225,7.7,1,2,0,82.0,4.4,No,Yes,55.0,69.0,NotPlaced
5981,6.5,1,1,1,72.0,4.2,No,No,55.0,57.0,NotPlaced
8669,7.7,1,1,2,76.0,4.7,Yes,No,71.0,65.0,NotPlaced
1503,8.3,1,3,2,86.0,4.8,Yes,Yes,67.0,81.0,NotPlaced
6660,7.8,2,1,2,83.0,4.3,Yes,Yes,77.0,70.0,NotPlaced
1993,7.0,0,2,0,66.0,4.3,No,Yes,79.0,63.0,Placed
7263,7.6,1,3,0,87.0,3.9,No,Yes,66.0,84.0,NotPlaced
4783,6.8,1,3,2,79.0,4.4,Yes,Yes,71.0,87.0,Placed
9533,6.9,1,1,1,65.0,3.0,No,No,61.0,63.0,NotPlaced
367,8.7,1,2,0,84.0,4.4,Yes,Yes,65.0,88.0,Placed
2784,7.5,1,3,1,84.0,4.0,Yes,No,74.0,70.0,Placed
9676,6.9,1,2,0,88.0,4.6,Yes,Yes,58.0,84.0,NotPlaced
3312,8.6,2,2,2,90.0,4.8,Yes,Yes,78.0,83.0,Placed
1337,7.6,1,1,0,74.0,4.6,Yes,Yes,76.0,64.0,NotPlaced
728,8.7,1,3,2,90.0,4.7,Yes,Yes,74.0,86.0,Placed
6035,8.2,2,3,2,90.0,4.8,Yes,Yes,81.0,81.0,Placed
2189,7.9,1,3,0,78.0,4.6,Yes,Yes,78.0,85.0,Placed
2078,6.9,1,1,0,76.0,4.5,No,No,58.0,58.0,Placed
1170,7.5,0,1,0,74.0,4.1,No,No,55.0,68.0,NotPlaced
5432,7.6,1,2,1,79.0,4.8,Yes,Yes,77.0,85.0,NotPlaced
8788,6.8,1,1,1,78.0,3.8,No,No,58.0,68.0,NotPlaced
5853,8.5,1,3,2,90.0,4.8,Yes,Yes,82.0,86.0,Placed
4621,8.0,1,1,0,81.0,4.4,Yes,Yes,70.0,71.0,NotPlaced
3626,6.5,2,1,2,68.0,4.2,No,No,74.0,63.0,NotPlaced
8499,7.4,2,2,1,82.0,4.6,Yes,Yes,73.0,88.0,NotPlaced
8164,8.2,0,3,0,81.0,4.2,Yes,Yes,68.0,85.0,Placed
7769,7.4,1,3,0,75.0,4.6,No,No,78.0,86.0,NotPlaced
7701,8.2,1,2,0,88.0,4.3,No,No,76.0,81.0,Placed
679,8.0,2,3,2,83.0,4.8,Yes,Yes,75.0,84.0,Placed
5912,8.6,2,3,2,90.0,4.8,Yes,Yes,75.0,88.0,Placed
1641,7.5,1,1,0,81.0,3.8,Yes,Yes,60.0,64.0,NotPlaced
4819,8.4,0,3,1,90.0,4.5,Yes,Yes,75.0,82.0,Placed
1839,7.6,1,2,0,65.0,4.8,No,Yes,62.0,73.0,Placed
7207,6.6,0,3,0,84.0,4.8,Yes,Yes,78.0,73.0,Placed
5456,8.7,2,3,2,83.0,4.0,Yes,Yes,77.0,83.0,Placed
508,6.9,2,1,0,67.0,4.0,Yes,No,59.0,61.0,NotPlaced
4696,7.5,0,1,0,81.0,4.4,No,No,66.0,67.0,NotPlaced
8648,8.0,1,2,2,83.0,4.3,Yes,Yes,72.0,88.0,NotPlaced
8170,7.9,1,1,2,87.0,4.2,No,Yes,80.0,75.0,NotPlaced
5297,8.2,0,3,2,84.0,4.0,Yes,Yes,80.0,86.0,Placed
5511,6.7,1,1,0,75.0,3.1,Yes,Yes,55.0,67.0,NotPlaced
4064,8.5,2,3,2,90.0,4.4,Yes,Yes,84.0,86.0,Placed
9634,8.2,0,3,2,81.0,4.5,Yes,Yes,79.0,82.0,NotPlaced
1617,6.6,1,2,0,61.0,3.9,No,No,55.0,61.0,NotPlaced
231,7.5,1,1,1,70.0,4.6,No,No,59.0,66.0,NotPlaced
2616,7.7,0,2,0,80.0,4.3,No,Yes,75.0,67.0,NotPlaced
6086,8.4,0,3,2,77.0,4.6,Yes,No,63.0,79.0,Placed
2856,8.1,1,3,2,88.0,4.4,No,Yes,55.0,88.0,Placed
8704,6.5,0,1,0,62.0,4.6,No,No,61.0,66.0,NotPlaced
3035,7.3,1,3,0,87.0,4.3,No,Yes,55.0,86.0,Placed
379,8.2,2,2,2,81.0,4.8,Yes,Yes,78.0,83.0,Placed
3884,7.5,1,2,0,80.0,3.9,No,Yes,61.0,68.0,NotPlaced
6387,6.5,0,1,0,69.0,4.4,No,No,57.0,66.0,NotPlaced
3564,6.6,1,2,0,68.0,3.6,No,No,60.0,57.0,NotPlaced
8181,7.0,1,1,0,74.0,4.5,No,No,57.0,61.0,NotPlaced
2085,8.0,2,1,0,74.0,4.6,Yes,Yes,78.0,79.0,Placed
5386,8.0,1,2,0,68.0,4.5,Yes,No,62.0,65.0,NotPlaced
4793,7.2,1,2,1,76.0,4.1,No,No,73.0,65.0,NotPlaced
8522,7.4,1,1,3,70.0,4.5,No,Yes,55.0,65.0,NotPlaced
2955,7.9,1,2,0,66.0,4.5,No,Yes,60.0,63.0,NotPlaced
6148,8.7,2,3,2,90.0,4.8,Yes,Yes,78.0,84.0,Placed
6599,7.9,1,1,0,81.0,4.2,No,Yes,72.0,69.0,NotPlaced
6294,7.8,1,3,2,83.0,4.8,Yes,Yes,88.0,83.0,Placed
3358,7.7,2,1,0,85.0,4.4,Yes,No,66.0,75.0,Placed
9966,6.8,0,2,1,90.0,4.8,No,Yes,55.0,87.0,NotPlaced
5958,7.6,1,2,0,71.0,3.5,No,Yes,75.0,70.0,NotPlaced
9420,8.1,1,0,1,82.0,3.4,Yes,No,58.0,67.0,NotPlaced
7775,6.6,1,3,1,79.0,3.2,No,Yes,62.0,69.0,NotPlaced
388,7.4,2,3,0,71.0,4.8,Yes,Yes,86.0,73.0,NotPlaced
3276,7.8,1,2,1,89.0,4.8,Yes,Yes,70.0,73.0,NotPlaced
7116,8.0,2,3,2,90.0,4.7,Yes,Yes,79.0,83.0,Placed
1303,8.5,1,3,2,88.0,4.8,Yes,Yes,72.0,83.0,Placed
7906,8.2,1,3,2,83.0,4.4,Yes,Yes,77.0,85.0,Placed
5745,8.4,2,3,2,90.0,4.8,Yes,Yes,85.0,88.0,Placed
5666,8.3,2,2,0,89.0,4.8,Yes,Yes,79.0,82.0,NotPlaced
361,8.7,1,3,2,90.0,4.7,Yes,Yes,81.0,80.0,Placed
1428,8.2,1,3,2,90.0,4.5,Yes,Yes,75.0,85.0,Placed
3378,7.6,0,3,0,90.0,4.8,Yes,Yes,85.0,83.0,Placed
1359,8.4,1,3,2,90.0,4.8,Yes,Yes,69.0,82.0,Placed
8036,8.4,2,3,1,73.0,4.2,No,Yes,75.0,86.0,NotPlaced
8003,7.5,1,1,0,88.0,4.3,No,No,86.0,84.0,NotPlaced
1631,7.7,1,2,0,82.0,4.4,No,Yes,57.0,69.0,Placed
3907,8.4,2,3,1,89.0,4.8,Yes,Yes,81.0,67.0,Placed
7351,8.3,1,3,2,89.0,4.8,Yes,Yes,81.0,85.0,Placed
503,7.3,0,1,0,80.0,3.5,No,Yes,55.0,61.0,NotPlaced
2253,7.7,1,1,1,75.0,4.6,No,Yes,72.0,75.0,NotPlaced
9459,7.7,0,2,0,74.0,4.5,Yes,Yes,60.0,66.0,NotPlaced
9035,7.7,1,1,1,73.0,4.2,No,No,55.0,67.0,NotPlaced
1671,8.2,1,3,2,86.0,4.4,Yes,Yes,76.0,65.0,Placed
9340,7.6,0,1,0,63.0,3.7,No,No,56.0,62.0,NotPlaced
3890,6.5,1,1,1,75.0,4.0,No,Yes,60.0,67.0,NotPlaced
8019,6.7,1,2,0,67.0,3.9,No,No,59.0,69.0,NotPlaced
2309,8.0,2,1,0,77.0,4.5,No,Yes,59.0,65.0,NotPlaced
4437,8.5,1,3,2,90.0,4.7,Yes,Yes,75.0,86.0,Placed
7179,7.5,1,2,1,76.0,4.1,Yes,Yes,55.0,62.0,NotPlaced
9379,7.5,1,1,1,65.0,3.9,No,Yes,55.0,72.0,NotPlaced
6124,7.5,0,1,1,64.0,3.7,No,Yes,55.0,66.0,NotPlaced
8183,7.3,1,2,0,83.0,4.5,Yes,Yes,56.0,71.0,Placed
242,7.6,0,2,0,80.0,3.7,Yes,No,85.0,61.0,NotPlaced
8175,7.5,0,2,0,70.0,3.5,Yes,Yes,80.0,76.0,Placed
5696,7.2,1,3,1,71.0,4.4,Yes,Yes,58.0,68.0,NotPlaced
3165,6.8,0,1,0,72.0,4.0,Yes,Yes,80.0,65.0,Placed
7415,7.6,1,2,3,81.0,4.0,No,Yes,55.0,83.0,NotPlaced
7616,7.4,1,1,0,74.0,3.9,No,Yes,55.0,69.0,NotPlaced
2611,7.6,0,1,1,65.0,4.2,Yes,Yes,58.0,65.0,NotPlaced
4424,6.9,2,1,2,89.0,4.7,Yes,Yes,78.0,81.0,Placed
5484,7.6,0,1,1,73.0,3.3,No,No,56.0,62.0,NotPlaced
9455,8.4,2,3,2,86.0,4.3,Yes,Yes,76.0,84.0,NotPlaced
1827,6.7,1,1,0,73.0,4.5,No,Yes,60.0,79.0,Placed
2983,8.7,1,2,1,90.0,4.6,Yes,Yes,75.0,88.0,Placed
6275,8.2,2,3,2,90.0,4.8,Yes,Yes,77.0,88.0,Placed
5645,6.5,1,1,0,77.0,3.6,Yes,Yes,60.0,74.0,NotPlaced
1775,7.4,0,1,0,75.0,3.8,No,No,56.0,66.0,NotPlaced
8984,7.4,1,3,0,84.0,4.6,No,No,64.0,84.0,NotPlaced
807,7.3,1,3,2,83.0,4.7,Yes,Yes,70.0,84.0,Placed
3371,8.2,2,3,2,90.0,4.7,Yes,No,75.0,85.0,Placed
3999,7.5,1,1,1,60.0,3.6,No,Yes,55.0,64.0,NotPlaced
4123,7.6,1,2,0,73.0,4.2,No,Yes,90.0,87.0,NotPlaced
4929,7.7,1,1,3,79.0,4.1,Yes,Yes,82.0,82.0,Placed
4569,8.1,1,2,1,68.0,4.8,Yes,Yes,76.0,74.0,Placed
1242,7.1,1,1,0,76.0,3.9,No,No,57.0,70.0,NotPlaced
6128,7.5,1,3,2,86.0,4.8,Yes,Yes,71.0,88.0,Placed
9093,7.8,2,3,2,86.0,4.2,Yes,No,83.0,81.0,Placed
7673,6.5,1,1,1,75.0,3.8,No,Yes,56.0,64.0,NotPlaced
2734,7.7,2,3,2,90.0,4.8,Yes,Yes,81.0,85.0,Placed
8060,6.5,0,2,0,80.0,4.2,No,No,57.0,71.0,NotPlaced
250,7.4,1,2,1,68.0,3.4,No,Yes,57.0,61.0,NotPlaced
1833,8.5,2,3,2,90.0,4.8,Yes,Yes,81.0,85.0,Placed
3159,8.1,1,2,0,77.0,4.8,Yes,Yes,80.0,87.0,Placed
4481,7.5,1,3,0,80.0,4.3,Yes,Yes,73.0,73.0,NotPlaced
6043,8.4,2,3,2,89.0,4.8,Yes,Yes,76.0,85.0,Placed
1943,7.6,0,1,0,81.0,3.9,Yes,Yes,61.0,83.0,Placed
2942,6.5,1,2,2,70.0,4.1,No,No,68.0,68.0,NotPlaced
3632,7.6,1,1,1,70.0,4.7,No,Yes,55.0,69.0,NotPlaced
458,6.5,1,1,1,78.0,4.1,No,Yes,55.0,62.0,NotPlaced
7255,7.5,0,1,0,76.0,4.0,No,Yes,55.0,86.0,NotPlaced
8272,8.1,2,3,2,90.0,4.7,No,No,67.0,76.0,NotPlaced
3611,6.5,1,1,0,85.0,3.6,No,No,55.0,72.0,NotPlaced
6042,8.2,2,3,2,90.0,4.8,Yes,Yes,74.0,85.0,Placed
4663,8.4,0,1,0,76.0,4.2,Yes,Yes,55.0,85.0,Placed
7861,7.7,1,1,0,74.0,4.2,Yes,Yes,86.0,64.0,NotPlaced
5620,7.9,1,2,2,84.0,4.6,No,Yes,67.0,64.0,NotPlaced
3138,7.6,0,3,0,82.0,4.4,Yes,No,84.0,80.0,NotPlaced
1636,7.7,1,2,0,76.0,4.6,Yes,Yes,56.0,66.0,NotPlaced
3563,7.2,0,1,0,66.0,3.3,No,No,55.0,67.0,NotPlaced
9853,7.3,1,1,0,75.0,3.2,No,No,57.0,69.0,NotPlaced
1486,7.9,0,2,0,83.0,4.0,No,Yes,62.0,69.0,NotPlaced
1563,7.5,1,1,1,87.0,4.2,No,Yes,56.0,67.0,NotPlaced
2209,8.9,2,3,2,86.0,4.7,Yes,Yes,71.0,88.0,Placed
1134,7.7,1,2,0,85.0,4.3,No,Yes,69.0,74.0,NotPlaced
3180,7.3,1,1,0,61.0,3.3,No,No,55.0,67.0,NotPlaced
5150,8.4,1,3,1,86.0,4.5,Yes,Yes,75.0,82.0,NotPlaced
8268,7.5,0,1,1,75.0,4.3,No,No,80.0,82.0,NotPlaced
8218,8.3,2,1,1,71.0,3.9,No,Yes,58.0,66.0,NotPlaced
7747,6.5,0,2,0,74.0,4.5,No,No,62.0,68.0,NotPlaced
6473,7.8,2,3,3,80.0,4.4,Yes,Yes,61.0,84.0,Placed
2359,6.5,1,3,0,87.0,4.8,No,No,65.0,86.0,NotPlaced
2378,8.5,2,3,2,90.0,4.8,Yes,Yes,82.0,88.0,Placed
5177,7.4,1,1,0,79.0,4.0,Yes,Yes,67.0,79.0,Placed
2329,8.1,1,1,0,72.0,4.0,No,No,85.0,62.0,NotPlaced
7889,8.5,2,3,2,90.0,4.8,Yes,Yes,83.0,86.0,Placed
5052,8.1,2,3,2,90.0,4.7,Yes,Yes,86.0,81.0,Placed
4344,7.6,1,1,0,69.0,4.5,No,No,57.0,62.0,NotPlaced
5495,8.6,2,3,2,90.0,4.8,Yes,Yes,71.0,88.0,Placed
7902,8.0,1,2,0,90.0,4.5,Yes,Yes,75.0,83.0,NotPlaced
5828,7.5,1,1,1,78.0,4.2,No,No,76.0,69.0,NotPlaced
2394,6.9,0,3,2,82.0,4.8,Yes,Yes,85.0,79.0,Placed
6598,7.5,1,1,0,82.0,3.3,Yes,Yes,81.0,66.0,NotPlaced
7437,6.5,0,1,0,74.0,4.2,No,No,64.0,72.0,NotPlaced
1900,6.5,0,1,0,76.0,4.3,No,No,59.0,66.0,NotPlaced
6199,7.1,2,1,1,81.0,4.6,Yes,Yes,77.0,83.0,NotPlaced
2433,6.5,0,1,1,76.0,4.7,Yes,No,82.0,64.0,NotPlaced
4741,8.4,2,3,2,89.0,4.5,Yes,Yes,75.0,87.0,Placed
8111,8.6,1,3,2,72.0,4.0,Yes,Yes,80.0,64.0,Placed
2624,7.8,1,3,2,90.0,4.1,Yes,No,70.0,86.0,NotPlaced
5343,7.5,0,1,1,78.0,3.5,No,Yes,55.0,78.0,NotPlaced
4931,8.6,2,3,2,90.0,4.8,Yes,Yes,76.0,88.0,Placed
5633,6.6,0,1,1,69.0,4.2,No,No,55.0,68.0,NotPlaced
5730,8.5,0,3,0,84.0,4.5,Yes,Yes,73.0,65.0,Placed
5128,6.6,0,1,0,77.0,3.7,No,No,61.0,60.0,NotPlaced
2171,8.5,1,3,2,83.0,4.8,Yes,Yes,76.0,87.0,Placed
236,8.2,2,3,1,69.0,4.0,Yes,Yes,77.0,82.0,NotPlaced
6578,7.6,0,1,0,78.0,4.8,No,No,78.0,63.0,NotPlaced
6883,7.5,1,1,2,80.0,4.5,No,No,64.0,70.0,NotPlaced
6393,7.5,1,1,0,64.0,3.5,No,No,74.0,67.0,NotPlaced
235,7.5,2,3,0,88.0,4.6,Yes,Yes,79.0,83.0,NotPlaced
6477,8.5,2,3,2,90.0,4.8,Yes,Yes,85.0,84.0,Placed
9432,7.7,1,1,1,66.0,4.1,No,Yes,59.0,61.0,NotPlaced
5758,7.5,0,2,1,77.0,3.8,Yes,Yes,75.0,73.0,NotPlaced
4611,6.5,2,1,2,80.0,4.6,Yes,No,57.0,66.0,Placed
617,6.9,1,1,1,74.0,4.3,No,Yes,57.0,57.0,NotPlaced
6818,6.9,1,3,0,81.0,4.5,No,No,72.0,76.0,Placed
3253,7.7,1,2,1,69.0,4.8,Yes,Yes,61.0,70.0,Placed
6630,8.4,2,3,2,90.0,4.8,Yes,Yes,83.0,84.0,Placed
7629,8.4,2,3,2,84.0,3.7,No,No,81.0,82.0,NotPlaced
7838,6.5,1,1,0,78.0,4.4,No,No,64.0,68.0,NotPlaced
2526,6.9,0,1,1,73.0,3.5,No,Yes,69.0,63.0,NotPlaced
7432,8.7,2,3,0,82.0,4.8,Yes,Yes,78.0,83.0,Placed
8833,8.3,2,3,2,90.0,4.8,Yes,Yes,62.0,84.0,NotPlaced
2358,8.1,2,2,1,90.0,4.7,Yes,Yes,68.0,88.0,Placed
7422,8.1,1,3,2,89.0,4.7,Yes,Yes,71.0,80.0,NotPlaced
5302,7.7,1,2,2,79.0,4.8,Yes,Yes,82.0,82.0,NotPlaced
4528,7.5,2,1,0,70.0,4.6,Yes,No,73.0,79.0,NotPlaced
8960,8.0,0,2,0,76.0,4.6,Yes,Yes,56.0,87.0,Placed
6172,8.4,1,3,2,90.0,4.5,Yes,Yes,77.0,87.0,Placed
2009,8.5,2,3,0,76.0,4.8,Yes,Yes,85.0,88.0,Placed
8123,8.2,1,1,0,77.0,3.8,No,No,57.0,67.0,NotPlaced
8514,7.4,1,1,1,69.0,3.9,No,No,55.0,66.0,NotPlaced
9903,8.3,2,3,2,90.0,4.8,Yes,Yes,80.0,84.0,Placed
2056,7.8,0,1,0,64.0,3.9,No,No,64.0,61.0,NotPlaced
5058,6.8,1,1,0,76.0,4.0,No,No,60.0,58.0,NotPlaced
7776,8.6,2,3,2,90.0,4.8,Yes,Yes,85.0,81.0,Placed
9950,6.9,1,1,0,71.0,3.8,No,Yes,55.0,70.0,NotPlaced
2353,6.5,1,3,2,85.0,3.7,Yes,Yes,79.0,86.0,Placed
142,7.6,1,1,0,73.0,4.3,No,Yes,55.0,76.0,Placed
4146,7.6,1,3,1,77.0,4.6,Yes,Yes,73.0,79.0,NotPlaced
8234,8.3,1,2,1,80.0,4.3,Yes,Yes,71.0,84.0,Placed
7266,8.1,1,3,0,88.0,4.8,Yes,Yes,75.0,83.0,Placed
846,8.0,1,1,2,85.0,4.5,Yes,Yes,63.0,69.0,Placed
9039,6.8,1,1,1,69.0,3.7,No,No,63.0,65.0,NotPlaced
7352,7.5,0,3,2,85.0,4.5,No,Yes,75.0,73.0,Placed
9142,7.6,1,1,0,74.0,4.1,No,No,55.0,59.0,NotPlaced
6244,7.4,1,2,1,83.0,3.9,No,Yes,58.0,64.0,NotPlaced
1723,8.5,2,3,2,87.0,4.8,Yes,Yes,74.0,78.0,Placed
1986,8.0,1,1,2,75.0,3.6,Yes,Yes,55.0,64.0,NotPlaced
2587,7.4,1,2,0,73.0,3.3,No,Yes,57.0,66.0,NotPlaced
8217,6.5,1,1,1,80.0,3.6,No,No,57.0,67.0,NotPlaced
2052,7.6,0,1,1,75.0,4.2,No,Yes,55.0,63.0,NotPlaced
9471,8.1,1,3,2,90.0,4.8,Yes,Yes,71.0,87.0,Placed
2809,7.5,0,1,1,67.0,4.4,No,Yes,80.0,60.0,NotPlaced
5982,7.5,0,1,0,80.0,3.9,No,Yes,61.0,62.0,NotPlaced
4026,6.5,1,1,0,80.0,4.5,No,Yes,60.0,70.0,NotPlaced
9856,8.5,1,2,1,80.0,4.0,Yes,Yes,75.0,67.0,NotPlaced
2151,7.5,1,1,1,88.0,4.8,No,Yes,56.0,66.0,Placed
4717,8.4,2,1,2,84.0,4.5,Yes,Yes,60.0,85.0,NotPlaced
7763,6.5,1,2,1,69.0,4.3,No,No,55.0,61.0,NotPlaced
7736,6.6,0,1,1,64.0,4.6,Yes,Yes,64.0,71.0,NotPlaced
6529,7.5,0,2,1,82.0,4.8,Yes,Yes,66.0,71.0,Placed
5126,7.6,1,2,0,77.0,4.0,No,Yes,64.0,65.0,NotPlaced
7142,8.1,2,3,2,90.0,4.5,Yes,Yes,81.0,84.0,Placed
3950,7.6,1,2,2,79.0,4.2,Yes,Yes,59.0,67.0,Placed
320,7.5,1,1,1,81.0,4.5,Yes,Yes,64.0,68.0,NotPlaced
6162,8.3,2,1,2,83.0,4.8,Yes,Yes,78.0,83.0,Placed
8990,8.2,2,3,2,90.0,4.8,Yes,Yes,85.0,88.0,Placed
3488,6.5,1,1,0,67.0,3.9,No,No,58.0,74.0,NotPlaced
4476,7.9,1,1,1,79.0,4.0,No,No,55.0,61.0,NotPlaced
6437,8.3,1,3,2,79.0,4.4,Yes,No,70.0,86.0,NotPlaced
8157,8.3,2,3,3,90.0,4.8,Yes,Yes,76.0,77.0,Placed
160,6.5,1,1,0,63.0,3.5,No,No,56.0,64.0,NotPlaced
4465,7.2,1,3,0,77.0,4.6,No,Yes,75.0,75.0,NotPlaced
5524,7.9,2,1,0,81.0,3.7,Yes,Yes,79.0,66.0,Placed
8731,6.6,1,2,1,67.0,4.1,Yes,Yes,73.0,69.0,NotPlaced
3342,7.9,2,3,3,82.0,4.6,Yes,Yes,83.0,86.0,Placed
4357,6.5,1,2,1,68.0,3.7,No,Yes,55.0,66.0,NotPlaced
5575,6.5,0,1,0,66.0,3.5,No,No,55.0,67.0,NotPlaced
9753,7.5,1,2,2,78.0,4.5,Yes,Yes,66.0,78.0,NotPlaced
3915,8.3,1,2,2,88.0,4.6,Yes,Yes,85.0,88.0,Placed
1259,8.1,2,3,2,86.0,4.8,Yes,Yes,75.0,86.0,Placed
9090,6.9,1,2,0,73.0,4.2,Yes,Yes,74.0,63.0,NotPlaced
9110,8.6,1,3,2,82.0,4.6,Yes,Yes,75.0,84.0,Placed
1470,6.8,1,2,1,76.0,3.8,No,Yes,59.0,69.0,NotPlaced
7982,6.8,1,3,0,66.0,3.6,Yes,Yes,55.0,61.0,Placed
3516,7.6,1,2,0,75.0,3.5,No,Yes,61.0,76.0,NotPlaced
768,8.4,1,3,1,79.0,4.4,Yes,Yes,78.0,82.0,Placed
2431,7.9,2,3,2,90.0,4.6,Yes,Yes,82.0,81.0,Placed
9957,8.0,1,3,1,79.0,3.9,Yes,Yes,84.0,79.0,Placed
1401,8.4,2,3,2,90.0,4.8,Yes,Yes,79.0,85.0,Placed
6596,8.1,1,3,2,90.0,4.6,Yes,Yes,75.0,82.0,Placed
6415,7.9,2,3,2,90.0,4.3,Yes,Yes,83.0,84.0,Placed
1335,7.3,2,1,1,80.0,4.6,No,Yes,74.0,75.0,NotPlaced
647,7.9,2,3,2,90.0,4.6,Yes,Yes,82.0,87.0,Placed
2988,8.6,2,3,2,88.0,4.5,Yes,Yes,82.0,85.0,NotPlaced
6130,8.1,1,3,2,90.0,4.8,Yes,Yes,80.0,88.0,Placed
1611,7.0,1,2,0,78.0,4.7,No,Yes,73.0,64.0,NotPlaced
5071,8.7,1,1,0,75.0,4.4,Yes,No,71.0,57.0,NotPlaced
3593,8.1,1,2,1,90.0,4.7,Yes,Yes,71.0,72.0,NotPlaced
8767,8.3,1,0,0,85.0,4.3,Yes,Yes,87.0,83.0,Placed
5444,7.4,1,2,0,69.0,3.8,No,No,55.0,64.0,NotPlaced
4413,7.8,1,1,0,79.0,3.8,Yes,Yes,58.0,61.0,NotPlaced
3336,7.6,1,1,1,70.0,4.4,Yes,Yes,78.0,63.0,NotPlaced
6562,6.5,1,1,2,74.0,4.7,Yes,Yes,66.0,67.0,NotPlaced
1658,8.1,2,3,1,75.0,4.8,Yes,Yes,59.0,72.0,NotPlaced
8592,7.8,0,3,1,90.0,3.8,No,Yes,55.0,71.0,NotPlaced
7133,8.2,1,3,1,85.0,4.7,Yes,Yes,76.0,83.0,Placed
1527,7.8,2,3,2,90.0,4.8,Yes,Yes,90.0,78.0,Placed
9265,6.9,2,3,0,78.0,4.2,Yes,Yes,72.0,86.0,Placed
8142,7.4,2,1,1,80.0,4.1,Yes,No,55.0,71.0,NotPlaced
6868,7.5,1,2,1,90.0,4.8,Yes,Yes,61.0,82.0,Placed
7220,8.1,0,2,1,85.0,4.8,Yes,No,87.0,80.0,NotPlaced
326,8.6,2,3,2,90.0,4.8,Yes,Yes,75.0,84.0,Placed
778,8.1,2,3,2,90.0,4.8,Yes,Yes,84.0,86.0,Placed
895,7.6,1,1,0,74.0,4.0,No,Yes,60.0,68.0,NotPlaced
5899,6.7,1,1,0,79.0,4.1,No,Yes,56.0,70.0,NotPlaced
2477,7.6,1,1,2,67.0,3.8,No,Yes,57.0,70.0,Placed
7451,6.5,1,1,1,73.0,4.5,No,No,55.0,59.0,NotPlaced
1626,6.6,1,1,1,69.0,4.3,No,No,58.0,61.0,NotPlaced
9409,8.8,0,3,0,68.0,4.1,Yes,Yes,55.0,66.0,NotPlaced
8673,6.5,1,1,0,70.0,4.2,No,No,60.0,67.0,NotPlaced
8872,7.6,2,2,2,60.0,4.4,No,No,55.0,61.0,NotPlaced
1174,7.7,2,3,1,85.0,4.2,Yes,No,83.0,84.0,Placed
5604,8.3,2,3,2,88.0,4.8,Yes,Yes,87.0,88.0,Placed
6732,7.5,2,2,0,86.0,3.9,Yes,Yes,84.0,88.0,NotPlaced
4155,7.4,1,1,0,78.0,4.0,Yes,Yes,82.0,67.0,Placed
2238,6.8,0,2,1,89.0,3.9,No,Yes,63.0,61.0,Placed
7107,8.4,1,3,2,90.0,4.8,Yes,Yes,72.0,87.0,Placed
5171,8.4,2,3,2,90.0,4.8,Yes,Yes,76.0,88.0,Placed
7984,7.5,0,1,0,64.0,3.7,No,Yes,55.0,71.0,Placed
9417,8.3,2,3,2,80.0,4.3,Yes,Yes,82.0,87.0,Placed
7208,8.3,1,1,1,70.0,4.3,No,No,58.0,67.0,NotPlaced
9703,7.6,1,3,0,90.0,4.8,Yes,Yes,68.0,87.0,Placed
9067,7.3,0,2,0,71.0,3.5,No,Yes,67.0,68.0,NotPlaced
7196,8.2,1,2,2,90.0,4.8,Yes,Yes,71.0,88.0,Placed
5566,7.5,1,1,0,75.0,4.1,Yes,Yes,61.0,70.0,NotPlaced
8297,7.6,0,1,1,83.0,3.4,No,Yes,55.0,64.0,Placed
2665,7.5,0,1,0,80.0,4.5,Yes,Yes,79.0,73.0,NotPlaced
3819,6.7,1,1,0,71.0,3.9,No,No,65.0,62.0,NotPlaced
3394,7.7,2,2,1,74.0,4.6,No,No,61.0,64.0,NotPlaced
2759,6.5,1,1,1,74.0,3.8,No,No,69.0,64.0,NotPlaced
4577,7.3,1,1,0,75.0,3.9,No,No,55.0,61.0,NotPlaced
8134,7.5,1,2,0,69.0,4.1,No,Yes,55.0,68.0,NotPlaced
196,8.4,1,1,2,87.0,4.1,No,No,78.0,70.0,NotPlaced
3099,7.6,1,1,1,60.0,4.4,No,Yes,59.0,70.0,NotPlaced
8802,6.9,1,3,2,80.0,4.6,Yes,Yes,73.0,83.0,Placed
9266,6.5,0,1,2,85.0,3.6,No,No,68.0,69.0,NotPlaced
6721,8.8,0,3,1,90.0,4.8,Yes,Yes,77.0,85.0,Placed
613,8.1,2,3,2,90.0,4.8,Yes,Yes,76.0,84.0,Placed
9553,6.6,1,1,0,75.0,4.4,No,No,62.0,82.0,NotPlaced
2472,7.6,2,1,0,73.0,4.6,Yes,Yes,78.0,73.0,NotPlaced
300,8.4,2,3,3,82.0,4.5,Yes,No,82.0,85.0,Placed
8952,6.5,1,2,1,72.0,4.0,Yes,Yes,68.0,76.0,Placed
7294,7.4,2,3,1,81.0,4.8,Yes,Yes,71.0,78.0,NotPlaced
1488,7.9,2,1,1,81.0,4.8,Yes,No,55.0,63.0,Placed
2829,7.5,1,1,1,60.0,3.0,No,No,60.0,69.0,NotPlaced
4491,7.6,0,2,1,60.0,4.3,No,Yes,55.0,60.0,NotPlaced
4707,6.5,1,1,1,73.0,4.2,No,No,55.0,57.0,NotPlaced
6058,7.5,1,3,0,71.0,4.2,No,Yes,65.0,67.0,NotPlaced
7346,7.7,1,1,0,82.0,3.8,Yes,Yes,82.0,87.0,Placed
956,6.5,1,1,0,82.0,3.9,No,Yes,55.0,60.0,NotPlaced
2853,7.7,1,1,0,72.0,4.2,No,No,55.0,66.0,NotPlaced
8953,8.2,2,3,2,81.0,4.8,Yes,Yes,84.0,64.0,NotPlaced
9477,6.5,0,1,0,65.0,3.7,No,No,56.0,71.0,NotPlaced
9014,6.7,1,2,0,74.0,4.6,Yes,Yes,55.0,68.0,Placed
8071,8.8,1,3,2,90.0,4.8,Yes,Yes,75.0,82.0,Placed
7296,7.7,0,1,1,67.0,4.4,No,No,55.0,61.0,NotPlaced
5138,7.4,2,1,1,78.0,4.3,No,No,55.0,68.0,NotPlaced
5216,7.5,1,2,1,76.0,3.8,No,No,55.0,63.0,NotPlaced
6625,8.5,1,2,1,60.0,4.8,No,No,66.0,67.0,NotPlaced
3648,8.2,1,1,3,83.0,4.0,Yes,Yes,74.0,83.0,Placed
6080,8.1,1,3,2,80.0,4.7,No,Yes,67.0,67.0,Placed
550,8.4,1,1,0,73.0,4.2,No,Yes,55.0,69.0,NotPlaced
4537,7.4,1,3,1,71.0,4.1,No,Yes,87.0,64.0,Placed
8640,7.4,0,2,1,71.0,4.7,No,Yes,79.0,67.0,NotPlaced
859,8.6,2,3,2,90.0,4.8,Yes,Yes,79.0,82.0,Placed
7358,8.1,1,3,0,87.0,4.7,Yes,Yes,83.0,85.0,Placed
5472,6.8,1,2,1,71.0,4.7,Yes,Yes,55.0,58.0,NotPlaced
2155,7.8,1,2,0,82.0,4.0,No,Yes,70.0,60.0,NotPlaced
8118,7.5,2,3,2,77.0,4.8,Yes,Yes,58.0,73.0,Placed
8245,8.4,1,3,2,84.0,4.8,Yes,Yes,81.0,84.0,NotPlaced
4206,8.3,2,3,2,81.0,4.1,Yes,No,82.0,79.0,Placed
9823,7.5,1,1,0,75.0,4.3,No,Yes,56.0,66.0,NotPlaced
6243,7.4,1,1,1,84.0,4.1,No,Yes,55.0,70.0,NotPlaced
1847,8.2,2,3,0,90.0,4.8,Yes,Yes,76.0,83.0,Placed
3824,6.7,0,2,1,63.0,4.4,No,Yes,59.0,61.0,NotPlaced
9078,6.9,2,3,3,86.0,4.8,Yes,Yes,73.0,82.0,Placed
9049,7.8,0,1,2,74.0,4.3,No,Yes,59.0,84.0,NotPlaced
9760,7.7,0,2,1,71.0,4.3,Yes,Yes,60.0,73.0,NotPlaced
588,8.0,0,0,2,76.0,4.8,Yes,No,62.0,64.0,Placed
3370,8.4,2,3,2,86.0,4.4,Yes,Yes,72.0,61.0,Placed
8220,7.4,0,2,1,79.0,3.6,No,Yes,55.0,65.0,NotPlaced
2241,7.8,1,1,0,73.0,3.2,No,Yes,57.0,69.0,NotPlaced
1854,6.7,1,2,1,74.0,4.1,Yes,Yes,56.0,67.0,Placed
3775,7.7,1,2,1,83.0,4.5,No,No,65.0,70.0,Placed
3677,7.9,1,3,0,69.0,4.0,Yes,Yes,62.0,70.0,Placed
7135,6.5,0,2,0,84.0,4.8,No,No,68.0,69.0,NotPlaced
5796,6.6,1,1,0,69.0,3.8,No,Yes,61.0,64.0,NotPlaced
4213,8.4,2,3,2,88.0,4.6,Yes,Yes,84.0,76.0,Placed
1863,7.9,0,1,1,74.0,4.4,No,No,59.0,65.0,NotPlaced
3173,6.5,2,1,1,76.0,4.8,Yes,No,74.0,69.0,NotPlaced
5131,7.7,0,1,0,73.0,4.3,Yes,No,55.0,57.0,Placed
6649,6.7,1,1,0,78.0,3.7,No,Yes,77.0,83.0,NotPlaced
7380,7.7,1,2,0,74.0,4.7,Yes,Yes,69.0,71.0,Placed
6418,8.3,1,3,1,88.0,4.8,Yes,Yes,79.0,86.0,Placed
8291,7.5,1,1,0,77.0,4.1,No,Yes,58.0,70.0,NotPlaced
2741,8.4,2,3,0,86.0,4.7,Yes,Yes,84.0,83.0,Placed
9656,7.9,1,1,0,70.0,4.2,No,Yes,64.0,81.0,NotPlaced
1217,7.6,2,2,0,89.0,3.8,Yes,No,81.0,65.0,NotPlaced
8122,7.8,1,3,0,75.0,4.2,Yes,Yes,82.0,82.0,Placed
2566,8.3,1,2,0,76.0,4.4,Yes,Yes,82.0,84.0,Placed
7217,8.3,0,1,1,73.0,4.3,No,Yes,59.0,71.0,Placed
6213,7.7,1,3,0,89.0,4.6,Yes,Yes,80.0,83.0,Placed
767,7.8,1,3,2,81.0,4.2,Yes,Yes,70.0,65.0,Placed
5266,8.3,2,3,2,90.0,4.8,Yes,Yes,77.0,83.0,Placed
9951,8.0,1,2,2,90.0,4.3,Yes,Yes,73.0,64.0,Placed
8443,7.4,2,2,0,65.0,3.9,No,No,55.0,67.0,NotPlaced
495,7.4,1,1,0,89.0,4.4,No,Yes,58.0,73.0,NotPlaced
7258,6.6,1,1,0,71.0,3.1,No,Yes,64.0,67.0,NotPlaced
3146,7.8,1,1,1,79.0,3.8,No,No,55.0,74.0,Placed
5221,8.0,1,1,1,70.0,4.6,No,Yes,58.0,63.0,NotPlaced
2857,8.0,2,3,2,90.0,4.8,Yes,Yes,82.0,83.0,Placed
8517,7.4,2,3,2,80.0,4.8,Yes,Yes,70.0,67.0,NotPlaced
5290,7.3,2,3,0,90.0,4.4,No,Yes,55.0,85.0,Placed
1920,8.2,0,3,2,90.0,4.8,Yes,Yes,70.0,84.0,Placed
1687,8.1,1,1,0,80.0,4.6,No,No,59.0,58.0,NotPlaced
7089,7.6,1,1,0,81.0,4.2,Yes,No,55.0,82.0,NotPlaced
3703,8.2,1,1,1,79.0,4.8,Yes,Yes,55.0,67.0,NotPlaced
441,6.5,1,1,0,73.0,4.1,No,Yes,55.0,66.0,NotPlaced
5975,7.6,0,2,1,68.0,4.3,Yes,Yes,62.0,74.0,NotPlaced
8162,8.0,2,3,0,90.0,4.8,No,Yes,65.0,86.0,NotPlaced
7662,6.8,0,1,0,72.0,4.2,No,No,55.0,69.0,NotPlaced
3546,7.6,0,1,2,71.0,3.9,No,Yes,61.0,67.0,NotPlaced
1034,7.7,1,2,1,85.0,4.6,Yes,Yes,76.0,83.0,Placed
8922,8.5,1,3,2,89.0,4.6,Yes,Yes,79.0,82.0,NotPlaced
7163,7.5,1,2,1,73.0,4.4,No,Yes,69.0,79.0,NotPlaced
6407,8.1,1,2,3,85.0,4.6,Yes,Yes,55.0,63.0,NotPlaced
5743,6.5,1,3,2,77.0,4.2,Yes,Yes,78.0,81.0,NotPlaced
9202,6.5,0,3,0,85.0,4.3,No,No,55.0,70.0,NotPlaced
1907,7.7,1,3,1,84.0,4.7,Yes,No,59.0,65.0,NotPlaced
3255,7.6,1,1,1,73.0,4.1,No,No,55.0,67.0,NotPlaced
4434,7.7,0,1,0,81.0,4.4,Yes,Yes,76.0,68.0,NotPlaced
8172,8.6,0,3,3,90.0,4.8,Yes,Yes,70.0,84.0,Placed
8565,7.3,0,1,0,76.0,4.0,No,No,63.0,70.0,NotPlaced
5954,7.7,1,1,0,76.0,3.8,No,No,55.0,61.0,NotPlaced
4156,7.3,1,1,0,65.0,4.6,Yes,Yes,62.0,74.0,NotPlaced
8794,7.3,2,1,0,83.0,3.7,Yes,Yes,60.0,65.0,Placed
8406,8.0,2,1,2,80.0,4.6,Yes,No,77.0,61.0,Placed
4281,7.7,0,2,1,81.0,3.8,Yes,Yes,82.0,65.0,NotPlaced
4221,8.1,1,3,2,75.0,4.3,Yes,Yes,69.0,83.0,Placed
2410,7.9,1,1,1,76.0,4.4,Yes,Yes,65.0,85.0,NotPlaced
3889,8.7,2,3,2,90.0,4.8,Yes,Yes,80.0,83.0,Placed
3581,8.3,2,3,2,90.0,4.5,Yes,Yes,63.0,82.0,NotPlaced
5160,7.4,1,1,0,72.0,3.6,No,Yes,63.0,72.0,NotPlaced
1806,8.1,1,2,0,72.0,4.5,Yes,Yes,73.0,70.0,Placed
3638,6.6,1,2,2,83.0,4.6,Yes,Yes,82.0,70.0,NotPlaced
561,7.9,2,1,1,78.0,4.1,Yes,Yes,58.0,76.0,NotPlaced
6502,8.4,2,3,0,90.0,4.8,Yes,Yes,88.0,80.0,Placed
3451,7.3,1,1,0,76.0,4.3,No,Yes,63.0,69.0,NotPlaced
8355,7.7,1,3,1,82.0,4.5,Yes,Yes,68.0,79.0,NotPlaced
4997,7.7,1,3,2,81.0,4.7,Yes,Yes,73.0,66.0,NotPlaced
3444,8.6,1,3,2,79.0,4.3,Yes,Yes,88.0,80.0,Placed
4523,7.5,1,2,0,72.0,4.4,No,Yes,77.0,69.0,Placed
6341,8.5,1,3,2,88.0,4.6,Yes,Yes,84.0,86.0,Placed
1096,8.4,1,3,3,90.0,4.7,Yes,Yes,78.0,72.0,Placed
9860,6.5,1,1,0,69.0,3.7,No,Yes,79.0,67.0,NotPlaced
6804,6.5,1,3,1,83.0,4.8,Yes,Yes,78.0,69.0,NotPlaced
9802,6.8,2,3,2,90.0,4.3,Yes,Yes,81.0,79.0,NotPlaced
6210,7.7,2,2,1,81.0,4.8,Yes,No,81.0,86.0,Placed
7690,8.4,1,2,2,73.0,4.3,Yes,No,71.0,79.0,Placed
7218,6.5,1,1,0,74.0,3.5,No,Yes,64.0,69.0,NotPlaced
1874,8.2,2,3,2,90.0,4.8,Yes,Yes,89.0,87.0,Placed
9854,8.2,2,3,2,90.0,4.6,Yes,Yes,75.0,84.0,Placed
4423,7.9,1,2,1,77.0,4.4,Yes,No,83.0,64.0,NotPlaced
8303,7.8,1,2,0,84.0,4.4,No,Yes,60.0,65.0,NotPlaced
1313,7.7,1,2,1,67.0,3.8,No,Yes,75.0,60.0,NotPlaced
2296,7.9,2,1,2,81.0,4.8,Yes,No,82.0,82.0,Placed
2235,8.5,1,3,2,86.0,4.6,Yes,Yes,64.0,83.0,Placed
2839,7.9,1,2,1,86.0,4.8,No,Yes,70.0,60.0,NotPlaced
9572,8.0,0,1,1,76.0,3.6,No,No,55.0,65.0,NotPlaced
9565,8.5,1,3,2,90.0,4.4,Yes,Yes,72.0,83.0,NotPlaced
4422,6.5,1,2,1,74.0,4.6,Yes,Yes,62.0,72.0,NotPlaced
5443,8.1,2,3,2,88.0,4.5,Yes,Yes,79.0,87.0,NotPlaced
873,6.5,1,2,0,71.0,4.3,No,Yes,55.0,70.0,NotPlaced
7812,8.4,1,1,1,79.0,4.1,No,No,59.0,66.0,NotPlaced
1661,8.0,1,2,0,78.0,3.8,Yes,No,79.0,71.0,NotPlaced
3601,7.8,0,2,2,85.0,4.7,Yes,Yes,85.0,87.0,Placed
919,7.4,2,1,0,77.0,4.3,No,No,66.0,74.0,Placed
9222,7.5,0,1,0,68.0,3.4,No,No,61.0,59.0,NotPlaced
145,8.4,1,2,1,74.0,4.3,Yes,Yes,59.0,80.0,Placed
1937,8.6,2,3,2,89.0,4.8,Yes,No,79.0,78.0,Placed
8420,7.0,0,3,0,75.0,3.9,No,No,56.0,70.0,Placed
491,7.6,1,2,1,76.0,3.9,No,No,55.0,69.0,NotPlaced
928,7.1,1,2,0,85.0,4.2,Yes,Yes,73.0,84.0,Placed
157,8.4,1,3,2,90.0,4.5,Yes,Yes,79.0,86.0,Placed
2821,8.1,2,3,2,90.0,4.8,Yes,Yes,81.0,87.0,Placed
5793,7.6,1,2,1,86.0,4.8,Yes,Yes,72.0,81.0,Placed
7060,7.5,1,1,1,70.0,4.0,Yes,Yes,55.0,64.0,NotPlaced
834,6.5,1,1,1,67.0,4.3,No,No,55.0,67.0,NotPlaced
3156,6.6,0,1,0,73.0,4.3,Yes,Yes,58.0,68.0,NotPlaced
7466,6.5,1,1,1,76.0,3.8,No,Yes,60.0,68.0,NotPlaced
5111,8.1,1,3,2,90.0,4.8,Yes,Yes,79.0,84.0,Placed
395,8.6,1,2,0,86.0,4.8,Yes,Yes,69.0,77.0,Placed
354,7.4,1,2,0,72.0,4.3,No,Yes,55.0,62.0,NotPlaced
1102,7.5,0,2,0,78.0,4.4,No,Yes,62.0,65.0,NotPlaced
9518,7.8,1,2,0,83.0,3.5,No,No,57.0,63.0,NotPlaced
1179,8.8,2,1,2,85.0,4.8,Yes,Yes,72.0,84.0,Placed
9718,8.7,0,1,1,81.0,4.8,No,No,66.0,65.0,NotPlaced
8292,7.7,1,3,2,87.0,4.5,Yes,Yes,82.0,81.0,Placed
5104,8.3,1,3,2,90.0,4.7,Yes,Yes,86.0,86.0,Placed
2898,7.6,1,1,1,75.0,4.1,No,No,55.0,70.0,NotPlaced
2478,8.3,2,3,2,85.0,4.5,Yes,Yes,87.0,80.0,Placed
5155,6.5,1,1,0,75.0,4.1,No,No,55.0,71.0,NotPlaced
6402,8.2,1,3,2,83.0,4.5,Yes,Yes,76.0,85.0,Placed
4302,8.5,1,0,0,81.0,4.1,No,No,57.0,71.0,NotPlaced
7331,8.4,0,2,2,87.0,4.3,Yes,Yes,77.0,67.0,NotPlaced
9124,7.0,1,1,1,70.0,3.3,No,Yes,55.0,68.0,NotPlaced
4251,7.8,1,2,1,82.0,4.4,Yes,Yes,55.0,67.0,NotPlaced
2619,7.4,1,0,1,67.0,3.6,No,No,55.0,63.0,NotPlaced
2386,6.5,1,3,1,90.0,4.5,No,No,74.0,62.0,NotPlaced
2804,6.7,1,3,1,76.0,4.4,Yes,Yes,84.0,83.0,Placed
4852,7.5,1,2,1,71.0,4.0,No,No,82.0,65.0,NotPlaced
6558,6.9,0,2,0,71.0,4.0,No,Yes,55.0,71.0,NotPlaced
656,7.6,0,3,2,85.0,3.8,Yes,No,79.0,83.0,NotPlaced
1715,8.1,2,3,2,86.0,4.5,Yes,No,81.0,83.0,NotPlaced
1083,7.4,0,2,0,86.0,3.8,No,Yes,78.0,71.0,NotPlaced
2805,7.4,1,1,1,77.0,4.1,No,No,55.0,64.0,NotPlaced
2548,8.7,1,3,0,87.0,4.8,Yes,Yes,65.0,82.0,NotPlaced
3619,8.3,0,3,0,87.0,4.6,Yes,Yes,76.0,81.0,Placed
3750,8.4,2,3,2,84.0,4.7,Yes,Yes,77.0,85.0,Placed
3882,7.6,0,2,0,71.0,4.3,No,No,67.0,58.0,NotPlaced
2514,7.7,1,2,0,68.0,3.7,No,Yes,74.0,71.0,NotPlaced
4808,6.5,1,1,1,68.0,4.7,No,No,59.0,73.0,NotPlaced
1091,7.7,1,1,0,70.0,4.3,No,Yes,78.0,72.0,NotPlaced
318,6.6,0,1,1,67.0,4.3,No,Yes,56.0,65.0,NotPlaced
6344,7.5,1,2,0,66.0,3.8,No,No,64.0,67.0,NotPlaced
7001,8.2,0,2,0,86.0,4.5,Yes,Yes,77.0,72.0,Placed
3521,8.6,1,3,1,88.0,4.8,Yes,Yes,80.0,81.0,Placed
2774,7.7,0,3,0,83.0,4.5,Yes,Yes,80.0,82.0,NotPlaced
6952,6.9,2,3,1,68.0,3.7,No,No,64.0,64.0,NotPlaced
3112,8.1,2,3,0,66.0,4.2,Yes,No,63.0,58.0,NotPlaced
410,8.6,2,3,0,87.0,4.8,No,No,75.0,66.0,NotPlaced
2318,7.6,1,3,0,84.0,4.1,No,No,57.0,73.0,NotPlaced
1289,7.8,2,3,0,83.0,4.6,Yes,Yes,79.0,69.0,Placed
668,6.9,0,1,0,79.0,3.6,No,No,61.0,67.0,NotPlaced
8509,7.3,1,1,0,80.0,3.6,Yes,Yes,78.0,80.0,Placed
1155,8.1,2,3,2,85.0,4.6,Yes,Yes,80.0,84.0,Placed
7840,7.7,1,1,1,71.0,4.2,No,No,71.0,59.0,NotPlaced
4083,7.5,1,1,0,60.0,3.3,No,Yes,55.0,72.0,NotPlaced
8037,7.6,1,2,1,68.0,4.1,No,Yes,55.0,68.0,NotPlaced
8257,8.0,0,3,0,88.0,4.4,Yes,Yes,78.0,83.0,NotPlaced
5482,8.7,2,3,2,85.0,4.4,Yes,Yes,81.0,84.0,Placed
1224,8.0,1,2,0,79.0,4.4,No,No,84.0,77.0,NotPlaced
1002,7.6,1,2,1,78.0,4.3,No,Yes,60.0,71.0,NotPlaced
1674,6.5,0,1,0,83.0,4.1,Yes,Yes,55.0,80.0,NotPlaced
1447,7.7,1,1,0,74.0,4.3,Yes,Yes,82.0,64.0,NotPlaced
9362,6.5,1,3,1,70.0,4.2,No,Yes,58.0,68.0,NotPlaced
9528,6.8,1,2,1,78.0,4.4,No,No,55.0,63.0,NotPlaced
7914,7.6,0,2,0,69.0,4.2,No,No,55.0,63.0,NotPlaced
6654,7.6,1,1,1,60.0,4.4,No,Yes,56.0,69.0,NotPlaced
7099,7.6,1,3,2,90.0,4.8,Yes,Yes,60.0,83.0,NotPlaced
7064,6.9,0,2,2,75.0,4.3,Yes,Yes,55.0,70.0,NotPlaced
2252,7.6,1,3,3,78.0,4.7,Yes,No,86.0,74.0,Placed
1306,8.2,1,3,2,90.0,4.8,Yes,Yes,64.0,87.0,NotPlaced
202,7.9,2,3,2,76.0,4.6,Yes,Yes,79.0,82.0,Placed
4924,7.5,1,3,1,66.0,3.8,No,Yes,69.0,72.0,NotPlaced
9182,7.6,1,1,0,72.0,4.5,No,No,55.0,57.0,NotPlaced
1443,7.3,2,3,2,90.0,4.6,Yes,Yes,80.0,87.0,Placed
3361,7.9,0,2,0,70.0,4.7,Yes,Yes,77.0,85.0,Placed
3794,6.5,1,1,0,71.0,3.6,No,No,63.0,61.0,NotPlaced
3021,7.5,0,1,1,62.0,3.7,No,No,55.0,65.0,NotPlaced
1633,6.5,1,2,0,82.0,4.1,Yes,Yes,70.0,66.0,NotPlaced
3235,8.8,1,3,0,88.0,4.4,No,Yes,71.0,82.0,NotPlaced
8049,8.3,1,1,1,72.0,4.7,Yes,Yes,66.0,71.0,NotPlaced
3108,7.6,1,1,0,62.0,4.2,No,Yes,55.0,80.0,NotPlaced
3772,7.5,0,1,1,80.0,4.1,No,Yes,64.0,65.0,NotPlaced
5822,8.5,2,3,2,90.0,4.7,Yes,Yes,86.0,80.0,Placed
3237,8.4,2,3,2,90.0,4.8,Yes,Yes,84.0,88.0,Placed
4053,7.5,2,1,2,86.0,4.6,No,Yes,82.0,83.0,Placed
309,8.3,2,3,2,82.0,4.6,Yes,Yes,76.0,85.0,Placed
964,7.6,1,1,0,81.0,3.8,No,Yes,59.0,60.0,NotPlaced
7438,8.9,2,3,2,90.0,4.8,Yes,Yes,72.0,84.0,Placed
4438,8.1,0,1,1,70.0,3.7,No,Yes,57.0,69.0,NotPlaced
7998,8.5,2,2,0,79.0,3.7,Yes,Yes,55.0,83.0,NotPlaced
2148,7.0,1,3,1,88.0,4.8,Yes,Yes,85.0,82.0,Placed
2311,8.3,0,3,0,88.0,4.7,Yes,Yes,70.0,80.0,NotPlaced
6196,7.7,1,2,1,68.0,4.5,No,Yes,56.0,63.0,NotPlaced
8641,8.3,1,3,2,90.0,4.5,Yes,Yes,76.0,81.0,Placed
1181,8.1,2,2,2,82.0,4.7,Yes,Yes,69.0,82.0,NotPlaced
2020,7.4,1,3,2,90.0,4.8,Yes,Yes,79.0,83.0,Placed
3748,8.2,2,3,2,90.0,4.8,Yes,Yes,77.0,83.0,Placed
7384,6.6,1,2,0,70.0,4.0,No,No,55.0,62.0,NotPlaced
4018,7.8,1,2,0,78.0,4.0,Yes,Yes,67.0,72.0,NotPlaced
3364,8.5,0,1,0,74.0,4.3,No,Yes,68.0,83.0,NotPlaced
3722,8.2,1,2,0,79.0,4.8,Yes,Yes,78.0,69.0,NotPlaced
3321,7.8,1,2,2,77.0,4.8,Yes,Yes,85.0,87.0,Placed
1677,6.6,1,3,0,86.0,4.4,No,No,60.0,65.0,NotPlaced
9603,8.0,2,3,2,90.0,4.8,Yes,Yes,86.0,88.0,Placed
5413,8.4,1,2,0,85.0,4.4,Yes,Yes,79.0,86.0,Placed
1467,7.2,0,2,1,77.0,4.6,Yes,Yes,55.0,63.0,NotPlaced
9261,7.6,1,2,1,82.0,4.3,Yes,No,68.0,66.0,NotPlaced
3202,8.2,2,3,2,81.0,4.5,Yes,Yes,74.0,88.0,Placed
6014,6.7,1,1,0,60.0,4.0,No,No,61.0,62.0,NotPlaced
2230,8.3,2,3,2,90.0,4.8,Yes,Yes,75.0,80.0,Placed
7370,7.3,1,1,1,74.0,4.8,No,No,55.0,66.0,NotPlaced
2884,7.6,2,3,0,90.0,4.8,Yes,No,74.0,85.0,NotPlaced
6253,7.6,0,1,0,80.0,3.9,No,No,60.0,71.0,NotPlaced
6845,8.4,1,1,1,73.0,4.3,No,Yes,64.0,73.0,NotPlaced
2425,7.6,1,1,1,68.0,4.0,No,Yes,61.0,68.0,NotPlaced
6010,6.5,1,2,0,83.0,4.6,Yes,Yes,73.0,65.0,NotPlaced
809,8.4,1,3,2,90.0,4.7,Yes,Yes,79.0,88.0,Placed
8756,7.5,2,1,0,69.0,4.5,Yes,No,71.0,69.0,NotPlaced
3883,8.3,1,3,1,79.0,4.5,Yes,Yes,72.0,87.0,Placed
4786,8.2,2,1,0,82.0,4.7,Yes,Yes,63.0,72.0,Placed
7245,7.6,1,1,1,88.0,4.0,No,Yes,59.0,61.0,NotPlaced
83,8.2,2,3,2,76.0,4.5,Yes,Yes,73.0,82.0,NotPlaced
1071,7.6,1,2,0,82.0,4.0,No,No,59.0,68.0,NotPlaced
2822,8.6,2,3,2,79.0,4.8,Yes,Yes,78.0,78.0,Placed
6842,8.2,2,3,2,90.0,4.8,Yes,Yes,80.0,87.0,Placed
3923,7.8,1,1,0,71.0,4.0,No,Yes,55.0,65.0,NotPlaced
7035,7.6,1,3,0,81.0,4.3,Yes,Yes,80.0,82.0,Placed
704,7.7,1,2,0,78.0,3.6,No,Yes,64.0,81.0,NotPlaced
5445,6.5,1,1,0,71.0,4.2,Yes,Yes,55.0,75.0,NotPlaced
665,8.5,0,3,1,83.0,4.0,Yes,Yes,59.0,82.0,NotPlaced
4747,8.3,1,3,1,66.0,4.3,No,No,78.0,71.0,NotPlaced
743,8.3,1,3,2,86.0,4.8,Yes,Yes,66.0,88.0,Placed
3985,6.9,1,2,0,70.0,4.3,No,No,55.0,71.0,Placed
4247,8.7,1,3,2,87.0,4.8,Yes,Yes,69.0,82.0,Placed
3384,8.3,1,2,0,80.0,4.8,Yes,Yes,73.0,83.0,Placed
8383,7.5,1,1,1,68.0,4.5,No,Yes,59.0,63.0,NotPlaced
6012,7.5,0,1,0,80.0,4.1,No,Yes,62.0,73.0,NotPlaced
5295,6.7,1,1,0,70.0,3.9,No,Yes,56.0,67.0,NotPlaced
5887,7.7,1,1,0,78.0,3.8,No,Yes,55.0,61.0,NotPlaced
2744,8.3,2,3,2,90.0,4.8,Yes,Yes,80.0,88.0,Placed
40,6.7,0,3,2,88.0,4.2,Yes,Yes,72.0,86.0,Placed
4323,7.9,1,3,1,71.0,4.6,Yes,Yes,57.0,68.0,NotPlaced
8897,8.2,1,3,2,90.0,4.3,Yes,Yes,76.0,82.0,Placed
149,8.0,2,1,2,90.0,4.8,Yes,Yes,74.0,81.0,NotPlaced
4850,6.5,1,1,1,80.0,4.4,No,Yes,60.0,65.0,NotPlaced
8117,8.1,2,3,0,83.0,3.8,Yes,No,67.0,60.0,Placed
287,7.7,1,1,2,82.0,4.4,No,No,55.0,70.0,NotPlaced
6983,8.3,1,3,2,84.0,4.4,Yes,Yes,79.0,88.0,Placed
8010,7.9,1,3,1,82.0,4.3,Yes,Yes,76.0,81.0,Placed
7603,7.4,1,1,0,86.0,4.5,Yes,Yes,69.0,86.0,NotPlaced
760,8.6,1,2,0,74.0,4.4,No,No,55.0,66.0,Placed
4898,7.5,1,3,2,83.0,4.8,No,Yes,72.0,82.0,NotPlaced
4462,8.5,2,3,2,90.0,4.8,Yes,Yes,90.0,83.0,Placed
7908,7.8,2,3,2,90.0,4.7,Yes,Yes,85.0,82.0,Placed
8896,7.6,1,1,0,74.0,4.3,No,No,58.0,71.0,NotPlaced
6305,7.5,1,3,0,83.0,4.6,Yes,Yes,81.0,80.0,NotPlaced
759,7.6,0,1,0,66.0,3.5,No,No,55.0,67.0,NotPlaced
12,7.9,1,3,2,90.0,4.8,Yes,Yes,71.0,87.0,Placed
7042,7.6,1,2,0,87.0,4.2,Yes,Yes,56.0,72.0,NotPlaced
4431,8.5,2,3,2,90.0,4.6,Yes,Yes,79.0,81.0,Placed
8261,8.5,2,3,0,85.0,4.5,Yes,Yes,86.0,84.0,Placed
6969,8.4,0,3,2,90.0,4.8,Yes,Yes,82.0,62.0,Placed
192,7.8,2,2,2,80.0,4.6,No,Yes,59.0,74.0,Placed
9415,6.8,1,1,0,67.0,4.7,Yes,Yes,59.0,69.0,Placed
252,6.5,1,1,0,68.0,4.3,No,Yes,55.0,70.0,NotPlaced
2280,8.0,2,3,2,87.0,4.5,Yes,Yes,71.0,85.0,Placed
1237,8.4,0,3,2,74.0,4.5,Yes,Yes,81.0,68.0,Placed
2577,7.4,1,3,2,87.0,4.4,No,Yes,78.0,72.0,NotPlaced
9284,8.7,2,3,2,83.0,4.8,Yes,Yes,76.0,82.0,Placed
8312,8.4,2,3,2,90.0,4.7,Yes,Yes,69.0,88.0,Placed
6681,7.9,0,3,2,90.0,4.6,Yes,Yes,79.0,88.0,Placed
5542,6.5,1,1,0,79.0,4.0,Yes,Yes,79.0,74.0,NotPlaced
5953,7.7,1,3,1,89.0,4.8,Yes,Yes,88.0,83.0,Placed
4674,8.0,1,3,0,87.0,4.3,Yes,Yes,81.0,77.0,Placed
7851,6.9,0,1,0,71.0,3.6,No,No,55.0,70.0,NotPlaced
8325,6.5,1,2,1,79.0,3.1,No,Yes,63.0,69.0,Placed
7081,7.8,1,3,0,76.0,4.7,Yes,Yes,57.0,82.0,Placed
8674,8.2,0,3,2,76.0,4.7,Yes,Yes,83.0,85.0,NotPlaced
3612,8.3,2,3,0,90.0,4.6,Yes,Yes,75.0,71.0,NotPlaced
5513,8.7,0,2,2,84.0,4.5,Yes,Yes,83.0,84.0,NotPlaced
6600,7.5,0,2,0,72.0,4.1,Yes,Yes,74.0,77.0,NotPlaced
9106,8.0,2,3,2,90.0,4.8,Yes,Yes,77.0,86.0,Placed
8858,6.7,1,1,0,80.0,3.8,No,Yes,62.0,64.0,NotPlaced
5652,6.7,0,1,0,74.0,4.1,Yes,Yes,60.0,64.0,NotPlaced
4960,8.3,2,3,2,90.0,4.8,Yes,Yes,90.0,85.0,Placed
3258,7.3,0,1,2,75.0,4.5,Yes,Yes,73.0,79.0,Placed
5662,7.9,1,3,2,90.0,4.8,Yes,No,84.0,88.0,Placed
6075,7.5,1,2,0,63.0,3.4,No,Yes,55.0,68.0,NotPlaced
5734,8.0,2,1,0,78.0,4.6,No,No,63.0,71.0,Placed
3577,8.1,1,3,0,77.0,4.3,No,Yes,71.0,69.0,NotPlaced
1149,8.1,1,2,0,85.0,4.3,Yes,Yes,78.0,74.0,Placed
5631,8.3,1,3,2,82.0,4.8,Yes,Yes,81.0,83.0,Placed
5504,6.7,1,2,0,89.0,4.7,No,Yes,55.0,82.0,NotPlaced
4149,7.6,1,1,0,69.0,4.2,No,Yes,55.0,66.0,NotPlaced
6303,8.4,0,3,2,80.0,4.8,Yes,Yes,86.0,85.0,Placed
5900,8.5,2,3,2,90.0,4.8,Yes,Yes,82.0,87.0,Placed
5917,7.5,0,2,1,83.0,4.6,No,Yes,55.0,69.0,NotPlaced
607,7.7,1,2,2,76.0,4.1,Yes,Yes,66.0,78.0,NotPlaced
294,7.7,2,3,2,78.0,4.6,Yes,Yes,78.0,83.0,NotPlaced
5172,8.2,1,1,1,78.0,3.6,No,Yes,60.0,69.0,NotPlaced
3424,6.7,1,1,0,76.0,4.6,Yes,No,79.0,65.0,Placed
5993,7.7,1,1,0,78.0,4.3,Yes,Yes,62.0,69.0,Placed
4205,8.5,1,3,2,90.0,4.8,Yes,Yes,83.0,84.0,Placed
6593,7.6,0,3,1,86.0,4.7,Yes,No,78.0,81.0,Placed
4394,7.7,1,1,0,80.0,4.2,Yes,Yes,79.0,84.0,Placed
8515,7.7,0,1,0,89.0,4.2,No,No,55.0,70.0,NotPlaced
785,6.6,1,1,1,69.0,4.6,No,No,55.0,79.0,NotPlaced
4843,7.6,2,3,2,90.0,4.8,Yes,Yes,75.0,86.0,Placed
1212,8.1,1,2,1,72.0,4.2,No,Yes,71.0,85.0,NotPlaced
5983,8.8,2,3,2,90.0,4.7,Yes,Yes,86.0,81.0,Placed
8502,8.1,2,2,1,79.0,4.5,Yes,Yes,72.0,81.0,NotPlaced
6356,8.2,1,3,2,90.0,4.4,Yes,Yes,82.0,85.0,NotPlaced
4573,8.9,1,2,1,76.0,4.8,Yes,Yes,76.0,81.0,Placed
8072,7.4,0,1,0,65.0,4.2,No,No,55.0,70.0,NotPlaced
581,7.5,1,1,1,60.0,4.1,No,No,55.0,64.0,NotPlaced
1706,6.6,2,1,1,77.0,3.4,No,No,66.0,66.0,NotPlaced
4540,8.6,1,2,2,82.0,4.3,Yes,Yes,82.0,83.0,Placed
998,8.0,1,2,2,89.0,4.5,Yes,Yes,81.0,81.0,Placed
6514,7.7,1,1,0,78.0,3.9,No,Yes,69.0,72.0,NotPlaced
3821,6.6,1,1,0,61.0,4.1,No,Yes,55.0,73.0,NotPlaced
84,8.3,2,3,1,90.0,4.2,Yes,Yes,82.0,83.0,Placed
8719,8.3,1,1,1,73.0,4.1,No,No,78.0,83.0,NotPlaced
4980,8.6,1,3,2,90.0,4.8,Yes,Yes,78.0,87.0,Placed
567,7.3,0,2,1,78.0,4.8,No,Yes,83.0,72.0,NotPlaced
9296,8.3,1,2,2,87.0,4.7,Yes,Yes,78.0,66.0,NotPlaced
8186,8.4,0,3,2,88.0,4.3,Yes,Yes,84.0,84.0,Placed
9714,8.2,2,3,2,90.0,4.8,Yes,Yes,80.0,85.0,Placed
6785,7.4,1,2,2,74.0,4.5,Yes,Yes,78.0,83.0,NotPlaced
2344,7.5,1,2,0,65.0,3.5,No,No,55.0,63.0,NotPlaced
112,7.3,1,3,1,81.0,4.2,Yes,Yes,69.0,65.0,NotPlaced
1062,7.5,1,1,2,75.0,3.5,No,Yes,69.0,67.0,NotPlaced
3193,7.4,1,1,0,64.0,3.7,No,No,56.0,59.0,NotPlaced
2466,7.6,1,1,1,84.0,4.1,No,No,55.0,66.0,NotPlaced
5956,7.9,1,3,0,81.0,3.2,No,Yes,74.0,78.0,NotPlaced
8799,7.4,2,3,2,89.0,4.8,Yes,No,88.0,82.0,NotPlaced
3659,6.5,1,2,1,69.0,3.7,No,No,66.0,66.0,NotPlaced
999,7.4,1,2,0,78.0,4.6,No,No,78.0,65.0,NotPlaced
1663,8.0,1,3,2,90.0,4.5,No,Yes,77.0,76.0,Placed
2850,7.9,0,3,1,90.0,4.4,Yes,Yes,82.0,87.0,Placed
7795,8.2,2,3,2,90.0,4.8,Yes,Yes,83.0,82.0,Placed
2028,7.4,0,3,2,75.0,4.3,Yes,Yes,88.0,84.0,Placed
4347,8.2,2,3,0,90.0,4.8,Yes,Yes,78.0,78.0,Placed
1395,6.7,1,1,0,73.0,3.8,No,Yes,55.0,64.0,NotPlaced
2161,8.4,0,3,2,90.0,4.8,Yes,Yes,88.0,83.0,Placed
2717,6.5,0,3,0,71.0,3.8,No,Yes,63.0,66.0,NotPlaced
336,7.8,1,3,1,89.0,4.6,Yes,Yes,73.0,79.0,Placed
188,7.5,1,1,0,76.0,4.3,No,Yes,73.0,79.0,NotPlaced
4536,8.5,2,3,2,88.0,4.4,Yes,Yes,88.0,85.0,Placed
6406,7.7,1,2,2,78.0,4.2,Yes,Yes,69.0,76.0,Placed
7111,8.5,2,3,0,87.0,4.8,Yes,Yes,74.0,86.0,Placed
4815,8.3,1,3,0,82.0,4.6,Yes,Yes,73.0,88.0,NotPlaced
3910,8.2,1,3,2,89.0,4.4,Yes,Yes,73.0,69.0,Placed
841,7.7,0,1,1,65.0,4.0,No,No,57.0,66.0,NotPlaced
2920,7.6,1,3,0,82.0,3.8,Yes,Yes,78.0,65.0,NotPlaced
6869,8.7,1,3,2,85.0,4.8,Yes,Yes,80.0,80.0,Placed
906,7.6,0,1,1,81.0,4.3,Yes,No,74.0,67.0,NotPlaced
7242,7.6,1,2,1,77.0,4.6,No,Yes,72.0,69.0,NotPlaced
1988,7.5,0,2,1,67.0,4.4,No,Yes,55.0,68.0,NotPlaced
8615,8.6,1,3,0,90.0,4.8,Yes,Yes,55.0,70.0,Placed
681,8.2,2,1,2,71.0,4.2,Yes,Yes,85.0,85.0,NotPlaced
9766,8.3,2,3,2,90.0,4.8,Yes,Yes,85.0,88.0,Placed
1148,7.9,1,1,2,90.0,4.8,Yes,Yes,73.0,84.0,NotPlaced
4726,8.3,1,2,2,76.0,4.5,No,Yes,74.0,70.0,Placed
1454,7.0,1,2,1,75.0,4.7,Yes,Yes,55.0,70.0,NotPlaced
7869,8.9,1,3,0,85.0,4.8,Yes,Yes,73.0,81.0,Placed
6310,8.1,2,3,2,90.0,4.8,Yes,Yes,73.0,85.0,Placed
8849,8.1,2,1,2,72.0,4.1,Yes,No,59.0,69.0,NotPlaced
2316,7.5,1,1,0,76.0,4.5,Yes,Yes,79.0,88.0,Placed
9904,7.6,1,2,0,76.0,4.0,No,Yes,55.0,67.0,NotPlaced
1476,7.6,1,3,0,82.0,4.3,No,Yes,73.0,87.0,NotPlaced
5546,8.2,1,3,2,90.0,4.8,Yes,Yes,85.0,88.0,Placed
70,8.4,1,1,2,67.0,3.8,Yes,Yes,76.0,69.0,NotPlaced
6808,7.7,1,1,1,74.0,4.5,Yes,Yes,72.0,88.0,Placed
3829,8.6,2,3,2,90.0,4.8,Yes,Yes,90.0,88.0,Placed
9832,8.0,1,2,2,77.0,4.7,Yes,Yes,68.0,85.0,Placed
2000,8.0,2,3,2,90.0,4.7,Yes,Yes,82.0,86.0,Placed
9387,8.1,2,3,2,89.0,4.8,Yes,Yes,72.0,84.0,Placed
4011,8.4,2,3,2,90.0,4.8,Yes,Yes,84.0,86.0,Placed
1090,8.5,2,3,2,90.0,4.8,Yes,Yes,73.0,88.0,Placed
6059,7.9,1,2,1,61.0,4.2,Yes,Yes,80.0,71.0,NotPlaced
1962,7.8,1,2,0,90.0,4.0,Yes,Yes,81.0,79.0,NotPlaced
5203,7.7,0,1,0,74.0,3.8,No,No,63.0,70.0,NotPlaced
6689,7.6,2,3,2,89.0,4.7,Yes,Yes,80.0,83.0,Placed
1591,8.2,1,3,0,84.0,4.6,Yes,Yes,86.0,81.0,Placed
689,8.3,1,2,1,73.0,3.9,No,Yes,61.0,79.0,NotPlaced
9886,7.8,1,1,0,78.0,4.0,No,No,66.0,75.0,NotPlaced
1353,8.1,2,3,2,89.0,4.6,Yes,No,79.0,88.0,Placed
319,7.6,1,1,1,88.0,4.5,Yes,Yes,83.0,86.0,Placed
4469,8.0,2,3,2,90.0,4.8,Yes,Yes,82.0,81.0,Placed
8997,6.5,1,2,1,72.0,4.4,No,No,55.0,63.0,NotPlaced
9806,8.2,1,3,1,78.0,4.0,No,Yes,58.0,85.0,Placed
597,8.4,1,3,2,90.0,4.6,Yes,Yes,82.0,88.0,Placed
2575,7.8,1,1,2,62.0,3.9,No,No,60.0,62.0,NotPlaced
5174,7.7,1,3,3,82.0,4.4,Yes,Yes,76.0,84.0,Placed
4886,6.5,1,2,0,60.0,4.7,No,Yes,55.0,63.0,NotPlaced
3555,8.7,2,2,2,73.0,4.1,No,Yes,58.0,66.0,NotPlaced
2218,6.7,1,1,1,70.0,4.5,No,Yes,75.0,72.0,NotPlaced
1958,7.7,0,1,0,73.0,3.6,No,No,55.0,65.0,NotPlaced
7212,8.0,1,1,2,79.0,4.6,No,No,58.0,70.0,NotPlaced
9152,7.6,1,3,2,84.0,4.6,Yes,Yes,79.0,76.0,Placed
5044,6.5,1,2,1,78.0,4.1,No,No,78.0,63.0,NotPlaced
7484,8.4,1,2,1,77.0,4.0,Yes,Yes,79.0,84.0,NotPlaced
8045,6.9,1,1,0,75.0,4.1,Yes,Yes,55.0,76.0,NotPlaced
5097,8.4,2,3,2,90.0,4.7,Yes,Yes,79.0,87.0,Placed
9214,7.7,1,2,0,83.0,4.6,Yes,Yes,71.0,82.0,NotPlaced
238,7.6,1,1,0,72.0,4.6,Yes,Yes,68.0,84.0,NotPlaced
8635,8.5,2,3,2,90.0,4.5,Yes,Yes,85.0,88.0,Placed
9027,7.8,1,2,1,83.0,4.6,No,Yes,79.0,66.0,Placed
6779,6.5,1,1,1,67.0,4.3,Yes,Yes,57.0,68.0,NotPlaced
1166,8.3,1,3,2,76.0,4.8,Yes,Yes,71.0,87.0,Placed
8863,7.8,1,3,2,80.0,3.4,Yes,No,55.0,67.0,NotPlaced
5405,7.2,1,1,1,79.0,4.3,No,No,55.0,75.0,NotPlaced
1283,8.2,0,1,1,80.0,4.8,Yes,Yes,55.0,85.0,Placed
8650,8.0,0,2,1,74.0,4.1,Yes,Yes,57.0,87.0,Placed
2906,6.8,0,1,1,70.0,3.0,No,No,55.0,60.0,NotPlaced
7043,7.4,1,3,0,83.0,4.7,No,Yes,55.0,69.0,NotPlaced
5978,8.2,0,3,2,81.0,4.7,Yes,Yes,73.0,80.0,Placed
1495,6.5,1,1,1,70.0,3.9,No,No,55.0,62.0,NotPlaced
4120,7.6,1,1,0,62.0,4.4,No,Yes,55.0,74.0,NotPlaced
9917,8.3,2,3,3,90.0,4.8,Yes,Yes,84.0,84.0,Placed
8766,7.4,1,2,1,76.0,4.4,Yes,Yes,79.0,70.0,NotPlaced
2966,8.4,2,3,2,89.0,4.6,Yes,Yes,74.0,86.0,Placed
5404,7.5,2,2,0,72.0,4.5,Yes,Yes,72.0,70.0,NotPlaced
2134,8.2,2,3,2,90.0,4.8,Yes,No,83.0,82.0,Placed
2325,6.5,2,2,1,81.0,4.8,No,No,61.0,69.0,NotPlaced
2930,8.9,1,3,2,83.0,4.6,Yes,Yes,71.0,84.0,Placed
7894,6.6,2,3,0,77.0,4.4,Yes,Yes,78.0,76.0,Placed
7994,7.3,1,2,1,83.0,4.2,No,No,61.0,64.0,NotPlaced
4769,8.1,2,3,2,90.0,4.6,Yes,Yes,77.0,81.0,Placed
6613,8.1,1,3,0,90.0,4.5,No,Yes,59.0,83.0,NotPlaced
9807,8.1,2,3,2,77.0,4.8,Yes,No,78.0,78.0,NotPlaced
5659,8.0,1,3,2,89.0,4.3,Yes,Yes,84.0,88.0,Placed
864,8.4,2,3,0,75.0,4.8,No,No,64.0,81.0,Placed
478,7.5,2,3,2,90.0,4.7,Yes,Yes,80.0,83.0,Placed
8138,8.1,2,3,1,85.0,4.8,Yes,Yes,74.0,84.0,Placed
2973,8.1,1,3,2,70.0,4.7,No,Yes,65.0,75.0,Placed
6076,7.8,2,2,2,65.0,4.3,Yes,Yes,57.0,72.0,NotPlaced
2310,7.9,1,2,0,80.0,4.5,No,Yes,59.0,66.0,NotPlaced
3877,7.9,1,3,2,90.0,4.8,Yes,Yes,90.0,82.0,Placed
633,8.6,2,2,2,88.0,4.8,Yes,No,83.0,77.0,Placed
1050,8.5,1,3,2,88.0,4.2,Yes,Yes,87.0,88.0,Placed
9372,8.3,2,3,2,86.0,4.8,Yes,Yes,84.0,76.0,Placed
8313,8.1,0,3,2,77.0,4.8,No,No,62.0,81.0,NotPlaced
1089,8.2,2,3,2,86.0,4.7,Yes,Yes,85.0,88.0,Placed
726,6.8,1,2,0,67.0,4.8,No,No,55.0,73.0,NotPlaced
9969,8.2,1,2,2,82.0,4.3,Yes,Yes,59.0,72.0,NotPlaced
2487,8.1,1,3,2,85.0,4.7,Yes,Yes,68.0,88.0,Placed
3540,8.6,2,3,0,71.0,4.2,Yes,Yes,79.0,86.0,Placed
6337,7.8,1,2,2,90.0,4.8,Yes,Yes,81.0,80.0,Placed
3418,8.1,1,3,2,90.0,4.6,Yes,Yes,72.0,88.0,Placed
6927,6.6,1,3,2,86.0,4.4,Yes,Yes,57.0,88.0,Placed
2523,7.5,1,2,0,75.0,3.9,No,No,56.0,66.0,NotPlaced
7381,8.5,0,3,2,90.0,4.6,No,Yes,74.0,72.0,Placed
4022,8.5,0,1,0,86.0,4.7,Yes,Yes,72.0,83.0,Placed
3610,7.3,2,2,0,66.0,4.1,Yes,Yes,60.0,70.0,NotPlaced
544,8.3,1,3,1,84.0,4.6,Yes,Yes,75.0,82.0,NotPlaced
2298,7.5,1,1,1,73.0,4.2,Yes,Yes,64.0,72.0,NotPlaced
9658,8.2,1,3,1,85.0,4.4,No,Yes,83.0,69.0,NotPlaced
519,7.9,1,2,2,75.0,4.6,Yes,Yes,71.0,85.0,NotPlaced
9663,7.4,0,1,0,60.0,3.4,No,No,55.0,71.0,NotPlaced
4032,8.2,2,3,2,85.0,4.4,Yes,Yes,82.0,85.0,Placed
8357,8.6,2,2,1,90.0,4.6,Yes,Yes,81.0,80.0,Placed
940,7.6,1,2,0,66.0,3.8,Yes,No,55.0,68.0,NotPlaced
2964,7.0,2,2,1,74.0,4.3,No,Yes,55.0,83.0,NotPlaced
1333,8.8,2,3,2,90.0,4.8,Yes,Yes,77.0,85.0,Placed
407,7.8,2,3,0,89.0,4.6,No,Yes,71.0,68.0,NotPlaced
8941,7.6,1,2,1,86.0,4.4,Yes,Yes,64.0,68.0,Placed
4547,8.3,0,3,0,86.0,4.5,Yes,Yes,69.0,78.0,Placed
6881,8.0,1,1,2,81.0,3.8,Yes,Yes,76.0,70.0,Placed
6339,8.1,1,2,0,80.0,4.0,Yes,Yes,74.0,79.0,Placed
9249,7.7,1,2,0,69.0,3.5,No,Yes,56.0,59.0,NotPlaced
6132,8.7,1,3,1,90.0,4.0,Yes,Yes,81.0,80.0,Placed
8078,8.4,1,2,2,84.0,4.7,Yes,Yes,76.0,71.0,NotPlaced
9096,7.3,2,1,2,86.0,3.8,No,Yes,71.0,67.0,NotPlaced
2593,8.2,2,2,0,72.0,4.8,No,Yes,72.0,64.0,NotPlaced
2544,7.6,1,2,0,90.0,4.8,Yes,Yes,77.0,86.0,Placed
8559,7.9,0,2,0,80.0,4.2,No,Yes,66.0,60.0,NotPlaced
246,7.4,1,2,0,77.0,3.8,No,Yes,59.0,63.0,NotPlaced
6573,7.4,1,2,1,79.0,4.1,No,Yes,61.0,82.0,NotPlaced
2832,8.0,2,3,1,73.0,4.4,Yes,Yes,81.0,68.0,NotPlaced
5400,7.7,0,1,0,71.0,3.5,No,No,56.0,65.0,NotPlaced
4387,7.4,1,2,1,79.0,4.4,Yes,Yes,55.0,62.0,Placed
3865,6.5,1,1,1,68.0,3.7,No,No,55.0,64.0,NotPlaced
8528,7.6,1,3,2,90.0,4.0,Yes,Yes,73.0,84.0,NotPlaced
1009,7.1,0,1,0,68.0,3.6,No,Yes,73.0,72.0,Placed
3050,7.8,2,3,2,90.0,4.5,Yes,Yes,82.0,82.0,Placed
9156,6.6,1,2,0,65.0,4.2,No,No,83.0,72.0,NotPlaced
2185,8.0,1,3,1,83.0,4.7,Yes,Yes,77.0,83.0,NotPlaced
6923,8.3,2,3,2,90.0,4.8,Yes,Yes,73.0,84.0,Placed
4285,8.2,2,3,2,90.0,4.8,Yes,Yes,85.0,81.0,Placed
1867,7.7,1,1,0,65.0,3.0,No,No,55.0,74.0,NotPlaced
420,7.8,1,3,0,78.0,4.4,No,Yes,77.0,70.0,Placed
2038,7.8,0,3,1,76.0,3.8,No,Yes,55.0,69.0,NotPlaced
7547,8.0,2,3,2,87.0,4.8,Yes,Yes,75.0,81.0,Placed
3190,7.6,1,2,0,76.0,4.8,Yes,Yes,71.0,79.0,NotPlaced
7110,6.5,2,2,0,68.0,4.0,Yes,No,69.0,69.0,NotPlaced
2904,7.8,1,1,1,82.0,3.9,No,Yes,74.0,73.0,NotPlaced
4811,7.9,1,1,0,74.0,4.5,Yes,Yes,56.0,70.0,Placed
1869,7.4,1,1,1,75.0,3.7,No,No,61.0,68.0,NotPlaced
3170,7.9,1,1,1,67.0,3.3,Yes,Yes,71.0,68.0,NotPlaced
4723,8.1,2,2,1,65.0,4.8,Yes,No,56.0,68.0,NotPlaced
6351,7.9,1,3,2,80.0,4.8,Yes,Yes,89.0,86.0,Placed
9,6.5,1,1,0,84.0,3.9,No,Yes,75.0,71.0,NotPlaced
6439,7.9,2,3,2,90.0,4.7,Yes,Yes,87.0,83.0,Placed
9958,7.5,1,1,0,73.0,4.4,Yes,Yes,64.0,64.0,NotPlaced
3447,7.4,0,1,0,66.0,4.2,No,No,63.0,73.0,NotPlaced
7960,7.7,0,1,1,72.0,3.5,No,Yes,64.0,67.0,NotPlaced
9954,8.4,2,3,2,90.0,4.8,Yes,Yes,79.0,85.0,Placed
9404,7.4,1,1,3,85.0,4.0,Yes,Yes,74.0,71.0,NotPlaced
9061,8.1,1,3,2,75.0,4.7,Yes,Yes,76.0,68.0,NotPlaced
2370,9.0,2,3,2,88.0,4.8,No,Yes,72.0,84.0,Placed
6759,7.8,0,3,1,90.0,4.7,No,No,75.0,74.0,Placed
5882,6.5,0,1,1,75.0,4.5,Yes,Yes,67.0,81.0,NotPlaced
7625,6.5,1,1,0,73.0,4.0,Yes,No,59.0,67.0,Placed
3729,7.4,0,1,0,66.0,3.7,No,No,55.0,70.0,NotPlaced
6055,8.7,1,2,0,69.0,4.6,Yes,Yes,65.0,81.0,Placed
7016,7.8,1,1,1,76.0,3.8,No,Yes,55.0,66.0,NotPlaced
3719,7.5,1,2,0,68.0,4.2,Yes,Yes,57.0,75.0,NotPlaced
9033,7.3,1,1,0,77.0,3.7,No,No,55.0,65.0,NotPlaced
9858,7.8,2,3,2,87.0,4.5,Yes,Yes,75.0,86.0,NotPlaced
7541,7.9,1,2,0,77.0,4.2,No,Yes,75.0,63.0,NotPlaced
548,7.4,1,3,1,75.0,4.5,Yes,Yes,83.0,67.0,Placed
1580,6.6,1,3,1,75.0,3.9,Yes,Yes,71.0,70.0,NotPlaced
4972,8.0,2,3,0,90.0,4.8,Yes,Yes,89.0,80.0,Placed
8804,8.5,0,3,2,90.0,4.8,Yes,Yes,74.0,64.0,Placed
8322,7.9,2,3,2,90.0,4.8,Yes,Yes,77.0,83.0,Placed
8947,8.0,1,3,0,81.0,4.3,Yes,Yes,80.0,71.0,NotPlaced
9211,6.7,1,1,0,81.0,4.5,No,Yes,65.0,61.0,NotPlaced
5239,6.6,1,1,1,66.0,4.2,No,Yes,58.0,68.0,NotPlaced
9269,8.2,1,1,0,73.0,4.5,No,Yes,76.0,84.0,NotPlaced
3409,7.8,2,3,2,90.0,4.8,Yes,Yes,68.0,87.0,Placed
7803,8.5,2,3,2,85.0,4.7,Yes,Yes,78.0,68.0,Placed
1287,8.5,2,3,0,90.0,4.7,Yes,Yes,84.0,88.0,Placed
4065,8.3,1,2,2,78.0,4.8,Yes,Yes,77.0,82.0,NotPlaced
4669,7.5,1,1,1,77.0,4.1,Yes,No,77.0,67.0,NotPlaced
7462,8.1,0,3,2,90.0,4.8,Yes,Yes,79.0,86.0,Placed
3469,7.4,1,1,1,67.0,3.3,No,No,55.0,63.0,NotPlaced
638,7.5,1,1,0,79.0,4.5,No,No,56.0,74.0,NotPlaced
3234,7.6,2,2,3,86.0,4.8,Yes,Yes,85.0,84.0,Placed
7741,7.5,2,3,1,79.0,4.4,Yes,Yes,68.0,71.0,Placed
5516,7.7,1,3,0,76.0,4.5,Yes,No,69.0,64.0,Placed
7509,8.2,2,2,3,84.0,4.8,Yes,Yes,79.0,80.0,NotPlaced
312,8.5,2,3,1,90.0,4.8,Yes,Yes,78.0,82.0,NotPlaced
4607,6.5,1,2,0,71.0,4.4,No,No,55.0,61.0,NotPlaced
2154,6.6,1,2,1,69.0,3.6,No,Yes,55.0,70.0,NotPlaced
1670,6.7,1,1,1,75.0,4.3,No,Yes,65.0,67.0,NotPlaced
7100,8.3,1,3,0,88.0,4.8,Yes,Yes,73.0,85.0,Placed
3695,7.3,1,1,0,67.0,4.3,No,Yes,55.0,63.0,NotPlaced
858,6.5,0,3,2,90.0,4.8,Yes,Yes,82.0,86.0,Placed
2113,8.7,0,3,1,88.0,4.8,Yes,No,77.0,82.0,Placed
2953,8.6,1,3,2,89.0,4.6,Yes,Yes,75.0,83.0,Placed
9398,6.5,1,1,0,79.0,3.8,No,Yes,55.0,72.0,Placed
7447,6.5,1,1,0,61.0,3.5,No,Yes,61.0,69.0,NotPlaced
8274,6.7,1,1,0,74.0,3.5,No,No,65.0,62.0,NotPlaced
4102,7.4,1,3,0,81.0,4.6,Yes,Yes,80.0,71.0,NotPlaced
6571,7.5,1,1,0,74.0,3.4,No,Yes,57.0,73.0,NotPlaced
9979,7.2,1,2,2,84.0,4.8,Yes,Yes,80.0,79.0,Placed
7436,7.7,1,2,1,70.0,4.8,Yes,Yes,74.0,85.0,NotPlaced
4729,7.5,1,1,1,83.0,4.4,No,Yes,56.0,63.0,NotPlaced
3171,6.5,0,3,2,84.0,4.4,Yes,Yes,68.0,72.0,Placed
6572,7.4,1,3,1,82.0,4.4,Yes,No,56.0,83.0,NotPlaced
53,8.1,2,3,2,90.0,4.7,Yes,Yes,82.0,82.0,Placed
8075,8.5,2,1,2,87.0,4.8,Yes,Yes,78.0,85.0,Placed
5231,7.7,1,1,1,84.0,4.2,Yes,Yes,55.0,84.0,NotPlaced
9017,6.5,1,2,1,83.0,4.1,No,Yes,77.0,72.0,NotPlaced
5043,8.2,1,3,2,89.0,4.3,Yes,No,84.0,82.0,Placed
8746,7.0,1,1,1,73.0,4.3,Yes,No,74.0,81.0,NotPlaced
5509,7.4,0,1,0,72.0,3.7,Yes,No,68.0,74.0,NotPlaced
1917,8.1,1,1,2,90.0,4.8,Yes,Yes,83.0,72.0,Placed
724,6.5,1,3,2,75.0,4.7,Yes,No,78.0,62.0,NotPlaced
1528,7.5,1,2,0,73.0,4.7,Yes,Yes,55.0,70.0,Placed
1140,8.0,2,3,2,90.0,4.8,Yes,Yes,73.0,88.0,NotPlaced
8376,9.0,2,3,2,90.0,4.8,Yes,Yes,76.0,83.0,Placed
9687,8.4,2,1,0,90.0,4.4,Yes,Yes,72.0,82.0,Placed
3955,7.4,0,3,0,75.0,4.0,Yes,Yes,60.0,73.0,NotPlaced
1176,8.0,2,1,0,83.0,4.4,No,Yes,75.0,73.0,Placed
9278,7.6,0,3,2,81.0,4.5,Yes,Yes,81.0,84.0,Placed
6794,8.3,1,3,0,75.0,4.6,Yes,Yes,76.0,70.0,Placed
4818,6.6,1,1,1,80.0,3.5,No,No,70.0,72.0,NotPlaced
3345,7.4,0,2,0,71.0,3.8,No,No,55.0,64.0,NotPlaced
37,8.3,1,2,2,89.0,4.8,Yes,Yes,75.0,81.0,Placed
9921,7.3,1,3,2,75.0,4.2,Yes,Yes,72.0,84.0,NotPlaced
1339,6.5,1,1,0,67.0,4.6,No,Yes,55.0,74.0,NotPlaced
8644,6.5,1,1,0,74.0,4.7,Yes,Yes,82.0,78.0,NotPlaced
7130,8.4,1,2,2,89.0,4.8,Yes,Yes,64.0,79.0,Placed
6564,7.8,1,3,2,77.0,4.2,Yes,No,81.0,64.0,NotPlaced
7441,7.2,1,1,0,69.0,4.1,Yes,No,64.0,73.0,NotPlaced
7733,8.3,2,3,2,90.0,4.8,Yes,Yes,79.0,88.0,Placed
1660,7.8,1,2,0,73.0,4.1,No,Yes,61.0,71.0,NotPlaced
4812,7.4,2,3,0,80.0,4.0,No,Yes,79.0,62.0,NotPlaced
2349,8.5,2,3,2,84.0,4.6,Yes,Yes,74.0,83.0,Placed
6403,7.7,0,3,0,74.0,4.2,Yes,Yes,74.0,81.0,Placed
2476,7.7,1,2,0,73.0,3.8,No,Yes,55.0,74.0,NotPlaced
8390,8.3,1,3,2,90.0,4.7,Yes,Yes,80.0,85.0,Placed
1483,8.2,0,1,1,73.0,4.5,Yes,No,58.0,65.0,Placed
4694,8.2,2,3,2,86.0,4.5,Yes,Yes,87.0,63.0,Placed
3658,8.4,1,1,1,67.0,3.5,No,Yes,55.0,64.0,NotPlaced
4925,7.7,1,1,0,79.0,4.6,No,No,88.0,61.0,NotPlaced
700,6.7,0,1,1,69.0,4.4,No,No,76.0,68.0,NotPlaced
4137,8.3,2,3,2,89.0,4.8,Yes,Yes,78.0,86.0,Placed
5139,8.4,1,3,0,90.0,4.5,Yes,Yes,59.0,82.0,Placed
1701,7.5,1,1,2,84.0,4.7,Yes,Yes,66.0,83.0,NotPlaced
7896,7.9,2,2,1,90.0,4.8,Yes,Yes,82.0,87.0,Placed
5022,8.4,2,3,2,90.0,4.8,Yes,Yes,85.0,81.0,Placed
4876,7.9,1,2,0,78.0,4.5,Yes,Yes,75.0,81.0,Placed
9395,7.7,0,2,3,74.0,4.0,Yes,Yes,90.0,84.0,NotPlaced
4601,8.3,0,1,1,77.0,4.7,Yes,Yes,79.0,82.0,Placed
4804,8.4,2,1,0,77.0,4.6,No,Yes,55.0,60.0,NotPlaced
4565,8.5,2,3,2,84.0,4.7,Yes,Yes,87.0,80.0,Placed
99,7.7,1,3,1,89.0,4.6,No,Yes,61.0,84.0,Placed
457,7.4,1,3,0,76.0,4.4,Yes,Yes,58.0,71.0,NotPlaced
5700,8.2,1,2,1,86.0,4.5,Yes,Yes,74.0,83.0,Placed
9277,7.7,2,3,2,75.0,4.4,Yes,No,83.0,83.0,Placed
6314,8.5,2,3,2,90.0,4.7,Yes,Yes,84.0,87.0,Placed
9329,7.5,1,2,1,68.0,4.8,No,No,58.0,70.0,NotPlaced
4007,8.2,1,3,2,68.0,4.4,No,Yes,55.0,85.0,NotPlaced
9989,7.3,1,2,1,81.0,4.0,No,Yes,64.0,85.0,NotPlaced
2265,7.6,1,2,0,77.0,4.1,No,Yes,68.0,72.0,Placed
6556,8.4,1,3,3,89.0,4.8,Yes,Yes,84.0,72.0,Placed
4538,7.5,1,1,0,75.0,4.4,No,No,68.0,69.0,NotPlaced
1389,7.8,1,3,2,89.0,4.6,Yes,Yes,72.0,81.0,Placed
9554,7.6,2,3,1,78.0,3.8,No,Yes,62.0,64.0,NotPlaced
537,8.1,2,3,2,84.0,4.6,Yes,Yes,78.0,84.0,Placed
412,7.5,1,3,2,90.0,4.2,Yes,Yes,80.0,72.0,Placed
9959,8.2,2,3,2,90.0,4.4,Yes,Yes,73.0,85.0,Placed
4271,7.9,2,1,1,85.0,4.2,Yes,Yes,79.0,70.0,Placed
9754,6.7,1,1,0,66.0,4.4,No,No,78.0,68.0,NotPlaced
5208,8.6,1,1,2,73.0,3.8,Yes,No,64.0,64.0,NotPlaced
390,8.3,2,3,2,82.0,4.8,Yes,Yes,57.0,73.0,Placed
7075,8.1,1,2,1,77.0,4.4,No,Yes,55.0,68.0,NotPlaced
9068,7.0,0,3,3,76.0,4.5,Yes,Yes,87.0,81.0,Placed
126,7.7,1,2,0,73.0,4.0,No,Yes,65.0,75.0,Placed
4896,8.3,0,3,2,86.0,4.7,Yes,Yes,82.0,86.0,Placed
3374,7.7,0,1,0,81.0,4.8,Yes,No,55.0,70.0,NotPlaced
917,6.5,1,1,1,64.0,4.0,No,Yes,55.0,66.0,NotPlaced
6940,8.2,0,3,1,86.0,4.1,Yes,Yes,73.0,81.0,Placed
6246,8.4,2,3,0,90.0,4.2,Yes,Yes,82.0,85.0,Placed
2962,7.5,1,2,1,76.0,3.4,No,No,55.0,65.0,NotPlaced
9964,6.5,2,1,0,65.0,3.3,No,No,55.0,70.0,NotPlaced
9191,8.4,2,2,2,81.0,4.2,Yes,Yes,89.0,85.0,Placed
3800,7.6,0,1,2,77.0,4.0,Yes,Yes,55.0,82.0,NotPlaced
3131,8.5,1,2,2,79.0,4.3,Yes,Yes,82.0,84.0,Placed
4325,8.3,2,3,2,82.0,4.7,Yes,Yes,79.0,82.0,Placed
9800,6.5,2,1,0,78.0,3.1,No,No,56.0,67.0,NotPlaced
7019,7.4,1,2,1,67.0,3.1,No,Yes,55.0,71.0,NotPlaced
9702,8.3,2,3,2,90.0,4.8,Yes,Yes,79.0,84.0,Placed
963,6.6,0,1,1,67.0,4.5,No,No,65.0,71.0,NotPlaced
7799,7.5,1,1,0,82.0,4.1,No,No,76.0,70.0,NotPlaced
6773,7.4,0,1,0,76.0,4.3,No,Yes,65.0,68.0,NotPlaced
1332,8.0,1,3,2,90.0,4.8,Yes,Yes,75.0,82.0,Placed
9619,8.2,2,3,2,80.0,4.0,Yes,Yes,78.0,83.0,Placed
5540,8.1,2,3,2,89.0,4.8,Yes,Yes,87.0,87.0,Placed
3066,6.5,1,2,1,79.0,3.9,No,Yes,55.0,70.0,NotPlaced
1885,8.2,2,3,2,90.0,4.8,Yes,No,85.0,78.0,Placed
3692,8.6,2,3,2,84.0,4.8,Yes,Yes,72.0,86.0,Placed
330,7.7,1,1,0,80.0,4.0,No,Yes,55.0,66.0,NotPlaced
4105,6.7,1,1,0,80.0,4.5,No,Yes,83.0,74.0,NotPlaced
7015,6.6,0,1,0,71.0,3.8,Yes,Yes,60.0,71.0,NotPlaced
2854,7.3,1,1,0,66.0,3.8,No,No,60.0,73.0,NotPlaced
4216,6.5,2,3,2,84.0,4.6,Yes,Yes,69.0,83.0,NotPlaced
2006,8.0,1,3,3,90.0,4.6,Yes,Yes,72.0,88.0,Placed
4584,8.0,0,1,0,81.0,4.5,No,No,75.0,82.0,NotPlaced
6227,6.6,1,1,2,72.0,4.8,No,No,65.0,66.0,NotPlaced
6018,7.4,1,2,0,76.0,4.4,Yes,Yes,55.0,73.0,NotPlaced
2623,6.7,1,1,0,70.0,3.6,No,No,64.0,69.0,NotPlaced
974,7.6,1,2,1,81.0,4.0,No,Yes,55.0,61.0,NotPlaced
1929,7.9,2,1,2,88.0,3.6,No,No,73.0,66.0,NotPlaced
3142,7.5,0,1,0,66.0,4.2,No,No,58.0,65.0,NotPlaced
2403,8.2,2,3,0,87.0,4.7,Yes,Yes,83.0,88.0,Placed
4926,7.6,1,2,1,67.0,4.4,Yes,Yes,61.0,73.0,Placed
3415,6.6,1,1,0,73.0,4.6,No,No,66.0,72.0,NotPlaced
6729,7.3,1,2,1,74.0,3.9,No,Yes,55.0,82.0,NotPlaced
1205,7.4,0,2,0,78.0,4.4,No,Yes,78.0,69.0,NotPlaced
3302,6.9,1,3,1,79.0,4.2,Yes,Yes,73.0,71.0,NotPlaced
7410,7.8,2,2,2,80.0,4.6,Yes,Yes,90.0,79.0,Placed
5278,7.4,1,2,1,68.0,4.2,Yes,Yes,72.0,66.0,NotPlaced
8837,7.9,1,2,1,86.0,4.4,Yes,Yes,83.0,67.0,NotPlaced
6417,7.6,1,3,2,75.0,4.3,Yes,No,55.0,64.0,NotPlaced
2536,8.1,1,3,2,90.0,4.8,Yes,Yes,86.0,80.0,Placed
8538,7.6,1,1,3,76.0,3.8,No,Yes,59.0,60.0,NotPlaced
50,7.7,1,2,0,74.0,3.8,Yes,No,55.0,66.0,NotPlaced
1043,8.3,2,3,2,90.0,4.8,Yes,Yes,72.0,84.0,NotPlaced
4044,7.8,0,2,2,90.0,4.8,No,Yes,80.0,85.0,Placed
3101,8.8,2,3,2,90.0,4.8,Yes,Yes,84.0,80.0,Placed
6886,6.9,1,1,1,83.0,4.6,Yes,No,55.0,67.0,Placed
6996,7.6,1,3,1,80.0,4.3,No,Yes,55.0,83.0,NotPlaced
2516,8.2,2,3,2,90.0,4.5,Yes,Yes,90.0,67.0,Placed
7539,7.5,1,1,1,66.0,4.0,No,Yes,61.0,72.0,NotPlaced
9870,8.5,0,3,1,85.0,3.8,Yes,Yes,73.0,84.0,Placed
4298,8.6,1,3,2,84.0,4.8,Yes,Yes,73.0,86.0,Placed
359,7.5,1,3,0,70.0,4.2,No,Yes,60.0,68.0,NotPlaced
7653,7.3,0,1,1,70.0,3.9,No,No,55.0,71.0,NotPlaced
5536,8.2,2,3,2,90.0,4.8,Yes,Yes,83.0,87.0,Placed
6943,6.5,1,1,0,72.0,4.0,No,Yes,56.0,71.0,NotPlaced
3710,8.4,2,3,0,89.0,4.1,Yes,Yes,88.0,71.0,Placed
1825,7.8,0,3,1,88.0,4.6,Yes,Yes,65.0,83.0,Placed
4806,7.5,2,3,2,80.0,4.5,Yes,Yes,77.0,67.0,NotPlaced
4082,6.5,1,2,1,80.0,4.1,No,Yes,66.0,66.0,NotPlaced
1707,8.1,1,3,2,90.0,4.8,Yes,Yes,81.0,88.0,Placed
8537,8.2,1,2,0,88.0,4.8,Yes,Yes,71.0,69.0,Placed
5192,7.4,1,1,0,67.0,4.1,No,Yes,60.0,73.0,NotPlaced
3149,8.3,2,2,2,76.0,4.6,No,Yes,55.0,71.0,Placed
9941,8.6,1,1,1,78.0,4.3,Yes,Yes,69.0,84.0,NotPlaced
3553,7.2,0,2,1,86.0,4.2,Yes,Yes,55.0,70.0,NotPlaced
3216,7.8,0,3,2,89.0,4.7,Yes,Yes,72.0,88.0,Placed
7238,6.8,1,2,1,79.0,4.6,No,No,63.0,78.0,NotPlaced
1924,6.5,1,2,0,70.0,3.7,Yes,Yes,61.0,69.0,NotPlaced
9916,6.6,0,1,0,74.0,4.3,Yes,No,80.0,82.0,Placed
7505,6.7,1,2,0,73.0,3.4,No,Yes,55.0,59.0,NotPlaced
8450,8.4,2,3,3,89.0,4.6,Yes,Yes,77.0,85.0,Placed
3893,7.4,1,1,2,86.0,4.6,Yes,No,88.0,86.0,NotPlaced
9408,7.7,0,1,0,69.0,4.1,No,No,63.0,65.0,NotPlaced
4920,8.0,0,3,1,83.0,4.4,Yes,Yes,83.0,79.0,Placed
4427,7.6,1,1,0,84.0,4.5,No,Yes,63.0,81.0,Placed
7694,8.2,2,1,2,90.0,4.5,Yes,No,66.0,83.0,NotPlaced
1320,7.9,1,3,0,89.0,4.5,Yes,Yes,59.0,84.0,Placed
1424,8.3,0,3,1,84.0,4.8,Yes,Yes,55.0,88.0,Placed
4659,8.3,1,3,2,90.0,4.8,Yes,Yes,83.0,88.0,Placed
5125,7.7,0,1,0,65.0,4.6,No,No,58.0,59.0,NotPlaced
1408,6.5,2,1,1,64.0,3.8,No,No,61.0,60.0,NotPlaced
2787,6.8,1,3,2,83.0,4.7,Yes,No,64.0,80.0,NotPlaced
3723,6.7,0,1,1,84.0,4.3,No,Yes,56.0,82.0,NotPlaced
2255,8.0,1,3,2,86.0,4.8,Yes,No,84.0,85.0,Placed
9088,6.8,2,1,2,75.0,4.6,Yes,Yes,74.0,82.0,NotPlaced
9875,8.2,2,3,2,90.0,4.6,Yes,Yes,83.0,88.0,Placed
2555,8.2,2,3,2,90.0,4.1,Yes,Yes,73.0,69.0,Placed
9105,7.5,1,1,1,63.0,3.7,No,Yes,57.0,66.0,NotPlaced
8642,6.8,1,2,0,74.0,3.9,No,No,55.0,62.0,NotPlaced
3413,7.6,0,1,0,64.0,3.7,No,No,62.0,68.0,NotPlaced
5525,7.6,1,3,1,73.0,4.3,Yes,Yes,77.0,72.0,NotPlaced
7568,6.5,2,1,0,86.0,3.4,No,Yes,55.0,64.0,NotPlaced
6657,7.5,1,1,1,81.0,4.0,No,No,56.0,63.0,NotPlaced
7037,6.5,0,1,0,75.0,4.2,No,No,55.0,67.0,NotPlaced
6762,7.4,0,2,0,81.0,3.8,Yes,Yes,72.0,73.0,NotPlaced
9535,8.3,1,1,1,76.0,4.2,No,Yes,65.0,62.0,NotPlaced
1745,7.5,1,1,0,78.0,3.8,No,Yes,55.0,76.0,NotPlaced
9286,7.6,1,1,2,90.0,4.8,Yes,Yes,80.0,69.0,NotPlaced
6757,8.0,0,2,2,73.0,4.8,Yes,No,83.0,81.0,NotPlaced
7570,8.7,2,3,2,76.0,4.3,Yes,Yes,82.0,83.0,Placed
791,8.3,1,3,3,86.0,4.8,Yes,Yes,81.0,86.0,Placed
3512,7.6,1,1,0,70.0,3.8,No,Yes,55.0,63.0,NotPlaced
6839,7.5,1,2,1,90.0,4.6,No,Yes,72.0,83.0,Placed
9650,7.4,1,2,1,77.0,3.6,No,No,55.0,68.0,NotPlaced
9636,7.7,2,2,2,90.0,4.7,Yes,Yes,70.0,86.0,Placed
5063,8.3,2,3,2,90.0,4.8,Yes,Yes,84.0,86.0,Placed
2535,7.2,1,1,1,73.0,3.6,No,No,56.0,65.0,Placed
2163,7.8,0,1,0,61.0,3.8,No,No,60.0,71.0,NotPlaced
9983,7.7,0,2,2,90.0,4.8,Yes,Yes,60.0,87.0,Placed
6851,7.9,2,3,2,87.0,4.8,Yes,Yes,81.0,87.0,Placed
3166,7.8,1,1,0,90.0,4.3,No,Yes,69.0,84.0,Placed
2852,7.3,1,3,0,90.0,4.7,Yes,Yes,76.0,88.0,NotPlaced
935,6.6,1,1,1,70.0,4.6,No,Yes,55.0,66.0,Placed
7472,7.6,1,2,0,70.0,3.6,No,Yes,56.0,66.0,NotPlaced
9602,8.5,1,3,0,83.0,4.6,Yes,Yes,85.0,83.0,Placed
2767,8.2,0,3,0,90.0,4.5,Yes,No,88.0,77.0,NotPlaced
8191,7.6,1,2,0,67.0,4.2,No,Yes,74.0,75.0,NotPlaced
904,8.5,2,2,0,86.0,4.3,Yes,Yes,80.0,86.0,Placed
5791,7.9,1,1,0,80.0,4.4,Yes,Yes,74.0,86.0,NotPlaced
3071,6.5,1,1,0,78.0,3.9,No,Yes,57.0,70.0,NotPlaced
5963,7.4,1,2,1,68.0,3.5,No,Yes,58.0,76.0,NotPlaced
8176,9.0,2,3,0,90.0,4.8,Yes,Yes,85.0,80.0,Placed
4260,8.0,2,3,2,84.0,4.7,Yes,Yes,70.0,85.0,Placed
1822,8.4,2,3,2,89.0,4.4,Yes,Yes,75.0,88.0,Placed
8574,6.7,1,1,1,75.0,3.7,No,No,63.0,71.0,NotPlaced
7717,7.4,0,2,1,66.0,3.7,No,No,73.0,68.0,NotPlaced
6588,8.4,1,3,2,90.0,4.8,Yes,Yes,86.0,85.0,Placed
3604,6.9,2,1,2,90.0,4.8,Yes,Yes,82.0,85.0,Placed
8298,7.7,1,2,3,78.0,4.4,No,No,71.0,68.0,NotPlaced
8382,7.6,1,1,1,77.0,4.8,No,Yes,63.0,68.0,NotPlaced
68,7.2,1,1,0,82.0,4.6,Yes,Yes,57.0,64.0,NotPlaced
7679,7.6,1,2,3,81.0,4.6,Yes,Yes,73.0,82.0,NotPlaced
168,8.3,2,3,0,71.0,4.6,Yes,Yes,77.0,82.0,Placed
5839,6.7,1,2,0,78.0,4.6,No,Yes,73.0,67.0,Placed
5601,8.4,1,3,2,72.0,4.6,Yes,No,70.0,70.0,Placed
7872,7.8,1,1,0,83.0,3.8,No,Yes,69.0,66.0,NotPlaced
1840,6.9,1,2,0,73.0,4.2,No,No,55.0,57.0,NotPlaced
9141,7.6,0,1,0,83.0,3.7,No,No,76.0,69.0,NotPlaced
7626,8.3,2,1,2,75.0,3.9,No,No,55.0,64.0,NotPlaced
6733,7.0,1,1,1,75.0,4.8,No,No,64.0,70.0,NotPlaced
4629,8.5,1,3,2,89.0,4.8,Yes,Yes,82.0,83.0,Placed
1559,8.3,1,3,2,88.0,4.4,Yes,Yes,79.0,85.0,Placed
3644,7.9,1,3,0,78.0,4.4,No,No,61.0,66.0,NotPlaced
1596,7.4,2,3,3,86.0,4.2,Yes,Yes,60.0,75.0,NotPlaced
5199,7.5,1,3,0,82.0,4.8,Yes,Yes,65.0,80.0,NotPlaced
8481,8.2,1,3,2,90.0,4.6,Yes,Yes,83.0,74.0,Placed
2860,7.6,2,3,0,78.0,4.8,Yes,Yes,74.0,87.0,Placed
9147,7.7,1,1,1,74.0,4.3,No,Yes,58.0,65.0,NotPlaced
3387,8.8,2,1,2,83.0,4.8,Yes,Yes,84.0,83.0,Placed
6748,7.8,1,3,2,77.0,4.7,Yes,Yes,83.0,77.0,Placed
2711,6.6,1,1,1,71.0,4.0,No,Yes,55.0,63.0,NotPlaced
3058,8.3,2,3,2,87.0,4.8,Yes,Yes,83.0,86.0,Placed
401,8.0,1,3,2,90.0,4.8,Yes,Yes,81.0,86.0,Placed
7455,8.7,0,3,2,88.0,4.7,Yes,Yes,74.0,86.0,Placed
1632,6.5,0,1,0,69.0,4.0,No,No,61.0,65.0,NotPlaced
8551,6.9,1,1,0,78.0,4.3,Yes,Yes,55.0,72.0,NotPlaced
5328,8.6,0,3,2,75.0,4.0,Yes,Yes,78.0,84.0,Placed
8627,8.2,2,3,2,90.0,4.8,Yes,Yes,68.0,86.0,Placed
3571,8.4,2,3,0,90.0,4.5,Yes,Yes,87.0,83.0,Placed
417,8.0,1,3,0,75.0,4.3,No,No,57.0,66.0,NotPlaced
7997,7.5,2,3,0,85.0,4.3,No,No,55.0,69.0,Placed
8311,7.7,0,2,1,75.0,4.1,Yes,Yes,79.0,66.0,Placed
6947,8.2,1,3,0,90.0,3.9,Yes,Yes,75.0,87.0,NotPlaced
5940,8.1,2,3,2,90.0,4.6,Yes,Yes,85.0,88.0,Placed
7702,8.4,1,1,2,76.0,4.6,Yes,Yes,74.0,85.0,NotPlaced
9052,8.3,1,3,2,90.0,4.5,Yes,Yes,68.0,82.0,Placed
3672,8.8,2,3,2,90.0,4.8,Yes,Yes,80.0,83.0,Placed
1902,8.2,1,3,1,72.0,3.9,No,Yes,61.0,73.0,NotPlaced
3318,7.3,1,1,1,77.0,3.8,No,Yes,68.0,69.0,NotPlaced
5971,8.8,2,3,2,90.0,4.8,Yes,Yes,79.0,84.0,Placed
7282,6.5,0,1,0,66.0,3.8,No,No,55.0,62.0,NotPlaced
4428,7.8,1,2,0,72.0,4.4,Yes,Yes,55.0,69.0,NotPlaced
7957,6.7,0,1,1,77.0,3.7,No,No,63.0,67.0,NotPlaced
2404,8.0,1,3,1,77.0,4.5,Yes,Yes,71.0,85.0,NotPlaced
2202,8.5,1,3,0,79.0,4.5,Yes,Yes,73.0,88.0,NotPlaced
9598,8.3,1,3,0,90.0,4.4,Yes,Yes,83.0,81.0,Placed
3625,6.5,1,3,1,73.0,4.2,No,Yes,59.0,67.0,NotPlaced
806,7.6,1,2,1,89.0,4.5,No,No,60.0,64.0,NotPlaced
4148,8.0,2,3,2,87.0,4.4,Yes,Yes,83.0,84.0,NotPlaced
8936,6.9,0,2,0,77.0,4.2,No,No,70.0,68.0,NotPlaced
6123,7.4,1,1,1,78.0,4.8,Yes,Yes,72.0,61.0,NotPlaced
1729,8.2,2,3,2,87.0,4.7,Yes,No,90.0,66.0,Placed
5586,6.5,1,1,0,72.0,4.5,No,No,55.0,66.0,NotPlaced
1383,8.4,1,1,0,80.0,3.7,Yes,Yes,55.0,81.0,NotPlaced
7792,7.3,1,1,1,71.0,4.4,No,Yes,69.0,72.0,NotPlaced
291,8.8,1,2,2,90.0,4.8,Yes,No,75.0,88.0,Placed
5236,7.4,1,3,0,81.0,3.7,Yes,Yes,69.0,74.0,NotPlaced
5227,7.2,1,1,0,71.0,4.3,No,No,62.0,72.0,NotPlaced
8792,6.5,1,1,1,76.0,4.8,Yes,No,57.0,79.0,NotPlaced
7647,8.3,2,3,0,90.0,4.8,Yes,Yes,84.0,86.0,Placed
3403,7.6,1,2,0,80.0,4.4,No,No,61.0,72.0,NotPlaced
3830,7.8,2,3,2,90.0,4.8,Yes,Yes,68.0,83.0,Placed
1465,7.6,1,1,0,75.0,3.9,Yes,Yes,80.0,75.0,NotPlaced
1321,8.7,1,3,2,90.0,4.8,Yes,Yes,79.0,88.0,NotPlaced
2910,6.6,1,2,1,68.0,4.7,No,No,56.0,66.0,NotPlaced
9470,8.3,2,3,2,90.0,4.8,Yes,Yes,90.0,86.0,Placed
6782,7.1,1,1,3,83.0,4.2,Yes,Yes,82.0,86.0,Placed
5452,7.4,1,3,1,81.0,4.4,No,Yes,70.0,67.0,NotPlaced
1013,6.8,1,2,1,81.0,4.0,Yes,Yes,56.0,82.0,NotPlaced
3025,6.5,1,2,1,80.0,4.8,No,No,83.0,65.0,NotPlaced
5299,8.1,1,3,0,80.0,4.7,Yes,Yes,79.0,84.0,Placed
1689,6.7,1,1,1,71.0,4.5,No,No,55.0,67.0,NotPlaced
2348,8.2,2,3,2,86.0,4.7,Yes,Yes,84.0,88.0,Placed
7917,8.0,2,3,2,85.0,4.8,Yes,Yes,74.0,87.0,Placed
2081,6.8,0,2,1,76.0,4.0,No,Yes,55.0,65.0,NotPlaced
6552,8.0,1,2,1,71.0,4.1,Yes,Yes,80.0,65.0,NotPlaced
3614,7.6,1,2,0,82.0,4.3,No,Yes,64.0,71.0,NotPlaced
6292,6.5,1,1,0,86.0,3.9,No,Yes,55.0,65.0,NotPlaced
9490,8.2,2,3,0,80.0,4.3,Yes,Yes,74.0,66.0,NotPlaced
6232,7.7,1,1,2,80.0,4.5,Yes,Yes,81.0,83.0,NotPlaced
1841,7.7,1,1,0,69.0,3.8,No,No,57.0,65.0,NotPlaced
4848,6.6,0,1,1,78.0,4.4,No,Yes,55.0,73.0,NotPlaced
3885,7.8,1,2,2,90.0,4.8,Yes,Yes,74.0,84.0,Placed
6177,7.7,2,2,2,90.0,4.8,Yes,Yes,90.0,84.0,Placed
8121,8.0,1,3,1,89.0,4.8,Yes,No,72.0,81.0,Placed
8314,7.6,2,3,2,87.0,4.3,Yes,Yes,76.0,82.0,Placed
8188,7.9,0,2,0,69.0,4.0,No,Yes,57.0,73.0,NotPlaced
2697,7.2,1,2,0,69.0,4.5,No,Yes,56.0,67.0,Placed
4066,8.5,1,3,1,72.0,4.1,Yes,Yes,72.0,87.0,Placed
4693,7.2,1,3,2,87.0,4.8,Yes,Yes,81.0,88.0,Placed
19,6.8,2,3,0,73.0,4.4,Yes,Yes,72.0,82.0,Placed
6515,6.5,0,3,0,77.0,4.0,Yes,No,62.0,71.0,NotPlaced
2968,8.6,0,3,2,85.0,4.7,Yes,Yes,78.0,80.0,Placed
4675,7.5,1,2,0,78.0,4.4,Yes,Yes,67.0,62.0,Placed
2287,8.5,1,1,0,75.0,4.2,Yes,Yes,58.0,71.0,NotPlaced
210,7.8,1,3,0,88.0,4.8,Yes,Yes,70.0,78.0,Placed
8155,7.8,2,3,2,90.0,4.7,Yes,Yes,78.0,82.0,Placed
4364,8.5,2,3,2,90.0,4.7,Yes,Yes,78.0,84.0,Placed
3949,7.6,0,1,0,60.0,4.0,No,Yes,58.0,66.0,NotPlaced
9522,6.7,1,2,1,77.0,4.5,Yes,Yes,75.0,84.0,NotPlaced
6891,7.9,0,1,0,68.0,4.1,No,Yes,55.0,65.0,NotPlaced
3841,6.5,1,1,0,80.0,4.0,No,Yes,55.0,68.0,NotPlaced
8658,7.8,2,3,0,86.0,4.6,Yes,Yes,74.0,86.0,Placed
5979,8.3,2,3,2,90.0,4.8,Yes,Yes,85.0,82.0,Placed
1414,7.7,1,1,0,80.0,4.3,No,Yes,77.0,68.0,Placed
2935,7.5,0,2,0,63.0,4.5,Yes,Yes,56.0,62.0,Placed
7548,8.6,1,3,2,90.0,4.5,Yes,Yes,72.0,83.0,Placed
9675,8.7,1,2,1,73.0,4.4,Yes,Yes,63.0,85.0,Placed
5565,8.0,2,1,2,88.0,3.8,Yes,No,82.0,82.0,NotPlaced
276,6.5,2,2,2,79.0,4.5,Yes,Yes,83.0,87.0,Placed
7668,8.1,1,1,0,70.0,4.3,Yes,Yes,76.0,69.0,NotPlaced
9016,8.4,2,3,2,89.0,4.5,Yes,Yes,78.0,82.0,Placed
8626,8.4,0,3,0,83.0,4.0,Yes,No,77.0,66.0,NotPlaced
4508,7.4,1,1,0,70.0,4.0,No,Yes,55.0,67.0,NotPlaced
8900,7.7,1,1,0,77.0,3.7,No,No,55.0,64.0,NotPlaced
8300,6.8,2,1,0,65.0,4.6,Yes,Yes,55.0,63.0,NotPlaced
5735,6.5,1,1,0,72.0,4.8,No,No,68.0,70.0,NotPlaced
9437,8.1,2,1,2,89.0,4.8,Yes,Yes,83.0,86.0,Placed
4244,6.5,1,2,0,88.0,4.4,No,Yes,60.0,72.0,Placed
8546,6.5,2,3,2,84.0,4.5,Yes,No,81.0,68.0,NotPlaced
7114,8.2,1,3,1,86.0,4.5,No,Yes,65.0,82.0,Placed
2178,8.3,2,3,2,90.0,4.8,Yes,Yes,81.0,88.0,Placed
9881,7.6,1,2,0,71.0,4.6,No,Yes,55.0,68.0,NotPlaced
5641,6.6,0,2,1,63.0,4.1,No,No,57.0,62.0,NotPlaced
9003,6.6,1,1,1,67.0,4.1,No,Yes,63.0,67.0,NotPlaced
9297,7.7,2,2,0,82.0,4.3,Yes,No,90.0,76.0,NotPlaced
9685,6.5,0,1,0,80.0,3.6,No,No,88.0,66.0,NotPlaced
1094,8.7,1,2,0,78.0,4.4,Yes,Yes,71.0,80.0,Placed
9402,7.5,1,3,1,86.0,4.2,No,Yes,66.0,64.0,NotPlaced
7567,7.6,0,3,1,81.0,4.6,Yes,Yes,61.0,71.0,NotPlaced
2220,8.3,2,3,2,82.0,4.8,Yes,Yes,79.0,81.0,Placed
5426,7.8,2,3,2,86.0,4.8,No,Yes,85.0,84.0,Placed
9351,6.6,0,1,1,66.0,3.7,No,No,56.0,63.0,NotPlaced
5078,7.3,1,1,0,65.0,3.9,No,No,69.0,67.0,NotPlaced
4816,7.2,2,1,1,89.0,4.0,Yes,Yes,77.0,83.0,NotPlaced
7093,8.5,0,2,0,89.0,4.5,Yes,Yes,70.0,83.0,NotPlaced
3680,7.9,0,1,0,79.0,4.5,No,No,62.0,69.0,Placed
5035,7.6,1,1,1,81.0,4.0,No,Yes,65.0,65.0,NotPlaced
4390,8.4,0,2,0,69.0,4.0,Yes,Yes,55.0,72.0,Placed
1079,6.6,1,2,0,77.0,4.1,No,Yes,55.0,72.0,NotPlaced
978,8.4,1,3,0,73.0,4.6,Yes,Yes,86.0,83.0,NotPlaced
3825,8.5,1,1,0,85.0,4.5,Yes,Yes,73.0,88.0,NotPlaced
4735,8.1,2,3,2,90.0,4.8,Yes,Yes,72.0,83.0,Placed
7947,7.5,1,1,1,82.0,4.6,No,Yes,59.0,74.0,NotPlaced
4477,6.7,2,2,0,65.0,4.7,No,No,66.0,62.0,NotPlaced
2792,6.7,2,1,2,82.0,4.6,Yes,Yes,82.0,70.0,NotPlaced
8294,8.3,2,1,2,84.0,4.8,Yes,Yes,69.0,85.0,Placed
947,7.8,0,2,1,66.0,3.6,No,Yes,85.0,66.0,NotPlaced
4559,6.5,1,1,0,65.0,4.3,No,No,61.0,70.0,NotPlaced
1843,7.9,1,2,0,84.0,4.1,No,Yes,58.0,75.0,Placed
2340,8.6,1,3,1,88.0,4.8,Yes,Yes,71.0,80.0,NotPlaced
779,7.5,2,2,0,79.0,4.5,Yes,Yes,82.0,82.0,Placed
3904,7.6,0,1,2,90.0,4.8,No,Yes,81.0,77.0,Placed
9056,7.4,0,1,0,79.0,4.2,Yes,Yes,61.0,65.0,NotPlaced
5771,6.7,1,2,1,89.0,4.4,No,Yes,65.0,58.0,NotPlaced
9874,8.5,2,2,0,83.0,4.7,No,Yes,76.0,84.0,NotPlaced
6828,8.4,1,1,0,72.0,4.6,Yes,Yes,77.0,60.0,Placed
5936,7.3,1,1,1,78.0,4.2,Yes,Yes,69.0,72.0,NotPlaced
824,7.3,0,2,1,74.0,3.7,No,No,58.0,68.0,NotPlaced
7236,8.3,2,2,2,85.0,4.8,Yes,Yes,76.0,88.0,Placed
2629,7.5,1,1,1,65.0,3.7,Yes,Yes,55.0,61.0,NotPlaced
1604,6.5,2,1,1,72.0,3.7,Yes,No,56.0,70.0,NotPlaced
9889,7.8,1,2,0,73.0,3.5,No,Yes,63.0,67.0,NotPlaced
3064,8.8,2,3,2,90.0,4.6,Yes,Yes,85.0,83.0,Placed
3771,8.8,1,3,2,90.0,4.8,Yes,Yes,85.0,83.0,Placed
4,7.5,1,1,2,85.0,4.4,Yes,Yes,81.0,80.0,Placed
6436,6.5,1,1,1,73.0,3.4,No,No,55.0,65.0,NotPlaced
667,8.7,2,3,2,87.0,4.8,Yes,Yes,55.0,84.0,Placed
5178,7.4,2,3,2,90.0,4.6,Yes,No,74.0,87.0,Placed
1767,7.6,1,2,0,77.0,4.3,Yes,Yes,66.0,83.0,NotPlaced
9771,8.1,1,3,2,90.0,4.6,Yes,Yes,76.0,86.0,NotPlaced
4174,7.5,0,3,0,81.0,4.5,Yes,Yes,87.0,85.0,Placed
1375,7.5,1,2,2,86.0,3.6,No,No,74.0,86.0,Placed
1546,7.8,2,3,2,90.0,4.8,Yes,No,82.0,79.0,Placed
5842,8.7,2,3,2,89.0,4.7,Yes,Yes,70.0,63.0,Placed
5904,7.6,0,1,0,76.0,3.5,Yes,Yes,74.0,65.0,Placed
293,7.5,0,1,1,80.0,4.2,Yes,No,84.0,64.0,NotPlaced
7591,8.2,1,3,0,82.0,4.7,Yes,Yes,76.0,84.0,NotPlaced
3095,7.6,1,2,0,65.0,4.8,Yes,Yes,73.0,85.0,NotPlaced
1965,6.8,0,2,0,73.0,4.3,Yes,Yes,64.0,63.0,Placed
6893,7.2,1,2,0,71.0,3.2,No,No,55.0,69.0,NotPlaced
3917,7.6,2,2,1,73.0,4.7,No,No,59.0,62.0,NotPlaced
8498,8.3,1,2,2,76.0,4.0,Yes,Yes,74.0,62.0,NotPlaced
4277,8.3,1,3,0,84.0,4.7,Yes,Yes,77.0,86.0,Placed
8423,8.3,0,1,0,90.0,4.1,No,No,63.0,66.0,NotPlaced
6277,8.5,2,3,2,90.0,4.8,Yes,No,75.0,85.0,Placed
6106,8.1,2,3,1,79.0,3.9,Yes,Yes,82.0,80.0,Placed
8486,7.8,1,3,1,82.0,4.8,Yes,Yes,76.0,83.0,Placed
7593,8.3,2,2,0,81.0,4.7,Yes,Yes,78.0,86.0,NotPlaced
8989,8.5,1,1,1,77.0,4.5,Yes,Yes,57.0,66.0,NotPlaced
2352,7.6,1,2,1,71.0,4.1,No,Yes,61.0,66.0,NotPlaced
5438,8.1,2,3,2,90.0,4.7,Yes,Yes,75.0,86.0,Placed
9587,6.7,0,3,0,90.0,4.3,Yes,Yes,79.0,65.0,Placed
6813,6.8,1,2,0,79.0,4.1,No,Yes,62.0,82.0,Placed
6847,7.4,1,1,1,70.0,4.5,No,No,55.0,67.0,NotPlaced
8652,7.7,0,2,1,68.0,4.0,Yes,Yes,57.0,83.0,Placed
753,8.4,2,1,2,77.0,4.5,Yes,Yes,71.0,72.0,NotPlaced
5101,6.6,1,1,1,60.0,3.9,No,Yes,56.0,58.0,NotPlaced
4494,8.4,2,3,2,83.0,4.8,Yes,No,79.0,82.0,NotPlaced
1076,7.5,1,2,2,71.0,4.1,No,Yes,72.0,83.0,Placed
9519,7.1,2,2,2,83.0,4.8,Yes,Yes,62.0,86.0,Placed
8327,7.6,1,2,2,76.0,4.5,Yes,Yes,82.0,63.0,Placed
3616,6.9,2,3,1,77.0,4.3,Yes,Yes,55.0,81.0,Placed
3191,8.3,1,2,0,69.0,4.4,No,Yes,55.0,63.0,NotPlaced
5335,8.6,2,3,3,78.0,4.7,Yes,Yes,75.0,83.0,Placed
5356,8.4,1,1,0,78.0,4.8,Yes,No,71.0,81.0,NotPlaced
4996,8.3,0,3,2,80.0,4.7,Yes,Yes,79.0,85.0,NotPlaced
373,7.8,0,3,2,73.0,4.6,Yes,No,82.0,85.0,NotPlaced
7756,7.6,0,3,0,85.0,4.7,Yes,Yes,70.0,75.0,Placed
2324,7.7,1,1,0,75.0,3.6,No,Yes,59.0,71.0,NotPlaced
8506,6.5,1,3,2,87.0,4.7,Yes,Yes,77.0,70.0,Placed
3691,7.2,0,2,1,71.0,3.6,No,No,55.0,68.0,NotPlaced
7507,7.5,1,1,0,74.0,3.5,No,Yes,60.0,68.0,Placed
8695,6.6,0,1,0,70.0,4.3,No,No,63.0,64.0,NotPlaced
4771,7.4,1,1,0,77.0,3.8,No,Yes,55.0,73.0,NotPlaced
4866,7.5,1,1,1,63.0,3.5,No,No,55.0,64.0,NotPlaced
9629,8.4,0,3,2,90.0,4.8,Yes,Yes,55.0,67.0,Placed
4640,6.5,2,2,1,76.0,3.9,Yes,Yes,60.0,68.0,NotPlaced
4446,8.7,2,3,2,90.0,4.3,Yes,Yes,84.0,86.0,Placed
5756,7.6,1,2,2,76.0,4.8,Yes,Yes,68.0,85.0,NotPlaced
5929,6.9,1,3,2,87.0,4.8,Yes,Yes,71.0,86.0,Placed
2437,7.7,0,1,1,90.0,4.3,Yes,Yes,75.0,75.0,Placed
4202,7.7,1,1,0,60.0,4.3,No,No,57.0,70.0,NotPlaced
9384,6.9,0,1,1,74.0,4.8,No,Yes,66.0,62.0,NotPlaced
9639,7.9,2,3,2,83.0,4.5,Yes,Yes,66.0,80.0,Placed
2186,6.9,1,1,0,76.0,4.3,No,Yes,60.0,64.0,NotPlaced
3734,7.2,1,2,1,79.0,3.2,No,No,57.0,72.0,NotPlaced
341,8.3,0,3,1,88.0,4.7,Yes,Yes,69.0,80.0,NotPlaced
7880,7.4,1,2,1,73.0,4.0,No,Yes,60.0,67.0,NotPlaced
6979,7.6,0,2,0,74.0,4.1,No,Yes,67.0,73.0,NotPlaced
2381,7.8,1,3,2,83.0,4.2,Yes,Yes,78.0,80.0,NotPlaced
7489,8.0,0,2,0,85.0,3.8,Yes,Yes,75.0,69.0,NotPlaced
8484,8.2,0,3,2,81.0,4.6,Yes,Yes,77.0,81.0,NotPlaced
4602,6.5,0,1,0,68.0,4.5,No,No,66.0,74.0,NotPlaced
1834,7.6,0,2,0,77.0,3.7,Yes,Yes,72.0,80.0,Placed
1669,8.3,1,3,0,86.0,4.4,Yes,Yes,75.0,79.0,Placed
5664,6.5,1,1,1,81.0,4.7,No,Yes,62.0,63.0,NotPlaced
5607,7.6,1,2,0,76.0,4.0,No,No,62.0,61.0,NotPlaced
6195,8.1,2,3,2,90.0,4.5,Yes,Yes,80.0,85.0,Placed
2680,7.2,1,1,1,66.0,3.8,Yes,No,67.0,67.0,NotPlaced
6434,6.5,1,1,0,70.0,3.8,No,Yes,59.0,68.0,Placed
1755,6.5,1,1,2,71.0,3.7,Yes,No,75.0,66.0,NotPlaced
8664,8.6,2,3,2,88.0,4.8,Yes,Yes,83.0,80.0,Placed
6722,7.4,2,1,2,75.0,4.4,Yes,No,64.0,66.0,NotPlaced
1193,7.6,1,1,1,77.0,4.5,No,No,82.0,64.0,NotPlaced
7271,8.2,1,3,0,90.0,4.8,Yes,Yes,82.0,72.0,Placed
4378,8.3,1,2,0,70.0,4.8,Yes,Yes,83.0,82.0,Placed
4280,7.8,0,3,0,74.0,4.1,No,Yes,68.0,67.0,NotPlaced
1901,8.4,1,1,0,87.0,4.8,Yes,Yes,71.0,82.0,NotPlaced
1376,6.7,1,2,3,69.0,4.6,Yes,No,72.0,69.0,NotPlaced
8862,8.0,2,3,2,89.0,4.6,Yes,Yes,80.0,87.0,Placed
2540,7.5,1,3,1,84.0,4.8,Yes,Yes,72.0,67.0,Placed
3687,8.6,1,3,0,85.0,4.2,Yes,Yes,68.0,83.0,Placed
7374,8.4,1,2,0,90.0,4.8,Yes,Yes,78.0,86.0,Placed
5167,7.9,1,3,2,90.0,3.6,Yes,Yes,70.0,83.0,Placed
6781,7.0,2,3,2,84.0,4.8,Yes,Yes,79.0,82.0,Placed
2936,8.6,2,3,1,90.0,4.8,Yes,Yes,58.0,71.0,Placed
3354,8.1,2,3,3,90.0,4.6,Yes,Yes,77.0,85.0,Placed
5431,8.1,0,3,1,80.0,4.6,Yes,Yes,80.0,81.0,Placed
9012,6.5,1,2,1,61.0,3.9,No,Yes,55.0,66.0,NotPlaced
3477,8.7,2,3,2,89.0,4.8,Yes,Yes,77.0,83.0,Placed
392,7.5,1,2,0,90.0,4.2,No,Yes,77.0,64.0,Placed
7764,8.4,0,1,2,80.0,4.0,Yes,Yes,62.0,85.0,Placed
2313,6.5,1,2,0,80.0,4.4,No,Yes,59.0,68.0,NotPlaced
2677,6.5,0,1,0,72.0,4.6,No,No,79.0,58.0,NotPlaced
3056,8.5,2,3,2,85.0,4.8,Yes,Yes,87.0,83.0,Placed
4562,6.5,1,3,1,79.0,3.5,No,Yes,75.0,72.0,NotPlaced
2863,8.3,2,2,2,90.0,4.7,Yes,No,73.0,81.0,NotPlaced
7714,8.3,1,3,0,84.0,4.6,Yes,Yes,71.0,80.0,Placed
5098,8.3,0,1,0,73.0,3.8,Yes,Yes,72.0,80.0,NotPlaced
8222,6.8,1,3,0,61.0,4.3,No,No,59.0,68.0,NotPlaced
4360,7.6,1,3,1,86.0,4.6,Yes,Yes,79.0,82.0,NotPlaced
4219,7.4,1,1,1,72.0,4.6,Yes,Yes,77.0,83.0,NotPlaced
7721,8.5,1,0,2,77.0,4.6,Yes,Yes,73.0,83.0,Placed
8285,6.7,1,3,2,86.0,4.1,Yes,Yes,86.0,82.0,Placed
4008,8.6,1,2,2,90.0,4.5,Yes,Yes,83.0,81.0,NotPlaced
1021,7.8,2,2,2,81.0,4.8,Yes,Yes,74.0,88.0,Placed
4600,7.4,0,1,0,62.0,3.9,No,No,55.0,61.0,NotPlaced
579,7.5,1,1,0,70.0,4.5,No,No,55.0,67.0,NotPlaced
1446,8.1,2,3,1,67.0,4.4,Yes,Yes,59.0,82.0,NotPlaced
5300,6.6,1,1,0,71.0,4.5,Yes,Yes,64.0,70.0,Placed
5226,8.3,1,3,2,82.0,4.7,Yes,Yes,66.0,68.0,Placed
4992,6.9,1,1,0,61.0,3.5,No,No,66.0,66.0,NotPlaced
1795,7.4,1,2,1,76.0,4.3,No,Yes,77.0,71.0,NotPlaced
9251,8.1,1,3,2,83.0,4.7,Yes,Yes,85.0,86.0,Placed
4971,7.5,1,1,0,63.0,4.5,No,Yes,59.0,58.0,NotPlaced
7798,7.5,1,1,0,76.0,4.7,No,No,55.0,64.0,NotPlaced
2788,8.6,1,3,2,87.0,4.1,Yes,Yes,80.0,86.0,Placed
5754,7.1,0,1,0,87.0,4.4,No,Yes,75.0,65.0,Placed
3256,8.8,2,3,2,90.0,4.8,Yes,Yes,84.0,83.0,Placed
8824,8.2,2,3,2,82.0,4.4,Yes,Yes,80.0,83.0,Placed
907,8.3,2,3,0,79.0,4.5,Yes,No,59.0,85.0,NotPlaced
4767,7.0,1,2,1,84.0,3.9,No,Yes,57.0,64.0,NotPlaced
6824,7.8,1,1,0,71.0,4.1,Yes,Yes,77.0,67.0,Placed
1330,7.6,2,2,2,74.0,3.8,Yes,Yes,75.0,84.0,NotPlaced
7408,7.6,2,1,0,70.0,4.4,No,Yes,57.0,66.0,NotPlaced
5801,7.0,0,1,1,85.0,4.8,Yes,No,55.0,63.0,NotPlaced
6188,8.8,1,3,2,90.0,4.8,Yes,Yes,81.0,84.0,Placed
2248,7.8,1,3,0,87.0,4.1,Yes,Yes,66.0,63.0,NotPlaced
5559,7.8,0,2,1,79.0,4.7,No,Yes,56.0,72.0,NotPlaced
4739,7.6,0,3,0,85.0,4.3,No,Yes,64.0,83.0,Placed
742,7.9,2,3,2,80.0,4.3,Yes,Yes,78.0,65.0,Placed
117,8.8,1,3,2,90.0,4.6,Yes,Yes,83.0,83.0,Placed
1699,6.5,0,1,0,64.0,4.3,Yes,Yes,64.0,63.0,NotPlaced
215,6.6,1,1,1,71.0,4.3,No,No,70.0,66.0,NotPlaced
2122,7.7,2,3,1,67.0,4.2,Yes,Yes,64.0,80.0,NotPlaced
4774,8.3,1,3,2,90.0,4.3,Yes,Yes,80.0,84.0,Placed
1688,7.4,1,2,0,81.0,4.8,Yes,No,55.0,69.0,NotPlaced
7622,8.5,1,3,2,90.0,4.7,Yes,Yes,69.0,86.0,Placed
8599,7.2,2,2,2,87.0,4.7,Yes,Yes,65.0,87.0,Placed
6684,8.2,1,3,0,83.0,4.4,Yes,Yes,80.0,87.0,Placed
1396,8.0,1,3,1,89.0,4.5,Yes,Yes,82.0,83.0,Placed
4701,6.5,0,1,1,66.0,3.6,No,No,55.0,70.0,NotPlaced
2372,7.8,0,2,0,74.0,4.2,No,Yes,55.0,68.0,NotPlaced
9073,8.1,2,3,2,90.0,4.8,Yes,Yes,90.0,86.0,Placed
4871,7.6,0,1,0,90.0,4.1,No,Yes,77.0,79.0,NotPlaced
3457,7.3,0,1,0,60.0,3.2,No,No,55.0,62.0,NotPlaced
9444,8.6,1,3,2,90.0,4.8,Yes,Yes,55.0,85.0,Placed
6423,8.2,1,3,0,90.0,4.7,Yes,Yes,55.0,70.0,Placed
7053,7.9,2,3,2,90.0,4.5,Yes,No,78.0,84.0,NotPlaced
9389,7.2,1,1,0,65.0,3.7,No,No,63.0,71.0,NotPlaced
6950,7.6,1,2,1,72.0,3.8,No,Yes,55.0,67.0,NotPlaced
230,7.9,2,3,2,90.0,4.8,Yes,Yes,83.0,88.0,Placed
1927,7.7,2,2,2,84.0,3.9,No,Yes,86.0,87.0,Placed
2169,8.7,0,3,2,90.0,4.8,Yes,Yes,79.0,85.0,Placed
2105,7.5,0,1,1,79.0,4.4,No,Yes,76.0,71.0,NotPlaced
5519,8.0,0,3,1,90.0,4.8,Yes,Yes,74.0,88.0,NotPlaced
8945,6.7,1,1,0,75.0,3.7,No,No,58.0,66.0,NotPlaced
6145,7.7,1,1,0,90.0,4.6,No,No,73.0,88.0,Placed
7125,7.6,1,3,0,79.0,4.5,No,No,73.0,65.0,NotPlaced
2553,6.9,2,3,3,80.0,4.8,Yes,No,82.0,86.0,Placed
6037,7.4,1,3,0,88.0,4.1,Yes,Yes,59.0,73.0,NotPlaced
3489,7.6,1,3,2,83.0,4.5,Yes,Yes,68.0,73.0,NotPlaced
7392,8.5,2,3,2,90.0,4.7,Yes,Yes,74.0,86.0,Placed
7342,8.3,1,1,0,90.0,4.3,Yes,Yes,77.0,80.0,NotPlaced
4679,6.5,0,2,0,70.0,4.4,Yes,Yes,55.0,71.0,NotPlaced
2639,7.6,0,1,0,69.0,3.4,No,No,60.0,74.0,NotPlaced
9545,8.4,2,3,1,84.0,4.2,Yes,Yes,78.0,83.0,NotPlaced
7486,7.4,1,1,0,81.0,4.6,No,No,83.0,81.0,NotPlaced
982,7.4,2,3,2,71.0,4.8,Yes,Yes,85.0,75.0,Placed
9583,8.4,1,3,2,85.0,4.4,Yes,Yes,78.0,87.0,Placed
1667,7.3,1,1,2,75.0,3.5,No,Yes,75.0,61.0,NotPlaced
2456,7.9,1,3,0,83.0,4.8,No,No,76.0,82.0,NotPlaced
8917,6.6,1,2,0,78.0,4.1,Yes,No,74.0,64.0,NotPlaced
3468,8.2,2,3,2,90.0,4.7,Yes,Yes,74.0,87.0,Placed
8697,6.8,2,1,0,77.0,4.0,No,No,60.0,77.0,NotPlaced
9145,7.8,1,2,0,82.0,3.9,Yes,Yes,86.0,66.0,NotPlaced
3136,7.5,1,2,0,81.0,4.0,Yes,Yes,71.0,88.0,Placed
3128,7.4,1,1,1,70.0,3.7,No,No,55.0,68.0,NotPlaced
1783,6.5,1,1,1,76.0,3.8,No,No,55.0,64.0,NotPlaced
4186,7.6,0,1,0,73.0,4.3,No,Yes,55.0,69.0,Placed
2044,7.4,1,3,1,61.0,4.8,No,No,58.0,73.0,NotPlaced
3845,7.4,1,1,0,85.0,3.5,No,No,68.0,73.0,NotPlaced
991,7.6,0,3,2,85.0,3.7,Yes,Yes,80.0,83.0,NotPlaced
3791,7.5,2,2,1,81.0,4.4,No,No,55.0,62.0,NotPlaced
8761,8.3,2,3,0,88.0,4.8,Yes,Yes,77.0,81.0,NotPlaced
2663,6.5,1,1,1,72.0,4.4,No,No,58.0,67.0,NotPlaced
1246,7.2,1,1,1,90.0,4.5,No,Yes,81.0,71.0,NotPlaced
9512,8.2,1,3,1,83.0,4.8,Yes,Yes,80.0,74.0,Placed
4529,8.4,2,1,1,78.0,3.9,Yes,Yes,57.0,62.0,NotPlaced
5422,7.6,1,1,1,74.0,4.6,Yes,Yes,72.0,84.0,NotPlaced
3522,7.8,1,1,2,65.0,4.1,No,No,55.0,66.0,NotPlaced
2234,8.4,2,3,2,84.0,4.8,No,Yes,73.0,71.0,Placed
4346,6.5,0,2,1,69.0,3.8,No,No,63.0,62.0,NotPlaced
4375,6.9,1,3,1,86.0,4.5,Yes,Yes,77.0,84.0,Placed
9574,7.6,0,1,0,82.0,3.9,No,Yes,58.0,72.0,NotPlaced
7309,6.5,1,1,0,66.0,4.8,Yes,No,60.0,64.0,NotPlaced
4555,8.0,1,1,1,79.0,4.6,Yes,No,66.0,67.0,NotPlaced
3462,7.8,1,2,2,77.0,4.3,No,No,81.0,83.0,NotPlaced
6911,7.9,1,2,0,90.0,4.2,Yes,Yes,55.0,66.0,NotPlaced
4795,6.5,1,1,0,64.0,4.4,No,Yes,61.0,73.0,NotPlaced
9756,6.5,1,3,1,71.0,4.0,Yes,Yes,77.0,73.0,NotPlaced
5778,8.0,1,1,1,77.0,4.7,No,Yes,55.0,71.0,NotPlaced
454,7.0,1,1,1,71.0,4.3,No,Yes,74.0,64.0,NotPlaced
7013,7.6,1,1,0,84.0,3.7,No,No,56.0,70.0,NotPlaced
6333,7.6,1,2,2,81.0,4.7,Yes,Yes,57.0,65.0,Placed
4417,8.0,1,2,0,90.0,4.7,Yes,Yes,73.0,80.0,Placed
3343,7.0,1,1,1,78.0,4.7,No,No,55.0,69.0,NotPlaced
9235,6.5,0,2,1,60.0,3.1,Yes,No,60.0,67.0,NotPlaced
9632,8.2,2,2,2,90.0,4.8,No,Yes,83.0,79.0,NotPlaced
4188,7.9,2,2,2,90.0,4.8,Yes,Yes,72.0,77.0,Placed
8341,7.5,0,1,0,63.0,3.6,Yes,No,71.0,70.0,NotPlaced
5339,6.7,0,1,2,69.0,4.4,Yes,No,81.0,59.0,NotPlaced
3328,6.5,0,1,0,86.0,4.5,No,No,63.0,69.0,NotPlaced
8939,8.3,1,3,1,85.0,4.3,Yes,Yes,65.0,82.0,NotPlaced
332,8.5,1,2,1,71.0,3.8,Yes,Yes,78.0,69.0,NotPlaced
7543,7.8,2,3,1,90.0,4.0,Yes,Yes,81.0,84.0,NotPlaced
8630,6.5,2,3,2,80.0,4.0,Yes,Yes,72.0,86.0,Placed
251,8.4,2,3,1,76.0,4.1,Yes,Yes,68.0,64.0,NotPlaced
1294,8.2,0,3,2,82.0,4.7,No,Yes,81.0,82.0,Placed
3683,8.7,2,3,0,84.0,4.1,Yes,No,79.0,83.0,NotPlaced
7739,7.7,0,3,1,74.0,4.3,Yes,Yes,78.0,65.0,NotPlaced
1202,6.9,1,1,2,81.0,4.5,Yes,Yes,81.0,68.0,Placed
8454,7.6,1,1,0,74.0,4.5,No,Yes,70.0,66.0,NotPlaced
3686,7.4,0,1,2,79.0,4.4,Yes,No,55.0,68.0,Placed
1835,7.9,1,2,0,73.0,4.3,No,Yes,58.0,65.0,NotPlaced
5886,6.5,1,1,0,82.0,4.4,No,No,71.0,65.0,NotPlaced
8943,7.0,1,1,0,74.0,4.3,No,Yes,66.0,71.0,NotPlaced
8331,8.6,2,3,2,84.0,4.6,Yes,Yes,80.0,85.0,Placed
342,7.2,0,2,1,66.0,3.9,No,No,67.0,69.0,NotPlaced
2393,7.8,1,1,0,63.0,4.4,No,Yes,55.0,68.0,NotPlaced
260,8.2,1,3,1,83.0,4.1,Yes,Yes,77.0,83.0,NotPlaced
3040,8.3,1,3,1,83.0,4.1,No,Yes,66.0,82.0,NotPlaced
6597,8.5,1,3,2,85.0,4.3,Yes,Yes,72.0,84.0,Placed
9201,7.7,2,3,0,90.0,4.6,Yes,Yes,75.0,86.0,NotPlaced
831,8.6,0,3,2,88.0,4.8,Yes,Yes,85.0,83.0,Placed
2650,7.9,2,1,3,70.0,4.0,Yes,Yes,67.0,81.0,Placed
8440,7.6,1,2,0,70.0,4.2,No,No,56.0,74.0,NotPlaced
4002,6.5,1,2,0,65.0,4.0,No,No,61.0,63.0,NotPlaced
6680,8.5,2,3,2,85.0,4.8,Yes,Yes,73.0,83.0,Placed
5014,8.2,1,1,0,71.0,3.6,Yes,Yes,55.0,65.0,NotPlaced
8031,8.3,0,1,2,85.0,4.7,Yes,Yes,83.0,68.0,Placed
9022,8.3,2,3,2,85.0,4.8,Yes,Yes,80.0,88.0,Placed
7456,7.8,1,2,0,73.0,4.5,Yes,Yes,83.0,75.0,NotPlaced
7746,7.5,0,1,1,70.0,3.9,No,Yes,55.0,69.0,NotPlaced
9349,8.3,2,1,2,70.0,4.3,Yes,No,64.0,64.0,NotPlaced
2756,8.4,2,3,2,90.0,4.4,Yes,Yes,74.0,88.0,Placed
6780,8.5,2,3,2,90.0,4.8,Yes,Yes,84.0,88.0,Placed
6512,8.8,2,3,2,90.0,4.7,Yes,Yes,84.0,86.0,Placed
7828,7.5,0,2,0,67.0,3.1,No,No,55.0,70.0,NotPlaced
5338,8.0,2,3,2,90.0,4.8,Yes,Yes,77.0,87.0,Placed
2144,6.6,1,2,2,73.0,3.3,Yes,Yes,64.0,83.0,Placed
4860,8.0,2,3,2,90.0,4.8,Yes,Yes,78.0,85.0,Placed
173,7.4,0,3,0,90.0,4.6,No,No,65.0,70.0,NotPlaced
5027,8.3,2,3,2,89.0,4.8,Yes,Yes,83.0,82.0,Placed
2351,7.3,1,1,1,77.0,4.1,No,No,58.0,74.0,NotPlaced
830,7.4,0,1,1,69.0,3.5,No,No,69.0,63.0,NotPlaced
1192,7.8,1,2,1,70.0,4.1,No,Yes,55.0,63.0,NotPlaced
5449,7.8,1,1,0,77.0,4.0,Yes,Yes,83.0,66.0,Placed
185,7.3,1,2,2,67.0,4.5,No,No,63.0,66.0,NotPlaced
3655,8.3,2,3,1,83.0,4.1,Yes,Yes,81.0,66.0,NotPlaced
5306,8.2,2,3,2,90.0,4.8,Yes,Yes,77.0,85.0,Placed
8305,7.7,1,1,0,71.0,3.9,No,No,65.0,67.0,NotPlaced
3267,7.4,1,3,1,89.0,3.6,Yes,Yes,68.0,83.0,NotPlaced
391,7.6,1,1,0,76.0,4.3,No,Yes,66.0,69.0,NotPlaced
6850,8.0,2,3,2,90.0,4.8,Yes,Yes,75.0,86.0,Placed
1378,7.8,0,2,0,74.0,4.7,Yes,Yes,77.0,81.0,Placed
2124,6.5,1,1,0,67.0,3.8,No,No,56.0,64.0,NotPlaced
7021,6.6,1,1,0,63.0,3.8,No,No,59.0,63.0,NotPlaced
4185,8.4,1,3,2,78.0,4.5,Yes,No,80.0,80.0,NotPlaced
3479,7.6,1,1,1,71.0,4.2,No,No,57.0,75.0,NotPlaced
8923,8.4,1,3,0,90.0,4.8,Yes,No,75.0,82.0,Placed
428,8.9,1,3,2,81.0,4.8,Yes,No,82.0,81.0,Placed
9905,8.7,2,1,2,85.0,4.8,Yes,Yes,84.0,68.0,Placed
9319,6.5,0,2,1,71.0,3.8,No,Yes,55.0,72.0,NotPlaced
9330,6.7,1,2,2,82.0,3.2,No,No,66.0,58.0,Placed
951,8.3,1,1,1,64.0,4.1,No,No,55.0,71.0,NotPlaced
8967,7.9,1,2,0,82.0,4.2,Yes,Yes,79.0,86.0,Placed
7791,7.4,1,1,0,60.0,4.2,No,Yes,55.0,65.0,NotPlaced
7506,8.8,0,2,1,78.0,4.5,Yes,Yes,78.0,71.0,NotPlaced
920,7.8,0,3,0,69.0,4.2,Yes,Yes,73.0,71.0,Placed
3242,8.3,1,3,0,76.0,3.8,Yes,Yes,77.0,66.0,Placed
918,7.5,2,2,0,89.0,4.8,Yes,Yes,72.0,79.0,Placed
5803,7.7,1,2,1,70.0,4.0,Yes,Yes,55.0,67.0,NotPlaced
4865,6.5,1,3,2,84.0,4.6,No,Yes,55.0,71.0,Placed
6965,8.2,2,3,2,90.0,4.8,Yes,Yes,81.0,82.0,Placed
107,6.7,0,1,1,74.0,3.9,No,No,55.0,70.0,NotPlaced
3961,7.5,1,2,1,82.0,4.5,Yes,No,71.0,72.0,NotPlaced
9573,7.8,0,2,0,86.0,4.3,No,Yes,56.0,73.0,NotPlaced
1621,6.5,0,1,1,70.0,3.6,No,No,57.0,68.0,NotPlaced
1421,7.7,1,1,0,67.0,4.0,Yes,No,64.0,61.0,NotPlaced
7524,8.1,2,3,2,83.0,4.5,Yes,Yes,83.0,82.0,Placed
3954,7.9,1,1,0,85.0,4.5,Yes,Yes,80.0,81.0,Placed
1252,7.2,0,1,0,79.0,3.8,No,Yes,81.0,70.0,NotPlaced
42,8.3,2,3,2,85.0,4.8,Yes,Yes,77.0,83.0,Placed
6661,7.8,1,2,1,67.0,4.4,Yes,Yes,70.0,77.0,NotPlaced
684,8.6,1,2,0,82.0,3.7,Yes,Yes,77.0,65.0,Placed
1067,6.5,0,1,1,82.0,4.5,No,No,55.0,71.0,NotPlaced
3900,7.1,1,2,2,82.0,4.3,No,No,78.0,67.0,NotPlaced
6524,7.4,1,2,0,81.0,4.3,No,Yes,71.0,69.0,NotPlaced
9161,6.8,0,2,0,73.0,4.2,Yes,Yes,81.0,67.0,NotPlaced
7203,8.3,1,3,1,90.0,4.8,Yes,Yes,71.0,84.0,NotPlaced
5106,6.7,2,3,2,82.0,4.8,Yes,No,84.0,82.0,Placed
6397,6.7,1,2,1,81.0,3.8,No,No,61.0,65.0,NotPlaced
212,7.5,1,1,1,69.0,4.1,No,No,55.0,75.0,NotPlaced
7164,8.7,1,3,0,90.0,4.5,Yes,Yes,82.0,85.0,Placed
8238,8.0,1,2,0,88.0,4.4,Yes,Yes,78.0,76.0,Placed
1734,7.6,1,3,2,90.0,4.4,Yes,No,73.0,81.0,Placed
6730,7.9,0,1,0,69.0,4.2,No,Yes,60.0,66.0,NotPlaced
4617,8.5,1,3,2,89.0,4.8,Yes,Yes,81.0,86.0,Placed
6271,7.4,1,1,0,65.0,3.7,No,Yes,81.0,82.0,NotPlaced
4189,8.3,0,3,1,88.0,4.1,Yes,Yes,55.0,80.0,NotPlaced
1511,7.8,1,1,0,74.0,4.5,Yes,No,82.0,69.0,Placed
96,7.5,0,1,1,75.0,3.3,No,Yes,61.0,73.0,NotPlaced
1240,7.4,1,1,0,78.0,4.5,Yes,Yes,70.0,78.0,Placed
8432,7.5,1,1,0,88.0,4.6,No,No,55.0,60.0,NotPlaced
5716,7.5,1,2,1,65.0,4.1,No,No,68.0,73.0,NotPlaced
4243,7.8,0,3,0,83.0,4.4,Yes,Yes,77.0,83.0,NotPlaced
2508,6.9,0,2,0,79.0,4.1,No,Yes,63.0,64.0,NotPlaced
3297,8.3,1,3,2,85.0,4.2,Yes,Yes,73.0,83.0,Placed
5618,8.4,1,2,0,79.0,4.3,Yes,Yes,70.0,74.0,Placed
7599,7.5,1,1,0,66.0,3.9,No,No,55.0,71.0,NotPlaced
1219,8.7,0,1,3,72.0,4.8,Yes,Yes,85.0,68.0,Placed
8645,8.5,2,3,0,90.0,3.8,Yes,Yes,87.0,84.0,Placed
771,7.6,2,3,2,84.0,4.6,Yes,Yes,72.0,85.0,Placed
5168,8.8,2,3,2,84.0,4.3,Yes,Yes,82.0,81.0,Placed
2790,7.5,1,1,1,77.0,3.8,No,Yes,63.0,65.0,NotPlaced
8317,6.5,1,2,1,69.0,4.5,No,Yes,61.0,68.0,NotPlaced
6872,7.6,0,2,0,60.0,3.8,No,No,55.0,57.0,NotPlaced
3303,6.5,1,1,1,76.0,4.6,Yes,Yes,60.0,73.0,NotPlaced
8206,6.5,1,1,2,69.0,4.2,Yes,No,57.0,65.0,NotPlaced
3592,6.7,1,1,1,60.0,3.3,No,Yes,62.0,69.0,Placed
4719,8.4,2,2,0,90.0,4.1,Yes,Yes,76.0,78.0,NotPlaced
8931,7.6,1,1,1,84.0,3.3,Yes,Yes,75.0,60.0,Placed
1093,8.8,1,3,2,82.0,4.8,Yes,Yes,77.0,84.0,NotPlaced
2013,6.9,0,2,1,82.0,4.2,Yes,Yes,73.0,86.0,Placed
5896,7.6,1,1,1,71.0,4.3,No,No,59.0,63.0,NotPlaced
2140,6.5,1,0,0,88.0,4.7,Yes,Yes,74.0,67.0,Placed
9975,7.6,2,1,1,65.0,4.4,No,Yes,55.0,68.0,NotPlaced
712,6.5,1,2,1,70.0,3.8,No,No,61.0,70.0,NotPlaced
8880,8.4,1,3,0,81.0,3.6,Yes,Yes,78.0,86.0,Placed
7454,7.5,2,3,0,84.0,4.5,Yes,Yes,71.0,68.0,NotPlaced
7104,8.6,2,3,2,89.0,4.8,Yes,Yes,86.0,86.0,Placed
4435,7.8,1,3,2,84.0,4.6,Yes,Yes,66.0,84.0,Placed
1322,7.9,2,3,2,80.0,4.6,Yes,No,77.0,69.0,NotPlaced
7174,6.8,0,1,0,84.0,4.0,No,Yes,80.0,69.0,NotPlaced
9847,8.3,2,2,0,74.0,4.8,Yes,Yes,57.0,68.0,Placed
800,8.3,2,3,2,90.0,4.8,Yes,Yes,77.0,85.0,Placed
5792,6.7,0,1,0,75.0,4.2,No,No,60.0,81.0,NotPlaced
5409,7.9,1,3,0,84.0,4.7,Yes,Yes,70.0,85.0,Placed
4003,7.8,2,2,2,68.0,4.5,No,Yes,73.0,87.0,NotPlaced
7606,8.0,2,3,2,80.0,4.8,Yes,No,72.0,63.0,Placed
9953,8.1,2,3,2,90.0,4.8,Yes,Yes,74.0,86.0,Placed
5211,6.9,2,1,2,84.0,4.7,Yes,Yes,73.0,82.0,NotPlaced
9089,7.8,2,3,2,90.0,4.7,Yes,Yes,70.0,84.0,Placed
6367,7.3,0,1,0,85.0,4.2,No,Yes,73.0,68.0,NotPlaced
7915,7.5,1,3,2,80.0,4.6,No,No,73.0,80.0,Placed
2421,7.9,2,3,3,90.0,4.7,Yes,No,77.0,61.0,Placed
348,6.6,1,1,1,81.0,4.0,No,No,73.0,72.0,NotPlaced
1499,9.0,1,3,2,90.0,4.8,Yes,No,80.0,88.0,NotPlaced
2196,8.3,1,3,2,79.0,4.4,Yes,Yes,78.0,83.0,Placed
6503,6.8,1,1,0,83.0,3.9,No,No,58.0,61.0,NotPlaced
1506,6.9,0,3,0,76.0,3.8,No,Yes,81.0,73.0,NotPlaced
5067,6.8,0,1,1,64.0,3.8,No,No,55.0,71.0,NotPlaced
7788,6.5,0,2,1,72.0,3.0,No,Yes,59.0,76.0,NotPlaced
2617,7.4,2,1,2,90.0,4.7,Yes,Yes,81.0,88.0,NotPlaced
3245,7.7,0,3,1,68.0,4.4,Yes,No,62.0,62.0,NotPlaced
9900,8.1,0,1,2,80.0,4.3,Yes,Yes,81.0,86.0,NotPlaced
7211,8.1,1,3,2,90.0,4.8,Yes,Yes,85.0,82.0,Placed
5925,8.0,0,2,2,79.0,4.4,No,Yes,55.0,68.0,NotPlaced
8487,7.4,1,1,0,60.0,4.3,Yes,Yes,61.0,75.0,Placed
1138,8.7,2,3,0,86.0,4.8,Yes,Yes,70.0,80.0,Placed
7151,8.2,2,3,2,90.0,4.8,Yes,Yes,73.0,84.0,Placed
6920,7.3,0,1,1,69.0,3.7,No,Yes,59.0,59.0,NotPlaced
6995,7.5,1,2,1,74.0,4.0,No,Yes,64.0,82.0,Placed
6569,6.5,1,1,0,73.0,3.6,No,No,61.0,72.0,NotPlaced
8267,7.5,1,3,1,79.0,3.8,Yes,Yes,58.0,67.0,NotPlaced
6265,7.5,1,1,1,70.0,4.1,Yes,Yes,56.0,63.0,NotPlaced
5095,6.5,0,1,0,64.0,3.9,No,Yes,58.0,68.0,NotPlaced
5502,7.8,1,3,0,89.0,4.0,No,Yes,72.0,84.0,Placed
4948,6.7,1,1,2,89.0,4.3,Yes,Yes,73.0,67.0,NotPlaced
1046,8.1,2,3,3,90.0,4.7,Yes,Yes,64.0,83.0,Placed
4505,7.6,0,2,1,85.0,4.6,No,Yes,72.0,64.0,Placed
810,7.5,1,1,1,80.0,3.8,No,No,58.0,67.0,NotPlaced
9971,8.2,0,3,1,90.0,3.8,Yes,Yes,76.0,77.0,NotPlaced
9730,6.6,1,2,0,83.0,4.0,No,Yes,58.0,70.0,NotPlaced
747,7.9,1,1,1,65.0,4.3,No,No,57.0,80.0,NotPlaced
934,7.9,1,3,2,81.0,4.8,No,Yes,74.0,80.0,Placed
9669,7.7,1,1,1,78.0,3.2,No,No,58.0,64.0,NotPlaced
9334,7.9,0,2,0,75.0,4.3,No,No,79.0,63.0,NotPlaced
3897,8.4,2,3,2,89.0,4.8,Yes,Yes,74.0,82.0,Placed
3594,6.5,1,1,0,83.0,3.9,No,Yes,70.0,69.0,NotPlaced
3416,8.1,2,2,1,86.0,4.4,Yes,Yes,57.0,65.0,Placed
9777,8.0,1,3,0,90.0,4.8,Yes,No,77.0,84.0,Placed
3185,6.8,1,2,0,80.0,3.8,No,Yes,77.0,80.0,Placed
1544,8.1,2,3,0,84.0,4.8,Yes,Yes,71.0,88.0,Placed
8328,8.2,2,3,2,90.0,4.8,Yes,Yes,74.0,88.0,Placed
6673,7.7,1,3,0,81.0,4.8,Yes,Yes,59.0,62.0,NotPlaced
1479,6.5,1,2,0,70.0,3.8,No,Yes,59.0,66.0,NotPlaced
2975,6.5,0,2,1,80.0,3.9,No,No,55.0,65.0,NotPlaced
6388,7.0,1,3,0,82.0,4.7,Yes,Yes,60.0,67.0,Placed
529,8.1,1,3,0,88.0,4.3,No,No,72.0,85.0,NotPlaced
3664,7.3,1,2,0,82.0,4.6,Yes,Yes,71.0,70.0,NotPlaced
4881,6.6,0,1,1,77.0,4.3,Yes,Yes,82.0,66.0,NotPlaced
9079,7.3,1,1,1,80.0,3.8,No,No,71.0,71.0,NotPlaced
6463,8.4,2,3,1,76.0,4.8,Yes,Yes,56.0,80.0,NotPlaced
1030,6.9,1,1,0,70.0,4.6,Yes,Yes,65.0,82.0,Placed
6977,8.5,2,3,2,90.0,4.7,Yes,Yes,90.0,86.0,Placed
993,7.8,1,1,2,82.0,4.3,Yes,Yes,59.0,65.0,Placed
2195,7.4,1,1,0,74.0,4.4,Yes,Yes,71.0,81.0,Placed
1101,7.8,1,1,2,81.0,4.8,Yes,Yes,79.0,65.0,Placed
2601,7.9,0,1,0,69.0,3.8,No,Yes,66.0,61.0,NotPlaced
4384,7.1,1,1,0,79.0,4.3,Yes,Yes,69.0,69.0,Placed
6776,7.7,2,3,2,90.0,4.8,Yes,Yes,80.0,83.0,Placed
7834,6.5,1,2,0,78.0,4.7,No,Yes,76.0,72.0,NotPlaced
1717,8.0,0,3,2,83.0,4.7,Yes,Yes,78.0,85.0,Placed
9557,8.1,1,3,2,88.0,4.8,Yes,Yes,81.0,85.0,Placed
576,8.6,1,1,1,88.0,4.0,No,Yes,80.0,66.0,Placed
8228,8.3,2,1,2,83.0,4.4,Yes,Yes,59.0,86.0,NotPlaced
7544,8.6,2,3,2,90.0,4.8,Yes,Yes,73.0,68.0,Placed
7693,8.3,1,1,1,75.0,4.8,No,No,56.0,65.0,NotPlaced
9715,7.4,1,1,0,67.0,3.7,No,Yes,61.0,61.0,NotPlaced
7328,7.7,1,3,2,78.0,4.6,Yes,Yes,83.0,81.0,NotPlaced
5340,7.5,1,1,1,68.0,4.6,Yes,Yes,59.0,65.0,NotPlaced
8143,7.9,2,3,2,85.0,4.8,Yes,Yes,75.0,81.0,Placed
9229,8.5,2,3,2,90.0,4.8,Yes,Yes,71.0,87.0,Placed
6040,8.1,0,1,2,90.0,4.7,Yes,Yes,78.0,74.0,Placed
9015,7.6,1,1,0,81.0,4.1,No,Yes,55.0,68.0,NotPlaced
7968,8.7,1,3,2,90.0,4.7,Yes,Yes,79.0,80.0,Placed
9438,7.9,1,2,2,71.0,4.3,Yes,Yes,77.0,85.0,NotPlaced
4970,7.9,1,3,2,89.0,4.8,Yes,Yes,78.0,84.0,Placed
9919,7.6,1,2,0,77.0,4.2,Yes,Yes,55.0,82.0,NotPlaced
8419,7.8,1,1,1,83.0,3.7,No,Yes,64.0,71.0,NotPlaced
8659,7.9,1,3,3,83.0,4.7,Yes,Yes,69.0,81.0,Placed
3357,7.5,0,2,0,74.0,3.7,No,Yes,55.0,72.0,NotPlaced
6540,7.5,1,2,1,74.0,4.2,Yes,No,76.0,80.0,NotPlaced
43,6.7,0,1,1,72.0,4.4,No,No,55.0,60.0,NotPlaced
3645,6.6,1,3,0,83.0,4.8,Yes,Yes,76.0,84.0,Placed
5330,8.3,1,1,1,77.0,3.6,No,Yes,55.0,67.0,NotPlaced
2909,7.4,1,1,1,77.0,3.9,No,Yes,59.0,69.0,NotPlaced
8876,7.8,0,1,2,68.0,4.5,No,No,82.0,85.0,Placed
6121,8.1,2,3,2,87.0,4.8,No,Yes,76.0,82.0,NotPlaced
881,8.7,2,3,1,77.0,4.3,Yes,Yes,72.0,67.0,NotPlaced
5991,8.4,0,1,0,77.0,3.5,No,Yes,55.0,63.0,NotPlaced
5763,8.3,0,2,1,89.0,4.7,No,Yes,56.0,69.0,Placed
8745,7.6,0,1,1,80.0,3.9,No,No,55.0,66.0,NotPlaced
5359,7.8,0,1,0,71.0,3.8,Yes,No,62.0,69.0,NotPlaced
5316,6.9,1,2,1,68.0,4.5,Yes,Yes,56.0,65.0,NotPlaced
5741,7.4,1,2,1,68.0,3.6,No,No,55.0,64.0,NotPlaced
6604,7.6,1,2,1,73.0,3.9,No,No,81.0,64.0,NotPlaced
2621,8.6,2,3,2,84.0,4.5,Yes,Yes,81.0,85.0,Placed
9172,7.9,0,2,0,82.0,4.2,Yes,Yes,75.0,60.0,Placed
5102,8.4,2,2,2,85.0,4.8,Yes,No,72.0,82.0,NotPlaced
8671,7.6,0,3,0,87.0,4.1,Yes,Yes,77.0,71.0,Placed
4820,8.2,0,2,1,69.0,3.5,No,Yes,58.0,64.0,NotPlaced
6476,8.4,1,3,2,77.0,4.5,Yes,Yes,68.0,83.0,Placed
2823,7.6,1,3,1,86.0,4.6,Yes,Yes,67.0,62.0,NotPlaced
2158,7.8,2,2,1,65.0,4.8,No,Yes,55.0,73.0,Placed
8428,8.7,2,3,2,90.0,4.8,Yes,Yes,74.0,81.0,Placed
8223,7.5,1,1,0,75.0,4.1,Yes,Yes,83.0,57.0,NotPlaced
7250,6.5,1,1,1,62.0,3.5,No,No,55.0,73.0,NotPlaced
7601,7.3,1,1,0,80.0,3.8,Yes,Yes,59.0,58.0,Placed
6084,7.4,1,1,1,65.0,4.5,No,No,55.0,73.0,NotPlaced
3251,8.3,1,3,2,90.0,4.8,Yes,Yes,75.0,80.0,Placed
4252,8.3,1,3,2,87.0,4.8,Yes,Yes,73.0,85.0,Placed
7678,6.8,1,1,1,73.0,3.9,No,Yes,78.0,67.0,NotPlaced
3857,8.5,2,3,2,90.0,4.8,Yes,Yes,78.0,87.0,Placed
6269,6.5,2,2,1,61.0,3.5,No,No,59.0,67.0,NotPlaced
5009,8.2,2,3,2,90.0,4.8,Yes,No,77.0,83.0,Placed
7804,8.1,1,2,1,86.0,4.8,Yes,Yes,69.0,85.0,Placed
2724,7.7,0,3,0,87.0,4.7,Yes,Yes,81.0,60.0,Placed
9342,6.5,1,1,2,68.0,3.8,Yes,No,61.0,70.0,NotPlaced
7704,6.8,1,1,0,74.0,4.0,Yes,No,62.0,83.0,NotPlaced
2256,6.8,1,2,0,75.0,4.5,Yes,Yes,76.0,80.0,NotPlaced
2664,7.7,0,3,0,83.0,4.2,Yes,Yes,71.0,82.0,NotPlaced
1692,7.7,1,2,0,70.0,3.6,No,Yes,55.0,62.0,NotPlaced
6183,7.6,1,1,0,67.0,3.6,No,Yes,56.0,68.0,NotPlaced
4327,7.3,1,1,1,79.0,4.8,Yes,No,83.0,78.0,NotPlaced
9546,7.6,1,1,1,70.0,3.8,No,Yes,57.0,67.0,NotPlaced
5640,7.3,1,1,1,83.0,3.8,No,Yes,56.0,68.0,NotPlaced
2708,7.5,0,2,0,80.0,4.4,No,Yes,65.0,68.0,NotPlaced
8625,7.8,0,3,0,89.0,4.8,Yes,Yes,83.0,79.0,Placed
5228,8.2,2,3,2,90.0,4.8,Yes,Yes,70.0,84.0,Placed
9441,7.9,2,2,0,74.0,4.4,Yes,Yes,81.0,69.0,NotPlaced
5738,7.5,0,1,1,70.0,4.5,No,Yes,55.0,64.0,NotPlaced
5153,6.5,1,2,0,74.0,3.4,No,No,59.0,70.0,NotPlaced
9631,6.5,1,1,0,69.0,4.0,No,Yes,55.0,65.0,NotPlaced
4198,6.7,0,1,1,72.0,4.5,No,Yes,55.0,72.0,Placed
8211,8.1,2,3,0,84.0,4.8,Yes,Yes,83.0,82.0,Placed
9597,8.3,2,1,2,82.0,4.2,Yes,Yes,80.0,81.0,Placed
404,8.5,2,3,2,90.0,4.8,Yes,Yes,80.0,84.0,Placed
3188,8.2,1,1,1,68.0,3.7,Yes,No,68.0,62.0,NotPlaced
3834,6.8,1,1,2,77.0,4.1,No,Yes,71.0,70.0,NotPlaced
4475,7.4,2,1,2,70.0,4.3,No,Yes,76.0,67.0,NotPlaced
9849,7.5,1,2,0,67.0,4.1,No,No,59.0,67.0,NotPlaced
1381,8.3,2,3,2,90.0,4.8,Yes,Yes,78.0,66.0,Placed
2926,7.2,1,1,1,62.0,4.0,No,No,74.0,63.0,NotPlaced
3122,6.6,0,1,2,79.0,4.2,Yes,No,69.0,84.0,Placed
1416,8.2,1,2,0,73.0,4.5,Yes,Yes,69.0,73.0,NotPlaced
4759,8.2,2,3,1,90.0,4.8,Yes,Yes,84.0,78.0,Placed
5401,8.6,0,2,2,81.0,4.4,Yes,Yes,82.0,83.0,Placed
7928,6.7,1,2,1,86.0,4.8,Yes,Yes,59.0,86.0,Placed
5371,8.7,0,3,1,71.0,4.5,Yes,Yes,73.0,76.0,Placed
2498,8.4,1,2,0,82.0,4.4,Yes,Yes,71.0,83.0,NotPlaced
5807,8.4,1,3,2,79.0,4.5,Yes,Yes,86.0,87.0,Placed
8004,7.5,1,1,1,67.0,4.5,No,No,55.0,61.0,NotPlaced
1935,8.4,2,3,2,90.0,4.8,Yes,Yes,80.0,84.0,Placed
4416,8.5,1,1,0,73.0,4.0,No,Yes,61.0,63.0,NotPlaced
2675,8.1,1,1,1,78.0,4.3,No,Yes,58.0,63.0,NotPlaced
6665,7.4,1,1,0,69.0,4.3,Yes,Yes,60.0,83.0,Placed
7865,6.5,1,1,1,69.0,4.3,No,No,55.0,69.0,NotPlaced
9578,8.8,2,3,2,90.0,4.8,Yes,Yes,65.0,86.0,Placed
8092,8.5,1,1,1,84.0,4.6,No,Yes,71.0,81.0,NotPlaced
4989,7.7,1,1,1,68.0,4.6,Yes,No,65.0,65.0,NotPlaced
9895,7.8,2,3,0,88.0,4.5,No,Yes,74.0,69.0,Placed
1594,7.5,0,3,0,78.0,4.2,No,Yes,79.0,69.0,Placed
8806,6.5,1,1,1,69.0,3.7,Yes,No,62.0,65.0,NotPlaced
8950,7.4,0,2,0,75.0,4.4,No,Yes,57.0,67.0,NotPlaced
1550,8.6,1,3,2,86.0,4.5,Yes,Yes,79.0,88.0,Placed
6500,6.9,2,3,2,86.0,4.8,Yes,Yes,79.0,85.0,Placed
4257,8.2,1,3,2,87.0,4.6,Yes,Yes,77.0,88.0,Placed
2779,8.2,1,2,2,71.0,4.4,Yes,Yes,73.0,87.0,Placed
8995,7.9,1,1,0,73.0,4.0,No,Yes,62.0,64.0,NotPlaced
2772,8.5,0,1,2,83.0,4.2,Yes,No,79.0,73.0,Placed
3464,7.0,1,2,0,89.0,4.1,Yes,No,70.0,68.0,NotPlaced
6987,7.6,0,1,1,64.0,4.1,No,No,55.0,58.0,NotPlaced
3110,7.4,1,2,1,75.0,4.3,No,Yes,55.0,66.0,NotPlaced
586,7.3,1,1,0,81.0,4.4,No,No,55.0,65.0,NotPlaced
1078,7.4,1,1,0,78.0,3.9,No,No,55.0,80.0,NotPlaced
6970,7.9,1,1,0,66.0,4.5,No,No,63.0,62.0,NotPlaced
7344,7.4,1,2,1,61.0,4.4,Yes,Yes,62.0,69.0,Placed
8935,7.5,1,2,1,80.0,3.7,No,Yes,55.0,66.0,NotPlaced
7307,7.8,2,2,1,79.0,4.6,Yes,No,79.0,71.0,NotPlaced
5605,8.4,2,3,2,88.0,4.5,Yes,Yes,90.0,79.0,Placed
3795,7.6,2,2,1,71.0,4.0,Yes,Yes,61.0,66.0,NotPlaced
5391,7.4,1,1,0,71.0,4.3,Yes,Yes,55.0,66.0,NotPlaced
9111,8.2,2,3,2,90.0,4.8,Yes,Yes,86.0,82.0,Placed
4838,8.8,2,3,3,79.0,4.4,Yes,Yes,67.0,82.0,Placed
500,7.5,1,1,1,79.0,3.6,No,Yes,63.0,65.0,NotPlaced
570,7.4,1,3,0,81.0,4.7,Yes,Yes,76.0,84.0,Placed
3745,7.5,1,3,2,83.0,4.3,Yes,Yes,75.0,81.0,NotPlaced
9616,8.1,1,1,1,90.0,4.6,No,No,65.0,85.0,NotPlaced
7681,6.9,1,1,1,74.0,4.1,No,Yes,55.0,61.0,NotPlaced
837,6.5,0,1,1,63.0,3.7,No,No,58.0,66.0,NotPlaced
4067,6.5,0,1,0,67.0,3.7,No,No,64.0,66.0,NotPlaced
5466,8.2,2,2,1,74.0,4.2,No,Yes,76.0,69.0,Placed
9540,8.1,2,1,0,73.0,3.6,Yes,Yes,83.0,85.0,NotPlaced
7737,7.8,1,2,1,66.0,3.7,Yes,Yes,64.0,67.0,NotPlaced
8830,8.3,1,3,2,88.0,4.8,Yes,Yes,74.0,88.0,Placed
8490,7.6,0,3,1,70.0,4.1,Yes,No,55.0,63.0,NotPlaced
5021,8.1,0,3,0,77.0,3.9,Yes,No,69.0,65.0,NotPlaced
5613,7.7,1,2,0,80.0,4.6,No,Yes,57.0,68.0,NotPlaced
7713,8.4,1,3,2,77.0,4.5,Yes,Yes,75.0,72.0,NotPlaced
5689,8.3,0,2,2,81.0,4.4,Yes,No,68.0,87.0,Placed
6168,6.5,0,3,0,81.0,3.8,No,Yes,59.0,69.0,NotPlaced
2467,7.5,1,2,0,79.0,4.3,No,Yes,58.0,67.0,NotPlaced
2625,7.7,1,1,0,82.0,3.7,No,Yes,55.0,81.0,Placed
9611,8.2,2,3,2,90.0,4.8,Yes,Yes,87.0,83.0,Placed
7688,7.6,1,1,1,71.0,3.8,No,No,62.0,71.0,NotPlaced
7148,8.1,0,2,0,82.0,4.2,Yes,No,68.0,75.0,Placed
6083,8.0,2,3,2,86.0,4.7,Yes,Yes,85.0,85.0,Placed
8566,8.4,1,3,0,86.0,3.6,Yes,Yes,76.0,87.0,Placed
8957,7.9,1,2,0,67.0,4.4,Yes,No,73.0,72.0,Placed
7921,8.6,1,1,2,89.0,4.3,Yes,Yes,65.0,67.0,NotPlaced
4397,7.9,0,3,2,89.0,4.5,No,Yes,79.0,80.0,NotPlaced
6209,6.8,0,1,0,70.0,3.9,No,Yes,78.0,68.0,NotPlaced
762,8.3,0,1,1,72.0,3.5,No,No,60.0,71.0,NotPlaced
8236,7.7,1,1,2,88.0,4.2,No,Yes,65.0,88.0,Placed
7860,7.5,1,3,0,78.0,4.5,Yes,Yes,75.0,82.0,NotPlaced
9643,7.5,1,1,0,63.0,4.1,Yes,Yes,63.0,71.0,NotPlaced
4190,8.2,1,3,1,88.0,4.8,Yes,Yes,63.0,81.0,Placed
3816,7.8,1,1,2,90.0,4.0,Yes,Yes,71.0,83.0,NotPlaced
4000,8.3,2,2,2,85.0,3.9,Yes,Yes,60.0,86.0,Placed
8011,8.1,1,3,2,89.0,4.6,Yes,Yes,80.0,85.0,Placed
4429,6.7,0,1,1,81.0,4.1,No,Yes,81.0,64.0,NotPlaced
3195,8.0,2,3,2,79.0,4.3,Yes,No,64.0,69.0,NotPlaced
6594,8.6,2,2,2,87.0,4.8,Yes,Yes,80.0,83.0,Placed
167,7.3,1,1,1,71.0,3.6,No,No,65.0,64.0,NotPlaced
9567,7.4,2,1,1,75.0,4.4,Yes,Yes,55.0,68.0,NotPlaced
3218,8.1,2,3,2,89.0,4.5,Yes,Yes,81.0,81.0,NotPlaced
4334,6.6,1,2,1,80.0,4.1,Yes,Yes,58.0,64.0,NotPlaced
8791,8.4,1,0,2,81.0,4.2,Yes,Yes,74.0,88.0,Placed
3117,7.2,1,2,1,72.0,4.4,No,Yes,63.0,74.0,NotPlaced
1954,8.5,2,3,2,90.0,4.8,Yes,Yes,81.0,85.0,Placed
1766,7.5,1,2,0,65.0,4.7,No,Yes,63.0,69.0,NotPlaced
568,8.1,2,3,2,90.0,4.4,Yes,Yes,70.0,88.0,NotPlaced
7391,7.5,1,1,0,71.0,3.6,No,No,60.0,65.0,NotPlaced
6924,7.7,1,2,1,68.0,4.3,No,No,64.0,69.0,NotPlaced
4776,9.0,2,3,2,84.0,4.4,Yes,Yes,77.0,80.0,NotPlaced
8018,7.4,0,1,0,76.0,4.0,No,No,60.0,70.0,NotPlaced
4598,7.6,0,1,0,86.0,4.2,No,Yes,55.0,70.0,NotPlaced
2692,7.6,1,2,0,80.0,3.7,No,Yes,69.0,63.0,NotPlaced
4169,8.4,0,3,0,90.0,4.4,Yes,Yes,71.0,83.0,NotPlaced
8145,7.7,1,2,0,71.0,4.4,No,Yes,59.0,74.0,NotPlaced
2537,7.4,1,1,0,90.0,4.4,No,Yes,58.0,63.0,NotPlaced
1316,7.3,0,1,0,78.0,4.2,Yes,Yes,60.0,66.0,NotPlaced
3161,8.1,2,3,2,89.0,4.8,Yes,No,79.0,83.0,Placed
7790,7.9,2,1,1,70.0,4.7,No,No,61.0,63.0,NotPlaced
2300,8.4,0,1,1,67.0,4.1,No,No,78.0,58.0,Placed
5307,6.5,0,2,0,87.0,3.3,No,No,60.0,67.0,NotPlaced
272,7.8,1,1,1,79.0,3.7,No,Yes,56.0,59.0,NotPlaced
1358,7.6,1,1,1,75.0,3.9,No,Yes,62.0,70.0,NotPlaced
5329,6.8,1,1,1,60.0,3.6,No,Yes,55.0,68.0,NotPlaced
4845,7.6,0,1,0,76.0,4.1,No,No,65.0,67.0,NotPlaced
4928,8.4,1,3,0,86.0,4.7,Yes,Yes,80.0,70.0,Placed
2976,8.3,1,2,1,74.0,4.2,Yes,Yes,76.0,81.0,NotPlaced
2141,7.3,1,1,1,60.0,4.1,No,No,59.0,65.0,NotPlaced
2931,7.3,1,1,1,68.0,3.3,No,Yes,55.0,67.0,NotPlaced
7302,7.5,0,2,1,73.0,3.6,No,Yes,55.0,65.0,NotPlaced
7882,8.5,2,1,0,83.0,4.7,No,Yes,70.0,71.0,NotPlaced
8054,7.6,1,1,0,84.0,4.1,Yes,Yes,72.0,72.0,NotPlaced
5608,8.4,1,3,0,89.0,4.8,Yes,Yes,79.0,84.0,Placed
2524,8.4,1,3,2,85.0,4.8,Yes,Yes,76.0,82.0,Placed
109,8.1,1,3,2,90.0,4.8,Yes,Yes,79.0,84.0,Placed
5453,7.5,1,2,1,81.0,4.2,No,Yes,61.0,68.0,NotPlaced
3839,8.0,2,3,1,69.0,3.9,No,Yes,56.0,69.0,NotPlaced
8544,6.6,1,1,0,74.0,3.8,No,Yes,64.0,76.0,Placed
110,8.7,2,3,2,90.0,4.8,Yes,Yes,79.0,85.0,Placed
345,6.6,1,1,2,81.0,4.8,Yes,No,68.0,71.0,NotPlaced
6878,7.9,0,1,0,64.0,3.6,No,No,55.0,62.0,NotPlaced
5345,8.5,1,3,0,86.0,4.5,Yes,No,79.0,78.0,Placed
1036,7.7,1,2,0,71.0,4.5,Yes,Yes,71.0,68.0,NotPlaced
3304,7.5,0,1,0,75.0,3.7,No,No,61.0,70.0,NotPlaced
7249,8.4,0,3,2,90.0,4.8,Yes,Yes,75.0,83.0,Placed
3693,8.0,2,3,2,90.0,4.8,Yes,Yes,89.0,88.0,Placed
6809,8.1,0,1,1,76.0,3.3,No,No,56.0,65.0,NotPlaced
2922,7.6,1,2,2,65.0,4.8,Yes,No,58.0,72.0,NotPlaced
3636,7.4,1,1,1,71.0,4.4,Yes,Yes,68.0,66.0,NotPlaced
9840,6.8,0,2,0,70.0,4.2,Yes,No,55.0,69.0,NotPlaced
1643,6.7,1,1,1,81.0,4.5,No,Yes,55.0,68.0,NotPlaced
66,8.0,0,3,0,68.0,4.2,Yes,No,64.0,83.0,Placed
5115,7.5,1,3,2,78.0,4.7,Yes,Yes,79.0,81.0,NotPlaced
2087,7.8,2,3,2,90.0,4.8,Yes,Yes,79.0,87.0,Placed
1858,6.5,2,3,0,90.0,4.6,Yes,Yes,75.0,67.0,Placed
4402,7.9,1,1,1,70.0,3.4,No,No,62.0,71.0,NotPlaced
5704,8.2,2,3,2,90.0,4.8,Yes,Yes,85.0,85.0,Placed
254,8.1,0,2,2,80.0,4.4,Yes,No,82.0,85.0,Placed
2497,8.0,0,3,1,80.0,4.6,Yes,Yes,86.0,84.0,Placed
2706,8.6,2,3,2,90.0,4.7,Yes,Yes,85.0,82.0,Placed
8296,6.7,2,2,1,76.0,3.9,Yes,Yes,55.0,84.0,Placed
6962,8.8,1,3,0,86.0,4.6,No,Yes,69.0,72.0,Placed
3524,7.8,2,3,2,90.0,4.8,Yes,Yes,84.0,87.0,Placed
9403,6.8,2,3,2,86.0,4.5,Yes,Yes,79.0,86.0,NotPlaced
3971,8.2,1,3,2,90.0,4.7,Yes,Yes,81.0,88.0,Placed
1477,8.2,1,3,2,90.0,4.5,Yes,Yes,73.0,87.0,Placed
9970,8.5,1,3,0,85.0,4.2,Yes,No,79.0,85.0,NotPlaced
4391,8.2,1,3,2,85.0,4.6,Yes,Yes,76.0,85.0,NotPlaced
1936,7.2,2,2,2,79.0,4.4,Yes,Yes,83.0,82.0,Placed
113,7.4,1,1,1,81.0,4.1,Yes,No,55.0,62.0,NotPlaced
6460,7.4,1,1,1,71.0,4.3,Yes,Yes,63.0,69.0,NotPlaced
7190,6.5,0,2,0,90.0,4.5,No,No,55.0,64.0,NotPlaced
7754,7.4,1,2,1,82.0,3.9,No,Yes,55.0,70.0,NotPlaced
9458,8.3,2,3,2,79.0,4.6,Yes,No,79.0,80.0,NotPlaced
6048,7.6,0,1,1,79.0,4.2,Yes,Yes,55.0,79.0,NotPlaced
9377,7.6,1,1,0,72.0,3.8,No,No,72.0,67.0,NotPlaced
4657,7.6,1,1,0,81.0,4.0,No,No,55.0,70.0,NotPlaced
8631,6.5,1,1,1,73.0,4.0,Yes,No,55.0,62.0,NotPlaced
5419,7.3,1,1,0,75.0,4.4,No,No,55.0,67.0,NotPlaced
6561,8.5,2,3,2,87.0,4.1,Yes,Yes,85.0,83.0,Placed
1675,6.6,1,2,1,70.0,4.6,Yes,Yes,76.0,84.0,NotPlaced
3169,7.7,1,2,0,82.0,4.1,No,No,55.0,65.0,NotPlaced
3322,6.7,1,1,0,63.0,4.0,No,Yes,55.0,65.0,NotPlaced
1548,8.1,2,3,1,90.0,4.5,Yes,Yes,81.0,86.0,Placed
8310,7.9,1,3,2,75.0,4.6,No,Yes,82.0,84.0,Placed
3217,7.5,2,2,0,70.0,4.4,No,Yes,55.0,62.0,NotPlaced
3168,7.8,0,3,0,81.0,4.2,Yes,Yes,67.0,66.0,NotPlaced
9994,6.6,1,1,1,71.0,4.5,No,Yes,55.0,73.0,NotPlaced
4614,6.7,1,1,2,69.0,3.5,No,No,77.0,58.0,NotPlaced
869,7.4,1,2,1,67.0,4.2,No,Yes,58.0,64.0,NotPlaced
1913,7.8,0,3,0,84.0,3.8,Yes,Yes,59.0,71.0,NotPlaced
909,7.8,2,3,1,86.0,4.4,Yes,Yes,76.0,80.0,NotPlaced
4331,8.2,2,3,2,75.0,3.9,Yes,Yes,78.0,69.0,NotPlaced
562,7.7,1,3,0,82.0,4.2,Yes,Yes,90.0,88.0,Placed
6511,8.5,2,3,2,90.0,4.6,Yes,Yes,71.0,84.0,Placed
7476,7.7,1,2,1,76.0,4.1,No,Yes,56.0,69.0,NotPlaced
3213,7.5,1,2,2,82.0,4.1,Yes,Yes,83.0,69.0,NotPlaced
2121,7.5,1,2,0,67.0,4.4,Yes,No,66.0,84.0,NotPlaced
531,6.7,1,2,1,68.0,4.6,No,Yes,72.0,68.0,NotPlaced
1651,8.2,2,3,2,90.0,4.1,Yes,Yes,71.0,86.0,Placed
7115,6.9,1,3,2,78.0,3.8,Yes,Yes,75.0,74.0,NotPlaced
3493,7.8,2,3,0,89.0,4.5,Yes,Yes,77.0,82.0,Placed
6546,8.4,0,2,1,70.0,4.0,Yes,No,75.0,64.0,NotPlaced
2070,8.6,1,3,0,87.0,4.7,Yes,Yes,81.0,88.0,Placed
2025,6.5,1,2,0,85.0,3.4,No,Yes,57.0,71.0,NotPlaced
7951,8.3,1,3,2,88.0,4.8,Yes,Yes,76.0,86.0,Placed
4542,8.3,2,3,0,90.0,4.8,Yes,Yes,87.0,79.0,Placed
7012,6.5,0,1,0,65.0,4.5,No,No,59.0,69.0,NotPlaced
8333,6.5,1,1,2,85.0,4.3,No,Yes,73.0,71.0,NotPlaced
467,6.5,1,2,0,84.0,4.2,Yes,No,74.0,78.0,NotPlaced
1756,8.1,2,3,0,88.0,4.5,Yes,No,76.0,85.0,Placed
8760,6.5,1,1,0,67.0,4.3,No,Yes,72.0,67.0,NotPlaced
1502,7.9,0,1,0,70.0,3.7,No,Yes,62.0,65.0,NotPlaced
9927,8.2,1,3,1,69.0,3.8,No,Yes,55.0,85.0,NotPlaced
9925,8.3,0,1,1,80.0,4.3,Yes,No,63.0,69.0,NotPlaced
1379,8.5,1,1,2,85.0,4.8,Yes,Yes,73.0,84.0,Placed
8148,7.5,1,2,1,66.0,4.0,No,Yes,58.0,76.0,NotPlaced
9450,8.4,2,3,2,90.0,4.8,Yes,Yes,76.0,86.0,Placed
5116,7.6,1,1,1,75.0,3.6,No,Yes,65.0,66.0,NotPlaced
6788,7.8,2,3,2,90.0,4.8,Yes,Yes,87.0,87.0,Placed
4524,7.4,1,3,2,74.0,4.6,Yes,Yes,82.0,66.0,NotPlaced
8500,7.8,0,1,1,90.0,4.2,Yes,Yes,55.0,73.0,Placed
3966,8.1,1,3,2,80.0,4.4,Yes,Yes,83.0,72.0,NotPlaced
2338,8.0,1,3,2,84.0,4.7,Yes,Yes,90.0,86.0,Placed
429,8.3,0,3,0,75.0,4.2,Yes,No,77.0,69.0,NotPlaced
2137,6.5,1,2,1,72.0,4.6,Yes,Yes,82.0,71.0,NotPlaced
4058,8.1,1,3,2,82.0,4.7,Yes,Yes,78.0,66.0,Placed
5678,8.5,0,3,2,76.0,4.8,Yes,No,74.0,81.0,Placed
541,8.7,2,3,2,90.0,4.8,Yes,Yes,75.0,88.0,Placed
3147,8.1,1,2,2,83.0,4.5,No,Yes,77.0,82.0,NotPlaced
2661,8.5,2,2,3,67.0,4.6,Yes,No,58.0,80.0,NotPlaced
4684,8.0,0,3,3,72.0,4.5,Yes,Yes,71.0,81.0,Placed
5820,7.1,2,2,1,84.0,3.9,No,No,59.0,68.0,NotPlaced
6904,8.3,1,3,2,90.0,4.7,Yes,No,71.0,83.0,Placed
1892,7.7,1,2,2,75.0,4.7,Yes,Yes,79.0,80.0,NotPlaced
4250,8.1,2,3,2,87.0,4.7,Yes,No,73.0,87.0,Placed
9641,7.6,0,1,1,82.0,4.1,No,No,61.0,69.0,NotPlaced
9780,7.2,0,1,1,65.0,3.8,No,Yes,55.0,59.0,NotPlaced
5884,8.1,1,3,1,90.0,4.8,Yes,Yes,86.0,83.0,Placed
2488,6.5,1,2,1,82.0,4.0,No,Yes,55.0,62.0,NotPlaced
2646,7.0,2,1,0,75.0,3.8,Yes,Yes,69.0,67.0,Placed
1003,8.1,2,2,1,88.0,4.8,Yes,Yes,88.0,67.0,NotPlaced
2366,8.6,1,2,0,86.0,4.1,Yes,Yes,55.0,82.0,NotPlaced
5777,8.4,1,1,0,72.0,3.8,No,No,59.0,62.0,NotPlaced
6707,8.4,1,1,0,84.0,4.5,No,Yes,68.0,71.0,NotPlaced
913,8.3,0,3,2,84.0,4.3,No,No,81.0,82.0,NotPlaced
1716,7.7,2,1,0,71.0,4.5,Yes,Yes,70.0,70.0,NotPlaced
9006,7.7,1,1,0,80.0,3.3,No,No,55.0,67.0,NotPlaced
3259,6.7,0,1,1,66.0,3.9,No,Yes,55.0,61.0,NotPlaced
6513,8.3,1,3,0,90.0,4.8,Yes,Yes,82.0,68.0,Placed
6374,6.5,1,1,0,65.0,4.1,No,No,58.0,70.0,NotPlaced
524,8.0,0,3,3,90.0,4.3,Yes,Yes,75.0,87.0,Placed
2842,6.5,1,2,1,71.0,4.3,No,Yes,55.0,70.0,NotPlaced
9478,7.3,1,1,1,62.0,4.0,No,Yes,55.0,65.0,NotPlaced
2848,8.4,1,3,0,81.0,4.8,Yes,Yes,85.0,88.0,Placed
4981,8.5,2,3,2,90.0,4.8,Yes,Yes,82.0,87.0,Placed
1882,7.9,0,2,0,87.0,4.4,Yes,Yes,74.0,70.0,Placed
2743,7.6,1,3,0,80.0,4.8,Yes,Yes,73.0,78.0,Placed
1693,7.8,2,3,0,90.0,4.7,Yes,Yes,80.0,78.0,Placed
5663,8.8,2,3,3,90.0,4.8,Yes,Yes,73.0,87.0,Placed
3284,8.1,0,2,1,79.0,4.4,No,No,68.0,66.0,Placed
5505,8.5,2,3,0,85.0,4.7,Yes,Yes,73.0,85.0,NotPlaced
4574,8.1,1,1,1,86.0,4.5,No,Yes,73.0,69.0,NotPlaced
3818,7.5,1,2,0,72.0,4.2,Yes,No,63.0,69.0,NotPlaced
5254,7.5,0,1,0,66.0,3.7,No,Yes,61.0,66.0,NotPlaced
2791,8.4,1,3,2,85.0,4.2,Yes,Yes,89.0,88.0,Placed
7512,8.2,0,1,1,64.0,3.9,No,Yes,55.0,82.0,NotPlaced
2197,8.0,1,2,2,74.0,4.1,No,Yes,70.0,84.0,Placed
8279,7.8,1,3,2,78.0,4.8,Yes,Yes,78.0,67.0,NotPlaced
6092,7.5,2,2,2,85.0,4.6,Yes,Yes,77.0,88.0,Placed
3026,7.3,1,2,3,85.0,4.3,Yes,Yes,81.0,87.0,NotPlaced
9887,6.8,0,2,2,80.0,4.5,No,Yes,63.0,66.0,NotPlaced
1119,8.2,1,3,2,90.0,4.8,Yes,Yes,72.0,85.0,Placed
6167,8.4,2,3,2,90.0,4.6,Yes,Yes,83.0,84.0,Placed
8682,8.1,0,2,0,73.0,4.7,Yes,Yes,78.0,67.0,NotPlaced
5698,7.7,1,2,2,78.0,4.3,Yes,Yes,79.0,81.0,Placed
5414,8.1,1,3,0,88.0,4.0,Yes,Yes,76.0,66.0,Placed
3557,8.0,2,3,0,82.0,4.8,No,Yes,80.0,84.0,Placed
1568,8.1,1,1,0,80.0,4.5,No,No,79.0,72.0,NotPlaced
7002,8.4,1,3,1,75.0,4.3,Yes,No,73.0,73.0,NotPlaced
7483,7.7,1,2,1,74.0,4.6,Yes,Yes,64.0,57.0,Placed
4118,7.6,1,2,0,71.0,4.3,Yes,Yes,86.0,69.0,Placed
5498,7.4,0,2,0,73.0,3.7,No,Yes,55.0,71.0,NotPlaced
9582,7.7,1,2,0,73.0,4.8,No,Yes,78.0,71.0,NotPlaced
8388,8.4,1,3,2,90.0,4.8,Yes,Yes,72.0,85.0,NotPlaced
5878,7.8,1,2,0,78.0,3.7,Yes,Yes,86.0,64.0,Placed
7924,6.6,0,2,1,67.0,4.2,No,Yes,55.0,66.0,NotPlaced
7040,7.3,1,2,1,66.0,3.7,No,No,55.0,74.0,NotPlaced
5441,8.1,2,3,2,90.0,4.8,Yes,Yes,82.0,81.0,Placed
4014,7.6,1,2,0,74.0,3.4,No,Yes,57.0,57.0,NotPlaced
2321,7.6,1,2,0,79.0,4.1,No,Yes,71.0,62.0,NotPlaced
3908,8.2,2,3,2,90.0,4.8,Yes,Yes,77.0,83.0,Placed
8618,7.6,1,0,1,75.0,4.8,Yes,Yes,83.0,80.0,Placed
4840,7.9,1,3,1,90.0,4.8,Yes,Yes,76.0,81.0,Placed
3288,7.5,1,1,1,68.0,3.8,No,No,56.0,63.0,NotPlaced
2368,8.2,2,3,2,90.0,4.2,Yes,Yes,83.0,77.0,Placed
9304,7.7,0,1,1,76.0,4.2,No,No,56.0,68.0,NotPlaced
7930,8.5,1,2,2,77.0,4.3,Yes,Yes,80.0,77.0,Placed
5382,8.8,2,3,2,86.0,4.7,Yes,Yes,73.0,88.0,Placed
9091,7.6,1,3,2,85.0,4.4,Yes,Yes,69.0,61.0,Placed
6029,6.8,1,2,0,82.0,4.4,Yes,Yes,59.0,69.0,Placed
1522,7.4,1,1,1,71.0,4.1,No,Yes,55.0,66.0,NotPlaced
6745,7.5,1,1,0,70.0,3.7,No,Yes,55.0,72.0,NotPlaced
4133,8.5,1,3,2,90.0,4.7,No,Yes,85.0,84.0,NotPlaced
2995,6.5,0,1,1,90.0,3.7,No,Yes,64.0,71.0,NotPlaced
2558,8.2,1,3,2,90.0,4.8,Yes,Yes,75.0,81.0,Placed
2932,7.8,1,1,0,77.0,4.1,No,Yes,64.0,67.0,NotPlaced
4039,8.0,2,2,0,87.0,4.2,Yes,Yes,65.0,83.0,NotPlaced
9148,7.7,1,1,1,69.0,3.9,Yes,Yes,55.0,71.0,NotPlaced
3116,7.4,0,1,1,67.0,3.4,No,No,62.0,64.0,NotPlaced
7876,7.3,0,1,0,75.0,3.4,No,No,55.0,70.0,NotPlaced
4515,8.0,1,2,2,82.0,4.7,Yes,Yes,75.0,73.0,Placed
4653,7.5,1,2,1,79.0,4.5,No,Yes,61.0,70.0,NotPlaced
1422,8.1,2,2,3,76.0,4.1,Yes,Yes,55.0,88.0,NotPlaced
6821,7.6,1,1,1,70.0,4.6,No,Yes,60.0,72.0,NotPlaced
5508,7.0,1,2,0,67.0,3.5,No,Yes,55.0,63.0,NotPlaced
5572,8.5,2,3,0,89.0,4.2,Yes,Yes,78.0,87.0,Placed
4554,7.8,1,1,0,85.0,4.0,Yes,Yes,59.0,75.0,NotPlaced
4349,8.0,2,3,2,90.0,4.6,Yes,Yes,81.0,88.0,Placed
1052,7.5,1,1,1,64.0,3.3,No,No,68.0,58.0,NotPlaced
9724,8.1,1,3,1,89.0,4.4,Yes,Yes,76.0,88.0,Placed
9920,7.5,2,1,1,82.0,4.7,No,Yes,76.0,59.0,Placed
6401,6.5,1,1,1,82.0,3.9,No,Yes,57.0,70.0,NotPlaced
7712,6.5,1,1,0,67.0,4.0,No,No,60.0,67.0,NotPlaced
9635,7.6,2,3,2,79.0,4.7,Yes,Yes,55.0,82.0,Placed
9446,6.7,0,1,1,70.0,4.5,No,No,61.0,61.0,NotPlaced
6205,8.4,1,3,1,75.0,4.8,Yes,Yes,79.0,68.0,NotPlaced
1910,6.5,1,2,1,76.0,4.4,Yes,Yes,71.0,73.0,Placed
3200,8.3,1,3,3,90.0,4.8,Yes,Yes,67.0,85.0,Placed
8884,7.7,1,2,0,76.0,4.1,Yes,Yes,60.0,72.0,NotPlaced
2071,8.3,0,3,2,90.0,4.7,Yes,Yes,76.0,85.0,Placed
7251,7.5,2,2,0,72.0,4.2,Yes,Yes,77.0,86.0,Placed
5320,8.2,2,2,2,88.0,4.2,Yes,Yes,80.0,86.0,NotPlaced
396,8.2,2,3,2,90.0,4.8,Yes,Yes,81.0,84.0,Placed
3630,8.2,1,3,2,90.0,4.8,Yes,Yes,88.0,85.0,Placed
1084,7.4,0,1,1,73.0,4.4,No,No,55.0,57.0,NotPlaced
8263,7.5,1,3,3,90.0,4.8,Yes,No,64.0,82.0,Placed
6634,8.6,1,2,1,67.0,4.0,Yes,Yes,55.0,67.0,NotPlaced
6185,7.6,1,2,1,79.0,4.3,No,Yes,75.0,72.0,NotPlaced
4549,7.7,1,3,2,81.0,4.8,No,Yes,55.0,73.0,NotPlaced
9548,8.6,2,3,0,90.0,4.7,Yes,Yes,79.0,79.0,Placed
2518,6.7,2,3,2,85.0,4.2,Yes,Yes,64.0,64.0,NotPlaced
4890,8.1,1,2,1,77.0,3.8,Yes,No,70.0,64.0,NotPlaced
6345,8.4,1,3,2,90.0,4.8,Yes,No,77.0,82.0,NotPlaced
241,7.6,1,3,0,82.0,4.5,No,Yes,56.0,72.0,NotPlaced
2159,7.9,0,2,1,79.0,4.8,Yes,Yes,61.0,66.0,NotPlaced
9354,8.3,1,2,1,73.0,4.1,Yes,Yes,63.0,65.0,NotPlaced
1547,7.3,1,1,1,84.0,3.9,No,No,55.0,62.0,NotPlaced
5545,7.2,2,3,2,84.0,4.0,No,No,77.0,81.0,Placed
2826,6.5,1,2,1,74.0,3.2,No,No,59.0,68.0,NotPlaced
5175,7.6,2,2,0,84.0,4.1,No,Yes,55.0,75.0,NotPlaced
5957,7.5,1,2,0,89.0,4.7,Yes,Yes,85.0,84.0,Placed
9693,8.8,2,3,2,90.0,4.8,Yes,Yes,82.0,88.0,Placed
3132,7.7,0,2,0,77.0,4.6,Yes,Yes,71.0,72.0,NotPlaced
8476,6.5,1,1,0,83.0,4.6,No,Yes,69.0,70.0,NotPlaced
4935,6.7,1,2,1,68.0,4.3,No,Yes,56.0,68.0,NotPlaced
8892,8.3,2,3,0,90.0,4.7,Yes,Yes,73.0,77.0,Placed
2470,7.6,1,3,0,68.0,4.2,Yes,Yes,88.0,82.0,NotPlaced
6495,7.6,1,2,2,73.0,4.7,Yes,Yes,61.0,75.0,NotPlaced
3043,7.5,1,1,0,73.0,4.0,No,No,74.0,70.0,NotPlaced
966,7.5,0,1,0,71.0,4.1,No,No,60.0,72.0,NotPlaced
2180,6.5,1,1,1,61.0,3.1,No,No,68.0,74.0,NotPlaced
8687,8.6,2,2,1,78.0,4.0,Yes,Yes,81.0,77.0,NotPlaced
6299,8.4,2,1,1,87.0,4.2,Yes,Yes,76.0,78.0,NotPlaced
2231,8.0,1,3,0,83.0,4.8,No,Yes,75.0,83.0,NotPlaced
8119,7.2,0,2,0,69.0,4.1,Yes,Yes,71.0,83.0,NotPlaced
616,8.0,2,3,2,90.0,4.8,Yes,Yes,75.0,88.0,Placed
7057,7.9,2,3,2,90.0,4.8,Yes,Yes,70.0,83.0,Placed
7636,7.7,1,2,1,80.0,4.4,No,Yes,81.0,57.0,NotPlaced
7942,7.4,0,2,1,71.0,4.7,No,Yes,69.0,81.0,NotPlaced
5556,6.5,0,1,2,76.0,4.1,Yes,Yes,79.0,65.0,NotPlaced
6716,8.7,0,3,2,87.0,4.2,Yes,Yes,76.0,85.0,Placed
7875,7.6,0,1,0,83.0,4.0,No,Yes,79.0,86.0,NotPlaced
6431,8.4,2,3,3,90.0,4.8,Yes,No,66.0,71.0,NotPlaced
4692,6.7,0,3,0,70.0,4.7,Yes,No,89.0,67.0,NotPlaced
788,8.2,1,3,2,87.0,4.7,Yes,Yes,73.0,86.0,Placed
6379,8.1,1,3,0,82.0,4.4,Yes,Yes,69.0,83.0,NotPlaced
175,8.0,2,3,2,90.0,4.8,Yes,Yes,78.0,86.0,Placed
8710,7.5,1,1,2,67.0,3.5,Yes,Yes,55.0,64.0,NotPlaced
3684,8.1,0,3,0,86.0,4.3,Yes,No,67.0,57.0,NotPlaced
1966,6.8,0,1,0,70.0,3.3,No,No,55.0,70.0,NotPlaced
9499,7.0,1,2,0,81.0,4.5,No,Yes,81.0,61.0,NotPlaced
5273,8.4,1,3,0,78.0,3.7,No,Yes,73.0,85.0,Placed
7887,8.2,2,3,2,90.0,4.8,Yes,Yes,73.0,88.0,Placed
3013,8.3,1,3,1,73.0,4.5,Yes,Yes,83.0,66.0,Placed
1746,8.5,0,3,0,88.0,4.8,Yes,Yes,88.0,82.0,Placed
6161,7.7,1,2,1,79.0,4.6,Yes,Yes,68.0,70.0,NotPlaced
8073,7.5,2,3,2,90.0,4.7,Yes,Yes,83.0,85.0,Placed
2479,7.4,1,2,1,72.0,3.3,Yes,Yes,81.0,69.0,Placed
7811,7.6,1,1,0,71.0,4.1,No,Yes,58.0,59.0,NotPlaced
9276,8.4,2,1,2,90.0,4.5,Yes,Yes,81.0,83.0,Placed
5614,7.2,0,1,0,75.0,3.5,No,No,55.0,74.0,NotPlaced
5029,8.3,1,3,1,83.0,4.8,Yes,No,65.0,80.0,NotPlaced
9170,7.6,2,2,0,77.0,4.5,No,Yes,69.0,65.0,NotPlaced
6549,7.1,0,2,2,89.0,4.2,Yes,Yes,61.0,76.0,Placed
7545,8.1,2,3,2,85.0,4.8,Yes,Yes,83.0,84.0,Placed
6248,8.2,0,2,2,78.0,4.1,Yes,No,55.0,63.0,NotPlaced
7617,7.6,0,2,0,75.0,3.6,No,No,56.0,70.0,NotPlaced
983,6.8,1,2,0,79.0,3.4,No,Yes,76.0,63.0,NotPlaced
9960,7.7,0,1,1,64.0,4.4,Yes,Yes,73.0,60.0,NotPlaced
3260,6.5,1,1,0,75.0,3.5,No,No,55.0,67.0,NotPlaced
1773,7.4,2,1,1,65.0,3.2,No,Yes,55.0,62.0,NotPlaced
552,8.2,1,3,1,88.0,4.8,Yes,Yes,71.0,82.0,NotPlaced
5165,6.5,1,3,1,86.0,4.5,Yes,Yes,82.0,82.0,Placed
3669,8.2,2,3,2,85.0,4.8,Yes,No,82.0,78.0,NotPlaced
1912,7.1,1,3,0,81.0,4.2,Yes,Yes,62.0,88.0,Placed
9948,7.7,0,2,1,64.0,4.4,Yes,Yes,71.0,70.0,NotPlaced
4911,6.7,1,1,0,83.0,4.2,No,No,55.0,57.0,NotPlaced
4209,6.5,0,2,1,84.0,4.8,No,Yes,74.0,84.0,Placed
4040,7.6,1,3,3,75.0,4.8,Yes,Yes,78.0,84.0,Placed
3383,7.3,0,3,0,77.0,4.6,Yes,Yes,87.0,88.0,NotPlaced
893,7.9,1,1,2,74.0,4.8,Yes,No,80.0,79.0,NotPlaced
9109,6.5,1,1,1,66.0,4.0,No,Yes,60.0,73.0,NotPlaced
900,8.4,0,3,2,89.0,4.1,Yes,Yes,70.0,84.0,Placed
9728,7.6,0,1,0,86.0,4.0,Yes,No,67.0,66.0,NotPlaced
6466,8.1,1,3,0,72.0,4.0,Yes,Yes,72.0,65.0,Placed
6005,8.2,0,1,0,76.0,4.3,No,No,77.0,64.0,NotPlaced
8576,8.2,1,3,2,73.0,4.5,Yes,Yes,82.0,64.0,Placed
8091,8.7,1,1,2,82.0,4.2,Yes,Yes,74.0,87.0,NotPlaced
2017,7.6,1,2,0,68.0,4.3,Yes,Yes,84.0,63.0,NotPlaced
1234,8.6,2,3,2,90.0,4.8,Yes,No,74.0,81.0,Placed
1948,8.1,2,3,0,90.0,4.8,Yes,Yes,83.0,88.0,Placed
1952,8.0,1,1,2,80.0,4.7,Yes,Yes,80.0,79.0,NotPlaced
5723,7.7,1,0,0,75.0,3.6,Yes,Yes,55.0,82.0,Placed
3583,7.4,0,1,0,70.0,3.2,No,Yes,55.0,57.0,NotPlaced
883,8.7,1,3,2,88.0,4.8,Yes,Yes,83.0,86.0,Placed
4139,6.7,1,2,2,75.0,4.2,No,No,78.0,66.0,NotPlaced
2471,8.1,1,1,0,70.0,4.3,Yes,No,68.0,61.0,NotPlaced
657,7.4,1,3,0,88.0,4.2,Yes,Yes,55.0,74.0,NotPlaced
6000,7.5,0,1,1,82.0,4.7,No,No,72.0,70.0,NotPlaced
812,7.6,1,1,0,79.0,3.9,No,No,57.0,62.0,NotPlaced
1260,7.6,1,2,1,76.0,4.3,Yes,Yes,74.0,82.0,Placed
7237,7.7,1,2,0,77.0,3.9,No,Yes,69.0,79.0,NotPlaced
7496,7.6,1,1,1,89.0,4.8,Yes,Yes,55.0,84.0,Placed
3925,8.1,1,3,2,84.0,4.8,Yes,Yes,82.0,84.0,NotPlaced
8470,7.9,1,1,0,90.0,4.5,Yes,Yes,73.0,82.0,Placed
2211,8.5,2,3,2,90.0,4.7,Yes,Yes,84.0,86.0,Placed
9483,7.6,0,1,0,71.0,3.5,No,Yes,55.0,70.0,NotPlaced
6742,8.4,0,3,2,90.0,4.8,Yes,Yes,81.0,86.0,Placed
7316,6.8,1,3,0,80.0,3.9,Yes,No,60.0,70.0,NotPlaced
7162,8.8,2,3,2,90.0,4.8,Yes,Yes,66.0,85.0,Placed
3435,6.8,1,2,0,78.0,3.8,No,Yes,77.0,66.0,NotPlaced
5943,7.9,1,1,0,85.0,4.7,No,Yes,56.0,67.0,NotPlaced
5665,7.5,0,1,0,88.0,4.7,No,No,61.0,60.0,NotPlaced
132,6.5,1,1,1,72.0,3.8,No,No,64.0,67.0,NotPlaced
714,7.4,1,1,1,75.0,4.2,No,Yes,65.0,65.0,NotPlaced
4644,7.8,2,3,1,85.0,4.8,Yes,Yes,79.0,83.0,Placed
121,8.7,2,3,2,81.0,4.7,Yes,Yes,85.0,79.0,Placed
61,7.7,2,2,0,86.0,4.0,Yes,Yes,79.0,64.0,NotPlaced
9171,8.4,2,2,2,71.0,3.8,Yes,Yes,62.0,80.0,Placed
8022,7.5,1,1,1,74.0,3.9,No,Yes,60.0,62.0,NotPlaced
862,7.6,0,1,1,84.0,4.3,No,No,55.0,68.0,NotPlaced
8545,8.7,2,3,2,90.0,4.8,Yes,Yes,78.0,85.0,Placed
1705,8.7,2,3,0,80.0,4.1,Yes,Yes,71.0,78.0,Placed
3763,7.7,0,0,1,78.0,3.7,Yes,Yes,55.0,62.0,NotPlaced
3395,7.1,1,3,2,86.0,4.8,Yes,Yes,61.0,85.0,NotPlaced
2444,7.8,1,3,1,75.0,4.4,Yes,Yes,59.0,72.0,NotPlaced
1797,7.2,1,1,1,68.0,4.0,No,No,58.0,66.0,NotPlaced
3176,8.3,1,2,1,77.0,4.6,Yes,Yes,82.0,80.0,Placed
2075,6.5,0,1,0,81.0,4.1,No,Yes,64.0,65.0,NotPlaced
8165,8.4,2,3,2,90.0,4.8,Yes,Yes,70.0,82.0,Placed
4291,6.5,1,1,0,74.0,4.2,No,Yes,57.0,71.0,NotPlaced
571,7.8,0,3,2,90.0,4.7,Yes,Yes,81.0,82.0,Placed
3969,7.5,0,3,2,72.0,4.7,Yes,Yes,72.0,82.0,Placed
6765,8.0,1,1,0,75.0,4.0,No,No,55.0,65.0,NotPlaced
3045,7.6,2,1,2,79.0,4.4,No,Yes,57.0,70.0,NotPlaced
7637,7.5,1,1,1,80.0,4.1,Yes,Yes,73.0,69.0,NotPlaced
5750,7.4,1,1,1,78.0,3.7,No,Yes,55.0,64.0,Placed
9273,8.3,1,3,1,88.0,4.8,Yes,Yes,81.0,85.0,Placed
4884,8.5,1,1,2,86.0,4.5,Yes,Yes,74.0,83.0,Placed
7522,6.5,1,1,0,82.0,4.3,No,Yes,57.0,70.0,NotPlaced
8394,7.3,0,2,1,70.0,3.7,Yes,Yes,55.0,74.0,Placed
8216,7.7,2,3,1,85.0,4.2,Yes,Yes,74.0,82.0,NotPlaced
5760,8.2,1,1,2,82.0,4.8,Yes,Yes,78.0,82.0,Placed
6760,7.6,2,3,0,90.0,4.8,Yes,Yes,78.0,88.0,Placed
9238,6.6,2,3,2,90.0,4.8,Yes,Yes,63.0,83.0,Placed
5397,8.0,1,1,2,75.0,3.7,No,Yes,72.0,65.0,NotPlaced
8978,7.5,1,3,1,72.0,4.2,Yes,No,90.0,80.0,NotPlaced
7683,7.4,1,1,0,82.0,4.7,Yes,Yes,84.0,87.0,NotPlaced
1054,8.3,1,2,1,71.0,3.9,No,No,55.0,66.0,NotPlaced
5285,7.5,1,1,1,61.0,4.4,No,Yes,55.0,71.0,NotPlaced
7559,8.2,1,2,2,81.0,4.8,Yes,Yes,75.0,87.0,Placed
5142,6.6,0,2,0,79.0,4.2,Yes,No,62.0,79.0,NotPlaced
7430,8.3,2,3,1,80.0,4.6,Yes,No,55.0,80.0,NotPlaced
8106,8.1,1,3,0,69.0,3.9,No,No,82.0,69.0,NotPlaced
4272,6.8,1,1,1,85.0,3.9,Yes,No,71.0,62.0,NotPlaced
3725,7.9,1,3,2,82.0,4.7,Yes,Yes,83.0,82.0,Placed
4736,7.6,2,1,1,85.0,4.4,No,Yes,59.0,75.0,NotPlaced
6767,8.6,1,3,2,83.0,4.8,Yes,Yes,77.0,77.0,Placed
6052,8.1,2,3,2,88.0,4.4,No,No,73.0,82.0,Placed
2284,7.6,1,1,1,70.0,4.5,No,No,62.0,71.0,NotPlaced
6354,6.7,0,1,0,79.0,4.2,No,No,62.0,67.0,NotPlaced
8795,6.5,0,2,0,85.0,4.8,No,No,89.0,67.0,Placed
1369,7.9,2,3,2,75.0,3.9,Yes,Yes,75.0,68.0,Placed
4339,8.6,1,2,1,83.0,4.6,No,Yes,62.0,81.0,NotPlaced
7077,8.0,0,1,1,86.0,4.0,No,Yes,55.0,74.0,NotPlaced
4810,7.5,1,1,0,71.0,3.6,Yes,No,61.0,71.0,Placed
5073,7.4,1,1,1,82.0,4.1,No,No,60.0,65.0,NotPlaced
6006,7.0,1,1,1,64.0,4.1,No,No,58.0,62.0,NotPlaced
8817,8.0,1,3,0,80.0,4.0,Yes,Yes,83.0,68.0,NotPlaced
8589,7.5,1,1,3,78.0,4.5,No,No,69.0,73.0,NotPlaced
3011,6.5,1,2,1,82.0,4.4,No,Yes,55.0,69.0,NotPlaced
2408,7.4,1,3,2,83.0,4.5,Yes,No,84.0,79.0,Placed
6016,7.3,1,1,1,67.0,4.2,No,Yes,62.0,70.0,NotPlaced
2750,8.6,1,3,0,90.0,4.8,Yes,Yes,87.0,81.0,Placed
8354,8.6,2,3,2,90.0,4.8,Yes,Yes,89.0,84.0,Placed
5740,8.0,2,3,2,90.0,4.6,Yes,Yes,77.0,84.0,Placed
660,8.4,0,3,2,87.0,4.0,Yes,No,79.0,80.0,Placed
9228,7.7,1,1,0,77.0,4.0,No,Yes,55.0,70.0,NotPlaced
6921,8.2,1,1,0,79.0,4.6,Yes,No,56.0,61.0,NotPlaced
3053,7.4,0,1,1,82.0,4.5,No,Yes,55.0,69.0,NotPlaced
4376,7.6,1,2,0,73.0,3.8,No,Yes,76.0,64.0,NotPlaced
