studentid,cgpa,internships,projects,certifications,aptitudetestscore,softskillsrating,extracurricularactivities,placementtraining,ssc_marks,hsc_marks,placementstatus
2019,8.0,0,3,2,90.0,4.7,Yes,Yes,71.0,88.0,Placed
3604,6.9,2,1,2,90.0,4.8,Yes,Yes,82.0,85.0,Placed
451,8.0,1,3,0,77.0,4.1,No,No,82.0,84.0,Placed
5227,7.2,1,1,0,71.0,4.3,No,No,62.0,72.0,NotPlaced
8295,7.6,1,1,1,80.0,3.7,No,Yes,61.0,58.0,NotPlaced
5805,7.6,1,3,1,65.0,3.7,No,No,56.0,59.0,NotPlaced
3621,7.3,0,1,1,69.0,4.6,No,No,58.0,65.0,NotPlaced
82,6.7,1,2,1,74.0,4.8,Yes,Yes,72.0,64.0,Placed
6836,8.0,2,3,2,90.0,4.8,Yes,Yes,85.0,83.0,Placed
2442,8.4,2,3,2,90.0,4.5,Yes,Yes,83.0,86.0,Placed
714,7.4,1,1,1,75.0,4.2,No,Yes,65.0,65.0,NotPlaced
8045,6.9,1,1,0,75.0,4.1,Yes,Yes,55.0,76.0,NotPlaced
1178,7.3,1,2,1,71.0,4.8,Yes,Yes,63.0,64.0,NotPlaced
7844,8.0,2,3,2,79.0,4.8,Yes,Yes,85.0,85.0,Placed
2741,8.4,2,3,0,86.0,4.7,Yes,Yes,84.0,83.0,Placed
702,8.4,2,1,1,87.0,4.8,No,Yes,75.0,78.0,NotPlaced
6710,8.1,2,1,2,80.0,4.2,Yes,No,75.0,80.0,Placed
4068,7.5,2,3,0,88.0,4.6,Yes,Yes,78.0,87.0,Placed
2786,6.5,1,1,1,76.0,4.2,No,Yes,63.0,67.0,NotPlaced
9920,7.5,2,1,1,82.0,4.7,No,Yes,76.0,59.0,Placed
7751,8.0,1,3,0,79.0,4.3,Yes,Yes,79.0,78.0,NotPlaced
1092,8.7,1,2,2,77.0,4.3,Yes,Yes,79.0,88.0,Placed
1578,8.1,0,3,0,90.0,4.8,Yes,Yes,84.0,88.0,Placed
3356,8.7,1,3,2,86.0,4.7,Yes,Yes,67.0,86.0,NotPlaced
4035,6.7,1,1,0,73.0,4.6,Yes,No,67.0,68.0,NotPlaced
9167,8.3,1,2,1,88.0,4.2,No,Yes,71.0,85.0,Placed
8974,7.7,0,1,1,72.0,4.1,No,Yes,55.0,64.0,NotPlaced
6006,7.0,1,1,1,64.0,4.1,No,No,58.0,62.0,NotPlaced
6684,8.2,1,3,0,83.0,4.4,Yes,Yes,80.0,87.0,Placed
6906,8.3,2,3,2,87.0,4.3,Yes,Yes,67.0,84.0,Placed
5174,7.7,1,3,3,82.0,4.4,Yes,Yes,76.0,84.0,Placed
88,8.5,1,2,2,79.0,3.9,Yes,Yes,76.0,66.0,Placed
4776,9.0,2,3,2,84.0,4.4,Yes,Yes,77.0,80.0,NotPlaced
6853,7.6,1,1,1,72.0,4.5,No,No,55.0,66.0,NotPlaced
4973,8.5,2,1,0,79.0,4.8,Yes,No,55.0,72.0,Placed
9410,6.9,0,1,1,70.0,3.5,No,Yes,59.0,71.0,NotPlaced
7078,8.0,2,3,2,90.0,4.7,Yes,Yes,74.0,87.0,NotPlaced
9914,7.6,2,1,2,88.0,4.6,Yes,Yes,70.0,87.0,Placed
825,8.2,2,3,2,87.0,4.8,Yes,Yes,75.0,72.0,Placed
77,8.1,1,3,1,90.0,4.6,Yes,Yes,73.0,86.0,Placed
9665,8.4,2,3,2,90.0,4.8,Yes,Yes,80.0,85.0,Placed
425,7.9,0,1,0,85.0,4.5,Yes,No,76.0,81.0,NotPlaced
6675,7.6,1,1,1,70.0,4.4,Yes,Yes,55.0,70.0,NotPlaced
2703,8.5,2,3,2,90.0,4.8,Yes,Yes,83.0,85.0,Placed
3547,7.7,1,1,1,66.0,4.1,No,Yes,58.0,61.0,NotPlaced
6733,7.0,1,1,1,75.0,4.8,No,No,64.0,70.0,NotPlaced
5056,7.6,2,3,2,90.0,4.5,Yes,Yes,75.0,83.0,Placed
9318,7.7,1,3,2,70.0,3.8,Yes,Yes,76.0,80.0,NotPlaced
2792,6.7,2,1,2,82.0,4.6,Yes,Yes,82.0,70.0,NotPlaced
7193,8.5,2,3,2,90.0,4.8,Yes,Yes,82.0,87.0,Placed
1919,7.4,2,1,3,66.0,3.9,No,No,61.0,57.0,NotPlaced
2569,8.3,0,1,1,69.0,4.1,Yes,Yes,60.0,66.0,NotPlaced
4158,8.7,2,3,0,84.0,4.2,No,Yes,55.0,65.0,NotPlaced
5676,7.6,2,2,0,74.0,4.0,No,Yes,62.0,83.0,Placed
3489,7.6,1,3,2,83.0,4.5,Yes,Yes,68.0,73.0,NotPlaced
7762,7.5,1,1,0,67.0,4.1,No,No,57.0,67.0,NotPlaced
3782,8.5,1,3,2,90.0,4.7,Yes,Yes,80.0,80.0,Placed
7833,7.6,1,1,2,81.0,3.9,No,Yes,62.0,78.0,NotPlaced
5690,8.2,2,1,1,90.0,4.0,No,Yes,55.0,66.0,NotPlaced
6620,7.2,0,1,1,68.0,4.3,Yes,Yes,58.0,59.0,NotPlaced
5670,8.7,1,3,2,85.0,4.8,Yes,Yes,75.0,85.0,Placed
8661,7.3,1,3,0,84.0,4.6,Yes,No,61.0,66.0,NotPlaced
2625,7.7,1,1,0,82.0,3.7,No,Yes,55.0,81.0,Placed
8641,8.3,1,3,2,90.0,4.5,Yes,Yes,76.0,81.0,Placed
3727,7.8,1,3,0,90.0,4.0,Yes,Yes,84.0,79.0,Placed
4239,8.5,0,3,2,83.0,4.5,No,No,70.0,69.0,NotPlaced
4824,7.3,1,2,1,68.0,3.9,No,No,56.0,65.0,NotPlaced
6695,8.7,1,3,2,90.0,4.8,Yes,Yes,84.0,86.0,Placed
7286,7.8,1,1,1,77.0,4.1,No,No,69.0,68.0,NotPlaced
524,8.0,0,3,3,90.0,4.3,Yes,Yes,75.0,87.0,Placed
6857,7.8,2,1,1,77.0,4.2,No,No,55.0,67.0,NotPlaced
3040,8.3,1,3,1,83.0,4.1,No,Yes,66.0,82.0,NotPlaced
9040,6.5,1,2,0,83.0,4.6,No,Yes,55.0,73.0,NotPlaced
6251,7.5,0,1,1,71.0,4.5,No,Yes,55.0,67.0,NotPlaced
7884,7.5,1,3,1,87.0,4.6,Yes,Yes,81.0,86.0,Placed
5334,7.5,0,1,2,73.0,3.9,No,Yes,55.0,67.0,Placed
70,8.4,1,1,2,67.0,3.8,Yes,Yes,76.0,69.0,NotPlaced
8880,8.4,1,3,0,81.0,3.6,Yes,Yes,78.0,86.0,Placed
8782,7.5,1,2,0,81.0,4.7,No,Yes,56.0,69.0,NotPlaced
5965,8.6,2,3,2,90.0,4.8,Yes,Yes,88.0,86.0,Placed
5151,7.4,1,1,0,66.0,4.4,No,No,55.0,70.0,NotPlaced
2685,7.0,1,2,0,72.0,4.1,No,Yes,71.0,73.0,NotPlaced
5069,8.1,2,3,0,90.0,4.6,Yes,Yes,80.0,81.0,Placed
5467,8.0,1,3,2,90.0,4.8,Yes,Yes,80.0,84.0,Placed
6629,7.3,2,1,1,87.0,4.2,Yes,No,90.0,65.0,NotPlaced
3591,8.4,1,1,3,89.0,4.4,Yes,Yes,72.0,71.0,Placed
8568,8.0,1,3,2,90.0,4.8,Yes,Yes,79.0,84.0,Placed
4152,7.6,1,1,2,87.0,4.1,Yes,Yes,79.0,67.0,Placed
6359,6.7,1,1,0,90.0,4.3,No,No,80.0,82.0,Placed
6833,8.1,2,2,1,76.0,4.0,No,Yes,75.0,74.0,Placed
4856,7.5,1,2,0,70.0,3.4,No,Yes,55.0,66.0,NotPlaced
1407,7.4,1,1,0,66.0,4.1,No,No,55.0,58.0,NotPlaced
3469,7.4,1,1,1,67.0,3.3,No,No,55.0,63.0,NotPlaced
5921,7.1,1,3,2,88.0,4.0,Yes,Yes,78.0,65.0,Placed
218,6.6,1,1,0,77.0,4.5,No,No,62.0,70.0,NotPlaced
7063,8.1,1,1,1,83.0,4.7,Yes,Yes,75.0,83.0,NotPlaced
7761,8.0,1,3,0,86.0,4.2,Yes,Yes,73.0,88.0,Placed
8797,7.6,1,1,1,71.0,4.2,No,No,57.0,68.0,NotPlaced
6909,7.8,1,2,0,81.0,4.8,No,Yes,55.0,62.0,NotPlaced
2806,7.4,2,3,2,75.0,4.2,No,Yes,80.0,66.0,NotPlaced
7336,7.8,1,2,1,68.0,3.9,No,No,61.0,63.0,NotPlaced
5265,7.7,1,2,0,81.0,3.9,Yes,Yes,75.0,77.0,NotPlaced
4965,7.7,0,1,0,82.0,4.1,No,Yes,56.0,75.0,NotPlaced
339,8.4,2,3,2,87.0,4.8,Yes,Yes,78.0,88.0,Placed
8593,6.5,2,3,2,80.0,4.8,Yes,Yes,78.0,82.0,NotPlaced
1916,8.3,2,3,2,87.0,4.6,Yes,Yes,78.0,82.0,Placed
609,6.8,1,1,0,74.0,3.8,No,Yes,62.0,67.0,NotPlaced
2552,8.5,2,1,1,80.0,3.6,Yes,No,83.0,68.0,NotPlaced
5283,8.1,1,3,0,88.0,4.5,Yes,Yes,78.0,83.0,Placed
9409,8.8,0,3,0,68.0,4.1,Yes,Yes,55.0,66.0,NotPlaced
3455,7.5,1,2,3,76.0,3.7,No,Yes,55.0,67.0,NotPlaced
4367,8.0,1,2,0,76.0,4.4,Yes,Yes,61.0,70.0,Placed
762,8.3,0,1,1,72.0,3.5,No,No,60.0,71.0,NotPlaced
6745,7.5,1,1,0,70.0,3.7,No,Yes,55.0,72.0,NotPlaced
7859,6.8,1,2,0,79.0,4.0,No,Yes,69.0,68.0,NotPlaced
6018,7.4,1,2,0,76.0,4.4,Yes,Yes,55.0,73.0,NotPlaced
5521,7.6,1,3,2,88.0,4.5,Yes,Yes,75.0,84.0,Placed
4916,7.5,0,3,2,90.0,4.3,No,Yes,89.0,86.0,Placed
5378,7.3,1,1,0,76.0,4.4,No,Yes,62.0,70.0,NotPlaced
4682,8.4,0,3,2,78.0,4.8,No,Yes,85.0,65.0,Placed
4103,7.7,1,3,0,90.0,4.0,Yes,Yes,77.0,81.0,NotPlaced
8190,7.9,1,3,1,90.0,4.8,Yes,Yes,77.0,85.0,Placed
2984,7.8,0,2,1,65.0,4.3,Yes,No,56.0,67.0,Placed
4150,7.7,1,1,1,67.0,3.0,No,No,55.0,67.0,NotPlaced
361,8.7,1,3,2,90.0,4.7,Yes,Yes,81.0,80.0,Placed
4221,8.1,1,3,2,75.0,4.3,Yes,Yes,69.0,83.0,Placed
9352,7.6,0,2,0,72.0,4.4,No,No,59.0,61.0,Placed
1238,8.8,1,3,2,74.0,4.3,Yes,Yes,71.0,79.0,Placed
5980,7.6,1,1,1,69.0,4.3,No,No,58.0,70.0,NotPlaced
4799,7.6,1,2,2,80.0,4.5,No,Yes,77.0,71.0,Placed
1729,8.2,2,3,2,87.0,4.7,Yes,No,90.0,66.0,Placed
6741,7.5,2,1,0,82.0,4.3,No,Yes,71.0,63.0,NotPlaced
9325,8.4,1,1,3,90.0,4.5,Yes,Yes,72.0,69.0,Placed
6480,7.5,0,3,0,88.0,4.4,Yes,Yes,67.0,86.0,NotPlaced
4263,7.4,1,2,1,60.0,3.2,No,No,55.0,68.0,NotPlaced
7832,7.4,1,2,2,80.0,3.9,No,Yes,77.0,88.0,Placed
3922,8.5,1,2,2,83.0,4.2,Yes,No,79.0,85.0,Placed
727,8.3,0,1,2,84.0,4.7,Yes,Yes,65.0,64.0,Placed
950,8.0,0,3,0,88.0,4.6,Yes,Yes,84.0,70.0,Placed
678,7.3,1,1,0,72.0,3.9,Yes,No,70.0,59.0,NotPlaced
8419,7.8,1,1,1,83.0,3.7,No,Yes,64.0,71.0,NotPlaced
9467,6.8,0,1,1,75.0,4.3,No,No,73.0,62.0,NotPlaced
36,7.8,1,1,1,67.0,4.3,No,No,65.0,73.0,NotPlaced
9464,7.4,1,2,0,80.0,4.1,No,Yes,64.0,86.0,NotPlaced
8368,7.6,0,1,1,72.0,4.4,No,Yes,69.0,76.0,NotPlaced
8439,6.8,1,1,0,69.0,3.9,No,No,62.0,60.0,NotPlaced
6493,8.0,0,2,0,76.0,3.8,No,Yes,55.0,65.0,NotPlaced
6802,8.4,2,3,2,88.0,4.8,Yes,Yes,70.0,84.0,Placed
3671,7.5,1,3,1,78.0,4.0,No,No,75.0,66.0,NotPlaced
546,7.6,2,3,2,90.0,4.5,Yes,Yes,75.0,82.0,Placed
3833,8.2,0,3,0,79.0,4.7,Yes,Yes,65.0,87.0,Placed
5306,8.2,2,3,2,90.0,4.8,Yes,Yes,77.0,85.0,Placed
7747,6.5,0,2,0,74.0,4.5,No,No,62.0,68.0,NotPlaced
5539,8.3,2,3,0,80.0,4.2,No,No,87.0,68.0,NotPlaced
4500,7.6,0,2,0,79.0,4.0,Yes,Yes,55.0,70.0,NotPlaced
8894,7.9,2,3,2,90.0,4.8,Yes,Yes,81.0,86.0,Placed
5948,8.7,0,1,2,78.0,4.7,Yes,Yes,67.0,86.0,NotPlaced
71,7.5,1,1,1,69.0,4.3,No,Yes,71.0,76.0,NotPlaced
2602,8.2,0,2,2,90.0,4.8,Yes,Yes,77.0,83.0,Placed
3941,8.5,1,1,1,81.0,4.5,Yes,Yes,70.0,62.0,NotPlaced
8087,8.5,2,3,2,90.0,4.8,Yes,Yes,85.0,86.0,Placed
6151,8.2,0,3,2,84.0,4.8,Yes,Yes,56.0,74.0,Placed
2995,6.5,0,1,1,90.0,3.7,No,Yes,64.0,71.0,NotPlaced
9143,7.7,1,3,3,88.0,4.8,Yes,No,75.0,85.0,NotPlaced
2631,7.6,1,3,0,80.0,4.7,No,No,77.0,70.0,NotPlaced
2957,8.6,1,3,2,82.0,4.8,Yes,Yes,85.0,86.0,Placed
3574,8.5,2,3,2,90.0,4.7,Yes,Yes,85.0,82.0,Placed
8080,6.7,1,2,2,68.0,4.1,Yes,No,79.0,70.0,NotPlaced
3536,8.4,1,1,0,90.0,4.7,Yes,Yes,83.0,85.0,Placed
7479,7.7,0,2,0,72.0,4.5,No,Yes,63.0,87.0,NotPlaced
6401,6.5,1,1,1,82.0,3.9,No,Yes,57.0,70.0,NotPlaced
6540,7.5,1,2,1,74.0,4.2,Yes,No,76.0,80.0,NotPlaced
3452,7.0,0,1,1,67.0,4.1,No,Yes,69.0,81.0,NotPlaced
3266,7.6,0,1,1,77.0,3.4,No,No,58.0,67.0,NotPlaced
6645,7.4,1,1,0,61.0,4.1,No,Yes,55.0,72.0,Placed
3406,8.2,1,2,0,87.0,4.2,Yes,Yes,73.0,84.0,NotPlaced
7268,7.4,1,1,0,81.0,4.3,Yes,Yes,67.0,70.0,NotPlaced
5215,7.4,1,2,0,68.0,4.2,No,Yes,55.0,60.0,NotPlaced
3442,8.0,1,1,0,81.0,4.6,Yes,Yes,85.0,87.0,NotPlaced
721,8.1,1,3,2,90.0,4.6,Yes,Yes,79.0,88.0,Placed
3837,7.5,0,2,0,76.0,4.2,Yes,Yes,55.0,73.0,NotPlaced
6048,7.6,0,1,1,79.0,4.2,Yes,Yes,55.0,79.0,NotPlaced
9922,7.5,1,1,0,64.0,3.8,Yes,No,62.0,63.0,NotPlaced
9299,6.7,1,1,1,71.0,3.8,Yes,No,56.0,70.0,NotPlaced
3615,7.8,1,2,1,81.0,4.6,Yes,Yes,82.0,84.0,NotPlaced
3598,7.3,2,3,2,90.0,4.0,Yes,No,85.0,87.0,Placed
4940,7.6,1,3,0,90.0,4.8,Yes,Yes,75.0,85.0,Placed
7811,7.6,1,1,0,71.0,4.1,No,Yes,58.0,59.0,NotPlaced
6922,8.0,0,3,1,73.0,4.8,Yes,Yes,57.0,64.0,NotPlaced
5113,7.2,0,2,1,78.0,4.4,No,Yes,79.0,61.0,NotPlaced
4995,6.9,0,1,0,81.0,4.0,No,Yes,74.0,71.0,NotPlaced
2118,7.8,0,1,0,81.0,4.2,No,No,63.0,58.0,NotPlaced
8077,8.2,2,3,2,88.0,4.5,Yes,Yes,77.0,83.0,Placed
3791,7.5,2,2,1,81.0,4.4,No,No,55.0,62.0,NotPlaced
8338,7.5,1,1,1,68.0,4.4,Yes,No,62.0,69.0,NotPlaced
8660,6.5,1,1,0,87.0,4.8,No,No,63.0,66.0,Placed
1001,7.8,0,2,0,70.0,4.3,No,No,55.0,68.0,NotPlaced
5247,7.3,0,1,0,72.0,4.0,No,No,55.0,72.0,NotPlaced
6090,8.3,2,3,2,79.0,4.4,Yes,Yes,83.0,85.0,Placed
6765,8.0,1,1,0,75.0,4.0,No,No,55.0,65.0,NotPlaced
4959,8.1,2,1,1,75.0,4.7,Yes,Yes,60.0,70.0,NotPlaced
3284,8.1,0,2,1,79.0,4.4,No,No,68.0,66.0,Placed
9750,7.3,1,2,0,77.0,3.9,Yes,Yes,63.0,62.0,NotPlaced
487,8.3,1,3,1,86.0,4.8,No,Yes,80.0,67.0,NotPlaced
781,8.4,0,1,0,90.0,4.6,Yes,Yes,84.0,78.0,Placed
3202,8.2,2,3,2,81.0,4.5,Yes,Yes,74.0,88.0,Placed
767,7.8,1,3,2,81.0,4.2,Yes,Yes,70.0,65.0,Placed
6864,7.8,1,2,0,73.0,4.6,No,Yes,55.0,64.0,NotPlaced
3199,8.1,2,3,2,85.0,4.5,No,Yes,55.0,75.0,Placed
8498,8.3,1,2,2,76.0,4.0,Yes,Yes,74.0,62.0,NotPlaced
2117,8.3,1,3,2,90.0,4.8,Yes,Yes,87.0,88.0,Placed
7058,7.6,1,2,1,72.0,4.0,No,Yes,81.0,78.0,NotPlaced
56,8.8,2,3,2,90.0,4.8,Yes,Yes,86.0,88.0,Placed
8311,7.7,0,2,1,75.0,4.1,Yes,Yes,79.0,66.0,Placed
610,8.3,1,3,0,78.0,4.7,Yes,Yes,76.0,82.0,NotPlaced
7474,7.4,1,1,1,62.0,4.8,Yes,Yes,55.0,71.0,NotPlaced
1962,7.8,1,2,0,90.0,4.0,Yes,Yes,81.0,79.0,NotPlaced
3541,8.6,1,3,0,89.0,4.7,Yes,Yes,72.0,85.0,Placed
625,8.4,1,1,0,72.0,3.9,Yes,No,60.0,82.0,NotPlaced
980,6.6,1,2,0,88.0,4.0,No,No,78.0,67.0,NotPlaced
9438,7.9,1,2,2,71.0,4.3,Yes,Yes,77.0,85.0,NotPlaced
5200,6.5,0,1,0,69.0,3.6,No,Yes,71.0,72.0,NotPlaced
8949,7.6,1,1,1,72.0,4.6,No,Yes,78.0,66.0,NotPlaced
7516,8.1,2,3,2,90.0,4.8,Yes,No,79.0,88.0,Placed
316,7.5,1,1,2,82.0,4.5,Yes,Yes,77.0,84.0,Placed
1004,8.1,0,1,0,85.0,4.5,Yes,Yes,79.0,82.0,Placed
8187,8.4,2,3,0,89.0,4.8,Yes,Yes,71.0,85.0,NotPlaced
1625,7.8,1,2,1,83.0,3.5,No,Yes,66.0,72.0,NotPlaced
343,8.6,2,3,2,90.0,4.8,Yes,Yes,77.0,86.0,Placed
1596,7.4,2,3,3,86.0,4.2,Yes,Yes,60.0,75.0,NotPlaced
1326,6.6,1,1,1,76.0,4.5,No,No,65.0,63.0,Placed
1826,6.5,0,1,0,89.0,4.6,Yes,No,62.0,77.0,NotPlaced
4512,6.8,1,2,0,69.0,3.7,No,Yes,57.0,71.0,NotPlaced
6679,8.0,1,3,2,90.0,4.0,No,Yes,78.0,86.0,Placed
1937,8.6,2,3,2,89.0,4.8,Yes,No,79.0,78.0,Placed
3178,7.4,0,2,0,74.0,4.1,No,Yes,64.0,63.0,Placed
2305,8.2,1,3,2,90.0,3.6,Yes,Yes,75.0,80.0,Placed
3805,8.4,1,2,2,81.0,4.2,Yes,Yes,55.0,66.0,Placed
9064,8.0,0,2,1,89.0,4.3,No,Yes,55.0,75.0,NotPlaced
5078,7.3,1,1,0,65.0,3.9,No,No,69.0,67.0,NotPlaced
1799,7.5,1,2,1,67.0,4.7,No,No,60.0,65.0,NotPlaced
3680,7.9,0,1,0,79.0,4.5,No,No,62.0,69.0,Placed
2325,6.5,2,2,1,81.0,4.8,No,No,61.0,69.0,NotPlaced
6753,8.2,1,1,1,82.0,4.1,Yes,Yes,57.0,71.0,NotPlaced
8237,6.8,0,1,1,67.0,3.4,No,Yes,59.0,68.0,NotPlaced
8704,6.5,0,1,0,62.0,4.6,No,No,61.0,66.0,NotPlaced
6384,6.5,1,2,1,70.0,3.9,Yes,Yes,74.0,85.0,NotPlaced
2679,8.5,1,3,2,84.0,4.6,Yes,Yes,74.0,85.0,Placed
6840,6.8,1,1,0,69.0,3.3,No,No,63.0,63.0,NotPlaced
3031,7.8,1,1,0,74.0,3.8,No,No,61.0,68.0,NotPlaced
6590,8.2,1,1,1,88.0,4.8,No,Yes,68.0,77.0,Placed
7344,7.4,1,2,1,61.0,4.4,Yes,Yes,62.0,69.0,Placed
6176,6.5,1,1,2,85.0,4.5,Yes,Yes,73.0,67.0,Placed
7507,7.5,1,1,0,74.0,3.5,No,Yes,60.0,68.0,Placed
3640,8.3,0,3,2,81.0,4.6,Yes,Yes,80.0,75.0,Placed
6805,7.3,1,1,1,71.0,3.8,No,Yes,57.0,57.0,NotPlaced
9944,8.2,2,3,1,83.0,4.3,No,Yes,57.0,62.0,Placed
1394,7.6,1,2,0,75.0,4.8,No,No,61.0,69.0,NotPlaced
3503,8.3,2,3,2,90.0,4.8,Yes,No,85.0,83.0,Placed
3932,8.2,0,2,2,79.0,4.0,Yes,Yes,76.0,79.0,Placed
6443,8.6,0,3,1,87.0,4.6,Yes,Yes,72.0,85.0,NotPlaced
8371,7.5,1,2,0,65.0,4.1,No,Yes,55.0,69.0,NotPlaced
6882,8.4,2,3,1,78.0,4.8,Yes,Yes,55.0,87.0,NotPlaced
9620,7.4,2,1,2,62.0,4.7,No,No,55.0,71.0,NotPlaced
8205,7.3,0,2,0,82.0,4.5,No,Yes,57.0,82.0,NotPlaced
1234,8.6,2,3,2,90.0,4.8,Yes,No,74.0,81.0,Placed
8021,6.6,1,3,2,81.0,4.5,Yes,No,72.0,77.0,NotPlaced
9724,8.1,1,3,1,89.0,4.4,Yes,Yes,76.0,88.0,Placed
9856,8.5,1,2,1,80.0,4.0,Yes,Yes,75.0,67.0,NotPlaced
4680,8.4,0,3,2,90.0,4.6,Yes,Yes,66.0,84.0,NotPlaced
6627,8.4,1,2,2,72.0,4.0,Yes,Yes,75.0,79.0,Placed
7987,6.7,0,1,1,70.0,4.6,Yes,Yes,64.0,73.0,NotPlaced
2724,7.7,0,3,0,87.0,4.7,Yes,Yes,81.0,60.0,Placed
7435,7.4,1,1,1,66.0,3.5,No,Yes,55.0,70.0,NotPlaced
6570,8.7,2,3,2,88.0,4.8,Yes,Yes,72.0,88.0,Placed
6535,7.5,1,2,0,81.0,4.3,No,Yes,66.0,66.0,NotPlaced
1142,8.3,1,3,2,87.0,4.6,Yes,Yes,80.0,81.0,NotPlaced
133,8.4,1,1,0,81.0,4.6,Yes,No,78.0,82.0,Placed
9947,7.5,0,1,1,68.0,3.6,Yes,Yes,55.0,65.0,NotPlaced
965,6.5,1,1,1,62.0,3.4,No,Yes,69.0,70.0,NotPlaced
2259,8.3,1,2,0,82.0,4.6,Yes,Yes,85.0,86.0,Placed
5015,6.5,0,1,1,66.0,4.4,No,No,69.0,67.0,NotPlaced
2525,7.8,0,2,1,74.0,4.5,No,Yes,74.0,81.0,Placed
9610,8.3,2,3,2,90.0,4.8,Yes,Yes,78.0,84.0,Placed
2613,8.5,2,3,2,90.0,4.8,Yes,Yes,79.0,80.0,Placed
1977,8.1,0,3,2,83.0,4.6,Yes,No,68.0,83.0,Placed
1883,7.7,1,1,1,78.0,3.3,No,No,55.0,74.0,NotPlaced
2597,7.5,1,2,1,77.0,4.6,Yes,Yes,84.0,65.0,NotPlaced
9379,7.5,1,1,1,65.0,3.9,No,Yes,55.0,72.0,NotPlaced
2982,7.7,0,1,1,77.0,3.3,No,No,56.0,68.0,NotPlaced
3585,6.5,0,1,0,72.0,3.7,Yes,Yes,63.0,66.0,NotPlaced
8638,8.3,1,3,1,87.0,4.5,Yes,No,70.0,82.0,NotPlaced
9763,7.6,1,1,1,73.0,4.7,No,No,55.0,70.0,NotPlaced
7988,7.2,0,1,0,63.0,3.8,No,No,66.0,66.0,NotPlaced
5959,8.3,1,1,0,69.0,4.5,No,Yes,55.0,65.0,NotPlaced
1186,6.8,1,1,3,72.0,4.3,No,Yes,75.0,74.0,NotPlaced
9013,6.8,1,1,0,77.0,4.2,Yes,Yes,64.0,64.0,NotPlaced
5364,8.4,0,2,0,81.0,4.4,Yes,Yes,61.0,68.0,Placed
3018,8.1,2,2,2,90.0,4.6,No,No,88.0,79.0,NotPlaced
1008,7.3,1,1,1,76.0,4.1,No,Yes,80.0,68.0,NotPlaced
9984,6.6,2,1,0,60.0,4.1,Yes,No,61.0,66.0,NotPlaced
6456,7.6,1,1,1,68.0,4.3,Yes,Yes,64.0,71.0,NotPlaced
2529,6.8,1,2,2,76.0,3.7,Yes,Yes,55.0,63.0,NotPlaced
2203,6.8,0,1,1,79.0,4.2,Yes,Yes,60.0,82.0,NotPlaced
1902,8.2,1,3,1,72.0,3.9,No,Yes,61.0,73.0,NotPlaced
2279,7.8,1,2,0,72.0,4.5,No,Yes,55.0,69.0,NotPlaced
2281,8.3,0,3,2,74.0,4.1,Yes,Yes,70.0,84.0,NotPlaced
9663,7.4,0,1,0,60.0,3.4,No,No,55.0,71.0,NotPlaced
4127,8.6,2,3,2,90.0,4.8,Yes,Yes,82.0,86.0,Placed
7323,8.4,1,1,1,70.0,4.2,No,No,62.0,68.0,NotPlaced
7116,8.0,2,3,2,90.0,4.7,Yes,Yes,79.0,83.0,Placed
6597,8.5,1,3,2,85.0,4.3,Yes,Yes,72.0,84.0,Placed
8768,6.5,0,3,0,77.0,4.2,No,No,78.0,61.0,NotPlaced
992,7.9,1,2,2,76.0,4.5,Yes,Yes,55.0,58.0,NotPlaced
522,7.5,1,3,0,86.0,4.2,Yes,Yes,81.0,71.0,NotPlaced
9562,6.8,1,1,2,64.0,3.5,No,No,55.0,63.0,NotPlaced
6859,8.5,1,3,2,76.0,4.8,Yes,Yes,67.0,83.0,Placed
7817,7.6,1,3,2,90.0,4.5,Yes,No,87.0,71.0,Placed
6447,7.7,1,2,0,71.0,4.0,Yes,Yes,57.0,70.0,NotPlaced
6950,7.6,1,2,1,72.0,3.8,No,Yes,55.0,67.0,NotPlaced
214,7.8,2,2,2,77.0,4.2,Yes,No,57.0,69.0,NotPlaced
1287,8.5,2,3,0,90.0,4.7,Yes,Yes,84.0,88.0,Placed
6291,7.3,1,1,3,83.0,4.5,Yes,Yes,64.0,76.0,Placed
1570,8.4,2,3,2,90.0,4.8,Yes,Yes,79.0,88.0,Placed
8253,8.5,2,3,2,90.0,4.8,Yes,Yes,79.0,82.0,Placed
5926,7.7,1,2,0,63.0,4.3,No,No,55.0,72.0,NotPlaced
2,8.9,0,3,2,90.0,4.0,Yes,Yes,78.0,82.0,Placed
396,8.2,2,3,2,90.0,4.8,Yes,Yes,81.0,84.0,Placed
1952,8.0,1,1,2,80.0,4.7,Yes,Yes,80.0,79.0,NotPlaced
6351,7.9,1,3,2,80.0,4.8,Yes,Yes,89.0,86.0,Placed
9331,8.3,2,2,0,89.0,4.8,Yes,Yes,83.0,81.0,Placed
8305,7.7,1,1,0,71.0,3.9,No,No,65.0,67.0,NotPlaced
5440,6.5,1,2,1,64.0,3.7,No,Yes,55.0,69.0,NotPlaced
3799,6.5,0,2,0,78.0,4.3,Yes,Yes,73.0,71.0,Placed
5186,7.7,0,1,0,74.0,3.7,No,No,65.0,68.0,NotPlaced
5887,7.7,1,1,0,78.0,3.8,No,Yes,55.0,61.0,NotPlaced
8652,7.7,0,2,1,68.0,4.0,Yes,Yes,57.0,83.0,Placed
7798,7.5,1,1,0,76.0,4.7,No,No,55.0,64.0,NotPlaced
2841,8.2,2,3,2,90.0,4.7,Yes,Yes,83.0,78.0,Placed
929,8.0,2,3,3,80.0,4.8,Yes,Yes,78.0,86.0,NotPlaced
6242,8.2,1,1,1,73.0,3.9,Yes,No,59.0,71.0,NotPlaced
1794,8.5,2,3,2,90.0,4.8,Yes,Yes,83.0,82.0,Placed
2175,7.6,2,1,1,82.0,3.9,Yes,No,71.0,71.0,NotPlaced
8325,6.5,1,2,1,79.0,3.1,No,Yes,63.0,69.0,Placed
6237,7.8,1,3,0,82.0,3.9,No,No,55.0,83.0,NotPlaced
1910,6.5,1,2,1,76.0,4.4,Yes,Yes,71.0,73.0,Placed
2686,8.4,1,3,1,83.0,4.2,Yes,Yes,85.0,81.0,Placed
6498,7.2,0,1,1,76.0,4.2,No,No,55.0,69.0,NotPlaced
2246,8.0,1,2,1,83.0,4.0,Yes,Yes,75.0,68.0,Placed
1348,8.1,0,2,0,73.0,4.5,No,Yes,55.0,67.0,NotPlaced
8178,6.5,1,1,0,88.0,3.9,No,No,69.0,67.0,NotPlaced
8845,7.4,1,2,1,77.0,3.9,No,Yes,55.0,64.0,NotPlaced
403,6.9,0,1,1,76.0,3.8,No,No,61.0,67.0,NotPlaced
3223,6.6,0,1,0,79.0,4.4,No,Yes,55.0,64.0,NotPlaced
4471,6.5,1,1,0,61.0,3.6,No,Yes,63.0,65.0,NotPlaced
3754,6.5,1,1,0,68.0,4.3,Yes,Yes,56.0,69.0,NotPlaced
8776,8.4,2,3,2,90.0,4.5,Yes,Yes,69.0,81.0,NotPlaced
7441,7.2,1,1,0,69.0,4.1,Yes,No,64.0,73.0,NotPlaced
4926,7.6,1,2,1,67.0,4.4,Yes,Yes,61.0,73.0,Placed
2123,8.1,2,2,0,90.0,4.8,Yes,Yes,76.0,88.0,NotPlaced
287,7.7,1,1,2,82.0,4.4,No,No,55.0,70.0,NotPlaced
6811,8.0,2,3,0,84.0,4.1,Yes,No,83.0,66.0,Placed
4518,8.1,2,3,1,74.0,4.0,Yes,No,61.0,82.0,NotPlaced
3929,7.7,0,1,0,70.0,3.7,No,No,71.0,70.0,Placed
7145,8.5,1,3,0,75.0,4.8,Yes,Yes,78.0,64.0,NotPlaced
8608,8.4,1,2,1,79.0,3.8,Yes,Yes,76.0,82.0,Placed
1455,8.3,1,3,1,86.0,4.3,Yes,Yes,65.0,84.0,Placed
9679,7.7,1,1,0,83.0,4.2,No,No,59.0,70.0,NotPlaced
5259,7.8,0,2,0,83.0,4.8,No,No,62.0,68.0,NotPlaced
9853,7.3,1,1,0,75.0,3.2,No,No,57.0,69.0,NotPlaced
8541,7.1,1,3,1,74.0,4.3,No,Yes,72.0,81.0,Placed
3875,7.4,1,1,0,78.0,4.4,No,No,69.0,62.0,NotPlaced
8980,8.6,2,3,0,87.0,4.7,Yes,Yes,76.0,73.0,NotPlaced
1131,7.4,1,2,1,63.0,3.6,Yes,Yes,57.0,61.0,NotPlaced
6567,8.3,2,3,2,84.0,4.5,Yes,No,73.0,84.0,Placed
6887,7.5,0,2,0,86.0,4.2,Yes,Yes,74.0,66.0,Placed
1295,7.6,1,1,1,66.0,4.5,No,Yes,55.0,68.0,NotPlaced
249,6.5,1,1,0,70.0,4.7,No,Yes,79.0,64.0,NotPlaced
2777,7.5,1,1,1,71.0,4.5,No,No,55.0,69.0,NotPlaced
2315,8.7,1,2,1,90.0,4.6,No,No,74.0,68.0,NotPlaced
8888,8.3,1,2,2,85.0,4.6,Yes,Yes,75.0,81.0,Placed
4377,6.5,1,2,0,74.0,4.0,No,Yes,80.0,64.0,Placed
6064,6.7,1,1,0,77.0,3.8,No,No,55.0,57.0,NotPlaced
8385,6.5,1,1,0,79.0,4.3,No,Yes,60.0,73.0,NotPlaced
7085,6.7,1,1,1,77.0,4.7,Yes,No,69.0,70.0,NotPlaced
5153,6.5,1,2,0,74.0,3.4,No,No,59.0,70.0,NotPlaced
6691,8.3,2,3,2,86.0,4.8,Yes,Yes,81.0,80.0,Placed
7709,8.2,2,3,0,65.0,4.3,Yes,Yes,78.0,83.0,Placed
6099,7.5,1,1,0,72.0,4.3,No,No,59.0,65.0,NotPlaced
12,7.9,1,3,2,90.0,4.8,Yes,Yes,71.0,87.0,Placed
9261,7.6,1,2,1,82.0,4.3,Yes,No,68.0,66.0,NotPlaced
2157,7.4,1,2,2,74.0,4.4,Yes,Yes,84.0,72.0,NotPlaced
7860,7.5,1,3,0,78.0,4.5,Yes,Yes,75.0,82.0,NotPlaced
8753,8.6,1,2,1,78.0,4.3,Yes,Yes,70.0,67.0,Placed
9256,7.7,0,1,0,73.0,4.3,Yes,Yes,57.0,65.0,Placed
9056,7.4,0,1,0,79.0,4.2,Yes,Yes,61.0,65.0,NotPlaced
3511,7.2,1,1,3,75.0,3.5,No,No,67.0,66.0,NotPlaced
9042,7.7,1,1,0,78.0,3.8,No,Yes,55.0,68.0,NotPlaced
8386,6.5,0,2,2,82.0,4.3,Yes,Yes,82.0,88.0,NotPlaced
2681,6.5,1,1,0,77.0,3.9,Yes,No,67.0,71.0,NotPlaced
7272,7.6,1,2,0,66.0,4.5,No,Yes,55.0,76.0,NotPlaced
2644,8.9,2,1,2,90.0,4.7,Yes,Yes,75.0,84.0,Placed
2179,8.4,2,3,2,90.0,4.8,Yes,Yes,88.0,80.0,Placed
7357,7.7,2,2,2,85.0,4.7,Yes,Yes,83.0,82.0,Placed
9063,8.6,1,2,2,88.0,4.3,Yes,Yes,71.0,82.0,Placed
1617,6.6,1,2,0,61.0,3.9,No,No,55.0,61.0,NotPlaced
9319,6.5,0,2,1,71.0,3.8,No,Yes,55.0,72.0,NotPlaced
2431,7.9,2,3,2,90.0,4.6,Yes,Yes,82.0,81.0,Placed
7248,7.6,2,3,2,90.0,4.8,Yes,Yes,81.0,84.0,Placed
1787,7.5,1,3,0,88.0,4.8,Yes,No,82.0,85.0,Placed
4905,8.1,1,3,2,90.0,4.4,Yes,Yes,77.0,86.0,Placed
8446,8.1,1,3,2,80.0,4.5,Yes,No,83.0,84.0,Placed
5541,8.2,2,3,2,88.0,4.8,Yes,Yes,67.0,86.0,NotPlaced
4126,7.5,1,2,1,80.0,4.0,No,Yes,55.0,65.0,NotPlaced
6978,7.4,1,1,1,64.0,4.3,Yes,Yes,55.0,64.0,NotPlaced
9096,7.3,2,1,2,86.0,3.8,No,Yes,71.0,67.0,NotPlaced
9154,7.6,2,3,0,84.0,4.5,Yes,Yes,78.0,87.0,NotPlaced
6881,8.0,1,1,2,81.0,3.8,Yes,Yes,76.0,70.0,Placed
8789,8.6,2,3,2,90.0,4.6,Yes,Yes,74.0,88.0,Placed
4877,7.6,2,3,2,81.0,4.3,Yes,Yes,86.0,69.0,Placed
7040,7.3,1,2,1,66.0,3.7,No,No,55.0,74.0,NotPlaced
5710,7.8,2,3,2,90.0,4.8,Yes,Yes,81.0,84.0,Placed
337,8.1,1,3,2,90.0,4.7,Yes,No,72.0,87.0,Placed
2917,8.1,0,1,0,71.0,4.0,Yes,Yes,60.0,69.0,NotPlaced
4666,7.5,1,1,1,76.0,3.9,No,Yes,77.0,67.0,NotPlaced
6198,7.7,1,1,0,72.0,4.1,No,No,62.0,65.0,Placed
6874,6.5,0,2,1,75.0,3.5,No,Yes,61.0,68.0,NotPlaced
9206,7.6,1,1,1,73.0,4.5,No,No,55.0,61.0,NotPlaced
9836,7.7,0,2,0,71.0,4.8,Yes,Yes,59.0,69.0,NotPlaced
247,8.4,0,2,1,85.0,4.3,Yes,Yes,62.0,81.0,Placed
352,7.8,0,2,2,74.0,4.6,Yes,Yes,58.0,60.0,NotPlaced
7167,6.5,1,2,0,72.0,4.3,Yes,Yes,65.0,68.0,Placed
401,8.0,1,3,2,90.0,4.8,Yes,Yes,81.0,86.0,Placed
5213,7.5,1,1,0,75.0,4.0,No,Yes,64.0,66.0,NotPlaced
4893,8.6,1,2,3,76.0,4.7,Yes,Yes,81.0,80.0,NotPlaced
9095,8.3,0,3,2,90.0,4.7,Yes,Yes,85.0,88.0,Placed
7916,8.0,1,3,3,85.0,4.7,Yes,Yes,79.0,84.0,NotPlaced
6279,7.2,0,2,1,77.0,4.0,No,Yes,55.0,64.0,NotPlaced
6252,8.2,0,3,2,87.0,4.8,Yes,No,75.0,88.0,Placed
2153,6.5,1,1,1,60.0,4.0,No,No,70.0,71.0,NotPlaced
7678,6.8,1,1,1,73.0,3.9,No,Yes,78.0,67.0,NotPlaced
2855,8.5,2,3,0,89.0,4.8,Yes,Yes,82.0,70.0,Placed
8932,7.4,0,2,2,83.0,4.5,Yes,Yes,82.0,71.0,NotPlaced
6289,8.1,2,3,2,84.0,4.1,Yes,Yes,87.0,85.0,Placed
6585,8.0,1,1,1,76.0,3.8,Yes,Yes,62.0,69.0,NotPlaced
4226,7.1,2,3,0,79.0,4.8,Yes,Yes,70.0,88.0,Placed
5564,6.5,0,2,0,77.0,4.4,No,Yes,68.0,84.0,NotPlaced
1215,7.7,1,2,0,73.0,4.3,No,Yes,55.0,70.0,NotPlaced
4199,6.9,1,1,1,64.0,4.1,No,No,64.0,66.0,NotPlaced
9656,7.9,1,1,0,70.0,4.2,No,Yes,64.0,81.0,NotPlaced
9048,6.5,1,2,0,84.0,4.6,Yes,Yes,57.0,66.0,NotPlaced
6556,8.4,1,3,3,89.0,4.8,Yes,Yes,84.0,72.0,Placed
5209,6.5,0,1,0,85.0,3.9,No,No,55.0,69.0,NotPlaced
7458,8.2,2,3,2,88.0,4.3,Yes,No,70.0,88.0,Placed
6873,6.5,2,1,0,85.0,4.8,No,Yes,72.0,68.0,NotPlaced
7715,6.5,1,2,1,84.0,4.7,Yes,Yes,77.0,72.0,NotPlaced
5297,8.2,0,3,2,84.0,4.0,Yes,Yes,80.0,86.0,Placed
5686,8.3,0,3,2,88.0,4.8,Yes,Yes,74.0,72.0,Placed
1766,7.5,1,2,0,65.0,4.7,No,Yes,63.0,69.0,NotPlaced
6136,6.5,1,1,1,69.0,4.2,Yes,No,70.0,69.0,Placed
5642,7.7,0,1,0,82.0,4.1,No,No,58.0,71.0,NotPlaced
3967,7.7,1,3,2,87.0,4.8,Yes,Yes,78.0,86.0,Placed
8588,8.1,1,2,0,89.0,4.7,Yes,Yes,75.0,85.0,Placed
2461,8.4,2,2,0,83.0,4.8,Yes,No,71.0,66.0,Placed
2045,7.8,0,2,0,89.0,3.9,Yes,Yes,70.0,74.0,NotPlaced
7220,8.1,0,2,1,85.0,4.8,Yes,No,87.0,80.0,NotPlaced
3355,8.3,1,3,2,90.0,4.5,Yes,Yes,75.0,79.0,Placed
4327,7.3,1,1,1,79.0,4.8,Yes,No,83.0,78.0,NotPlaced
7710,7.7,1,1,2,83.0,4.5,Yes,Yes,71.0,82.0,Placed
4060,6.8,0,1,0,84.0,4.2,No,No,61.0,60.0,NotPlaced
5383,6.5,1,1,1,85.0,3.9,No,No,79.0,63.0,NotPlaced
9193,7.8,2,3,2,87.0,4.5,Yes,No,84.0,81.0,Placed
7089,7.6,1,1,0,81.0,4.2,Yes,No,55.0,82.0,NotPlaced
4256,7.5,1,2,0,76.0,3.8,No,Yes,55.0,84.0,NotPlaced
3697,8.0,1,3,0,90.0,3.7,No,Yes,57.0,66.0,Placed
8680,8.0,0,3,2,87.0,4.7,Yes,Yes,78.0,70.0,Placed
3087,7.7,1,1,0,81.0,4.3,No,No,60.0,70.0,Placed
1404,7.4,1,2,1,74.0,3.7,No,Yes,55.0,65.0,NotPlaced
8183,7.3,1,2,0,83.0,4.5,Yes,Yes,56.0,71.0,Placed
1675,6.6,1,2,1,70.0,4.6,Yes,Yes,76.0,84.0,NotPlaced
5531,8.0,1,3,2,79.0,4.6,Yes,Yes,68.0,87.0,Placed
3747,8.4,1,3,2,90.0,4.8,Yes,Yes,85.0,68.0,Placed
4054,8.5,2,3,2,90.0,4.8,Yes,No,76.0,84.0,NotPlaced
4269,8.5,1,3,2,90.0,4.8,Yes,Yes,79.0,87.0,Placed
4255,6.5,0,3,0,80.0,4.4,Yes,Yes,63.0,68.0,NotPlaced
2559,7.5,0,1,0,77.0,4.3,No,Yes,61.0,69.0,NotPlaced
9208,7.0,1,2,0,72.0,4.6,Yes,Yes,68.0,74.0,Placed
8928,8.3,2,3,0,82.0,4.5,Yes,Yes,74.0,70.0,NotPlaced
7481,8.3,2,3,2,90.0,4.2,Yes,Yes,71.0,81.0,Placed
4918,7.4,0,2,1,76.0,4.0,No,Yes,69.0,73.0,NotPlaced
2479,7.4,1,2,1,72.0,3.3,Yes,Yes,81.0,69.0,Placed
4700,6.8,1,2,1,71.0,3.7,No,Yes,56.0,62.0,NotPlaced
2275,6.5,1,1,0,62.0,4.0,No,No,61.0,74.0,NotPlaced
420,7.8,1,3,0,78.0,4.4,No,Yes,77.0,70.0,Placed
1097,8.1,2,3,2,90.0,4.6,Yes,Yes,82.0,88.0,Placed
6698,7.6,1,1,0,77.0,4.1,No,Yes,57.0,67.0,Placed
6354,6.7,0,1,0,79.0,4.2,No,No,62.0,67.0,NotPlaced
5038,7.8,1,2,1,81.0,3.7,No,Yes,55.0,83.0,NotPlaced
934,7.9,1,3,2,81.0,4.8,No,Yes,74.0,80.0,Placed
8503,7.5,1,1,0,78.0,3.8,No,No,64.0,66.0,NotPlaced
169,7.5,1,1,1,74.0,3.9,No,No,63.0,65.0,NotPlaced
2544,7.6,1,2,0,90.0,4.8,Yes,Yes,77.0,86.0,Placed
7067,7.6,1,3,0,82.0,4.8,Yes,Yes,61.0,75.0,Placed
6665,7.4,1,1,0,69.0,4.3,Yes,Yes,60.0,83.0,Placed
8893,7.0,1,1,1,62.0,3.4,No,No,55.0,63.0,NotPlaced
5348,7.4,0,2,0,75.0,3.5,No,Yes,55.0,71.0,NotPlaced
8983,8.2,2,3,2,76.0,4.8,Yes,No,71.0,83.0,NotPlaced
91,7.6,1,1,0,80.0,4.5,Yes,Yes,66.0,67.0,NotPlaced
5063,8.3,2,3,2,90.0,4.8,Yes,Yes,84.0,86.0,Placed
6154,7.9,1,3,0,83.0,4.3,No,Yes,55.0,74.0,NotPlaced
7097,8.2,2,3,2,90.0,4.8,Yes,Yes,84.0,88.0,Placed
150,7.9,2,1,0,83.0,4.0,Yes,Yes,63.0,70.0,NotPlaced
57,8.0,1,1,0,74.0,4.5,Yes,Yes,55.0,65.0,NotPlaced
1695,7.5,1,1,1,80.0,4.6,No,No,63.0,70.0,NotPlaced
383,7.3,0,1,1,80.0,3.6,No,Yes,62.0,65.0,NotPlaced
3121,7.4,1,1,0,68.0,3.5,No,No,61.0,70.0,NotPlaced
778,8.1,2,3,2,90.0,4.8,Yes,Yes,84.0,86.0,Placed
528,8.2,1,1,0,70.0,4.2,No,No,55.0,62.0,NotPlaced
69,7.7,1,1,0,74.0,4.1,No,Yes,57.0,68.0,Placed
4295,7.3,1,3,3,90.0,4.7,Yes,Yes,90.0,82.0,Placed
8022,7.5,1,1,1,74.0,3.9,No,Yes,60.0,62.0,NotPlaced
158,8.0,1,3,1,87.0,4.6,Yes,Yes,72.0,83.0,NotPlaced
5395,7.0,1,1,2,74.0,4.5,Yes,Yes,78.0,86.0,NotPlaced
7888,6.5,1,3,2,84.0,4.5,No,Yes,70.0,75.0,Placed
7133,8.2,1,3,1,85.0,4.7,Yes,Yes,76.0,83.0,Placed
173,7.4,0,3,0,90.0,4.6,No,No,65.0,70.0,NotPlaced
3228,8.3,2,3,3,90.0,4.8,Yes,Yes,90.0,83.0,Placed
94,7.4,1,3,0,83.0,4.2,No,Yes,65.0,82.0,NotPlaced
1371,8.1,2,3,2,83.0,4.4,Yes,Yes,90.0,81.0,Placed
8843,6.5,1,2,0,77.0,4.2,No,No,55.0,59.0,NotPlaced
1840,6.9,1,2,0,73.0,4.2,No,No,55.0,57.0,NotPlaced
5146,7.5,0,3,1,84.0,4.5,No,Yes,77.0,78.0,NotPlaced
6786,8.5,0,3,0,89.0,4.7,Yes,Yes,83.0,80.0,Placed
5645,6.5,1,1,0,77.0,3.6,Yes,Yes,60.0,74.0,NotPlaced
4117,6.7,1,1,0,76.0,4.2,No,No,61.0,63.0,Placed
9322,7.8,1,1,0,76.0,4.6,Yes,Yes,60.0,72.0,NotPlaced
3363,8.1,1,2,0,79.0,4.1,Yes,Yes,85.0,68.0,Placed
5592,8.1,0,3,1,86.0,4.7,Yes,Yes,63.0,79.0,Placed
5433,7.7,1,2,1,61.0,4.0,No,No,55.0,66.0,NotPlaced
3466,7.7,1,1,0,70.0,4.8,No,Yes,55.0,67.0,NotPlaced
2519,6.8,0,1,1,62.0,3.5,No,No,55.0,63.0,NotPlaced
5632,8.0,1,3,2,90.0,4.4,Yes,Yes,72.0,82.0,Placed
9765,6.7,1,2,0,78.0,3.7,Yes,No,55.0,64.0,NotPlaced
285,8.0,0,1,1,87.0,3.8,No,Yes,55.0,71.0,NotPlaced
1971,7.6,0,1,2,83.0,4.8,Yes,Yes,78.0,81.0,Placed
9917,8.3,2,3,3,90.0,4.8,Yes,Yes,84.0,84.0,Placed
6827,8.7,2,3,2,90.0,4.8,Yes,Yes,77.0,86.0,Placed
5352,8.3,1,3,2,81.0,4.7,Yes,Yes,76.0,86.0,NotPlaced
1506,6.9,0,3,0,76.0,3.8,No,Yes,81.0,73.0,NotPlaced
4479,8.3,2,1,1,81.0,4.0,Yes,Yes,55.0,70.0,Placed
1014,8.7,2,3,2,90.0,4.8,Yes,Yes,76.0,85.0,Placed
4044,7.8,0,2,2,90.0,4.8,No,Yes,80.0,85.0,Placed
5566,7.5,1,1,0,75.0,4.1,Yes,Yes,61.0,70.0,NotPlaced
1262,7.7,2,3,2,90.0,4.8,Yes,Yes,70.0,86.0,NotPlaced
8421,8.0,1,3,1,90.0,4.4,No,Yes,82.0,67.0,NotPlaced
3407,8.1,2,3,2,78.0,3.4,Yes,Yes,83.0,81.0,Placed
7517,7.8,0,1,0,71.0,3.7,No,No,55.0,62.0,NotPlaced
817,7.4,1,2,2,85.0,3.5,Yes,Yes,57.0,68.0,Placed
1661,8.0,1,2,0,78.0,3.8,Yes,No,79.0,71.0,NotPlaced
1026,7.9,2,3,2,85.0,4.7,Yes,Yes,85.0,84.0,Placed
8811,7.5,1,2,0,78.0,4.4,Yes,Yes,61.0,71.0,NotPlaced
8559,7.9,0,2,0,80.0,4.2,No,Yes,66.0,60.0,NotPlaced
138,8.1,2,2,2,90.0,4.5,Yes,Yes,73.0,82.0,Placed
2085,8.0,2,1,0,74.0,4.6,Yes,Yes,78.0,79.0,Placed
8719,8.3,1,1,1,73.0,4.1,No,No,78.0,83.0,NotPlaced
1075,8.1,2,3,2,90.0,4.8,Yes,Yes,80.0,88.0,Placed
8090,8.2,2,3,2,90.0,4.4,Yes,Yes,88.0,87.0,Placed
4115,7.6,0,2,0,64.0,4.8,No,No,60.0,64.0,NotPlaced
988,8.2,2,1,1,69.0,4.5,Yes,No,83.0,79.0,NotPlaced
280,8.7,1,3,2,90.0,4.8,Yes,Yes,69.0,88.0,Placed
4214,7.5,1,1,0,78.0,4.5,No,No,58.0,65.0,NotPlaced
8887,7.5,1,2,1,78.0,4.7,No,No,55.0,66.0,NotPlaced
2677,6.5,0,1,0,72.0,4.6,No,No,79.0,58.0,NotPlaced
4819,8.4,0,3,1,90.0,4.5,Yes,Yes,75.0,82.0,Placed
5588,7.6,1,1,1,72.0,4.6,Yes,Yes,56.0,66.0,Placed
164,6.9,0,1,0,73.0,4.1,No,Yes,55.0,69.0,Placed
8939,8.3,1,3,1,85.0,4.3,Yes,Yes,65.0,82.0,NotPlaced
4482,8.2,2,1,2,81.0,4.0,Yes,Yes,83.0,86.0,NotPlaced
7406,7.5,0,1,0,65.0,3.9,No,No,55.0,65.0,NotPlaced
5051,6.6,1,2,0,87.0,4.6,No,Yes,80.0,71.0,NotPlaced
4252,8.3,1,3,2,87.0,4.8,Yes,Yes,73.0,85.0,Placed
640,8.5,1,1,2,83.0,4.3,Yes,Yes,89.0,86.0,Placed
1873,6.9,1,3,1,78.0,4.4,Yes,Yes,79.0,78.0,NotPlaced
5838,8.4,0,3,2,87.0,4.2,Yes,Yes,80.0,84.0,Placed
5220,7.4,2,2,0,84.0,4.3,No,Yes,79.0,82.0,NotPlaced
6977,8.5,2,3,2,90.0,4.7,Yes,Yes,90.0,86.0,Placed
565,8.2,1,2,1,90.0,4.7,Yes,Yes,76.0,80.0,Placed
6050,7.8,0,1,0,74.0,4.0,No,No,55.0,63.0,NotPlaced
2775,9.0,0,3,2,86.0,4.8,Yes,Yes,79.0,86.0,Placed
213,8.6,2,3,2,78.0,4.8,Yes,Yes,82.0,81.0,NotPlaced
4561,6.5,1,2,1,79.0,3.9,No,Yes,57.0,71.0,NotPlaced
2692,7.6,1,2,0,80.0,3.7,No,Yes,69.0,63.0,NotPlaced
8450,8.4,2,3,3,89.0,4.6,Yes,Yes,77.0,85.0,Placed
2384,7.7,1,1,1,70.0,4.3,Yes,Yes,75.0,70.0,NotPlaced
9012,6.5,1,2,1,61.0,3.9,No,Yes,55.0,66.0,NotPlaced
8800,7.0,2,3,2,90.0,4.8,Yes,Yes,90.0,80.0,Placed
1825,7.8,0,3,1,88.0,4.6,Yes,Yes,65.0,83.0,Placed
1135,6.7,1,1,1,67.0,3.7,No,No,56.0,64.0,NotPlaced
7554,7.8,1,1,1,63.0,4.1,No,Yes,55.0,67.0,NotPlaced
2675,8.1,1,1,1,78.0,4.3,No,Yes,58.0,63.0,NotPlaced
2371,7.5,0,2,1,73.0,3.6,No,No,56.0,71.0,NotPlaced
7821,8.3,2,3,0,85.0,4.8,Yes,Yes,75.0,83.0,Placed
6971,7.8,0,2,1,82.0,4.4,Yes,Yes,73.0,88.0,Placed
58,8.4,2,2,2,81.0,4.6,Yes,Yes,77.0,82.0,Placed
2645,7.3,1,1,1,80.0,4.7,No,No,55.0,67.0,NotPlaced
6247,8.2,1,3,1,88.0,4.5,Yes,Yes,80.0,86.0,Placed
790,7.6,1,2,1,82.0,4.7,No,Yes,64.0,65.0,NotPlaced
2310,7.9,1,2,0,80.0,4.5,No,Yes,59.0,66.0,NotPlaced
5499,7.4,2,2,0,68.0,3.8,No,Yes,55.0,66.0,NotPlaced
1330,7.6,2,2,2,74.0,3.8,Yes,Yes,75.0,84.0,NotPlaced
7885,8.4,2,3,2,90.0,4.8,Yes,Yes,67.0,82.0,Placed
5012,6.5,0,1,1,60.0,3.7,No,No,61.0,68.0,NotPlaced
9233,7.6,0,1,0,83.0,3.8,No,Yes,56.0,66.0,NotPlaced
1349,6.6,2,2,0,85.0,3.7,Yes,Yes,58.0,72.0,Placed
6965,8.2,2,3,2,90.0,4.8,Yes,Yes,81.0,82.0,Placed
6126,7.5,0,1,0,83.0,3.8,Yes,Yes,61.0,67.0,NotPlaced
5436,7.6,0,1,1,61.0,3.4,No,Yes,55.0,72.0,NotPlaced
647,7.9,2,3,2,90.0,4.6,Yes,Yes,82.0,87.0,Placed
852,6.6,0,2,1,70.0,3.2,No,Yes,62.0,58.0,NotPlaced
2747,7.7,2,3,0,71.0,3.8,No,No,73.0,74.0,NotPlaced
2511,8.2,2,3,2,87.0,4.8,Yes,Yes,77.0,86.0,Placed
1304,8.6,1,3,2,90.0,4.6,Yes,Yes,85.0,84.0,Placed
9974,7.7,1,2,1,68.0,4.2,No,Yes,55.0,85.0,NotPlaced
9575,7.7,1,2,1,84.0,4.5,Yes,Yes,69.0,69.0,Placed
6047,8.2,1,3,1,77.0,4.2,Yes,Yes,70.0,84.0,Placed
3359,6.8,1,1,0,76.0,4.3,No,No,67.0,65.0,NotPlaced
2651,8.5,1,2,0,85.0,4.3,No,Yes,55.0,83.0,Placed
9863,7.8,2,3,0,86.0,4.8,Yes,No,74.0,82.0,Placed
9916,6.6,0,1,0,74.0,4.3,Yes,No,80.0,82.0,Placed
4420,6.5,1,2,0,79.0,4.5,No,Yes,55.0,67.0,NotPlaced
8966,7.5,1,3,0,83.0,4.2,Yes,Yes,75.0,80.0,NotPlaced
6739,7.6,1,2,0,80.0,4.0,No,Yes,78.0,73.0,NotPlaced
5340,7.5,1,1,1,68.0,4.6,Yes,Yes,59.0,65.0,NotPlaced
1660,7.8,1,2,0,73.0,4.1,No,Yes,61.0,71.0,NotPlaced
962,7.3,1,1,1,83.0,3.9,Yes,No,67.0,70.0,NotPlaced
9171,8.4,2,2,2,71.0,3.8,Yes,Yes,62.0,80.0,Placed
3706,7.6,0,3,0,71.0,3.9,Yes,Yes,57.0,75.0,NotPlaced
9506,7.8,1,2,2,90.0,4.8,Yes,Yes,77.0,85.0,Placed
6454,8.1,1,1,0,69.0,4.0,No,Yes,55.0,70.0,NotPlaced
2247,8.5,2,2,2,69.0,4.4,No,Yes,76.0,81.0,NotPlaced
1003,8.1,2,2,1,88.0,4.8,Yes,Yes,88.0,67.0,NotPlaced
412,7.5,1,3,2,90.0,4.2,Yes,Yes,80.0,72.0,Placed
9702,8.3,2,3,2,90.0,4.8,Yes,Yes,79.0,84.0,Placed
7306,6.8,1,1,0,72.0,4.2,No,Yes,60.0,68.0,NotPlaced
8012,6.5,1,3,2,81.0,4.5,No,No,72.0,82.0,Placed
9592,7.8,1,3,1,77.0,3.7,No,Yes,72.0,85.0,NotPlaced
5635,7.6,0,1,2,75.0,4.5,No,No,80.0,66.0,NotPlaced
4970,7.9,1,3,2,89.0,4.8,Yes,Yes,78.0,84.0,Placed
9425,8.2,0,3,2,80.0,4.4,Yes,Yes,64.0,85.0,Placed
6637,7.6,1,3,1,71.0,4.8,Yes,Yes,55.0,74.0,NotPlaced
1524,7.4,1,1,0,75.0,4.3,No,No,55.0,61.0,NotPlaced
6248,8.2,0,2,2,78.0,4.1,Yes,No,55.0,63.0,NotPlaced
6228,7.5,1,2,1,65.0,4.1,No,No,58.0,64.0,NotPlaced
2330,8.0,1,3,0,83.0,4.1,Yes,Yes,82.0,83.0,Placed
9877,7.4,2,3,0,80.0,4.5,Yes,Yes,77.0,87.0,Placed
4938,8.5,1,1,2,82.0,4.4,Yes,Yes,82.0,85.0,Placed
3824,6.7,0,2,1,63.0,4.4,No,Yes,59.0,61.0,NotPlaced
858,6.5,0,3,2,90.0,4.8,Yes,Yes,82.0,86.0,Placed
5372,8.2,0,3,2,81.0,4.7,No,No,82.0,68.0,NotPlaced
1152,7.7,1,1,0,84.0,4.7,Yes,Yes,71.0,63.0,Placed
5081,8.0,2,3,2,90.0,4.7,Yes,Yes,77.0,70.0,NotPlaced
2473,7.9,2,1,2,75.0,3.9,Yes,No,77.0,80.0,NotPlaced
3434,8.5,1,3,2,75.0,4.1,Yes,Yes,76.0,77.0,Placed
9825,6.6,1,1,1,74.0,3.6,No,No,59.0,78.0,NotPlaced
3811,6.5,1,1,0,76.0,4.4,No,No,65.0,67.0,NotPlaced
9144,8.1,1,1,0,86.0,4.8,No,Yes,61.0,82.0,Placed
7427,8.2,1,3,2,88.0,4.8,Yes,Yes,75.0,82.0,Placed
5180,7.3,0,2,1,79.0,4.2,Yes,No,78.0,69.0,NotPlaced
3594,6.5,1,1,0,83.0,3.9,No,Yes,70.0,69.0,NotPlaced
1153,6.7,1,3,0,86.0,4.1,No,No,65.0,69.0,NotPlaced
2701,6.7,1,1,0,86.0,4.8,No,Yes,55.0,64.0,Placed
9849,7.5,1,2,0,67.0,4.1,No,No,59.0,67.0,NotPlaced
4711,7.1,2,1,2,77.0,4.1,Yes,Yes,61.0,68.0,NotPlaced
3814,7.4,0,1,0,74.0,4.2,No,No,59.0,76.0,NotPlaced
3416,8.1,2,2,1,86.0,4.4,Yes,Yes,57.0,65.0,Placed
7185,7.6,0,1,1,77.0,4.6,No,Yes,55.0,68.0,NotPlaced
2816,8.6,1,2,0,80.0,4.2,No,No,55.0,68.0,NotPlaced
5663,8.8,2,3,3,90.0,4.8,Yes,Yes,73.0,87.0,Placed
5006,6.7,1,1,1,77.0,3.4,No,Yes,59.0,72.0,NotPlaced
6547,7.4,1,2,0,70.0,4.1,Yes,No,77.0,69.0,NotPlaced
2865,8.4,2,3,2,90.0,4.8,Yes,Yes,76.0,88.0,Placed
6754,7.8,1,3,0,83.0,4.8,Yes,Yes,70.0,85.0,NotPlaced
9231,6.7,0,3,2,86.0,4.8,Yes,Yes,67.0,73.0,Placed
9248,7.8,0,1,0,73.0,4.4,No,No,56.0,68.0,Placed
7396,7.1,1,3,1,77.0,4.2,Yes,Yes,62.0,60.0,NotPlaced
6929,6.6,1,2,1,66.0,4.8,No,No,64.0,69.0,NotPlaced
1802,7.4,0,2,0,76.0,3.8,No,Yes,66.0,70.0,NotPlaced
9883,8.0,1,3,2,84.0,4.3,Yes,Yes,76.0,78.0,Placed
8996,8.4,1,2,0,81.0,4.0,No,Yes,55.0,59.0,Placed
9618,7.4,0,3,0,79.0,3.3,No,Yes,62.0,64.0,NotPlaced
5102,8.4,2,2,2,85.0,4.8,Yes,No,72.0,82.0,NotPlaced
6706,8.2,1,3,2,89.0,4.7,Yes,Yes,64.0,84.0,NotPlaced
4113,7.7,1,1,1,66.0,4.8,Yes,No,71.0,65.0,NotPlaced
4380,7.7,1,1,1,80.0,4.1,Yes,No,55.0,69.0,NotPlaced
7533,7.7,1,3,0,75.0,4.0,Yes,Yes,78.0,81.0,Placed
9006,7.7,1,1,0,80.0,3.3,No,No,55.0,67.0,NotPlaced
5937,6.8,1,1,0,82.0,3.8,No,No,60.0,65.0,NotPlaced
5815,7.5,1,3,2,88.0,4.8,Yes,Yes,81.0,77.0,Placed
8111,8.6,1,3,2,72.0,4.0,Yes,Yes,80.0,64.0,Placed
4342,7.9,1,1,1,69.0,3.9,No,No,62.0,60.0,NotPlaced
8373,8.4,1,1,2,69.0,4.4,No,No,76.0,65.0,NotPlaced
9638,7.3,0,1,0,87.0,4.8,No,No,55.0,81.0,NotPlaced
981,8.3,2,3,2,90.0,4.8,Yes,Yes,80.0,88.0,Placed
2912,6.7,1,2,1,64.0,3.8,No,Yes,82.0,64.0,NotPlaced
2333,7.6,1,3,1,73.0,3.9,Yes,No,72.0,73.0,Placed
7711,8.3,2,3,1,85.0,4.8,Yes,Yes,79.0,86.0,Placed
7712,6.5,1,1,0,67.0,4.0,No,No,60.0,67.0,NotPlaced
5945,7.6,0,1,0,69.0,3.1,No,No,60.0,62.0,NotPlaced
4800,8.6,1,3,3,90.0,4.8,Yes,Yes,72.0,85.0,Placed
9165,8.2,1,3,0,84.0,4.1,Yes,Yes,77.0,67.0,Placed
5925,8.0,0,2,2,79.0,4.4,No,Yes,55.0,68.0,NotPlaced
9039,6.8,1,1,1,69.0,3.7,No,No,63.0,65.0,NotPlaced
8570,7.3,1,1,2,71.0,4.0,No,Yes,55.0,69.0,NotPlaced
2208,7.8,1,1,0,89.0,4.7,Yes,Yes,79.0,69.0,NotPlaced
5053,8.5,2,2,2,88.0,4.8,Yes,Yes,76.0,86.0,Placed
6200,7.7,2,3,2,76.0,4.8,Yes,Yes,70.0,85.0,Placed
9236,8.4,0,1,1,85.0,4.8,Yes,Yes,75.0,81.0,Placed
3647,8.5,2,3,1,70.0,3.9,Yes,Yes,60.0,71.0,NotPlaced
6457,8.7,1,2,1,74.0,4.2,Yes,Yes,55.0,80.0,Placed
9847,8.3,2,2,0,74.0,4.8,Yes,Yes,57.0,68.0,Placed
738,7.0,1,1,1,65.0,3.0,No,No,55.0,62.0,NotPlaced
777,8.1,0,3,2,90.0,4.2,Yes,Yes,69.0,88.0,Placed
7360,6.5,0,2,1,81.0,4.8,Yes,Yes,55.0,69.0,NotPlaced
5725,8.6,2,3,2,90.0,4.8,Yes,Yes,85.0,82.0,Placed
2656,8.5,2,2,2,90.0,4.8,Yes,Yes,84.0,71.0,Placed
8642,6.8,1,2,0,74.0,3.9,No,No,55.0,62.0,NotPlaced
9436,6.5,2,1,0,73.0,4.0,No,No,55.0,68.0,NotPlaced
9927,8.2,1,3,1,69.0,3.8,No,Yes,55.0,85.0,NotPlaced
668,6.9,0,1,0,79.0,3.6,No,No,61.0,67.0,NotPlaced
6407,8.1,1,2,3,85.0,4.6,Yes,Yes,55.0,63.0,NotPlaced
5513,8.7,0,2,2,84.0,4.5,Yes,Yes,83.0,84.0,NotPlaced
1686,8.3,1,2,1,84.0,4.4,No,Yes,62.0,82.0,NotPlaced
5130,6.7,1,1,1,76.0,3.9,No,No,62.0,65.0,NotPlaced
5076,8.5,2,3,2,77.0,4.5,Yes,Yes,81.0,85.0,Placed
4725,8.3,2,3,2,90.0,4.4,Yes,Yes,84.0,86.0,Placed
7685,7.9,0,2,0,81.0,4.5,Yes,Yes,74.0,87.0,NotPlaced
7639,7.6,0,1,1,71.0,4.3,No,No,59.0,66.0,NotPlaced
1150,6.9,1,1,0,71.0,4.5,No,Yes,55.0,63.0,NotPlaced
5403,8.6,2,3,2,87.0,4.8,Yes,Yes,81.0,88.0,Placed
7827,8.8,2,3,2,90.0,4.7,Yes,Yes,81.0,79.0,Placed
3682,8.4,0,3,2,90.0,4.8,Yes,No,80.0,82.0,Placed
5522,8.2,0,1,0,88.0,4.0,No,No,76.0,60.0,NotPlaced
7162,8.8,2,3,2,90.0,4.8,Yes,Yes,66.0,85.0,Placed
901,8.6,2,3,3,87.0,4.7,Yes,Yes,70.0,86.0,Placed
65,7.6,1,2,0,77.0,4.6,Yes,No,84.0,67.0,NotPlaced
8292,7.7,1,3,2,87.0,4.5,Yes,Yes,82.0,81.0,Placed
1467,7.2,0,2,1,77.0,4.6,Yes,Yes,55.0,63.0,NotPlaced
8487,7.4,1,1,0,60.0,4.3,Yes,Yes,61.0,75.0,Placed
8736,7.2,2,2,2,87.0,4.4,Yes,Yes,72.0,70.0,Placed
3552,7.5,2,2,1,90.0,4.2,Yes,Yes,82.0,74.0,NotPlaced
9948,7.7,0,2,1,64.0,4.4,Yes,Yes,71.0,70.0,NotPlaced
4951,8.1,0,2,2,75.0,4.3,Yes,Yes,84.0,88.0,Placed
1412,7.0,1,1,1,70.0,4.0,No,Yes,56.0,65.0,NotPlaced
3019,7.6,2,2,2,81.0,4.3,No,Yes,85.0,82.0,NotPlaced
9890,8.2,0,3,2,90.0,4.7,Yes,Yes,76.0,85.0,Placed
2987,7.4,1,1,0,77.0,4.2,No,Yes,55.0,70.0,NotPlaced
6120,7.8,1,3,0,90.0,3.7,Yes,Yes,71.0,85.0,NotPlaced
7991,7.9,0,2,0,80.0,3.6,No,No,60.0,86.0,NotPlaced
672,7.3,1,1,0,71.0,4.6,Yes,Yes,75.0,67.0,NotPlaced
4461,8.2,2,3,2,90.0,4.8,Yes,Yes,85.0,80.0,Placed
8752,7.5,2,2,1,68.0,3.7,No,No,59.0,62.0,NotPlaced
4277,8.3,1,3,0,84.0,4.7,Yes,Yes,77.0,86.0,Placed
7188,8.4,2,2,3,82.0,4.3,Yes,No,75.0,83.0,NotPlaced
8779,6.9,0,1,0,79.0,4.8,Yes,No,62.0,67.0,NotPlaced
2896,8.3,1,2,1,84.0,4.3,Yes,Yes,64.0,71.0,NotPlaced
1893,8.1,0,1,0,83.0,4.2,Yes,Yes,71.0,83.0,NotPlaced
3247,6.5,1,1,0,69.0,3.4,No,No,66.0,66.0,NotPlaced
6348,7.7,1,1,0,85.0,3.9,No,No,57.0,59.0,Placed
2205,8.3,0,3,1,76.0,4.5,Yes,No,81.0,67.0,NotPlaced
3411,8.3,1,2,1,71.0,4.0,Yes,Yes,55.0,61.0,NotPlaced
8516,7.7,0,1,0,81.0,3.8,Yes,Yes,82.0,64.0,NotPlaced
8233,6.7,0,1,1,78.0,4.3,No,No,60.0,66.0,NotPlaced
1989,8.4,2,3,1,85.0,4.4,Yes,Yes,78.0,83.0,Placed
2299,7.5,1,1,1,62.0,4.3,No,No,60.0,61.0,NotPlaced
6703,7.8,2,3,2,90.0,4.8,Yes,Yes,76.0,88.0,Placed
9631,6.5,1,1,0,69.0,4.0,No,Yes,55.0,65.0,NotPlaced
7572,8.4,1,3,2,70.0,3.8,Yes,No,75.0,86.0,NotPlaced
1928,8.1,2,3,2,90.0,4.8,Yes,Yes,81.0,85.0,Placed
7362,7.8,0,2,2,80.0,3.9,Yes,Yes,55.0,67.0,NotPlaced
1546,7.8,2,3,2,90.0,4.8,Yes,No,82.0,79.0,Placed
5716,7.5,1,2,1,65.0,4.1,No,No,68.0,73.0,NotPlaced
3311,8.5,0,3,2,90.0,4.7,Yes,Yes,70.0,86.0,Placed
3916,8.5,2,3,2,88.0,4.7,Yes,Yes,71.0,84.0,Placed
3948,8.0,2,3,2,90.0,4.3,Yes,Yes,75.0,82.0,Placed
643,6.6,0,1,1,72.0,3.4,No,No,83.0,65.0,NotPlaced
9316,6.9,0,2,1,69.0,4.0,No,Yes,62.0,61.0,NotPlaced
5048,6.6,1,1,1,68.0,3.3,Yes,No,60.0,62.0,NotPlaced
5996,7.9,1,3,2,90.0,4.8,Yes,Yes,76.0,70.0,Placed
1263,7.4,1,2,2,83.0,4.4,Yes,Yes,56.0,64.0,Placed
3843,8.2,1,3,2,90.0,4.6,Yes,Yes,74.0,85.0,Placed
2340,8.6,1,3,1,88.0,4.8,Yes,Yes,71.0,80.0,NotPlaced
9514,8.3,1,3,1,86.0,4.3,No,Yes,70.0,70.0,Placed
1564,7.5,1,1,1,60.0,3.5,No,Yes,58.0,66.0,NotPlaced
9961,8.3,1,1,0,70.0,4.1,No,Yes,69.0,76.0,NotPlaced
8199,7.4,1,1,0,74.0,3.8,No,No,73.0,70.0,NotPlaced
7013,7.6,1,1,0,84.0,3.7,No,No,56.0,70.0,NotPlaced
6501,7.9,0,1,1,69.0,3.6,Yes,Yes,76.0,63.0,NotPlaced
7872,7.8,1,1,0,83.0,3.8,No,Yes,69.0,66.0,NotPlaced
5585,7.6,2,1,0,73.0,4.0,No,Yes,82.0,75.0,Placed
7106,8.2,2,3,2,89.0,4.0,Yes,No,77.0,82.0,Placed
6034,7.5,2,3,2,90.0,4.1,No,Yes,63.0,83.0,Placed
163,6.7,1,1,0,75.0,4.2,No,No,56.0,64.0,NotPlaced
4784,8.4,0,3,0,90.0,4.5,Yes,Yes,71.0,83.0,Placed
3064,8.8,2,3,2,90.0,4.6,Yes,Yes,85.0,83.0,Placed
5623,8.7,0,2,1,80.0,4.8,Yes,Yes,82.0,79.0,Placed
2358,8.1,2,2,1,90.0,4.7,Yes,Yes,68.0,88.0,Placed
799,7.6,0,1,0,65.0,4.1,No,No,55.0,68.0,NotPlaced
3810,7.4,1,1,1,76.0,4.6,No,Yes,60.0,57.0,NotPlaced
4568,7.0,1,2,2,82.0,3.9,No,No,62.0,64.0,NotPlaced
8875,6.5,0,2,0,77.0,4.4,No,Yes,55.0,65.0,NotPlaced
1681,7.5,1,3,1,73.0,4.6,Yes,Yes,75.0,63.0,Placed
9190,8.5,2,3,2,84.0,4.5,Yes,Yes,74.0,86.0,Placed
4769,8.1,2,3,2,90.0,4.6,Yes,Yes,77.0,81.0,Placed
4808,6.5,1,1,1,68.0,4.7,No,No,59.0,73.0,NotPlaced
6595,8.1,1,2,1,83.0,4.6,No,Yes,82.0,81.0,NotPlaced
498,7.7,0,3,2,86.0,4.7,No,Yes,79.0,67.0,NotPlaced
6626,8.1,0,3,2,90.0,4.8,Yes,Yes,84.0,86.0,Placed
2871,6.5,1,1,0,78.0,4.5,Yes,Yes,55.0,77.0,NotPlaced
3273,6.6,1,1,1,68.0,4.1,Yes,Yes,77.0,69.0,NotPlaced
2003,8.2,1,2,2,74.0,4.4,Yes,Yes,72.0,81.0,Placed
9876,6.5,1,2,0,68.0,3.7,No,Yes,58.0,65.0,NotPlaced
8483,8.2,2,3,2,90.0,4.5,Yes,Yes,86.0,81.0,Placed
6233,8.6,1,2,2,90.0,4.8,Yes,Yes,80.0,87.0,Placed
2437,7.7,0,1,1,90.0,4.3,Yes,Yes,75.0,75.0,Placed
1529,8.3,1,3,2,80.0,4.1,Yes,Yes,76.0,83.0,Placed
6273,8.5,2,3,2,90.0,4.8,Yes,Yes,77.0,88.0,Placed
9571,6.5,1,1,1,66.0,3.6,No,No,59.0,69.0,NotPlaced
9625,6.7,1,1,0,85.0,4.4,No,Yes,55.0,68.0,NotPlaced
5385,8.5,2,2,0,85.0,4.5,Yes,Yes,71.0,78.0,Placed
5964,7.7,1,1,0,90.0,4.8,No,Yes,79.0,80.0,Placed
6387,6.5,0,1,0,69.0,4.4,No,No,57.0,66.0,NotPlaced
6288,8.1,1,1,0,76.0,3.4,No,Yes,70.0,62.0,Placed
9803,7.3,1,2,0,74.0,3.6,No,Yes,77.0,63.0,NotPlaced
3054,7.4,1,2,2,77.0,4.6,Yes,Yes,66.0,83.0,Placed
540,7.5,2,2,0,73.0,4.4,Yes,Yes,86.0,74.0,Placed
1824,7.8,0,1,0,73.0,4.0,No,No,56.0,72.0,NotPlaced
1679,8.4,0,2,0,86.0,4.6,Yes,Yes,77.0,80.0,NotPlaced
6202,6.7,0,1,1,64.0,4.4,No,Yes,57.0,70.0,NotPlaced
1785,7.4,1,1,0,77.0,4.3,No,Yes,56.0,69.0,NotPlaced
1214,7.4,0,1,0,75.0,3.8,No,No,79.0,62.0,NotPlaced
7893,7.3,1,3,2,90.0,4.5,Yes,Yes,77.0,85.0,Placed
8551,6.9,1,1,0,78.0,4.3,Yes,Yes,55.0,72.0,NotPlaced
7190,6.5,0,2,0,90.0,4.5,No,No,55.0,64.0,NotPlaced
7031,6.5,1,1,1,75.0,4.5,No,No,55.0,65.0,NotPlaced
2426,8.0,2,3,2,89.0,4.1,Yes,Yes,75.0,85.0,Placed
9014,6.7,1,2,0,74.0,4.6,Yes,Yes,55.0,68.0,Placed
5307,6.5,0,2,0,87.0,3.3,No,No,60.0,67.0,NotPlaced
3654,8.2,1,3,2,90.0,4.8,Yes,No,79.0,85.0,Placed
862,7.6,0,1,1,84.0,4.3,No,No,55.0,68.0,NotPlaced
2762,8.0,0,3,2,87.0,4.5,Yes,Yes,83.0,81.0,Placed
7328,7.7,1,3,2,78.0,4.6,Yes,Yes,83.0,81.0,NotPlaced
9023,6.5,1,2,1,76.0,4.1,Yes,No,56.0,70.0,NotPlaced
6793,7.6,1,2,0,84.0,4.4,Yes,Yes,72.0,86.0,Placed
3826,6.6,0,2,0,64.0,4.6,Yes,No,59.0,63.0,NotPlaced
1340,7.6,0,1,0,78.0,4.3,No,Yes,71.0,64.0,NotPlaced
4785,7.7,1,3,2,87.0,4.8,Yes,Yes,70.0,88.0,Placed
2585,8.8,2,3,2,85.0,4.7,Yes,No,86.0,86.0,Placed
1770,7.8,0,2,0,79.0,4.1,No,Yes,57.0,63.0,NotPlaced
5765,8.6,1,2,2,78.0,4.8,Yes,Yes,84.0,87.0,Placed
3315,8.9,1,3,0,84.0,4.5,Yes,Yes,72.0,84.0,Placed
4851,8.6,2,2,2,81.0,4.8,Yes,Yes,78.0,81.0,Placed
1894,8.2,1,1,1,71.0,3.5,No,No,56.0,65.0,NotPlaced
2005,6.7,1,2,0,76.0,4.8,Yes,Yes,59.0,66.0,Placed
2955,7.9,1,2,0,66.0,4.5,No,Yes,60.0,63.0,NotPlaced
8688,6.8,1,2,2,70.0,3.8,No,Yes,55.0,67.0,NotPlaced
9601,8.5,2,3,2,90.0,4.8,Yes,Yes,80.0,83.0,Placed
9985,8.5,1,3,2,90.0,4.8,Yes,Yes,81.0,84.0,Placed
1689,6.7,1,1,1,71.0,4.5,No,No,55.0,67.0,NotPlaced
6813,6.8,1,2,0,79.0,4.1,No,Yes,62.0,82.0,Placed
9159,7.4,1,2,0,85.0,4.6,No,No,55.0,63.0,NotPlaced
8119,7.2,0,2,0,69.0,4.1,Yes,Yes,71.0,83.0,NotPlaced
2307,6.5,1,2,2,75.0,4.1,Yes,Yes,66.0,70.0,Placed
2658,7.4,1,3,2,83.0,4.8,No,Yes,68.0,88.0,Placed
7348,8.1,2,3,2,90.0,4.8,Yes,Yes,75.0,84.0,Placed
5574,7.2,1,1,0,72.0,4.1,No,Yes,55.0,73.0,NotPlaced
5426,7.8,2,3,2,86.0,4.8,No,Yes,85.0,84.0,Placed
7222,8.3,2,3,0,83.0,4.8,Yes,Yes,84.0,79.0,Placed
9860,6.5,1,1,0,69.0,3.7,No,Yes,79.0,67.0,NotPlaced
5255,7.4,0,1,0,61.0,3.7,No,Yes,57.0,63.0,NotPlaced
8643,8.4,0,3,3,85.0,4.8,Yes,Yes,63.0,69.0,Placed
4101,7.4,1,1,0,81.0,4.0,No,No,62.0,73.0,NotPlaced
3643,8.1,2,3,1,90.0,4.4,Yes,Yes,79.0,83.0,Placed
5394,8.2,1,3,0,84.0,4.5,Yes,Yes,70.0,74.0,Placed
171,8.3,1,2,1,69.0,3.8,No,Yes,76.0,71.0,NotPlaced
4262,7.4,0,1,1,63.0,3.5,No,No,56.0,68.0,NotPlaced
3548,7.5,1,1,0,70.0,4.8,No,No,61.0,72.0,NotPlaced
1616,8.6,2,3,3,87.0,4.8,No,Yes,73.0,85.0,Placed
7921,8.6,1,1,2,89.0,4.3,Yes,Yes,65.0,67.0,NotPlaced
1342,7.4,0,3,2,80.0,4.4,Yes,Yes,79.0,67.0,NotPlaced
3872,6.5,1,1,0,75.0,3.6,No,No,63.0,68.0,NotPlaced
1905,8.4,1,3,2,90.0,4.6,Yes,Yes,73.0,84.0,Placed
9242,8.1,2,3,2,88.0,4.8,Yes,Yes,74.0,81.0,Placed
1550,8.6,1,3,2,86.0,4.5,Yes,Yes,79.0,88.0,Placed
7865,6.5,1,1,1,69.0,4.3,No,No,55.0,69.0,NotPlaced
1104,7.4,1,1,1,80.0,4.5,No,Yes,57.0,77.0,NotPlaced
5640,7.3,1,1,1,83.0,3.8,No,Yes,56.0,68.0,NotPlaced
1658,8.1,2,3,1,75.0,4.8,Yes,Yes,59.0,72.0,NotPlaced
219,8.3,1,2,2,88.0,4.1,Yes,Yes,80.0,79.0,Placed
9968,7.8,0,3,2,85.0,4.6,Yes,Yes,75.0,81.0,NotPlaced
3918,7.6,1,3,0,71.0,4.7,Yes,No,64.0,67.0,NotPlaced
26,6.7,1,1,1,70.0,4.0,No,No,68.0,57.0,NotPlaced
2885,8.1,2,2,0,84.0,4.8,Yes,Yes,76.0,87.0,Placed
7468,6.5,2,1,1,86.0,3.7,Yes,Yes,58.0,68.0,NotPlaced
5197,8.3,1,1,2,88.0,3.8,Yes,Yes,89.0,68.0,Placed
1655,8.1,1,3,2,81.0,4.8,No,Yes,79.0,82.0,NotPlaced
2009,8.5,2,3,0,76.0,4.8,Yes,Yes,85.0,88.0,Placed
2368,8.2,2,3,2,90.0,4.2,Yes,Yes,83.0,77.0,Placed
9532,8.1,1,3,2,90.0,4.8,Yes,Yes,90.0,85.0,Placed
8245,8.4,1,3,2,84.0,4.8,Yes,Yes,81.0,84.0,NotPlaced
9065,7.5,1,2,0,64.0,3.8,No,No,55.0,67.0,NotPlaced
395,8.6,1,2,0,86.0,4.8,Yes,Yes,69.0,77.0,Placed
370,8.0,2,2,2,81.0,4.5,No,No,69.0,71.0,NotPlaced
9990,8.3,2,3,0,90.0,4.6,Yes,No,78.0,79.0,Placed
6148,8.7,2,3,2,90.0,4.8,Yes,Yes,78.0,84.0,Placed
1599,8.4,2,3,2,90.0,4.5,Yes,Yes,81.0,85.0,Placed
8671,7.6,0,3,0,87.0,4.1,Yes,Yes,77.0,71.0,Placed
6297,7.6,1,2,1,90.0,3.8,Yes,Yes,72.0,65.0,NotPlaced
9733,8.4,1,3,1,80.0,4.6,Yes,Yes,74.0,81.0,Placed
2734,7.7,2,3,2,90.0,4.8,Yes,Yes,81.0,85.0,Placed
3135,8.2,2,1,1,75.0,3.7,Yes,Yes,68.0,84.0,NotPlaced
4895,8.2,1,3,0,90.0,4.7,Yes,Yes,80.0,80.0,Placed
4442,8.4,2,3,2,90.0,4.8,Yes,Yes,85.0,82.0,Placed
8850,8.6,1,3,2,90.0,4.8,Yes,Yes,78.0,85.0,Placed
6381,6.6,1,1,1,60.0,3.3,No,No,56.0,66.0,NotPlaced
7485,7.5,1,2,0,70.0,4.2,No,Yes,55.0,72.0,Placed
6598,7.5,1,1,0,82.0,3.3,Yes,Yes,81.0,66.0,NotPlaced
9700,8.2,1,3,2,85.0,4.4,Yes,Yes,81.0,84.0,Placed
2209,8.9,2,3,2,86.0,4.7,Yes,Yes,71.0,88.0,Placed
3313,8.5,1,3,2,90.0,4.3,Yes,Yes,72.0,87.0,Placed
6616,6.7,1,2,1,64.0,3.1,No,Yes,55.0,68.0,NotPlaced
6222,7.8,1,3,1,79.0,4.2,No,No,81.0,70.0,NotPlaced
4830,8.2,2,3,2,90.0,4.6,Yes,Yes,85.0,85.0,Placed
34,8.6,1,2,2,75.0,4.3,Yes,Yes,62.0,80.0,Placed
1718,6.7,1,1,1,64.0,4.2,No,Yes,69.0,68.0,NotPlaced
3607,7.9,1,2,1,82.0,4.5,No,Yes,67.0,66.0,NotPlaced
1459,7.5,1,1,0,65.0,3.5,No,Yes,55.0,73.0,NotPlaced
5839,6.7,1,2,0,78.0,4.6,No,Yes,73.0,67.0,Placed
8176,9.0,2,3,0,90.0,4.8,Yes,Yes,85.0,80.0,Placed
1887,7.4,1,2,0,80.0,4.2,Yes,Yes,83.0,80.0,Placed
9420,8.1,1,0,1,82.0,3.4,Yes,No,58.0,67.0,NotPlaced
6500,6.9,2,3,2,86.0,4.8,Yes,Yes,79.0,85.0,Placed
2988,8.6,2,3,2,88.0,4.5,Yes,Yes,82.0,85.0,NotPlaced
8705,8.4,2,3,1,86.0,4.4,Yes,Yes,57.0,80.0,Placed
6425,8.2,2,3,2,90.0,4.8,Yes,Yes,77.0,86.0,NotPlaced
7390,8.2,0,3,1,90.0,4.8,Yes,No,61.0,75.0,NotPlaced
2015,6.5,1,2,1,62.0,4.4,No,Yes,60.0,66.0,NotPlaced
5119,7.4,2,1,0,78.0,3.6,No,No,55.0,70.0,NotPlaced
2115,8.3,0,1,1,77.0,3.8,Yes,Yes,78.0,84.0,NotPlaced
527,8.1,0,2,0,80.0,4.5,No,Yes,69.0,83.0,NotPlaced
7511,6.5,1,3,2,75.0,3.8,Yes,Yes,79.0,67.0,NotPlaced
5194,8.1,1,2,1,81.0,4.7,Yes,Yes,61.0,84.0,NotPlaced
4218,8.3,2,3,2,84.0,4.8,Yes,Yes,82.0,85.0,Placed
7291,8.5,2,2,2,90.0,4.8,Yes,Yes,78.0,77.0,Placed
6845,8.4,1,1,1,73.0,4.3,No,Yes,64.0,73.0,NotPlaced
6858,8.4,1,3,2,88.0,4.8,Yes,Yes,73.0,84.0,NotPlaced
2485,7.7,1,0,0,75.0,4.1,Yes,Yes,71.0,61.0,Placed
4301,7.7,1,3,1,79.0,4.4,Yes,Yes,70.0,84.0,Placed
6455,8.6,2,3,1,90.0,4.8,Yes,Yes,77.0,84.0,Placed
189,7.8,1,1,1,65.0,3.9,No,No,55.0,70.0,NotPlaced
6409,7.9,1,1,2,80.0,4.1,Yes,Yes,76.0,83.0,NotPlaced
2345,6.7,1,1,1,76.0,4.6,No,No,62.0,68.0,NotPlaced
5939,8.5,1,3,1,84.0,4.3,Yes,Yes,80.0,82.0,Placed
7353,8.3,0,3,0,86.0,4.3,Yes,No,56.0,65.0,NotPlaced
1471,8.4,0,1,0,80.0,4.5,No,No,77.0,72.0,Placed
3458,7.7,0,1,1,60.0,4.7,No,No,59.0,62.0,NotPlaced
5326,8.1,2,3,2,86.0,4.5,Yes,Yes,80.0,86.0,NotPlaced
5735,6.5,1,1,0,72.0,4.8,No,No,68.0,70.0,NotPlaced
5299,8.1,1,3,0,80.0,4.7,Yes,Yes,79.0,84.0,Placed
7011,8.4,1,3,2,90.0,4.8,Yes,Yes,74.0,81.0,Placed
6667,7.1,1,3,2,72.0,3.8,Yes,No,57.0,62.0,NotPlaced
504,7.2,0,2,1,60.0,3.6,No,No,74.0,71.0,NotPlaced
2365,8.6,1,3,1,83.0,4.7,Yes,Yes,78.0,81.0,Placed
5261,7.4,1,2,2,78.0,4.5,No,Yes,55.0,75.0,NotPlaced
1069,7.5,2,1,2,80.0,4.0,No,No,76.0,75.0,NotPlaced
7249,8.4,0,3,2,90.0,4.8,Yes,Yes,75.0,83.0,Placed
4495,7.5,2,1,0,71.0,3.4,Yes,No,84.0,65.0,NotPlaced
5831,8.7,1,2,2,73.0,4.4,No,Yes,72.0,68.0,NotPlaced
4485,7.5,1,1,1,70.0,4.6,No,Yes,55.0,65.0,NotPlaced
6073,6.7,1,1,0,79.0,4.0,No,No,57.0,57.0,NotPlaced
7114,8.2,1,3,1,86.0,4.5,No,Yes,65.0,82.0,Placed
3426,8.3,1,2,1,80.0,4.7,Yes,Yes,74.0,81.0,NotPlaced
3834,6.8,1,1,2,77.0,4.1,No,Yes,71.0,70.0,NotPlaced
5474,7.4,1,2,0,82.0,4.3,No,Yes,60.0,66.0,NotPlaced
3700,8.6,2,3,2,90.0,4.8,Yes,Yes,75.0,88.0,Placed
248,6.7,1,2,1,73.0,4.3,No,Yes,71.0,66.0,NotPlaced
541,8.7,2,3,2,90.0,4.8,Yes,Yes,75.0,88.0,Placed
7455,8.7,0,3,2,88.0,4.7,Yes,Yes,74.0,86.0,Placed
8969,6.9,1,1,1,72.0,3.6,No,No,61.0,59.0,NotPlaced
8059,8.4,2,3,2,90.0,4.8,Yes,Yes,79.0,84.0,Placed
3263,8.6,1,2,2,80.0,4.8,Yes,Yes,73.0,80.0,NotPlaced
2210,8.3,1,3,2,85.0,4.8,Yes,Yes,71.0,70.0,Placed
4316,8.5,1,2,2,86.0,4.6,Yes,Yes,73.0,75.0,Placed
3760,8.2,2,3,2,90.0,4.8,Yes,Yes,70.0,85.0,Placed
493,8.5,1,2,1,70.0,4.5,Yes,Yes,74.0,64.0,Placed
6326,6.7,1,1,2,80.0,4.4,No,Yes,55.0,64.0,Placed
3177,6.8,1,2,0,67.0,4.1,No,Yes,57.0,65.0,NotPlaced
3217,7.5,2,2,0,70.0,4.4,No,Yes,55.0,62.0,NotPlaced
399,7.4,1,1,1,87.0,4.6,No,Yes,68.0,65.0,NotPlaced
3860,8.9,2,3,2,90.0,4.8,Yes,Yes,71.0,87.0,Placed
4045,7.2,0,3,0,75.0,4.6,No,No,83.0,65.0,Placed
5445,6.5,1,1,0,71.0,4.2,Yes,Yes,55.0,75.0,NotPlaced
5457,7.7,1,2,0,88.0,4.1,Yes,Yes,55.0,64.0,NotPlaced
8947,8.0,1,3,0,81.0,4.3,Yes,Yes,80.0,71.0,NotPlaced
1959,7.5,1,1,0,78.0,3.3,No,No,64.0,61.0,NotPlaced
7690,8.4,1,2,2,73.0,4.3,Yes,No,71.0,79.0,Placed
5956,7.9,1,3,0,81.0,3.2,No,Yes,74.0,78.0,NotPlaced
5142,6.6,0,2,0,79.0,4.2,Yes,No,62.0,79.0,NotPlaced
5741,7.4,1,2,1,68.0,3.6,No,No,55.0,64.0,NotPlaced
6656,8.0,1,1,0,83.0,4.8,No,Yes,61.0,68.0,NotPlaced
5916,7.5,1,1,0,84.0,3.7,No,Yes,77.0,87.0,NotPlaced
8935,7.5,1,2,1,80.0,3.7,No,Yes,55.0,66.0,NotPlaced
2063,8.4,1,3,2,90.0,4.7,Yes,Yes,85.0,88.0,Placed
5152,8.1,2,3,2,87.0,3.9,Yes,Yes,57.0,77.0,NotPlaced
769,8.0,2,3,2,90.0,4.8,Yes,Yes,87.0,88.0,Placed
8934,7.2,1,1,0,73.0,3.8,No,No,59.0,65.0,NotPlaced
9762,7.9,1,3,0,81.0,4.5,Yes,Yes,66.0,74.0,NotPlaced
8863,7.8,1,3,2,80.0,3.4,Yes,No,55.0,67.0,NotPlaced
5341,6.7,1,2,2,76.0,3.8,No,Yes,61.0,61.0,NotPlaced
5022,8.4,2,3,2,90.0,4.8,Yes,Yes,85.0,81.0,Placed
5661,6.5,1,1,1,85.0,4.8,No,Yes,55.0,61.0,NotPlaced
4596,7.5,1,1,0,72.0,4.3,No,Yes,71.0,69.0,NotPlaced
6437,8.3,1,3,2,79.0,4.4,Yes,No,70.0,86.0,NotPlaced
8332,7.4,1,2,0,64.0,4.7,Yes,Yes,77.0,65.0,NotPlaced
6956,8.1,2,3,2,90.0,4.6,Yes,Yes,71.0,87.0,Placed
973,7.3,1,1,2,66.0,4.6,No,Yes,55.0,70.0,Placed
7010,6.5,0,1,2,71.0,3.2,No,No,58.0,61.0,NotPlaced
5913,8.2,1,3,2,90.0,4.8,Yes,Yes,80.0,81.0,Placed
5549,8.6,1,1,0,65.0,3.7,Yes,No,69.0,62.0,NotPlaced
3514,8.0,0,1,1,81.0,4.0,No,No,55.0,73.0,NotPlaced
6980,8.5,1,3,2,81.0,4.2,No,Yes,55.0,86.0,NotPlaced
8851,7.7,1,2,1,76.0,3.7,No,Yes,72.0,69.0,NotPlaced
5773,6.5,0,2,0,74.0,3.5,No,No,61.0,61.0,NotPlaced
9404,7.4,1,1,3,85.0,4.0,Yes,Yes,74.0,71.0,NotPlaced
7890,7.6,1,1,1,73.0,3.7,No,No,55.0,72.0,NotPlaced
388,7.4,2,3,0,71.0,4.8,Yes,Yes,86.0,73.0,NotPlaced
1935,8.4,2,3,2,90.0,4.8,Yes,Yes,80.0,84.0,Placed
1835,7.9,1,2,0,73.0,4.3,No,Yes,58.0,65.0,NotPlaced
5397,8.0,1,1,2,75.0,3.7,No,Yes,72.0,65.0,NotPlaced
2860,7.6,2,3,0,78.0,4.8,Yes,Yes,74.0,87.0,Placed
840,6.5,1,2,0,67.0,4.4,No,No,72.0,68.0,NotPlaced
5868,6.6,1,1,0,76.0,4.4,No,No,59.0,70.0,NotPlaced
1687,8.1,1,1,0,80.0,4.6,No,No,59.0,58.0,NotPlaced
2809,7.5,0,1,1,67.0,4.4,No,Yes,80.0,60.0,NotPlaced
8404,8.0,2,3,2,90.0,4.8,Yes,Yes,84.0,84.0,Placed
7006,7.7,1,3,2,84.0,4.8,No,Yes,70.0,67.0,NotPlaced
4990,7.7,1,1,1,64.0,3.9,No,No,58.0,66.0,NotPlaced
198,8.5,2,3,0,86.0,4.2,Yes,Yes,60.0,85.0,Placed
6525,7.9,1,2,0,75.0,3.9,No,Yes,62.0,73.0,NotPlaced
5458,7.6,1,2,0,81.0,4.7,Yes,Yes,74.0,85.0,NotPlaced
737,7.0,1,1,1,70.0,4.8,No,No,61.0,63.0,NotPlaced
7816,8.5,1,3,2,90.0,4.7,Yes,Yes,75.0,81.0,Placed
5187,6.5,0,3,2,85.0,4.6,Yes,Yes,81.0,84.0,Placed
8772,6.8,1,2,0,80.0,4.5,Yes,Yes,56.0,67.0,Placed
9668,7.6,2,2,0,86.0,4.6,Yes,Yes,70.0,83.0,NotPlaced
8573,8.7,0,3,2,90.0,4.8,Yes,Yes,71.0,83.0,Placed
2244,7.5,1,2,0,79.0,3.8,No,No,64.0,70.0,NotPlaced
4399,7.1,1,2,2,81.0,4.8,Yes,Yes,70.0,84.0,NotPlaced
5441,8.1,2,3,2,90.0,4.8,Yes,Yes,82.0,81.0,Placed
3470,8.3,2,3,2,88.0,4.7,Yes,Yes,75.0,85.0,NotPlaced
4489,7.6,0,1,1,76.0,4.5,No,No,65.0,68.0,NotPlaced
5721,8.8,2,3,2,90.0,4.8,Yes,Yes,73.0,80.0,Placed
761,7.5,1,1,0,79.0,3.7,No,No,55.0,58.0,NotPlaced
507,6.6,2,3,1,72.0,4.6,Yes,No,56.0,57.0,NotPlaced
5576,7.6,1,2,1,79.0,4.5,No,Yes,55.0,68.0,NotPlaced
6852,7.6,1,3,2,81.0,4.8,Yes,Yes,78.0,87.0,Placed
2401,7.4,1,1,2,68.0,4.3,No,Yes,61.0,60.0,NotPlaced
4639,8.2,1,1,2,86.0,3.4,No,Yes,80.0,71.0,NotPlaced
5052,8.1,2,3,2,90.0,4.7,Yes,Yes,86.0,81.0,Placed
5664,6.5,1,1,1,81.0,4.7,No,Yes,62.0,63.0,NotPlaced
8462,8.5,1,3,2,90.0,4.8,Yes,Yes,82.0,88.0,Placed
1427,7.0,1,2,1,77.0,4.3,Yes,Yes,69.0,61.0,Placed
1218,7.5,1,2,0,75.0,3.7,Yes,Yes,67.0,70.0,NotPlaced
3071,6.5,1,1,0,78.0,3.9,No,Yes,57.0,70.0,NotPlaced
9810,8.0,2,3,2,90.0,4.8,Yes,Yes,84.0,83.0,Placed
9806,8.2,1,3,1,78.0,4.0,No,Yes,58.0,85.0,Placed
6878,7.9,0,1,0,64.0,3.6,No,No,55.0,62.0,NotPlaced
9745,8.9,2,3,1,90.0,4.3,Yes,Yes,61.0,83.0,Placed
2373,8.3,0,3,0,88.0,3.4,Yes,Yes,76.0,87.0,Placed
9292,8.7,1,3,0,89.0,4.5,Yes,Yes,70.0,84.0,Placed
2670,8.6,2,3,2,90.0,4.8,Yes,Yes,75.0,78.0,Placed
8342,8.5,1,3,1,72.0,3.8,No,Yes,55.0,65.0,Placed
6646,8.2,2,3,0,83.0,4.3,Yes,Yes,84.0,87.0,Placed
8900,7.7,1,1,0,77.0,3.7,No,No,55.0,64.0,NotPlaced
9452,8.9,2,3,2,90.0,4.8,Yes,Yes,78.0,84.0,Placed
2781,7.3,0,1,1,84.0,4.7,No,No,55.0,68.0,NotPlaced
6421,8.2,0,3,0,84.0,4.6,Yes,Yes,71.0,84.0,NotPlaced
3946,8.4,2,3,2,90.0,4.8,Yes,Yes,70.0,85.0,Placed
112,7.3,1,3,1,81.0,4.2,Yes,Yes,69.0,65.0,NotPlaced
4595,8.4,2,1,0,86.0,4.6,Yes,Yes,57.0,82.0,NotPlaced
8628,8.5,2,3,2,90.0,4.8,Yes,Yes,81.0,88.0,Placed
785,6.6,1,1,1,69.0,4.6,No,No,55.0,79.0,NotPlaced
120,7.4,1,2,1,75.0,4.2,No,Yes,55.0,74.0,NotPlaced
6037,7.4,1,3,0,88.0,4.1,Yes,Yes,59.0,73.0,NotPlaced
9887,6.8,0,2,2,80.0,4.5,No,Yes,63.0,66.0,NotPlaced
5847,8.1,2,3,2,90.0,4.8,Yes,Yes,81.0,86.0,Placed
6433,6.5,1,3,0,77.0,4.4,No,No,55.0,70.0,NotPlaced
8101,8.3,2,3,2,84.0,4.4,Yes,Yes,83.0,84.0,Placed
2073,6.7,1,1,0,81.0,4.6,Yes,Yes,57.0,70.0,Placed
9626,8.4,0,3,2,87.0,4.8,Yes,Yes,81.0,83.0,Placed
2421,7.9,2,3,3,90.0,4.7,Yes,No,77.0,61.0,Placed
3244,7.5,0,1,1,67.0,3.6,Yes,No,55.0,60.0,NotPlaced
8091,8.7,1,1,2,82.0,4.2,Yes,Yes,74.0,87.0,NotPlaced
3032,8.0,1,3,2,88.0,3.9,No,No,88.0,71.0,Placed
5526,7.5,1,3,0,78.0,3.6,No,Yes,72.0,84.0,NotPlaced
6181,8.7,1,2,1,76.0,4.2,Yes,Yes,75.0,86.0,Placed
2425,7.6,1,1,1,68.0,4.0,No,Yes,61.0,68.0,NotPlaced
8252,7.5,2,1,1,78.0,4.3,No,Yes,55.0,71.0,NotPlaced
2331,7.4,2,2,1,78.0,4.3,Yes,No,68.0,69.0,NotPlaced
7508,7.9,1,2,0,64.0,3.7,Yes,No,62.0,64.0,NotPlaced
6475,6.8,1,1,0,90.0,4.5,No,Yes,73.0,57.0,NotPlaced
4340,8.3,2,3,2,90.0,4.8,Yes,Yes,76.0,80.0,Placed
2367,7.7,1,3,2,86.0,4.5,No,Yes,65.0,88.0,NotPlaced
4227,8.9,1,3,1,90.0,4.7,Yes,Yes,72.0,87.0,NotPlaced
9589,8.2,2,3,0,83.0,4.5,Yes,Yes,77.0,83.0,Placed
8739,7.3,1,1,0,77.0,4.0,No,Yes,55.0,59.0,NotPlaced
4031,6.8,1,2,1,68.0,4.3,No,Yes,64.0,69.0,NotPlaced
8054,7.6,1,1,0,84.0,4.1,Yes,Yes,72.0,72.0,NotPlaced
4790,6.5,1,2,1,74.0,3.9,No,Yes,77.0,71.0,NotPlaced
1587,7.7,1,1,0,74.0,4.0,Yes,Yes,79.0,87.0,Placed
6755,7.7,1,1,1,75.0,4.2,Yes,Yes,61.0,71.0,Placed
7223,7.3,1,2,0,82.0,4.4,Yes,No,55.0,65.0,NotPlaced
3140,7.4,1,2,2,77.0,3.7,Yes,Yes,79.0,88.0,NotPlaced
7074,8.7,1,3,1,90.0,4.7,Yes,Yes,83.0,88.0,Placed
2812,8.5,1,3,1,82.0,4.7,Yes,Yes,80.0,70.0,Placed
3207,8.2,1,3,1,86.0,4.3,Yes,Yes,71.0,85.0,Placed
8882,7.8,1,2,1,70.0,3.9,No,Yes,58.0,70.0,NotPlaced
2849,8.4,2,3,1,80.0,4.6,Yes,Yes,75.0,79.0,NotPlaced
8529,6.5,1,1,0,82.0,4.6,Yes,Yes,67.0,71.0,NotPlaced
2482,8.6,1,3,2,90.0,4.8,Yes,Yes,80.0,80.0,Placed
2456,7.9,1,3,0,83.0,4.8,No,No,76.0,82.0,NotPlaced
1431,7.8,1,1,1,83.0,3.7,Yes,No,74.0,62.0,NotPlaced
4738,8.3,2,2,0,90.0,4.3,Yes,Yes,61.0,71.0,Placed
8899,8.6,1,2,2,64.0,4.0,No,No,59.0,70.0,NotPlaced
807,7.3,1,3,2,83.0,4.7,Yes,Yes,70.0,84.0,Placed
5214,6.5,0,2,1,65.0,4.4,No,No,60.0,69.0,NotPlaced
4878,7.7,1,1,0,86.0,4.1,No,Yes,55.0,70.0,NotPlaced
3847,8.2,1,3,1,79.0,4.4,No,Yes,77.0,81.0,NotPlaced
8853,8.2,2,3,2,90.0,4.8,Yes,Yes,71.0,80.0,Placed
5062,6.9,1,2,0,66.0,4.4,Yes,Yes,57.0,84.0,Placed
2250,8.5,1,2,1,76.0,3.8,No,Yes,58.0,70.0,NotPlaced
2524,8.4,1,3,2,85.0,4.8,Yes,Yes,76.0,82.0,Placed
356,8.2,2,3,2,90.0,4.8,Yes,Yes,89.0,84.0,Placed
3213,7.5,1,2,2,82.0,4.1,Yes,Yes,83.0,69.0,NotPlaced
9538,8.0,1,1,1,70.0,4.0,No,Yes,72.0,64.0,NotPlaced
4198,6.7,0,1,1,72.0,4.5,No,Yes,55.0,72.0,Placed
121,8.7,2,3,2,81.0,4.7,Yes,Yes,85.0,79.0,Placed
3082,8.2,1,1,0,75.0,4.5,No,No,60.0,87.0,NotPlaced
405,6.9,0,1,2,76.0,4.8,Yes,No,78.0,82.0,Placed
776,8.4,1,2,0,71.0,4.5,Yes,Yes,68.0,81.0,Placed
2532,7.3,1,1,2,76.0,4.3,No,No,55.0,70.0,Placed
4436,8.3,1,1,1,75.0,3.9,Yes,Yes,55.0,73.0,Placed
9044,6.5,1,1,0,68.0,3.8,No,Yes,59.0,59.0,NotPlaced
9946,6.6,1,1,1,70.0,4.1,Yes,Yes,56.0,75.0,NotPlaced
5981,6.5,1,1,1,72.0,4.2,No,No,55.0,57.0,NotPlaced
8634,8.4,2,3,2,90.0,4.6,Yes,Yes,74.0,88.0,Placed
5126,7.6,1,2,0,77.0,4.0,No,Yes,64.0,65.0,NotPlaced
5339,6.7,0,1,2,69.0,4.4,Yes,No,81.0,59.0,NotPlaced
8689,7.2,0,1,0,70.0,3.5,No,No,58.0,69.0,NotPlaced
6925,6.5,1,1,1,63.0,4.5,No,No,59.0,69.0,NotPlaced
2973,8.1,1,3,2,70.0,4.7,No,Yes,65.0,75.0,Placed
8657,7.6,2,2,0,77.0,4.4,No,Yes,72.0,74.0,NotPlaced
9774,8.2,2,3,2,90.0,4.8,Yes,Yes,72.0,88.0,Placed
3150,6.5,1,1,0,70.0,4.4,No,Yes,74.0,72.0,NotPlaced
838,7.7,1,1,2,85.0,4.7,Yes,Yes,80.0,82.0,NotPlaced
7300,8.4,2,2,0,79.0,4.6,No,Yes,65.0,86.0,Placed
8605,8.2,1,1,0,69.0,4.5,No,Yes,55.0,70.0,NotPlaced
2946,8.0,1,2,0,85.0,4.3,Yes,Yes,69.0,81.0,NotPlaced
7948,8.5,0,3,2,90.0,4.6,Yes,Yes,74.0,87.0,Placed
6579,7.5,0,3,2,90.0,4.7,Yes,Yes,71.0,85.0,Placed
8791,8.4,1,0,2,81.0,4.2,Yes,Yes,74.0,88.0,Placed
2171,8.5,1,3,2,83.0,4.8,Yes,Yes,76.0,87.0,Placed
4163,6.7,1,2,0,68.0,4.6,No,Yes,55.0,77.0,NotPlaced
2012,8.1,1,3,2,90.0,4.8,Yes,Yes,78.0,88.0,Placed
4100,7.5,0,3,3,78.0,4.7,Yes,Yes,68.0,65.0,NotPlaced
7864,6.6,1,3,1,82.0,4.6,No,Yes,59.0,87.0,NotPlaced
4617,8.5,1,3,2,89.0,4.8,Yes,Yes,81.0,86.0,Placed
4547,8.3,0,3,0,86.0,4.5,Yes,Yes,69.0,78.0,Placed
5700,8.2,1,2,1,86.0,4.5,Yes,Yes,74.0,83.0,Placed
3385,8.6,0,1,0,77.0,4.1,No,Yes,60.0,71.0,NotPlaced
8083,7.3,1,1,0,82.0,3.9,No,No,81.0,60.0,NotPlaced
8065,7.0,1,1,1,68.0,3.7,No,No,55.0,68.0,NotPlaced
9104,7.4,1,1,0,60.0,3.8,No,No,55.0,63.0,NotPlaced
6257,8.4,1,3,2,83.0,4.8,Yes,Yes,71.0,81.0,NotPlaced
6613,8.1,1,3,0,90.0,4.5,No,Yes,59.0,83.0,NotPlaced
6439,7.9,2,3,2,90.0,4.7,Yes,Yes,87.0,83.0,Placed
333,7.4,2,3,0,86.0,4.6,Yes,Yes,75.0,72.0,Placed
8170,7.9,1,1,2,87.0,4.2,No,Yes,80.0,75.0,NotPlaced
6851,7.9,2,3,2,87.0,4.8,Yes,Yes,81.0,87.0,Placed
4967,8.3,2,3,2,90.0,4.7,Yes,Yes,85.0,82.0,Placed
1229,8.3,1,2,0,79.0,4.3,No,Yes,79.0,84.0,Placed
2797,7.0,0,1,0,69.0,4.5,Yes,No,62.0,67.0,NotPlaced
7512,8.2,0,1,1,64.0,3.9,No,Yes,55.0,82.0,NotPlaced
7926,7.6,1,1,0,74.0,3.8,No,No,55.0,72.0,NotPlaced
4533,8.7,2,3,2,90.0,4.8,Yes,Yes,83.0,85.0,Placed
3937,8.6,2,3,2,90.0,4.8,Yes,Yes,89.0,86.0,Placed
6345,8.4,1,3,2,90.0,4.8,Yes,No,77.0,82.0,NotPlaced
4857,7.4,0,1,1,70.0,3.9,No,No,57.0,69.0,NotPlaced
9207,7.5,1,1,0,60.0,4.2,No,Yes,55.0,59.0,Placed
8923,8.4,1,3,0,90.0,4.8,Yes,No,75.0,82.0,Placed
2536,8.1,1,3,2,90.0,4.8,Yes,Yes,86.0,80.0,Placed
4794,7.6,1,1,1,86.0,4.1,No,No,57.0,64.0,NotPlaced
2206,6.5,0,1,0,62.0,4.0,No,Yes,58.0,66.0,NotPlaced
2156,8.4,2,3,2,90.0,4.8,Yes,No,72.0,85.0,Placed
165,6.5,1,1,2,85.0,4.3,Yes,No,62.0,72.0,Placed
9519,7.1,2,2,2,83.0,4.8,Yes,Yes,62.0,86.0,Placed
5736,7.3,1,3,0,77.0,4.5,Yes,Yes,55.0,66.0,NotPlaced
8801,8.2,1,1,1,78.0,4.0,No,Yes,56.0,70.0,NotPlaced
4476,7.9,1,1,1,79.0,4.0,No,No,55.0,61.0,NotPlaced
1808,8.4,1,3,2,90.0,4.8,Yes,Yes,72.0,85.0,Placed
4788,6.6,2,2,2,71.0,3.6,No,No,63.0,69.0,NotPlaced
8761,8.3,2,3,0,88.0,4.8,Yes,Yes,77.0,81.0,NotPlaced
5769,7.5,1,2,2,89.0,4.8,Yes,Yes,78.0,75.0,Placed
2004,7.3,1,2,2,75.0,4.6,Yes,Yes,77.0,74.0,Placed
1509,7.6,2,1,1,66.0,3.4,No,No,56.0,74.0,NotPlaced
9683,7.6,1,2,1,73.0,3.7,No,Yes,55.0,62.0,NotPlaced
9250,7.6,1,1,2,79.0,4.4,Yes,Yes,65.0,69.0,Placed
4944,6.7,1,2,1,76.0,3.2,No,Yes,55.0,80.0,NotPlaced
3085,7.7,1,1,1,68.0,4.2,No,Yes,74.0,74.0,NotPlaced
3565,8.5,1,3,0,86.0,4.6,Yes,No,90.0,64.0,Placed
9559,8.3,1,3,2,87.0,4.6,No,Yes,75.0,62.0,Placed
5362,8.5,2,3,2,90.0,4.8,Yes,Yes,79.0,86.0,Placed
8713,8.2,1,1,1,68.0,3.9,No,Yes,70.0,66.0,Placed
5977,8.0,2,2,2,87.0,4.6,Yes,Yes,70.0,83.0,NotPlaced
1927,7.7,2,2,2,84.0,3.9,No,Yes,86.0,87.0,Placed
4702,7.5,1,1,1,82.0,4.6,No,Yes,55.0,65.0,NotPlaced
5115,7.5,1,3,2,78.0,4.7,Yes,Yes,79.0,81.0,NotPlaced
7629,8.4,2,3,2,84.0,3.7,No,No,81.0,82.0,NotPlaced
2274,6.5,2,2,2,79.0,4.4,No,No,80.0,71.0,Placed
2521,7.6,1,1,0,69.0,3.9,No,No,59.0,64.0,NotPlaced
3141,7.8,1,2,1,77.0,4.6,Yes,Yes,71.0,76.0,Placed
2458,8.1,0,2,3,72.0,3.2,Yes,Yes,73.0,83.0,Placed
9790,7.4,0,1,0,81.0,3.9,No,Yes,60.0,70.0,NotPlaced
3189,7.6,1,1,0,73.0,4.3,No,Yes,68.0,64.0,NotPlaced
185,7.3,1,2,2,67.0,4.5,No,No,63.0,66.0,NotPlaced
8566,8.4,1,3,0,86.0,3.6,Yes,Yes,76.0,87.0,Placed
3361,7.9,0,2,0,70.0,4.7,Yes,Yes,77.0,85.0,Placed
2740,8.1,2,3,2,82.0,4.7,Yes,Yes,83.0,86.0,Placed
8735,6.5,1,3,0,81.0,3.8,No,Yes,63.0,57.0,NotPlaced
3025,6.5,1,2,1,80.0,4.8,No,No,83.0,65.0,NotPlaced
1073,6.5,1,1,1,77.0,3.9,No,Yes,55.0,70.0,NotPlaced
2815,7.4,2,2,1,74.0,3.8,No,Yes,55.0,69.0,NotPlaced
3402,6.9,0,3,2,78.0,4.3,Yes,Yes,84.0,73.0,Placed
7673,6.5,1,1,1,75.0,3.8,No,Yes,56.0,64.0,NotPlaced
9041,8.1,2,3,0,90.0,4.7,Yes,Yes,86.0,88.0,Placed
8952,6.5,1,2,1,72.0,4.0,Yes,Yes,68.0,76.0,Placed
5246,8.4,0,2,3,84.0,4.4,Yes,Yes,55.0,82.0,Placed
8391,6.8,1,3,2,78.0,4.5,Yes,Yes,76.0,85.0,NotPlaced
3342,7.9,2,3,3,82.0,4.6,Yes,Yes,83.0,86.0,Placed
2403,8.2,2,3,0,87.0,4.7,Yes,Yes,83.0,88.0,Placed
4478,7.2,1,1,0,84.0,4.3,No,Yes,63.0,67.0,NotPlaced
2381,7.8,1,3,2,83.0,4.2,Yes,Yes,78.0,80.0,NotPlaced
1699,6.5,0,1,0,64.0,4.3,Yes,Yes,64.0,63.0,NotPlaced
935,6.6,1,1,1,70.0,4.6,No,Yes,55.0,66.0,Placed
7595,7.7,1,1,0,69.0,4.4,No,No,59.0,66.0,NotPlaced
2017,7.6,1,2,0,68.0,4.3,Yes,Yes,84.0,63.0,NotPlaced
1273,8.6,0,3,2,85.0,4.6,No,Yes,55.0,78.0,Placed
4724,7.5,1,1,0,81.0,4.2,No,Yes,55.0,59.0,NotPlaced
2840,7.5,1,1,0,71.0,4.0,No,No,60.0,57.0,NotPlaced
1299,7.5,1,1,0,78.0,4.0,No,No,55.0,71.0,NotPlaced
9457,8.1,2,3,2,90.0,4.8,Yes,Yes,78.0,83.0,Placed
7110,6.5,2,2,0,68.0,4.0,Yes,No,69.0,69.0,NotPlaced
9819,8.1,1,3,0,88.0,3.8,Yes,Yes,68.0,77.0,NotPlaced
7266,8.1,1,3,0,88.0,4.8,Yes,Yes,75.0,83.0,Placed
7938,8.2,2,3,2,85.0,4.8,Yes,No,84.0,76.0,NotPlaced
6975,8.2,2,3,2,90.0,4.5,Yes,Yes,83.0,83.0,Placed
7720,8.8,1,2,0,76.0,4.2,Yes,No,61.0,67.0,NotPlaced
7559,8.2,1,2,2,81.0,4.8,Yes,Yes,75.0,87.0,Placed
2846,6.5,1,3,0,64.0,4.6,No,No,71.0,64.0,NotPlaced
8926,8.3,2,3,2,90.0,4.8,Yes,Yes,76.0,83.0,Placed
4055,7.6,0,1,0,72.0,4.5,No,No,60.0,66.0,NotPlaced
6946,7.5,0,3,1,79.0,4.4,Yes,Yes,55.0,67.0,NotPlaced
9188,8.2,2,3,2,86.0,4.4,Yes,Yes,78.0,66.0,Placed
2351,7.3,1,1,1,77.0,4.1,No,No,58.0,74.0,NotPlaced
1800,6.7,0,2,0,66.0,3.9,No,No,58.0,68.0,NotPlaced
717,8.5,2,3,2,88.0,4.3,No,Yes,67.0,88.0,NotPlaced
8822,7.4,1,2,0,75.0,3.9,No,Yes,69.0,70.0,Placed
8382,7.6,1,1,1,77.0,4.8,No,Yes,63.0,68.0,NotPlaced
9270,6.6,0,1,0,70.0,4.6,No,No,63.0,70.0,NotPlaced
7015,6.6,0,1,0,71.0,3.8,Yes,Yes,60.0,71.0,NotPlaced
3523,7.7,1,1,1,69.0,4.0,Yes,Yes,79.0,85.0,NotPlaced
6849,7.6,1,2,1,80.0,4.8,No,Yes,82.0,65.0,NotPlaced
5832,8.3,1,3,0,68.0,4.6,Yes,Yes,78.0,73.0,Placed
6730,7.9,0,1,0,69.0,4.2,No,Yes,60.0,66.0,NotPlaced
3838,8.1,1,1,1,74.0,4.5,Yes,Yes,78.0,69.0,NotPlaced
2811,6.5,1,2,1,89.0,4.6,No,Yes,75.0,73.0,NotPlaced
4848,6.6,0,1,1,78.0,4.4,No,Yes,55.0,73.0,NotPlaced
2996,8.1,1,1,1,77.0,4.6,Yes,Yes,73.0,87.0,NotPlaced
8499,7.4,2,2,1,82.0,4.6,Yes,Yes,73.0,88.0,NotPlaced
3026,7.3,1,2,3,85.0,4.3,Yes,Yes,81.0,87.0,NotPlaced
6760,7.6,2,3,0,90.0,4.8,Yes,Yes,78.0,88.0,Placed
6974,6.8,0,1,0,82.0,4.0,No,Yes,65.0,63.0,Placed
2737,7.6,2,2,1,84.0,4.8,Yes,Yes,90.0,84.0,NotPlaced
8422,8.3,2,3,2,90.0,4.8,Yes,Yes,78.0,85.0,Placed
1983,7.7,1,2,1,69.0,4.1,Yes,No,57.0,63.0,NotPlaced
2664,7.7,0,3,0,83.0,4.2,Yes,Yes,71.0,82.0,NotPlaced
9122,8.4,2,3,1,84.0,4.5,Yes,Yes,83.0,79.0,Placed
445,6.5,1,1,1,60.0,3.8,No,No,56.0,62.0,NotPlaced
5624,6.8,0,2,1,65.0,4.8,No,Yes,55.0,71.0,NotPlaced
159,7.8,0,1,1,72.0,4.0,No,No,61.0,69.0,NotPlaced
2070,8.6,1,3,0,87.0,4.7,Yes,Yes,81.0,88.0,Placed
6311,6.8,1,1,0,60.0,4.0,No,Yes,64.0,66.0,NotPlaced
3268,7.5,1,2,1,71.0,4.0,Yes,Yes,72.0,63.0,NotPlaced
2166,6.8,2,3,3,90.0,4.8,Yes,Yes,81.0,83.0,Placed
194,8.9,0,1,2,80.0,4.8,Yes,Yes,75.0,82.0,Placed
1335,7.3,2,1,1,80.0,4.6,No,Yes,74.0,75.0,NotPlaced
1544,8.1,2,3,0,84.0,4.8,Yes,Yes,71.0,88.0,Placed
4961,8.1,0,2,2,86.0,4.6,Yes,Yes,57.0,79.0,NotPlaced
8594,7.4,1,1,0,62.0,3.6,No,No,57.0,72.0,NotPlaced
5028,8.1,1,1,1,74.0,4.5,No,No,70.0,62.0,NotPlaced
549,7.9,1,3,0,90.0,4.6,Yes,Yes,81.0,79.0,Placed
5336,7.4,1,1,0,60.0,3.7,No,No,63.0,64.0,NotPlaced
9846,8.0,2,3,2,90.0,4.8,Yes,Yes,81.0,88.0,Placed
2772,8.5,0,1,2,83.0,4.2,Yes,No,79.0,73.0,Placed
1715,8.1,2,3,2,86.0,4.5,Yes,No,81.0,83.0,NotPlaced
8670,6.6,1,3,2,90.0,4.6,Yes,Yes,73.0,65.0,NotPlaced
6275,8.2,2,3,2,90.0,4.8,Yes,Yes,77.0,88.0,Placed
2632,7.5,1,2,0,62.0,3.9,No,No,71.0,72.0,NotPlaced
9429,8.3,1,3,2,90.0,4.8,Yes,Yes,79.0,82.0,Placed
48,7.0,1,1,0,62.0,4.3,No,Yes,59.0,67.0,NotPlaced
9399,8.0,2,3,2,90.0,4.8,Yes,Yes,83.0,86.0,Placed
7154,7.9,2,1,0,88.0,4.5,Yes,Yes,73.0,78.0,NotPlaced
1393,7.9,1,3,0,81.0,4.8,Yes,Yes,69.0,82.0,Placed
1834,7.6,0,2,0,77.0,3.7,Yes,Yes,72.0,80.0,Placed
2353,6.5,1,3,2,85.0,3.7,Yes,Yes,79.0,86.0,Placed
9873,7.5,1,2,1,74.0,3.8,Yes,Yes,77.0,84.0,NotPlaced
8369,8.6,1,3,3,84.0,4.5,Yes,Yes,73.0,85.0,Placed
1504,7.3,0,1,1,80.0,4.1,No,No,55.0,70.0,NotPlaced
3483,8.3,2,3,2,90.0,4.8,Yes,Yes,81.0,84.0,Placed
6835,7.0,1,2,0,74.0,4.2,No,Yes,55.0,69.0,Placed
6238,7.4,1,2,0,78.0,4.1,No,Yes,71.0,66.0,NotPlaced
8227,8.3,1,1,2,83.0,4.0,Yes,Yes,76.0,67.0,Placed
2691,6.5,1,2,1,73.0,4.1,No,Yes,65.0,68.0,NotPlaced
519,7.9,1,2,2,75.0,4.6,Yes,Yes,71.0,85.0,NotPlaced
8814,6.5,1,2,0,69.0,4.8,No,Yes,56.0,72.0,NotPlaced
9163,8.3,2,3,2,88.0,4.8,Yes,No,79.0,83.0,NotPlaced
9872,7.4,0,1,1,83.0,3.8,No,No,55.0,72.0,NotPlaced
8290,7.4,0,2,2,82.0,4.8,Yes,Yes,88.0,66.0,Placed
8116,7.7,0,1,0,66.0,4.2,Yes,Yes,56.0,69.0,NotPlaced
7960,7.7,0,1,1,72.0,3.5,No,Yes,64.0,67.0,NotPlaced
3128,7.4,1,1,1,70.0,3.7,No,No,55.0,68.0,NotPlaced
354,7.4,1,2,0,72.0,4.3,No,Yes,55.0,62.0,NotPlaced
7691,7.6,1,1,0,83.0,4.1,No,No,68.0,63.0,NotPlaced
9727,8.0,2,3,0,85.0,4.8,Yes,No,86.0,87.0,NotPlaced
9025,6.8,1,1,0,73.0,3.1,No,Yes,72.0,66.0,NotPlaced
986,7.9,2,1,2,89.0,4.8,Yes,No,78.0,77.0,NotPlaced
8495,8.5,2,3,0,87.0,4.6,Yes,Yes,86.0,85.0,Placed
9511,6.6,2,1,2,62.0,4.3,No,No,63.0,67.0,NotPlaced
2639,7.6,0,1,0,69.0,3.4,No,No,60.0,74.0,NotPlaced
2215,6.5,0,1,1,65.0,4.2,No,Yes,58.0,70.0,NotPlaced
8598,8.3,2,2,0,90.0,4.8,Yes,Yes,80.0,72.0,Placed
3719,7.5,1,2,0,68.0,4.2,Yes,Yes,57.0,75.0,NotPlaced
4686,7.0,1,2,2,90.0,4.5,Yes,Yes,55.0,82.0,Placed
517,7.3,1,1,1,69.0,4.2,No,No,55.0,65.0,NotPlaced
7651,6.5,0,1,0,66.0,4.0,No,Yes,66.0,72.0,NotPlaced
2588,8.8,1,1,0,69.0,4.7,Yes,Yes,70.0,83.0,NotPlaced
6445,9.0,2,3,3,83.0,4.8,Yes,Yes,76.0,87.0,Placed
5967,6.6,1,3,2,87.0,4.8,Yes,Yes,88.0,83.0,Placed
5266,8.3,2,3,2,90.0,4.8,Yes,Yes,77.0,83.0,Placed
7207,6.6,0,3,0,84.0,4.8,Yes,Yes,78.0,73.0,Placed
1649,8.5,2,3,2,90.0,4.5,Yes,Yes,82.0,85.0,Placed
1276,8.5,2,3,0,90.0,4.8,Yes,Yes,73.0,88.0,Placed
9106,8.0,2,3,2,90.0,4.8,Yes,Yes,77.0,86.0,Placed
7612,8.1,0,2,0,77.0,3.8,Yes,Yes,84.0,62.0,NotPlaced
5342,7.7,1,1,1,73.0,3.7,No,Yes,58.0,64.0,NotPlaced
9808,7.7,1,2,0,72.0,4.2,No,Yes,68.0,76.0,NotPlaced
8536,6.5,1,1,1,66.0,3.8,Yes,Yes,62.0,75.0,NotPlaced
3633,8.5,2,3,1,68.0,4.0,Yes,Yes,73.0,70.0,NotPlaced
1903,7.7,0,1,1,78.0,4.1,No,No,58.0,75.0,NotPlaced
5884,8.1,1,3,1,90.0,4.8,Yes,Yes,86.0,83.0,Placed
5989,8.4,0,1,1,82.0,3.6,No,Yes,61.0,65.0,Placed
8099,7.6,1,1,0,71.0,3.3,No,Yes,64.0,72.0,NotPlaced
4992,6.9,1,1,0,61.0,3.5,No,No,66.0,66.0,NotPlaced
3167,8.3,1,2,0,83.0,4.2,Yes,No,79.0,84.0,NotPlaced
8836,8.0,2,3,2,90.0,4.8,Yes,Yes,75.0,83.0,Placed
1819,8.2,2,2,0,89.0,4.6,Yes,Yes,75.0,69.0,NotPlaced
3688,7.3,1,2,1,83.0,3.9,Yes,Yes,74.0,66.0,Placed
9725,7.7,1,1,0,72.0,4.1,No,No,61.0,68.0,NotPlaced
5147,7.9,1,3,0,82.0,4.5,Yes,Yes,76.0,72.0,NotPlaced
3781,6.6,1,1,0,83.0,3.7,Yes,Yes,74.0,76.0,Placed
1528,7.5,1,2,0,73.0,4.7,Yes,Yes,55.0,70.0,Placed
357,8.9,2,3,2,89.0,4.6,Yes,Yes,71.0,83.0,Placed
5711,8.2,0,1,2,81.0,4.2,Yes,Yes,69.0,67.0,NotPlaced
1574,8.2,2,3,2,90.0,4.8,Yes,No,69.0,73.0,Placed
6652,8.0,1,1,0,82.0,3.3,No,No,78.0,80.0,NotPlaced
5338,8.0,2,3,2,90.0,4.8,Yes,Yes,77.0,87.0,Placed
3695,7.3,1,1,0,67.0,4.3,No,Yes,55.0,63.0,NotPlaced
2405,7.8,1,1,0,81.0,4.5,Yes,Yes,55.0,63.0,NotPlaced
1305,8.6,1,3,2,79.0,4.5,Yes,Yes,68.0,82.0,Placed
9800,6.5,2,1,0,78.0,3.1,No,No,56.0,67.0,NotPlaced
4467,8.0,2,3,2,89.0,4.8,Yes,Yes,86.0,81.0,Placed
946,7.7,0,1,0,67.0,3.5,No,No,55.0,61.0,NotPlaced
2711,6.6,1,1,1,71.0,4.0,No,Yes,55.0,63.0,NotPlaced
6842,8.2,2,3,2,90.0,4.8,Yes,Yes,80.0,87.0,Placed
3912,7.6,1,2,2,72.0,4.5,Yes,No,87.0,84.0,Placed
7077,8.0,0,1,1,86.0,4.0,No,Yes,55.0,74.0,NotPlaced
1590,7.6,1,3,0,83.0,4.1,Yes,Yes,57.0,67.0,NotPlaced
2191,7.8,1,2,1,78.0,4.8,No,Yes,55.0,69.0,NotPlaced
9461,7.0,0,1,0,74.0,4.4,No,No,71.0,60.0,NotPlaced
9311,8.3,2,3,0,72.0,3.6,No,Yes,72.0,85.0,NotPlaced
7993,8.9,2,3,2,90.0,4.8,Yes,Yes,77.0,82.0,Placed
4089,8.2,0,3,1,90.0,4.8,Yes,Yes,82.0,84.0,Placed
5476,6.5,1,1,0,77.0,4.2,No,Yes,55.0,74.0,NotPlaced
5987,7.3,1,1,1,65.0,3.8,Yes,Yes,61.0,62.0,NotPlaced
199,7.6,1,1,1,82.0,4.8,Yes,Yes,79.0,86.0,Placed
5593,8.2,1,3,2,90.0,4.8,Yes,Yes,85.0,77.0,Placed
7415,7.6,1,2,3,81.0,4.0,No,Yes,55.0,83.0,NotPlaced
7432,8.7,2,3,0,82.0,4.8,Yes,Yes,78.0,83.0,Placed
4945,7.7,1,3,1,78.0,3.9,Yes,No,66.0,83.0,NotPlaced
1423,6.5,0,1,0,66.0,3.4,No,No,55.0,66.0,NotPlaced
9673,7.5,2,2,1,71.0,3.8,No,Yes,60.0,69.0,NotPlaced
196,8.4,1,1,2,87.0,4.1,No,No,78.0,70.0,NotPlaced
7964,7.2,1,2,0,80.0,4.6,No,Yes,65.0,58.0,NotPlaced
7920,7.2,1,3,2,84.0,4.4,Yes,Yes,88.0,85.0,NotPlaced
67,7.8,2,3,2,87.0,4.8,Yes,No,90.0,83.0,NotPlaced
5241,8.6,1,1,3,71.0,3.9,Yes,No,62.0,66.0,Placed
2406,7.6,1,1,2,77.0,3.9,No,Yes,55.0,71.0,NotPlaced
4390,8.4,0,2,0,69.0,4.0,Yes,Yes,55.0,72.0,Placed
7655,8.5,1,1,2,78.0,4.5,No,Yes,58.0,73.0,NotPlaced
5823,8.2,1,3,0,85.0,4.4,Yes,No,65.0,66.0,NotPlaced
3614,7.6,1,2,0,82.0,4.3,No,Yes,64.0,71.0,NotPlaced
2874,7.3,1,2,0,81.0,3.7,Yes,Yes,68.0,85.0,NotPlaced
5245,8.6,1,1,0,69.0,4.7,No,Yes,58.0,72.0,NotPlaced
5504,6.7,1,2,0,89.0,4.7,No,Yes,55.0,82.0,NotPlaced
3978,7.7,1,2,1,76.0,3.8,No,Yes,59.0,64.0,NotPlaced
4994,8.1,2,2,0,83.0,4.4,No,No,74.0,82.0,NotPlaced
7620,7.7,1,2,0,80.0,4.0,No,Yes,57.0,67.0,NotPlaced
5684,8.4,1,3,2,76.0,4.5,Yes,Yes,82.0,83.0,Placed
4102,7.4,1,3,0,81.0,4.6,Yes,Yes,80.0,71.0,NotPlaced
8300,6.8,2,1,0,65.0,4.6,Yes,Yes,55.0,63.0,NotPlaced
7625,6.5,1,1,0,73.0,4.0,Yes,No,59.0,67.0,Placed
6841,8.6,1,1,2,77.0,4.6,Yes,Yes,87.0,86.0,Placed
3125,6.9,1,1,1,65.0,4.4,No,Yes,62.0,71.0,NotPlaced
8000,7.4,1,2,0,76.0,4.4,No,Yes,61.0,69.0,NotPlaced
6158,6.9,1,2,1,88.0,4.6,Yes,Yes,77.0,86.0,NotPlaced
2034,6.9,1,1,1,67.0,4.5,No,Yes,55.0,71.0,NotPlaced
6422,7.4,1,1,0,83.0,4.4,No,Yes,55.0,71.0,NotPlaced
3936,7.5,1,1,0,84.0,4.2,No,Yes,56.0,69.0,NotPlaced
1780,8.1,1,1,1,71.0,4.2,No,No,55.0,61.0,NotPlaced
9886,7.8,1,1,0,78.0,4.0,No,No,66.0,75.0,NotPlaced
1621,6.5,0,1,1,70.0,3.6,No,No,57.0,68.0,NotPlaced
1098,7.6,1,2,0,81.0,4.5,No,Yes,76.0,84.0,NotPlaced
1986,8.0,1,1,2,75.0,3.6,Yes,Yes,55.0,64.0,NotPlaced
5702,7.4,1,1,0,69.0,4.0,No,Yes,64.0,74.0,NotPlaced
6890,8.2,2,3,2,85.0,4.8,Yes,No,78.0,82.0,Placed
984,8.4,1,3,2,90.0,4.8,Yes,Yes,80.0,78.0,Placed
8610,7.0,2,1,1,88.0,4.8,Yes,Yes,75.0,81.0,Placed
7719,6.5,1,2,0,81.0,3.5,No,Yes,62.0,63.0,Placed
2121,7.5,1,2,0,67.0,4.4,Yes,No,66.0,84.0,NotPlaced
4618,8.8,2,2,2,77.0,3.9,Yes,No,87.0,81.0,NotPlaced
8133,7.7,2,2,2,90.0,4.8,Yes,Yes,81.0,88.0,Placed
7450,7.5,1,2,0,78.0,3.9,No,No,66.0,68.0,NotPlaced
1786,8.3,1,1,0,89.0,3.9,No,Yes,62.0,73.0,Placed
6994,7.9,1,2,0,73.0,4.5,Yes,No,68.0,74.0,Placed
5600,8.6,1,3,2,76.0,4.0,No,No,71.0,88.0,NotPlaced
411,8.7,2,1,0,90.0,4.7,Yes,Yes,74.0,86.0,Placed
9909,8.5,1,3,2,88.0,4.6,Yes,Yes,73.0,84.0,NotPlaced
7030,8.3,1,1,0,69.0,4.8,Yes,No,83.0,67.0,Placed
7187,8.0,2,3,2,89.0,3.7,No,Yes,81.0,83.0,Placed
147,7.9,1,1,1,62.0,4.6,Yes,Yes,87.0,82.0,NotPlaced
4632,8.8,0,1,0,84.0,4.5,No,Yes,58.0,69.0,Placed
2027,7.3,1,1,0,70.0,3.7,Yes,Yes,61.0,67.0,NotPlaced
273,7.7,1,2,0,81.0,3.8,Yes,Yes,65.0,59.0,NotPlaced
1676,7.5,1,2,1,74.0,4.7,No,Yes,55.0,60.0,Placed
772,6.8,0,3,1,82.0,4.2,Yes,Yes,74.0,72.0,NotPlaced
3963,8.7,2,3,0,90.0,4.8,Yes,No,76.0,78.0,Placed
7314,6.6,1,1,0,74.0,3.6,No,No,55.0,67.0,NotPlaced
3405,8.5,2,1,2,77.0,4.5,Yes,Yes,66.0,71.0,Placed
2372,7.8,0,2,0,74.0,4.2,No,Yes,55.0,68.0,NotPlaced
7973,8.2,1,2,3,84.0,4.0,Yes,Yes,82.0,63.0,NotPlaced
4683,8.5,2,3,2,90.0,4.8,Yes,Yes,82.0,70.0,Placed
6027,6.5,0,3,2,84.0,3.9,Yes,Yes,83.0,88.0,Placed
3618,6.7,0,3,2,90.0,4.8,Yes,Yes,76.0,88.0,Placed
9885,6.7,1,1,0,76.0,3.8,Yes,Yes,60.0,67.0,NotPlaced
1868,6.7,1,1,0,80.0,3.5,No,No,57.0,62.0,NotPlaced
848,7.5,2,1,2,79.0,3.9,Yes,Yes,68.0,82.0,NotPlaced
6000,7.5,0,1,1,82.0,4.7,No,No,72.0,70.0,NotPlaced
806,7.6,1,2,1,89.0,4.5,No,No,60.0,64.0,NotPlaced
6758,7.9,1,2,0,86.0,4.5,Yes,Yes,76.0,70.0,NotPlaced
3153,8.1,2,3,2,86.0,4.7,Yes,Yes,84.0,84.0,Placed
6914,7.6,1,2,0,63.0,4.7,No,No,55.0,63.0,NotPlaced
765,7.5,1,3,0,80.0,4.0,Yes,Yes,60.0,62.0,NotPlaced
8825,8.6,0,3,0,86.0,4.5,Yes,No,70.0,83.0,NotPlaced
410,8.6,2,3,0,87.0,4.8,No,No,75.0,66.0,NotPlaced
8139,7.9,0,1,1,61.0,4.4,No,No,55.0,64.0,NotPlaced
2114,8.0,2,3,2,90.0,4.5,Yes,Yes,77.0,88.0,Placed
6110,8.0,1,3,2,87.0,4.8,Yes,Yes,70.0,85.0,NotPlaced
9388,7.9,2,2,0,71.0,4.4,Yes,No,55.0,69.0,NotPlaced
6043,8.4,2,3,2,89.0,4.8,Yes,Yes,76.0,85.0,Placed
1760,8.1,2,3,2,82.0,4.5,Yes,Yes,79.0,87.0,NotPlaced
1539,6.7,0,1,0,66.0,3.7,No,Yes,55.0,66.0,Placed
6784,8.2,1,2,3,83.0,4.4,Yes,Yes,76.0,84.0,Placed
6507,7.7,1,1,0,74.0,4.5,No,No,84.0,67.0,NotPlaced
877,8.7,1,3,2,90.0,4.8,Yes,Yes,76.0,85.0,Placed
9976,7.9,2,3,2,90.0,4.6,Yes,Yes,83.0,80.0,Placed
898,6.5,1,1,0,68.0,4.1,No,Yes,55.0,64.0,NotPlaced
7718,8.2,1,2,2,69.0,4.0,Yes,No,58.0,63.0,NotPlaced
665,8.5,0,3,1,83.0,4.0,Yes,Yes,59.0,82.0,NotPlaced
8397,7.6,1,1,1,66.0,4.3,No,No,56.0,71.0,NotPlaced
9008,6.7,0,1,1,85.0,4.2,Yes,Yes,68.0,64.0,Placed
9862,7.5,0,1,1,77.0,4.4,Yes,Yes,55.0,84.0,Placed
6263,8.2,0,1,2,79.0,4.4,No,Yes,80.0,73.0,Placed
863,7.4,0,1,1,65.0,4.7,No,No,55.0,58.0,NotPlaced
4097,6.5,1,2,0,71.0,3.9,No,Yes,55.0,65.0,NotPlaced
9481,8.0,1,3,1,80.0,4.6,Yes,No,80.0,70.0,NotPlaced
4259,7.7,0,2,0,67.0,3.9,No,No,55.0,65.0,NotPlaced
187,6.5,1,1,1,68.0,4.1,No,No,55.0,65.0,NotPlaced
8130,6.6,1,1,0,82.0,3.9,Yes,No,73.0,78.0,NotPlaced
4514,8.2,1,3,2,87.0,4.8,Yes,No,90.0,85.0,Placed
6815,8.3,1,3,2,90.0,4.8,Yes,No,82.0,84.0,Placed
924,7.2,1,1,0,78.0,4.2,No,No,65.0,74.0,NotPlaced
2254,8.0,2,3,0,90.0,4.4,Yes,Yes,72.0,85.0,Placed
5774,8.2,1,1,0,71.0,4.0,No,Yes,56.0,66.0,NotPlaced
9596,7.0,1,3,1,80.0,4.8,Yes,Yes,59.0,68.0,Placed
5011,7.5,1,2,1,83.0,4.0,No,Yes,67.0,71.0,NotPlaced
4636,7.8,2,2,2,89.0,4.7,Yes,Yes,82.0,80.0,Placed
6086,8.4,0,3,2,77.0,4.6,Yes,No,63.0,79.0,Placed
7606,8.0,2,3,2,80.0,4.8,Yes,No,72.0,63.0,Placed
2863,8.3,2,2,2,90.0,4.7,Yes,No,73.0,81.0,NotPlaced
2842,6.5,1,2,1,71.0,4.3,No,Yes,55.0,70.0,NotPlaced
5251,8.3,0,2,2,83.0,4.3,Yes,Yes,70.0,83.0,Placed
6189,7.6,1,1,1,76.0,4.0,No,Yes,83.0,68.0,NotPlaced
3045,7.6,2,1,2,79.0,4.4,No,Yes,57.0,70.0,NotPlaced
5928,7.1,2,3,2,90.0,4.7,Yes,Yes,70.0,83.0,Placed
2037,7.7,1,1,1,82.0,4.6,Yes,Yes,66.0,82.0,NotPlaced
4689,7.4,1,3,0,87.0,4.8,Yes,Yes,72.0,85.0,Placed
3786,6.9,1,2,1,74.0,4.0,Yes,Yes,59.0,59.0,NotPlaced
7963,8.3,0,1,0,87.0,4.5,No,Yes,74.0,69.0,Placed
3043,7.5,1,1,0,73.0,4.0,No,No,74.0,70.0,NotPlaced
6776,7.7,2,3,2,90.0,4.8,Yes,Yes,80.0,83.0,Placed
4264,7.7,0,1,1,77.0,4.3,No,Yes,60.0,72.0,NotPlaced
3512,7.6,1,1,0,70.0,3.8,No,Yes,55.0,63.0,NotPlaced
3488,6.5,1,1,0,67.0,3.9,No,No,58.0,74.0,NotPlaced
7765,7.7,2,3,3,84.0,4.2,Yes,Yes,72.0,79.0,NotPlaced
5178,7.4,2,3,2,90.0,4.6,Yes,No,74.0,87.0,Placed
5070,8.2,2,3,2,84.0,4.8,Yes,Yes,71.0,83.0,Placed
6685,8.4,1,3,2,86.0,4.4,Yes,No,79.0,76.0,NotPlaced
3497,7.7,2,3,2,87.0,4.8,Yes,Yes,77.0,86.0,Placed
7156,8.2,1,3,0,86.0,4.5,Yes,Yes,63.0,72.0,Placed
2599,7.7,1,2,0,84.0,4.7,No,Yes,72.0,61.0,NotPlaced
8269,7.0,1,1,0,70.0,4.1,No,No,56.0,62.0,NotPlaced
6901,8.8,2,3,2,88.0,4.7,Yes,Yes,78.0,88.0,Placed
7560,7.6,1,2,0,74.0,4.1,No,Yes,67.0,69.0,NotPlaced
2654,7.3,1,1,1,67.0,3.4,No,No,55.0,68.0,NotPlaced
5203,7.7,0,1,0,74.0,3.8,No,No,63.0,70.0,NotPlaced
8564,8.2,2,2,0,74.0,4.1,No,No,60.0,74.0,NotPlaced
7189,7.6,1,1,0,88.0,3.9,No,Yes,55.0,68.0,NotPlaced
1886,7.7,1,2,0,85.0,3.7,No,Yes,56.0,72.0,NotPlaced
751,8.1,1,2,3,86.0,4.5,Yes,Yes,88.0,70.0,Placed
80,7.6,1,2,1,72.0,3.9,No,Yes,58.0,66.0,NotPlaced
875,6.5,1,1,2,71.0,4.1,Yes,Yes,64.0,85.0,NotPlaced
1753,8.3,0,3,2,90.0,4.8,Yes,Yes,75.0,83.0,Placed
191,8.4,2,3,2,90.0,4.1,Yes,Yes,76.0,82.0,Placed
539,8.9,2,3,2,90.0,4.8,Yes,Yes,79.0,87.0,Placed
4119,7.8,0,2,0,71.0,4.4,No,Yes,74.0,65.0,NotPlaced
8455,8.3,0,2,0,85.0,4.2,No,No,56.0,67.0,NotPlaced
7281,8.2,2,3,2,90.0,4.8,Yes,Yes,82.0,84.0,Placed
990,6.7,0,1,0,71.0,4.3,No,No,67.0,60.0,NotPlaced
6554,8.5,1,3,2,78.0,4.8,Yes,Yes,76.0,84.0,Placed
9550,8.2,2,3,2,88.0,4.7,Yes,Yes,83.0,83.0,Placed
3677,7.9,1,3,0,69.0,4.0,Yes,Yes,62.0,70.0,Placed
4261,7.7,0,2,0,90.0,4.5,Yes,Yes,86.0,84.0,Placed
1629,8.0,1,1,0,75.0,4.3,Yes,Yes,75.0,85.0,Placed
5733,6.5,1,2,0,66.0,4.2,No,Yes,59.0,64.0,NotPlaced
9195,8.5,2,1,1,70.0,4.3,Yes,Yes,58.0,63.0,Placed
8134,7.5,1,2,0,69.0,4.1,No,Yes,55.0,68.0,NotPlaced
4257,8.2,1,3,2,87.0,4.6,Yes,Yes,77.0,88.0,Placed
9701,7.9,0,2,0,69.0,4.1,No,No,55.0,65.0,NotPlaced
5722,8.0,1,0,2,79.0,4.4,Yes,Yes,73.0,84.0,Placed
8309,6.5,0,2,1,65.0,4.2,Yes,No,57.0,62.0,NotPlaced
2318,7.6,1,3,0,84.0,4.1,No,No,57.0,73.0,NotPlaced
6506,8.2,2,2,2,78.0,4.0,No,No,65.0,63.0,NotPlaced
6004,8.3,1,2,1,76.0,4.2,Yes,Yes,78.0,80.0,NotPlaced
3422,8.4,2,1,2,87.0,4.5,Yes,No,63.0,82.0,Placed
8356,6.5,1,1,0,77.0,4.7,No,No,55.0,83.0,NotPlaced
1243,8.3,0,1,2,90.0,4.8,Yes,Yes,81.0,82.0,Placed
9285,7.5,2,1,1,75.0,4.8,No,No,62.0,62.0,NotPlaced
9574,7.6,0,1,0,82.0,3.9,No,Yes,58.0,72.0,NotPlaced
6098,7.0,1,1,1,69.0,4.6,No,Yes,55.0,70.0,NotPlaced
9534,8.4,2,3,2,86.0,4.2,Yes,Yes,81.0,68.0,Placed
9939,7.4,1,1,2,69.0,4.5,No,Yes,57.0,70.0,NotPlaced
8563,7.9,1,1,1,75.0,4.5,Yes,Yes,71.0,67.0,NotPlaced
2662,7.5,1,2,0,74.0,4.3,No,No,55.0,65.0,NotPlaced
7020,8.2,0,3,2,90.0,4.7,Yes,Yes,67.0,83.0,Placed
8601,7.9,1,3,2,90.0,4.5,Yes,Yes,87.0,85.0,Placed
822,8.1,1,3,1,88.0,4.4,No,Yes,77.0,87.0,Placed
4268,8.2,1,3,2,87.0,4.7,Yes,Yes,73.0,78.0,Placed
9210,7.5,1,2,0,78.0,4.0,Yes,Yes,66.0,85.0,NotPlaced
9459,7.7,0,2,0,74.0,4.5,Yes,Yes,60.0,66.0,NotPlaced
653,6.8,0,3,2,89.0,4.8,Yes,Yes,78.0,69.0,Placed
7696,8.1,2,3,0,79.0,4.8,Yes,Yes,70.0,82.0,NotPlaced
905,8.2,0,3,0,71.0,4.7,Yes,Yes,76.0,88.0,Placed
3917,7.6,2,2,1,73.0,4.7,No,No,59.0,62.0,NotPlaced
7054,7.9,1,1,2,74.0,3.5,No,No,88.0,72.0,NotPlaced
773,7.3,1,2,2,73.0,4.7,Yes,Yes,75.0,72.0,NotPlaced
2357,7.5,1,1,0,66.0,4.1,No,No,63.0,60.0,NotPlaced
7722,8.3,1,2,0,78.0,4.6,Yes,Yes,74.0,60.0,NotPlaced
7418,7.5,1,1,1,72.0,4.5,No,Yes,59.0,65.0,NotPlaced
3079,6.5,2,3,2,79.0,3.7,Yes,Yes,57.0,68.0,Placed
7830,8.4,1,1,0,75.0,3.7,Yes,No,59.0,65.0,NotPlaced
3182,7.8,1,3,1,88.0,4.0,No,Yes,72.0,83.0,NotPlaced
6063,7.5,1,3,1,73.0,4.0,No,Yes,55.0,68.0,NotPlaced
132,6.5,1,1,1,72.0,3.8,No,No,64.0,67.0,NotPlaced
6712,7.8,1,1,1,72.0,4.2,No,Yes,58.0,68.0,NotPlaced
2435,8.4,0,3,2,90.0,4.8,Yes,Yes,83.0,83.0,Placed
2543,8.4,1,3,2,90.0,4.8,Yes,Yes,85.0,88.0,Placed
4409,8.5,0,3,2,90.0,4.7,Yes,No,84.0,60.0,Placed
9456,8.2,1,3,2,90.0,4.8,Yes,Yes,66.0,88.0,Placed
9743,6.5,1,1,1,67.0,3.6,No,No,55.0,65.0,NotPlaced
3133,7.6,0,1,1,71.0,3.9,No,Yes,66.0,65.0,NotPlaced
1486,7.9,0,2,0,83.0,4.0,No,Yes,62.0,69.0,NotPlaced
2807,6.7,1,1,0,74.0,3.9,Yes,Yes,74.0,66.0,NotPlaced
4077,7.7,0,0,2,89.0,4.1,Yes,Yes,74.0,79.0,NotPlaced
1231,6.5,1,1,0,75.0,4.5,No,No,59.0,66.0,NotPlaced
9688,7.7,1,1,1,82.0,4.0,No,No,55.0,61.0,NotPlaced
7590,7.9,1,0,3,90.0,4.8,Yes,Yes,68.0,88.0,NotPlaced
252,6.5,1,1,0,68.0,4.3,No,Yes,55.0,70.0,NotPlaced
4809,6.8,1,2,2,70.0,4.0,Yes,Yes,62.0,69.0,NotPlaced
9332,6.7,1,2,1,78.0,4.4,No,Yes,60.0,69.0,NotPlaced
2509,6.8,1,1,1,72.0,4.3,No,Yes,65.0,60.0,Placed
2771,7.3,0,1,0,64.0,3.7,No,No,62.0,72.0,NotPlaced
2614,8.4,2,3,2,90.0,4.5,Yes,Yes,84.0,85.0,NotPlaced
4233,8.2,1,3,2,90.0,4.4,Yes,Yes,72.0,87.0,Placed
8891,7.5,1,2,2,87.0,3.9,Yes,Yes,81.0,70.0,NotPlaced
3920,8.2,1,3,2,82.0,4.3,Yes,Yes,69.0,81.0,NotPlaced
5985,7.7,1,1,2,64.0,4.4,Yes,Yes,61.0,64.0,NotPlaced
4841,8.0,0,1,3,90.0,4.8,Yes,Yes,81.0,82.0,Placed
9963,7.3,1,1,0,60.0,4.5,No,No,58.0,60.0,NotPlaced
823,8.4,2,3,2,90.0,4.5,Yes,Yes,85.0,86.0,Placed
7980,6.7,1,1,0,76.0,3.8,Yes,Yes,57.0,66.0,Placed
4982,7.5,1,1,0,66.0,3.9,No,Yes,55.0,78.0,NotPlaced
6195,8.1,2,3,2,90.0,4.5,Yes,Yes,80.0,85.0,Placed
1677,6.6,1,3,0,86.0,4.4,No,No,60.0,65.0,NotPlaced
3513,6.5,1,3,0,76.0,4.4,Yes,No,55.0,67.0,NotPlaced
8275,8.0,2,3,2,90.0,4.8,Yes,Yes,79.0,86.0,Placed
663,8.4,1,2,1,85.0,4.8,Yes,Yes,55.0,66.0,Placed
8590,8.1,2,1,2,78.0,4.7,Yes,Yes,78.0,71.0,Placed
1277,8.6,2,2,2,90.0,4.8,Yes,Yes,72.0,88.0,Placed
5835,7.9,2,3,2,80.0,4.4,Yes,Yes,84.0,81.0,Placed
6412,6.9,1,1,1,75.0,3.7,No,Yes,65.0,66.0,NotPlaced
6363,8.8,2,3,2,90.0,4.8,Yes,Yes,72.0,86.0,Placed
5882,6.5,0,1,1,75.0,4.5,Yes,Yes,67.0,81.0,NotPlaced
7713,8.4,1,3,2,77.0,4.5,Yes,Yes,75.0,72.0,NotPlaced
2251,6.5,1,2,1,66.0,4.2,No,No,55.0,72.0,NotPlaced
6995,7.5,1,2,1,74.0,4.0,No,Yes,64.0,82.0,Placed
2682,6.5,1,1,1,79.0,3.8,No,Yes,60.0,69.0,NotPlaced
3212,6.8,0,1,1,63.0,3.7,Yes,No,63.0,65.0,NotPlaced
675,8.3,2,3,2,90.0,4.6,Yes,Yes,80.0,83.0,Placed
3531,8.4,0,3,0,84.0,4.2,Yes,Yes,75.0,82.0,Placed
6943,6.5,1,1,0,72.0,4.0,No,Yes,56.0,71.0,NotPlaced
5992,6.8,1,1,1,68.0,4.5,No,Yes,77.0,67.0,NotPlaced
3965,7.7,1,2,1,76.0,4.8,No,Yes,59.0,68.0,NotPlaced
7298,8.1,2,3,2,90.0,4.7,Yes,Yes,78.0,82.0,Placed
7787,6.7,1,1,1,81.0,4.1,No,No,64.0,72.0,NotPlaced
4450,8.2,1,3,2,79.0,4.8,Yes,Yes,71.0,82.0,Placed
7732,7.4,1,1,1,73.0,4.8,Yes,Yes,61.0,69.0,NotPlaced
9704,7.6,0,2,0,75.0,3.8,Yes,Yes,67.0,68.0,NotPlaced
235,7.5,2,3,0,88.0,4.6,Yes,Yes,79.0,83.0,NotPlaced
6060,8.9,1,3,1,84.0,4.8,Yes,Yes,82.0,81.0,NotPlaced
2199,8.3,0,3,0,82.0,4.5,Yes,Yes,73.0,81.0,Placed
4641,7.7,1,3,2,83.0,4.7,Yes,Yes,83.0,86.0,NotPlaced
6016,7.3,1,1,1,67.0,4.2,No,Yes,62.0,70.0,NotPlaced
7044,7.9,1,3,2,83.0,4.7,Yes,Yes,90.0,86.0,Placed
9780,7.2,0,1,1,65.0,3.8,No,Yes,55.0,59.0,NotPlaced
5553,7.6,1,1,0,77.0,4.5,Yes,Yes,70.0,71.0,NotPlaced
5217,7.8,0,1,1,85.0,4.3,No,No,70.0,80.0,Placed
419,7.5,1,1,0,67.0,4.2,Yes,Yes,57.0,70.0,Placed
371,7.5,1,2,2,70.0,4.7,Yes,Yes,55.0,70.0,NotPlaced
9843,7.7,2,3,2,87.0,4.8,Yes,Yes,57.0,83.0,NotPlaced
2640,8.4,2,3,2,90.0,4.8,Yes,Yes,85.0,78.0,Placed
1700,7.4,1,2,0,79.0,4.7,Yes,Yes,86.0,83.0,NotPlaced
9164,8.2,0,1,1,81.0,4.2,Yes,Yes,68.0,84.0,Placed
1827,6.7,1,1,0,73.0,4.5,No,Yes,60.0,79.0,Placed
3765,8.2,1,3,2,90.0,4.4,Yes,No,74.0,80.0,NotPlaced
1292,7.5,1,3,0,77.0,4.5,Yes,No,82.0,64.0,NotPlaced
2900,8.6,1,1,2,87.0,3.9,Yes,Yes,84.0,84.0,Placed
3693,8.0,2,3,2,90.0,4.8,Yes,Yes,89.0,88.0,Placed
3828,6.7,1,1,1,74.0,3.9,No,Yes,56.0,83.0,NotPlaced
1248,7.7,1,3,2,90.0,4.8,Yes,Yes,79.0,88.0,Placed
4531,8.9,2,3,2,90.0,4.7,Yes,Yes,81.0,87.0,Placed
9918,7.4,1,2,0,70.0,4.3,No,Yes,55.0,71.0,NotPlaced
5296,7.8,1,3,1,80.0,4.8,Yes,No,61.0,81.0,NotPlaced
9577,7.3,1,2,0,84.0,3.9,Yes,Yes,90.0,88.0,Placed
2750,8.6,1,3,0,90.0,4.8,Yes,Yes,87.0,81.0,Placed
5279,6.5,1,2,0,86.0,4.4,Yes,Yes,66.0,69.0,Placed
3957,7.6,1,1,1,77.0,3.9,No,No,55.0,59.0,NotPlaced
2591,7.9,2,2,1,88.0,4.5,Yes,Yes,83.0,73.0,Placed
2983,8.7,1,2,1,90.0,4.6,Yes,Yes,75.0,88.0,Placed
8437,6.5,1,2,1,84.0,3.8,No,Yes,81.0,62.0,NotPlaced
3807,6.5,1,2,1,82.0,4.1,No,Yes,69.0,84.0,NotPlaced
2600,7.3,1,1,0,68.0,4.3,No,No,55.0,72.0,NotPlaced
9742,7.9,2,3,3,81.0,4.4,Yes,No,90.0,81.0,Placed
8016,8.3,2,3,2,90.0,4.8,Yes,No,75.0,80.0,Placed
8794,7.3,2,1,0,83.0,3.7,Yes,Yes,60.0,65.0,Placed
1017,8.1,2,3,3,76.0,4.5,Yes,Yes,69.0,67.0,NotPlaced
5524,7.9,2,1,0,81.0,3.7,Yes,Yes,79.0,66.0,Placed
6678,8.6,2,3,1,88.0,4.8,Yes,Yes,71.0,83.0,Placed
2520,7.7,0,2,0,81.0,4.2,No,Yes,75.0,60.0,NotPlaced
2328,7.8,1,3,0,90.0,4.6,No,Yes,64.0,83.0,NotPlaced
7333,8.0,0,3,2,90.0,4.1,Yes,Yes,59.0,86.0,NotPlaced
1931,8.4,2,3,2,90.0,4.8,Yes,Yes,72.0,82.0,Placed
2837,6.8,1,1,1,71.0,4.3,No,Yes,60.0,62.0,NotPlaced
2660,7.5,1,3,2,78.0,4.6,Yes,Yes,74.0,84.0,Placed
2776,7.0,1,2,1,78.0,4.0,No,No,55.0,71.0,NotPlaced
3728,8.2,0,1,1,89.0,4.7,Yes,Yes,81.0,74.0,NotPlaced
8168,8.1,2,3,2,90.0,4.8,Yes,Yes,89.0,84.0,Placed
8105,7.4,0,2,1,72.0,4.4,No,Yes,60.0,70.0,Placed
9867,8.4,1,1,0,72.0,3.5,No,No,57.0,64.0,NotPlaced
4534,8.7,1,3,2,89.0,4.7,Yes,Yes,79.0,81.0,Placed
3090,7.1,1,1,1,72.0,3.9,No,No,57.0,57.0,NotPlaced
7278,6.8,1,2,0,83.0,4.3,No,No,57.0,64.0,NotPlaced
8999,7.8,0,2,2,87.0,4.6,Yes,Yes,85.0,86.0,Placed
2708,7.5,0,2,0,80.0,4.4,No,Yes,65.0,68.0,NotPlaced
4319,7.6,1,1,1,74.0,4.3,Yes,Yes,61.0,60.0,NotPlaced
696,7.1,2,3,2,90.0,4.4,Yes,Yes,77.0,87.0,Placed
4752,7.1,1,1,1,76.0,4.2,Yes,Yes,81.0,82.0,Placed
6487,7.5,1,1,2,68.0,3.7,Yes,Yes,57.0,70.0,NotPlaced
3304,7.5,0,1,0,75.0,3.7,No,No,61.0,70.0,NotPlaced
2494,7.5,1,2,0,71.0,4.0,Yes,No,55.0,66.0,NotPlaced
685,7.0,1,2,0,67.0,4.3,No,Yes,69.0,69.0,NotPlaced
2721,7.5,1,1,0,69.0,4.3,No,No,60.0,71.0,NotPlaced
276,6.5,2,2,2,79.0,4.5,Yes,Yes,83.0,87.0,Placed
8401,8.2,1,3,0,82.0,4.7,Yes,Yes,78.0,85.0,Placed
1430,7.5,1,3,0,82.0,4.7,Yes,Yes,72.0,88.0,NotPlaced
2665,7.5,0,1,0,80.0,4.5,Yes,Yes,79.0,73.0,NotPlaced
7852,7.9,0,2,1,72.0,4.3,Yes,Yes,60.0,72.0,NotPlaced
7525,7.4,1,1,2,63.0,3.6,No,Yes,62.0,72.0,NotPlaced
7257,8.0,2,1,1,77.0,3.8,No,Yes,83.0,64.0,NotPlaced
9362,6.5,1,3,1,70.0,4.2,No,Yes,58.0,68.0,NotPlaced
9179,8.4,1,2,3,90.0,4.7,Yes,Yes,84.0,71.0,Placed
2380,8.5,1,1,2,72.0,4.0,Yes,Yes,80.0,82.0,Placed
4191,8.3,1,2,0,85.0,4.6,Yes,Yes,73.0,77.0,NotPlaced
985,8.3,1,1,2,88.0,4.1,Yes,No,70.0,80.0,Placed
4058,8.1,1,3,2,82.0,4.7,Yes,Yes,78.0,66.0,Placed
9586,7.6,1,1,0,68.0,3.7,No,No,55.0,67.0,NotPlaced
4899,8.6,2,3,2,90.0,4.8,Yes,Yes,87.0,84.0,Placed
7379,8.5,1,3,2,86.0,4.5,Yes,Yes,89.0,77.0,Placed
8878,8.2,1,3,2,90.0,4.8,Yes,Yes,66.0,84.0,Placed
9453,7.4,0,1,3,66.0,3.3,No,Yes,63.0,71.0,NotPlaced
3118,7.9,1,3,1,82.0,4.1,No,Yes,55.0,69.0,NotPlaced
560,7.6,2,2,0,72.0,4.3,No,Yes,77.0,67.0,Placed
6370,7.3,0,2,0,83.0,4.2,No,Yes,71.0,66.0,NotPlaced
9492,7.5,0,3,1,78.0,4.7,Yes,Yes,66.0,66.0,Placed
9155,7.3,0,1,2,85.0,4.7,Yes,Yes,74.0,84.0,Placed
6469,7.5,1,3,0,80.0,4.0,Yes,Yes,79.0,83.0,NotPlaced
8441,8.5,2,3,2,90.0,4.8,Yes,Yes,70.0,86.0,Placed
3084,8.7,1,3,1,71.0,4.8,Yes,Yes,76.0,81.0,Placed
5237,8.4,1,1,2,80.0,4.8,No,No,71.0,65.0,Placed
8132,6.5,0,1,0,67.0,3.5,No,Yes,55.0,67.0,NotPlaced
8395,7.8,1,2,2,90.0,4.5,Yes,Yes,80.0,64.0,Placed
9361,8.0,2,3,0,90.0,4.8,Yes,Yes,76.0,86.0,Placed
449,6.5,1,1,0,80.0,4.3,Yes,Yes,75.0,68.0,NotPlaced
3119,8.1,1,2,1,85.0,4.7,No,Yes,55.0,80.0,NotPlaced
8519,7.5,1,1,1,74.0,4.5,Yes,Yes,62.0,78.0,NotPlaced
1967,6.6,1,1,1,72.0,4.0,No,No,58.0,63.0,NotPlaced
1565,7.4,1,2,0,82.0,4.6,Yes,Yes,70.0,88.0,NotPlaced
2980,8.2,2,3,2,90.0,4.8,Yes,Yes,79.0,84.0,Placed
4919,8.5,2,1,0,86.0,4.5,Yes,Yes,80.0,82.0,Placed
100,7.9,0,1,2,83.0,4.8,Yes,No,58.0,81.0,NotPlaced
3909,7.2,0,1,0,73.0,4.1,Yes,Yes,72.0,83.0,Placed
7206,7.4,1,3,2,74.0,4.1,Yes,Yes,79.0,81.0,Placed
6208,8.5,2,1,2,85.0,4.7,No,Yes,75.0,84.0,Placed
8350,7.9,0,1,0,79.0,4.4,Yes,No,55.0,85.0,NotPlaced
7918,8.3,0,3,1,73.0,4.4,Yes,Yes,76.0,75.0,NotPlaced
6449,7.3,1,1,1,70.0,4.5,No,Yes,68.0,73.0,NotPlaced
3152,7.7,0,3,0,88.0,4.8,Yes,Yes,73.0,77.0,Placed
8603,8.0,1,1,0,90.0,4.5,Yes,Yes,69.0,74.0,Placed
2997,6.7,1,2,1,85.0,4.4,No,Yes,55.0,71.0,NotPlaced
572,8.2,2,3,2,90.0,4.8,Yes,Yes,88.0,82.0,Placed
2583,6.5,2,3,2,81.0,3.3,No,Yes,83.0,76.0,Placed
8718,7.3,0,1,0,72.0,4.3,No,No,55.0,68.0,NotPlaced
1796,8.3,0,2,2,82.0,4.4,No,Yes,81.0,67.0,NotPlaced
2867,7.7,1,3,1,76.0,4.0,No,No,65.0,61.0,NotPlaced
6001,8.2,1,3,3,88.0,4.8,No,Yes,82.0,69.0,Placed
6932,8.1,2,1,0,71.0,3.4,Yes,No,66.0,67.0,NotPlaced
3055,8.4,2,2,2,78.0,4.1,No,Yes,83.0,80.0,Placed
8658,7.8,2,3,0,86.0,4.6,Yes,Yes,74.0,86.0,Placed
1179,8.8,2,1,2,85.0,4.8,Yes,Yes,72.0,84.0,Placed
590,7.8,1,2,0,81.0,3.9,No,No,63.0,71.0,NotPlaced
2967,6.7,2,1,1,75.0,4.6,No,No,61.0,67.0,NotPlaced
9730,6.6,1,2,0,83.0,4.0,No,Yes,58.0,70.0,NotPlaced
8852,8.4,2,3,2,89.0,4.1,Yes,Yes,83.0,80.0,Placed
7594,6.8,0,2,0,78.0,4.1,No,Yes,57.0,88.0,NotPlaced
3347,6.5,1,2,0,72.0,4.1,No,No,55.0,70.0,NotPlaced
7909,7.3,0,1,0,78.0,3.7,No,Yes,79.0,86.0,NotPlaced
4231,8.1,2,3,2,90.0,4.1,Yes,Yes,75.0,81.0,Placed
5173,7.5,1,2,0,71.0,4.7,No,Yes,55.0,72.0,NotPlaced
7631,8.5,1,3,3,84.0,4.6,Yes,Yes,69.0,88.0,Placed
2317,7.6,1,1,0,60.0,4.0,No,No,56.0,64.0,NotPlaced
4147,8.3,2,3,2,90.0,4.8,Yes,Yes,81.0,81.0,Placed
7148,8.1,0,2,0,82.0,4.2,Yes,No,68.0,75.0,Placed
4082,6.5,1,2,1,80.0,4.1,No,Yes,66.0,66.0,NotPlaced
5727,8.9,2,3,2,90.0,4.8,Yes,Yes,82.0,87.0,Placed
8197,8.4,2,3,2,90.0,4.8,Yes,Yes,79.0,83.0,Placed
7755,7.7,0,2,0,77.0,4.1,No,No,65.0,69.0,NotPlaced
4098,7.3,0,1,1,76.0,4.2,No,No,55.0,66.0,NotPlaced
6917,6.5,1,1,1,70.0,3.5,No,Yes,60.0,75.0,NotPlaced
9146,7.4,1,1,0,82.0,4.5,Yes,Yes,79.0,68.0,NotPlaced
6763,7.4,1,2,2,77.0,4.1,No,No,55.0,71.0,Placed
8415,7.9,1,3,0,85.0,4.8,Yes,Yes,78.0,87.0,Placed
789,6.5,1,1,1,78.0,4.0,No,No,65.0,65.0,NotPlaced
5912,8.6,2,3,2,90.0,4.8,Yes,Yes,75.0,88.0,Placed
1763,8.1,0,3,0,81.0,4.5,No,Yes,77.0,67.0,Placed
7914,7.6,0,2,0,69.0,4.2,No,No,55.0,63.0,NotPlaced
5412,7.7,1,3,0,78.0,4.4,Yes,No,55.0,62.0,NotPlaced
3758,8.1,1,3,2,82.0,4.2,Yes,Yes,72.0,67.0,NotPlaced
1072,7.9,0,3,1,86.0,4.6,Yes,No,77.0,80.0,Placed
1046,8.1,2,3,3,90.0,4.7,Yes,Yes,64.0,83.0,Placed
3743,7.5,1,1,0,72.0,3.7,No,Yes,56.0,68.0,NotPlaced
5865,7.6,1,3,2,77.0,4.4,No,Yes,55.0,71.0,Placed
9598,8.3,1,3,0,90.0,4.4,Yes,Yes,83.0,81.0,Placed
6688,7.9,1,3,0,77.0,4.1,Yes,Yes,73.0,82.0,NotPlaced
2079,7.8,2,3,2,82.0,4.6,Yes,No,84.0,76.0,NotPlaced
4662,7.4,0,1,0,72.0,4.5,No,Yes,55.0,75.0,NotPlaced
351,7.5,1,2,0,70.0,3.7,No,Yes,55.0,66.0,NotPlaced
7941,7.8,0,2,0,79.0,4.3,Yes,Yes,65.0,70.0,Placed
4209,6.5,0,2,1,84.0,4.8,No,Yes,74.0,84.0,Placed
8334,7.5,1,1,0,75.0,3.6,No,No,55.0,62.0,NotPlaced
6365,7.9,1,2,0,74.0,4.1,No,Yes,55.0,72.0,NotPlaced
3500,7.7,1,1,1,79.0,4.0,Yes,Yes,84.0,65.0,NotPlaced
3556,6.6,1,1,1,80.0,4.4,No,Yes,77.0,68.0,NotPlaced
9642,6.8,1,3,0,80.0,4.4,No,Yes,75.0,67.0,NotPlaced
6633,6.6,1,2,0,79.0,3.6,No,No,55.0,67.0,NotPlaced
4282,6.6,1,1,0,72.0,4.2,No,No,55.0,61.0,NotPlaced
2928,6.5,1,1,1,68.0,4.6,No,No,58.0,63.0,NotPlaced
6224,6.8,1,2,0,74.0,4.3,No,Yes,55.0,67.0,NotPlaced
7780,8.1,1,3,2,78.0,3.7,Yes,Yes,73.0,83.0,Placed
7593,8.3,2,2,0,81.0,4.7,Yes,Yes,78.0,86.0,NotPlaced
7363,6.7,0,1,0,78.0,3.0,No,No,55.0,65.0,NotPlaced
5951,7.3,1,1,1,72.0,4.6,No,Yes,58.0,70.0,NotPlaced
9317,8.4,1,3,2,90.0,4.8,Yes,Yes,88.0,84.0,Placed
2531,8.5,2,3,2,87.0,4.4,Yes,Yes,77.0,71.0,Placed
4422,6.5,1,2,1,74.0,4.6,Yes,Yes,62.0,72.0,NotPlaced
9529,8.3,0,1,0,81.0,4.4,Yes,No,76.0,80.0,NotPlaced
6686,8.6,1,3,2,90.0,4.8,No,Yes,78.0,83.0,NotPlaced
2462,7.6,1,1,0,70.0,4.1,No,No,61.0,63.0,NotPlaced
8644,6.5,1,1,0,74.0,4.7,Yes,Yes,82.0,78.0,NotPlaced
3897,8.4,2,3,2,89.0,4.8,Yes,Yes,74.0,82.0,Placed
2736,8.1,2,3,2,90.0,4.7,Yes,Yes,76.0,88.0,Placed
8260,8.0,2,3,2,86.0,3.8,Yes,Yes,87.0,86.0,Placed
6822,7.8,0,2,2,77.0,3.6,No,Yes,64.0,72.0,Placed
1319,7.5,0,1,0,72.0,4.3,Yes,Yes,60.0,61.0,NotPlaced
8030,7.5,0,1,0,71.0,4.1,No,Yes,73.0,66.0,NotPlaced
7066,6.9,1,1,1,60.0,3.3,No,No,58.0,62.0,NotPlaced
2289,7.6,1,3,0,82.0,4.8,Yes,Yes,69.0,84.0,Placed
2497,8.0,0,3,1,80.0,4.6,Yes,Yes,86.0,84.0,Placed
1205,7.4,0,2,0,78.0,4.4,No,Yes,78.0,69.0,NotPlaced
9739,6.6,1,1,0,76.0,4.8,Yes,Yes,77.0,71.0,NotPlaced
9678,7.4,1,1,0,68.0,3.9,No,Yes,79.0,76.0,NotPlaced
7682,6.8,1,1,0,74.0,4.3,No,Yes,59.0,67.0,Placed
4600,7.4,0,1,0,62.0,3.9,No,No,55.0,61.0,NotPlaced
8272,8.1,2,3,2,90.0,4.7,No,No,67.0,76.0,NotPlaced
2378,8.5,2,3,2,90.0,4.8,Yes,Yes,82.0,88.0,Placed
618,8.5,2,2,0,79.0,4.8,Yes,No,55.0,64.0,NotPlaced
8906,6.5,1,1,1,79.0,4.7,No,Yes,59.0,64.0,NotPlaced
1294,8.2,0,3,2,82.0,4.7,No,Yes,81.0,82.0,Placed
4347,8.2,2,3,0,90.0,4.8,Yes,Yes,78.0,78.0,Placed
8877,8.0,1,3,2,90.0,4.7,Yes,Yes,74.0,88.0,Placed
6862,8.0,0,3,0,86.0,4.5,Yes,Yes,74.0,85.0,Placed
8420,7.0,0,3,0,75.0,3.9,No,No,56.0,70.0,Placed
529,8.1,1,3,0,88.0,4.3,No,No,72.0,85.0,NotPlaced
3557,8.0,2,3,0,82.0,4.8,No,Yes,80.0,84.0,Placed
4174,7.5,0,3,0,81.0,4.5,Yes,Yes,87.0,85.0,Placed
5872,8.1,0,2,2,68.0,4.8,No,Yes,72.0,72.0,NotPlaced
2492,8.6,1,2,2,90.0,4.6,Yes,Yes,81.0,87.0,Placed
4583,6.7,1,1,1,67.0,4.0,No,Yes,55.0,69.0,NotPlaced
6871,6.7,2,2,2,78.0,4.5,Yes,Yes,57.0,67.0,NotPlaced
8073,7.5,2,3,2,90.0,4.7,Yes,Yes,83.0,85.0,Placed
4793,7.2,1,2,1,76.0,4.1,No,No,73.0,65.0,NotPlaced
8330,6.7,1,2,1,76.0,4.6,Yes,Yes,71.0,68.0,NotPlaced
9616,8.1,1,1,1,90.0,4.6,No,No,65.0,85.0,NotPlaced
1940,7.5,0,2,0,69.0,3.7,No,No,58.0,65.0,NotPlaced
6693,7.4,1,2,2,78.0,4.4,Yes,Yes,82.0,68.0,NotPlaced
4896,8.3,0,3,2,86.0,4.7,Yes,Yes,82.0,86.0,Placed
5558,8.4,2,3,2,90.0,4.8,Yes,Yes,84.0,79.0,Placed
2943,7.7,1,1,0,67.0,3.6,No,No,57.0,64.0,NotPlaced
4075,7.5,1,2,1,76.0,3.7,Yes,Yes,59.0,70.0,NotPlaced
3351,6.5,1,1,0,75.0,3.9,No,No,59.0,82.0,NotPlaced
7812,8.4,1,1,1,79.0,4.1,No,No,59.0,66.0,NotPlaced
9370,7.4,0,1,1,72.0,3.5,No,Yes,66.0,61.0,NotPlaced
9588,8.1,2,3,2,90.0,4.6,Yes,No,74.0,84.0,Placed
2838,7.3,1,1,0,70.0,3.9,No,No,61.0,64.0,NotPlaced
1490,7.6,1,2,0,74.0,4.2,Yes,Yes,55.0,81.0,NotPlaced
6466,8.1,1,3,0,72.0,4.0,Yes,Yes,72.0,65.0,Placed
4874,8.3,1,3,2,90.0,4.5,No,Yes,77.0,81.0,NotPlaced
3364,8.5,0,1,0,74.0,4.3,No,Yes,68.0,83.0,NotPlaced
7115,6.9,1,3,2,78.0,3.8,Yes,Yes,75.0,74.0,NotPlaced
1634,6.5,1,2,0,78.0,4.3,No,No,55.0,67.0,NotPlaced
9187,7.8,2,2,3,70.0,4.6,No,Yes,55.0,69.0,NotPlaced
1648,7.3,1,1,1,72.0,4.1,No,Yes,61.0,70.0,NotPlaced
7749,7.4,0,1,0,73.0,4.4,No,No,55.0,72.0,NotPlaced
295,7.7,0,1,0,79.0,4.8,No,Yes,58.0,71.0,NotPlaced
5634,8.2,2,3,2,86.0,4.4,Yes,Yes,79.0,85.0,Placed
8668,6.7,0,1,1,75.0,3.2,No,No,55.0,71.0,NotPlaced
9649,8.4,2,3,0,89.0,4.6,Yes,Yes,87.0,82.0,Placed
6448,7.6,1,2,0,88.0,4.7,No,Yes,83.0,86.0,Placed
2198,7.6,0,2,2,78.0,4.4,Yes,Yes,80.0,71.0,NotPlaced
8760,6.5,1,1,0,67.0,4.3,No,Yes,72.0,67.0,NotPlaced
5712,8.3,1,3,2,90.0,4.8,Yes,Yes,84.0,83.0,Placed
4324,8.2,0,1,0,69.0,4.8,No,Yes,80.0,66.0,NotPlaced
4579,8.4,0,1,3,83.0,4.3,Yes,Yes,71.0,74.0,NotPlaced
4510,8.1,1,1,0,79.0,4.4,Yes,Yes,73.0,88.0,NotPlaced
2081,6.8,0,2,1,76.0,4.0,No,Yes,55.0,65.0,NotPlaced
883,8.7,1,3,2,88.0,4.8,Yes,Yes,83.0,86.0,Placed
3632,7.6,1,1,1,70.0,4.7,No,Yes,55.0,69.0,NotPlaced
9902,6.5,1,1,1,76.0,4.0,No,No,55.0,65.0,NotPlaced
8700,7.8,2,2,1,84.0,4.0,No,Yes,86.0,73.0,NotPlaced
6095,8.5,1,3,2,89.0,4.0,Yes,Yes,68.0,74.0,NotPlaced
6318,6.5,1,1,0,72.0,4.2,No,Yes,72.0,64.0,NotPlaced
5314,8.4,2,3,2,83.0,4.5,Yes,Yes,74.0,86.0,Placed
9010,8.3,1,3,0,90.0,4.8,Yes,Yes,81.0,86.0,Placed
7296,7.7,0,1,1,67.0,4.4,No,No,55.0,61.0,NotPlaced
6987,7.6,0,1,1,64.0,4.1,No,No,55.0,58.0,NotPlaced
4709,8.0,2,2,2,77.0,4.8,Yes,No,76.0,80.0,NotPlaced
353,6.6,1,2,0,71.0,4.0,No,No,55.0,68.0,Placed
7087,7.4,0,1,0,77.0,3.8,Yes,Yes,58.0,66.0,NotPlaced
3848,8.6,2,3,2,89.0,4.8,Yes,Yes,80.0,85.0,Placed
4384,7.1,1,1,0,79.0,4.3,Yes,Yes,69.0,69.0,Placed
3773,8.3,0,3,2,90.0,4.3,Yes,Yes,77.0,85.0,Placed
931,7.5,2,3,1,86.0,4.4,Yes,Yes,71.0,80.0,Placed
3840,7.8,1,2,1,81.0,4.1,Yes,Yes,61.0,78.0,Placed
4707,6.5,1,1,1,73.0,4.2,No,No,55.0,57.0,NotPlaced
587,7.8,2,3,0,90.0,4.8,Yes,Yes,78.0,83.0,Placed
390,8.3,2,3,2,82.0,4.8,Yes,Yes,57.0,73.0,Placed
5263,6.5,1,1,1,64.0,4.1,No,Yes,59.0,76.0,NotPlaced
85,7.6,0,2,0,86.0,4.8,Yes,Yes,57.0,72.0,Placed
5007,7.6,0,1,1,80.0,4.6,No,No,55.0,64.0,NotPlaced
497,7.0,1,2,0,75.0,4.6,Yes,Yes,78.0,67.0,NotPlaced
8846,7.6,1,1,1,76.0,3.4,No,No,55.0,59.0,NotPlaced
1870,8.7,2,3,2,90.0,4.6,Yes,Yes,75.0,86.0,Placed
824,7.3,0,2,1,74.0,3.7,No,No,58.0,68.0,NotPlaced
4768,7.8,1,3,2,82.0,4.8,Yes,No,78.0,77.0,Placed
1085,7.6,1,1,3,79.0,4.8,No,Yes,70.0,66.0,NotPlaced
5424,6.6,1,2,0,70.0,4.1,Yes,Yes,55.0,62.0,NotPlaced
4246,7.9,1,1,1,84.0,4.5,Yes,Yes,71.0,85.0,Placed
4170,7.2,2,3,2,90.0,4.8,Yes,Yes,90.0,82.0,Placed
1751,7.8,1,1,0,73.0,3.9,No,Yes,55.0,67.0,Placed
8025,8.1,1,3,2,81.0,4.5,Yes,Yes,83.0,84.0,Placed
2324,7.7,1,1,0,75.0,3.6,No,Yes,59.0,71.0,NotPlaced
3501,6.5,1,2,0,69.0,4.0,No,No,58.0,72.0,NotPlaced
1682,8.3,1,2,1,82.0,4.4,Yes,Yes,76.0,85.0,Placed
4696,7.5,0,1,0,81.0,4.4,No,No,66.0,67.0,NotPlaced
3226,7.5,1,2,0,76.0,3.4,No,Yes,79.0,71.0,NotPlaced
4908,7.9,0,2,1,76.0,4.7,Yes,Yes,82.0,82.0,NotPlaced
8592,7.8,0,3,1,90.0,3.8,No,Yes,55.0,71.0,NotPlaced
5622,7.7,1,2,2,78.0,3.8,Yes,No,63.0,67.0,NotPlaced
1754,8.1,2,3,2,90.0,4.6,Yes,Yes,81.0,88.0,Placed
5681,8.6,2,3,2,90.0,4.6,Yes,Yes,76.0,85.0,Placed
2501,8.0,1,2,0,90.0,4.3,Yes,Yes,75.0,70.0,NotPlaced
1611,7.0,1,2,0,78.0,4.7,No,Yes,73.0,64.0,NotPlaced
25,7.4,1,2,1,90.0,4.3,No,Yes,56.0,69.0,NotPlaced
5207,7.8,2,3,2,82.0,4.2,Yes,Yes,63.0,84.0,Placed
8766,7.4,1,2,1,76.0,4.4,Yes,Yes,79.0,70.0,NotPlaced
1132,8.6,2,3,2,90.0,4.8,Yes,Yes,73.0,80.0,Placed
7861,7.7,1,1,0,74.0,4.2,Yes,Yes,86.0,64.0,NotPlaced
8997,6.5,1,2,1,72.0,4.4,No,No,55.0,63.0,NotPlaced
9945,7.0,1,2,1,67.0,3.4,No,Yes,56.0,64.0,NotPlaced
1982,7.3,1,3,0,89.0,3.8,No,No,79.0,71.0,NotPlaced
1898,8.2,1,1,0,71.0,3.8,No,No,67.0,62.0,NotPlaced
774,6.6,0,1,1,63.0,3.8,No,No,61.0,68.0,NotPlaced
1134,7.7,1,2,0,85.0,4.3,No,Yes,69.0,74.0,NotPlaced
622,6.7,1,1,1,68.0,4.3,No,No,55.0,60.0,NotPlaced
469,7.2,1,2,1,68.0,4.4,No,No,55.0,64.0,NotPlaced
5516,7.7,1,3,0,76.0,4.5,Yes,No,69.0,64.0,Placed
9778,8.6,1,3,2,85.0,4.8,Yes,Yes,77.0,72.0,Placed
2905,6.7,1,1,0,76.0,4.2,No,Yes,55.0,66.0,NotPlaced
8624,7.5,1,3,2,82.0,4.8,Yes,No,81.0,88.0,Placed
1252,7.2,0,1,0,79.0,3.8,No,Yes,81.0,70.0,NotPlaced
7756,7.6,0,3,0,85.0,4.7,Yes,Yes,70.0,75.0,Placed
2395,8.6,1,3,2,88.0,4.6,No,Yes,72.0,83.0,Placed
4241,7.5,1,1,0,71.0,4.3,No,No,57.0,78.0,Placed
7815,8.1,2,2,1,76.0,4.8,Yes,Yes,71.0,81.0,NotPlaced
1236,8.5,1,1,1,81.0,4.7,Yes,Yes,77.0,59.0,Placed
3589,7.2,2,1,3,84.0,3.9,No,Yes,72.0,68.0,NotPlaced
3192,8.5,1,3,2,90.0,4.8,Yes,Yes,80.0,85.0,Placed
6635,8.7,1,2,2,86.0,4.8,Yes,Yes,89.0,85.0,Placed
3176,8.3,1,2,1,77.0,4.6,Yes,Yes,82.0,80.0,Placed
9591,8.5,1,3,0,90.0,4.8,Yes,Yes,78.0,82.0,Placed
2148,7.0,1,3,1,88.0,4.8,Yes,Yes,85.0,82.0,Placed
7967,6.5,0,1,0,64.0,4.1,No,No,63.0,70.0,NotPlaced
5079,6.5,1,1,1,64.0,4.4,Yes,No,57.0,61.0,NotPlaced
8358,7.2,1,2,2,70.0,4.1,No,No,61.0,69.0,NotPlaced
5737,8.3,2,3,2,90.0,4.8,Yes,Yes,81.0,87.0,Placed
7524,8.1,2,3,2,83.0,4.5,Yes,Yes,83.0,82.0,Placed
3350,7.5,1,1,2,68.0,4.6,Yes,No,62.0,70.0,NotPlaced
9346,7.1,0,1,1,72.0,4.4,No,Yes,55.0,73.0,NotPlaced
2055,8.3,2,3,2,90.0,4.8,Yes,Yes,78.0,87.0,Placed
8615,8.6,1,3,0,90.0,4.8,Yes,Yes,55.0,70.0,Placed
8055,7.9,1,2,2,63.0,3.8,Yes,Yes,55.0,62.0,NotPlaced
1087,8.4,0,3,0,75.0,4.6,Yes,Yes,73.0,83.0,Placed
5229,7.1,1,1,1,72.0,3.2,No,No,58.0,64.0,NotPlaced
8501,6.7,1,1,0,74.0,3.7,No,Yes,55.0,67.0,NotPlaced
179,7.5,2,1,2,90.0,4.8,Yes,No,55.0,65.0,NotPlaced
2502,7.8,0,2,0,80.0,4.1,No,Yes,60.0,83.0,Placed
9074,7.6,1,2,0,72.0,4.2,No,Yes,59.0,65.0,Placed
6676,6.5,1,1,1,64.0,3.5,No,No,55.0,65.0,NotPlaced
1804,6.5,1,2,0,84.0,4.7,No,Yes,61.0,68.0,NotPlaced
6314,8.5,2,3,2,90.0,4.7,Yes,Yes,84.0,87.0,Placed
9567,7.4,2,1,1,75.0,4.4,Yes,Yes,55.0,68.0,NotPlaced
2229,8.0,1,3,2,90.0,4.7,Yes,Yes,72.0,84.0,NotPlaced
2768,7.9,0,3,2,89.0,4.7,Yes,Yes,78.0,82.0,Placed
5310,8.0,1,1,0,83.0,4.7,No,No,55.0,66.0,NotPlaced
7442,7.9,0,3,1,82.0,4.0,No,Yes,82.0,67.0,Placed
6767,8.6,1,3,2,83.0,4.8,Yes,Yes,77.0,77.0,Placed
2416,8.2,2,3,2,87.0,4.8,Yes,Yes,87.0,88.0,Placed
2194,7.8,1,1,0,79.0,4.0,No,Yes,55.0,70.0,NotPlaced
642,7.9,1,1,1,66.0,4.5,No,No,74.0,69.0,NotPlaced
9660,7.9,2,3,2,90.0,4.8,Yes,Yes,84.0,88.0,Placed
3895,7.6,1,1,0,68.0,4.0,No,No,62.0,72.0,NotPlaced
9666,8.5,0,1,0,73.0,4.6,Yes,Yes,69.0,63.0,NotPlaced
1372,8.1,0,3,0,90.0,4.7,Yes,No,83.0,84.0,Placed
4410,6.8,1,2,0,73.0,4.3,No,Yes,79.0,62.0,Placed
9085,7.7,1,1,2,71.0,4.0,No,Yes,56.0,64.0,NotPlaced
1536,8.2,2,3,1,78.0,4.4,Yes,Yes,67.0,85.0,NotPlaced
1446,8.1,2,3,1,67.0,4.4,Yes,Yes,59.0,82.0,NotPlaced
1874,8.2,2,3,2,90.0,4.8,Yes,Yes,89.0,87.0,Placed
6125,8.2,2,3,2,90.0,4.8,Yes,Yes,86.0,83.0,Placed
4889,6.7,0,1,0,76.0,4.0,No,Yes,55.0,70.0,NotPlaced
9057,7.6,0,3,2,87.0,4.7,Yes,No,80.0,84.0,Placed
8950,7.4,0,2,0,75.0,4.4,No,Yes,57.0,67.0,NotPlaced
9627,7.6,2,2,2,89.0,4.6,Yes,Yes,68.0,79.0,Placed
4069,8.2,1,3,2,90.0,4.6,Yes,Yes,86.0,86.0,Placed
3924,7.6,1,2,0,76.0,4.2,No,Yes,57.0,64.0,NotPlaced
9230,8.1,2,1,1,87.0,3.8,No,Yes,55.0,63.0,NotPlaced
1081,8.8,1,1,2,87.0,4.4,Yes,Yes,78.0,81.0,Placed
7388,8.0,2,3,2,90.0,4.7,Yes,Yes,78.0,80.0,Placed
6450,8.5,1,3,3,87.0,4.3,Yes,Yes,79.0,85.0,Placed
1575,7.5,2,3,2,79.0,4.1,Yes,Yes,75.0,70.0,Placed
3539,8.2,1,1,0,79.0,4.5,Yes,Yes,81.0,63.0,Placed
8120,7.7,2,1,1,80.0,4.7,No,No,56.0,65.0,NotPlaced
5677,7.7,0,1,0,66.0,3.7,No,No,55.0,70.0,NotPlaced
1692,7.7,1,2,0,70.0,3.6,No,Yes,55.0,62.0,NotPlaced
2427,6.5,0,1,1,84.0,3.6,No,No,61.0,63.0,NotPlaced
6671,8.4,1,3,0,88.0,4.1,Yes,Yes,87.0,85.0,Placed
7153,6.7,1,1,0,67.0,4.6,No,Yes,57.0,64.0,NotPlaced
7447,6.5,1,1,0,61.0,3.5,No,Yes,61.0,69.0,NotPlaced
72,6.7,0,2,1,79.0,4.1,No,No,78.0,67.0,NotPlaced
9121,7.0,1,1,0,81.0,3.6,No,Yes,55.0,70.0,NotPlaced
9657,7.6,1,1,0,61.0,3.7,No,No,64.0,73.0,NotPlaced
3975,7.6,0,1,0,88.0,4.7,Yes,Yes,62.0,69.0,Placed
6915,8.2,2,3,2,90.0,4.8,Yes,Yes,84.0,82.0,Placed
9018,8.4,2,3,0,90.0,4.7,Yes,No,76.0,83.0,Placed
5569,6.5,2,1,1,82.0,4.8,No,Yes,75.0,71.0,NotPlaced
9992,8.4,2,3,1,84.0,4.5,Yes,Yes,84.0,87.0,Placed
6274,8.0,2,3,2,90.0,4.2,Yes,Yes,73.0,87.0,Placed
1669,8.3,1,3,0,86.0,4.4,Yes,Yes,75.0,79.0,Placed
5002,7.7,2,3,2,89.0,4.5,No,Yes,74.0,85.0,NotPlaced
4014,7.6,1,2,0,74.0,3.4,No,Yes,57.0,57.0,NotPlaced
6214,7.4,1,1,1,76.0,4.0,Yes,Yes,55.0,62.0,NotPlaced
3718,8.7,1,1,1,70.0,4.1,No,No,68.0,60.0,NotPlaced
3979,8.5,2,2,2,90.0,4.7,Yes,Yes,73.0,69.0,NotPlaced
1094,8.7,1,2,0,78.0,4.4,Yes,Yes,71.0,80.0,Placed
8967,7.9,1,2,0,82.0,4.2,Yes,Yes,79.0,86.0,Placed
9034,8.9,1,3,0,83.0,4.8,Yes,Yes,77.0,76.0,Placed
4046,8.0,1,3,2,83.0,4.7,Yes,Yes,55.0,73.0,Placed
8445,6.5,1,2,0,78.0,4.5,No,No,64.0,69.0,NotPlaced
2138,8.0,2,2,2,90.0,4.8,Yes,Yes,75.0,85.0,Placed
2188,8.6,1,2,2,85.0,3.7,Yes,Yes,81.0,83.0,NotPlaced
5375,7.6,1,3,1,77.0,4.6,Yes,Yes,57.0,69.0,Placed
6479,7.5,1,3,2,90.0,4.8,Yes,Yes,67.0,88.0,Placed
6171,8.3,2,1,1,77.0,4.1,Yes,Yes,72.0,68.0,NotPlaced
4225,6.5,1,3,2,90.0,4.8,Yes,Yes,76.0,82.0,Placed
1009,7.1,0,1,0,68.0,3.6,No,Yes,73.0,72.0,Placed
9910,8.5,1,3,0,90.0,4.3,Yes,Yes,80.0,83.0,Placed
1063,7.6,0,2,2,67.0,4.0,No,Yes,76.0,67.0,NotPlaced
4898,7.5,1,3,2,83.0,4.8,No,Yes,72.0,82.0,NotPlaced
4949,8.5,2,3,2,83.0,4.6,Yes,Yes,73.0,81.0,Placed
6888,7.7,1,1,1,69.0,4.5,No,Yes,55.0,60.0,NotPlaced
3027,6.5,0,1,0,80.0,4.3,No,No,61.0,60.0,NotPlaced
2587,7.4,1,2,0,73.0,3.3,No,Yes,57.0,66.0,NotPlaced
4335,8.4,2,3,2,90.0,4.8,Yes,Yes,87.0,80.0,Placed
183,6.5,1,1,0,74.0,4.2,No,Yes,74.0,61.0,NotPlaced
7596,6.5,2,1,3,83.0,4.5,Yes,Yes,55.0,68.0,NotPlaced
7484,8.4,1,2,1,77.0,4.0,Yes,Yes,79.0,84.0,NotPlaced
9998,8.4,1,3,0,70.0,4.8,Yes,Yes,79.0,81.0,Placed
6331,7.5,1,1,3,79.0,4.5,Yes,No,56.0,71.0,NotPlaced
1297,6.8,2,2,2,78.0,4.3,Yes,Yes,78.0,86.0,Placed
4487,7.6,0,2,0,84.0,4.2,No,No,74.0,69.0,NotPlaced
589,7.5,1,3,1,90.0,4.8,Yes,Yes,74.0,85.0,Placed
2844,8.1,1,3,1,68.0,4.7,No,Yes,59.0,68.0,NotPlaced
389,6.7,1,2,0,86.0,4.4,No,No,76.0,73.0,Placed
2578,6.6,1,1,1,83.0,3.9,Yes,No,70.0,66.0,NotPlaced
1368,7.5,1,2,2,77.0,4.1,No,Yes,66.0,83.0,Placed
1416,8.2,1,2,0,73.0,4.5,Yes,Yes,69.0,73.0,NotPlaced
1992,6.5,1,1,1,66.0,3.7,No,Yes,55.0,61.0,NotPlaced
1908,7.6,1,1,1,72.0,3.3,No,Yes,58.0,61.0,NotPlaced
7125,7.6,1,3,0,79.0,4.5,No,No,73.0,65.0,NotPlaced
2127,8.7,2,3,2,90.0,4.8,Yes,Yes,73.0,82.0,Placed
8225,7.7,1,1,0,69.0,4.0,No,No,55.0,69.0,NotPlaced
2560,8.4,1,3,2,90.0,4.8,Yes,Yes,87.0,83.0,Placed
8217,6.5,1,1,1,80.0,3.6,No,No,57.0,67.0,NotPlaced
5046,8.3,1,3,0,77.0,4.8,Yes,Yes,74.0,57.0,NotPlaced
3046,6.5,0,1,1,64.0,4.5,Yes,Yes,70.0,87.0,NotPlaced
671,7.3,1,1,1,88.0,4.1,No,No,55.0,68.0,NotPlaced
621,7.4,1,2,1,90.0,4.8,Yes,Yes,73.0,67.0,Placed
7994,7.3,1,2,1,83.0,4.2,No,No,61.0,64.0,NotPlaced
9661,8.3,0,1,0,82.0,4.1,Yes,Yes,55.0,73.0,Placed
9390,6.6,1,1,1,72.0,3.9,No,No,81.0,61.0,NotPlaced
5744,8.7,1,3,3,88.0,3.8,Yes,Yes,68.0,82.0,NotPlaced
5946,8.1,0,3,2,84.0,4.8,Yes,Yes,74.0,86.0,NotPlaced
2052,7.6,0,1,1,75.0,4.2,No,Yes,55.0,63.0,NotPlaced
2538,7.4,0,2,2,78.0,3.8,No,Yes,80.0,70.0,NotPlaced
4739,7.6,0,3,0,85.0,4.3,No,Yes,64.0,83.0,Placed
2547,6.9,1,2,1,60.0,4.8,Yes,Yes,69.0,69.0,NotPlaced
3866,8.2,2,3,3,88.0,4.5,No,Yes,74.0,85.0,NotPlaced
2366,8.6,1,2,0,86.0,4.1,Yes,Yes,55.0,82.0,NotPlaced
1810,7.7,1,1,1,64.0,3.7,No,Yes,55.0,61.0,NotPlaced
9723,8.6,0,1,0,82.0,4.6,No,No,71.0,65.0,NotPlaced
3599,6.9,0,3,0,85.0,4.8,No,No,58.0,58.0,NotPlaced
5235,8.3,1,3,2,87.0,4.7,Yes,Yes,80.0,85.0,Placed
1846,8.4,2,3,0,79.0,4.6,Yes,No,57.0,65.0,NotPlaced
9483,7.6,0,1,0,71.0,3.5,No,Yes,55.0,70.0,NotPlaced
1,7.5,1,1,1,65.0,4.4,No,No,61.0,79.0,NotPlaced
5594,8.7,2,3,2,90.0,4.7,Yes,Yes,70.0,87.0,Placed
7002,8.4,1,3,1,75.0,4.3,Yes,No,73.0,73.0,NotPlaced
4475,7.4,2,1,2,70.0,4.3,No,Yes,76.0,67.0,NotPlaced
6828,8.4,1,1,0,72.0,4.6,Yes,Yes,77.0,60.0,Placed
5836,7.8,1,2,0,82.0,4.2,No,No,63.0,72.0,NotPlaced
4802,7.7,2,1,0,74.0,4.1,Yes,Yes,78.0,68.0,Placed
4423,7.9,1,2,1,77.0,4.4,Yes,No,83.0,64.0,NotPlaced
8410,8.2,0,3,2,90.0,4.2,Yes,No,80.0,84.0,NotPlaced
6928,8.2,1,3,0,90.0,4.7,Yes,Yes,68.0,60.0,Placed
3691,7.2,0,2,1,71.0,3.6,No,No,55.0,68.0,NotPlaced
1932,6.9,1,3,2,90.0,4.8,Yes,Yes,76.0,85.0,Placed
2780,8.1,2,3,2,82.0,4.2,Yes,Yes,72.0,82.0,NotPlaced
4492,8.0,2,3,1,87.0,4.7,Yes,Yes,87.0,86.0,Placed
4441,8.1,1,3,2,69.0,4.6,Yes,Yes,55.0,80.0,NotPlaced
7509,8.2,2,2,3,84.0,4.8,Yes,Yes,79.0,80.0,NotPlaced
2050,7.5,0,2,1,78.0,3.8,No,Yes,82.0,68.0,NotPlaced
1158,6.8,1,1,0,76.0,4.5,No,No,55.0,65.0,Placed
6850,8.0,2,3,2,90.0,4.8,Yes,Yes,75.0,86.0,Placed
3858,8.3,2,3,2,82.0,4.4,Yes,No,80.0,80.0,Placed
7886,7.6,1,3,2,72.0,4.8,Yes,Yes,75.0,70.0,NotPlaced
5580,8.4,1,2,2,79.0,4.8,Yes,Yes,61.0,81.0,NotPlaced
206,7.6,1,1,0,64.0,4.1,No,No,69.0,67.0,NotPlaced
335,8.0,1,2,1,88.0,3.6,No,Yes,69.0,69.0,NotPlaced
7123,7.6,1,3,2,90.0,4.8,Yes,Yes,72.0,71.0,Placed
5004,8.2,1,3,0,82.0,4.1,Yes,Yes,85.0,86.0,NotPlaced
5188,7.6,0,3,2,78.0,4.8,No,Yes,78.0,79.0,Placed
1123,7.2,1,1,1,83.0,4.4,No,No,59.0,68.0,NotPlaced
456,7.7,1,3,2,84.0,4.6,Yes,Yes,80.0,83.0,Placed
8550,7.7,2,3,2,82.0,4.8,Yes,Yes,80.0,87.0,NotPlaced
7347,8.2,2,3,0,76.0,4.2,Yes,Yes,72.0,67.0,Placed
5225,8.9,2,3,2,86.0,4.8,Yes,Yes,79.0,87.0,Placed
5878,7.8,1,2,0,78.0,3.7,Yes,Yes,86.0,64.0,Placed
8693,8.3,0,3,0,90.0,4.7,Yes,Yes,69.0,82.0,Placed
2290,8.0,1,2,1,80.0,4.2,Yes,No,77.0,69.0,NotPlaced
1452,7.5,1,2,0,80.0,4.1,Yes,Yes,55.0,82.0,Placed
3608,8.2,1,1,2,79.0,4.2,No,No,78.0,70.0,NotPlaced
6045,7.5,2,1,1,90.0,4.1,Yes,Yes,71.0,67.0,NotPlaced
4691,8.3,2,3,0,84.0,3.9,Yes,Yes,55.0,86.0,Placed
1875,6.5,0,3,2,86.0,4.6,Yes,Yes,76.0,83.0,NotPlaced
6603,8.2,2,3,2,90.0,4.8,Yes,Yes,72.0,82.0,Placed
6156,8.3,1,3,2,89.0,4.7,Yes,Yes,69.0,85.0,Placed
5973,7.5,1,2,0,83.0,4.3,No,Yes,56.0,66.0,Placed
7315,8.5,1,3,0,88.0,4.7,Yes,Yes,76.0,83.0,Placed
7699,7.6,1,2,1,69.0,4.2,No,No,63.0,60.0,NotPlaced
9676,6.9,1,2,0,88.0,4.6,Yes,Yes,58.0,84.0,NotPlaced
2195,7.4,1,1,0,74.0,4.4,Yes,Yes,71.0,81.0,Placed
9093,7.8,2,3,2,86.0,4.2,Yes,No,83.0,81.0,Placed
5025,6.6,1,1,1,77.0,4.0,No,No,57.0,66.0,NotPlaced
902,8.0,1,2,1,81.0,4.4,Yes,Yes,83.0,84.0,Placed
9373,8.2,2,1,0,87.0,4.8,Yes,Yes,74.0,85.0,Placed
6420,7.7,0,1,1,75.0,3.6,Yes,Yes,56.0,65.0,NotPlaced
3065,8.6,2,3,2,90.0,4.8,Yes,Yes,71.0,81.0,Placed
380,8.2,2,1,2,90.0,4.8,Yes,Yes,79.0,68.0,Placed
7277,6.5,2,3,2,87.0,4.8,Yes,Yes,71.0,84.0,Placed
6838,8.4,2,3,2,90.0,4.8,Yes,Yes,82.0,84.0,Placed
500,7.5,1,1,1,79.0,3.6,No,Yes,63.0,65.0,NotPlaced
5252,6.9,1,1,1,67.0,3.9,No,Yes,62.0,66.0,NotPlaced
7048,7.8,2,3,2,83.0,4.7,Yes,Yes,78.0,85.0,Placed
7714,8.3,1,3,0,84.0,4.6,Yes,Yes,71.0,80.0,Placed
2084,8.7,1,2,2,84.0,4.3,No,No,78.0,87.0,NotPlaced
8100,7.4,1,1,0,74.0,4.0,No,Yes,55.0,61.0,NotPlaced
6681,7.9,0,3,2,90.0,4.6,Yes,Yes,79.0,88.0,Placed
6961,8.3,2,3,2,90.0,4.7,Yes,Yes,82.0,83.0,Placed
344,7.9,2,1,0,73.0,4.2,No,No,56.0,71.0,NotPlaced
4903,8.1,1,3,0,77.0,4.1,No,Yes,70.0,84.0,NotPlaced
3317,7.9,1,2,1,87.0,4.4,Yes,No,58.0,83.0,NotPlaced
5757,7.6,2,2,1,88.0,4.6,Yes,Yes,79.0,86.0,NotPlaced
6218,8.1,1,1,0,86.0,3.8,No,No,78.0,68.0,NotPlaced
6020,8.0,1,3,2,89.0,4.8,Yes,Yes,87.0,80.0,Placed
1285,8.6,0,3,2,89.0,4.3,Yes,Yes,83.0,68.0,Placed
115,6.7,2,1,2,76.0,4.8,Yes,No,55.0,78.0,NotPlaced
2255,8.0,1,3,2,86.0,4.8,Yes,No,84.0,85.0,Placed
6650,8.1,1,3,2,88.0,4.2,Yes,Yes,75.0,88.0,NotPlaced
5262,7.5,1,2,1,67.0,3.8,No,Yes,55.0,68.0,NotPlaced
5000,8.1,0,2,1,88.0,4.8,No,Yes,62.0,81.0,Placed
3412,8.6,1,2,3,75.0,4.5,Yes,Yes,56.0,85.0,Placed
4329,7.4,0,1,0,71.0,4.4,No,No,57.0,66.0,NotPlaced
5943,7.9,1,1,0,85.0,4.7,No,Yes,56.0,67.0,NotPlaced
2608,8.5,1,1,0,80.0,4.6,No,No,61.0,69.0,NotPlaced
849,8.9,1,2,0,77.0,4.5,Yes,Yes,71.0,86.0,NotPlaced
551,7.7,2,2,1,74.0,4.1,No,Yes,55.0,63.0,NotPlaced
3580,8.3,0,1,2,75.0,4.2,No,Yes,73.0,69.0,NotPlaced
4010,7.9,2,3,1,70.0,4.5,Yes,No,78.0,88.0,NotPlaced
7321,6.5,1,1,0,71.0,4.3,Yes,Yes,62.0,70.0,NotPlaced
2082,7.6,0,2,0,84.0,4.5,Yes,Yes,69.0,86.0,Placed
552,8.2,1,3,1,88.0,4.8,Yes,Yes,71.0,82.0,NotPlaced
421,7.3,1,1,1,75.0,3.6,No,Yes,55.0,66.0,NotPlaced
8897,8.2,1,3,2,90.0,4.3,Yes,Yes,76.0,82.0,Placed
6344,7.5,1,2,0,66.0,3.8,No,No,64.0,67.0,NotPlaced
598,7.4,2,1,1,81.0,4.0,Yes,No,76.0,66.0,Placed
5783,6.9,2,3,0,86.0,4.6,No,Yes,70.0,85.0,NotPlaced
2876,7.5,1,2,0,79.0,4.7,No,No,69.0,67.0,NotPlaced
6781,7.0,2,3,2,84.0,4.8,Yes,Yes,79.0,82.0,Placed
1122,7.4,0,2,1,83.0,4.5,Yes,Yes,55.0,68.0,Placed
8677,6.6,1,1,0,71.0,3.0,No,No,65.0,62.0,NotPlaced
8817,8.0,1,3,0,80.0,4.0,Yes,Yes,83.0,68.0,NotPlaced
7697,7.5,0,3,0,73.0,4.5,Yes,No,68.0,83.0,NotPlaced
2011,7.2,0,1,1,73.0,3.4,No,Yes,73.0,70.0,NotPlaced
8013,7.0,1,2,0,69.0,4.3,No,Yes,55.0,68.0,NotPlaced
188,7.5,1,1,0,76.0,4.3,No,Yes,73.0,79.0,NotPlaced
4767,7.0,1,2,1,84.0,3.9,No,Yes,57.0,64.0,NotPlaced
6014,6.7,1,1,0,60.0,4.0,No,No,61.0,62.0,NotPlaced
5691,6.7,0,2,1,69.0,4.4,Yes,Yes,55.0,72.0,NotPlaced
8294,8.3,2,1,2,84.0,4.8,Yes,Yes,69.0,85.0,Placed
1644,8.4,2,3,0,84.0,4.8,Yes,Yes,71.0,81.0,NotPlaced
2066,7.7,1,2,1,69.0,4.5,No,Yes,55.0,61.0,NotPlaced
3852,7.5,0,2,2,80.0,4.8,No,Yes,55.0,70.0,Placed
6660,7.8,2,1,2,83.0,4.3,Yes,Yes,77.0,70.0,NotPlaced
9349,8.3,2,1,2,70.0,4.3,Yes,No,64.0,64.0,NotPlaced
4657,7.6,1,1,0,81.0,4.0,No,No,55.0,70.0,NotPlaced
7648,8.3,2,3,2,90.0,4.8,Yes,Yes,86.0,85.0,Placed
9437,8.1,2,1,2,89.0,4.8,Yes,Yes,83.0,86.0,Placed
9542,8.0,2,3,2,86.0,4.8,Yes,Yes,84.0,72.0,Placed
5183,8.4,2,3,2,90.0,4.8,Yes,Yes,86.0,84.0,Placed
4276,8.3,2,2,1,88.0,4.6,Yes,Yes,80.0,81.0,Placed
9486,6.6,0,2,1,79.0,4.2,Yes,Yes,71.0,84.0,NotPlaced
8049,8.3,1,1,1,72.0,4.7,Yes,Yes,66.0,71.0,NotPlaced
9423,7.8,1,3,0,80.0,3.8,Yes,Yes,78.0,57.0,Placed
7854,8.4,1,3,2,90.0,4.8,Yes,Yes,75.0,87.0,Placed
6380,7.6,0,2,0,74.0,4.0,Yes,Yes,62.0,63.0,Placed
1258,7.5,2,2,3,70.0,4.2,Yes,Yes,71.0,67.0,Placed
5581,7.7,0,3,2,86.0,4.7,Yes,Yes,78.0,84.0,Placed
9141,7.6,0,1,0,83.0,3.7,No,No,76.0,69.0,NotPlaced
7359,7.3,1,1,0,83.0,3.7,No,No,55.0,62.0,NotPlaced
812,7.6,1,1,0,79.0,3.9,No,No,57.0,62.0,NotPlaced
2941,7.9,1,1,0,72.0,3.6,No,No,55.0,68.0,NotPlaced
7653,7.3,0,1,1,70.0,3.9,No,No,55.0,71.0,NotPlaced
5386,8.0,1,2,0,68.0,4.5,Yes,No,62.0,65.0,NotPlaced
2041,7.9,1,2,0,68.0,3.7,No,No,55.0,59.0,NotPlaced
1696,8.4,1,3,0,85.0,3.9,Yes,Yes,77.0,73.0,Placed
4459,8.7,2,2,2,90.0,4.7,Yes,Yes,76.0,85.0,Placed
9364,8.6,2,2,1,78.0,4.8,Yes,No,80.0,82.0,NotPlaced
8577,8.4,2,3,2,90.0,4.7,Yes,Yes,75.0,82.0,Placed
7117,7.8,2,1,1,78.0,4.1,Yes,Yes,62.0,61.0,Placed
3673,8.4,2,1,2,85.0,4.1,Yes,Yes,81.0,66.0,Placed
7966,7.3,1,2,1,68.0,4.3,Yes,Yes,62.0,71.0,NotPlaced
6364,8.4,0,3,0,90.0,4.3,Yes,No,59.0,66.0,Placed
1854,6.7,1,2,1,74.0,4.1,Yes,Yes,56.0,67.0,Placed
2183,7.7,2,3,2,90.0,4.7,Yes,Yes,79.0,88.0,Placed
7371,6.5,1,1,0,86.0,4.2,Yes,Yes,65.0,65.0,NotPlaced
5543,8.7,1,2,0,74.0,4.8,No,No,74.0,83.0,NotPlaced
3068,6.9,1,2,1,68.0,3.8,Yes,Yes,70.0,66.0,NotPlaced
2339,8.5,0,3,3,84.0,4.6,No,Yes,86.0,70.0,NotPlaced
6934,7.6,1,1,0,76.0,3.9,No,Yes,57.0,68.0,Placed
3295,8.1,2,3,2,82.0,4.3,No,Yes,55.0,66.0,NotPlaced
1410,8.0,1,3,1,75.0,4.5,Yes,Yes,73.0,71.0,Placed
6553,8.1,1,3,3,85.0,4.8,No,Yes,72.0,83.0,Placed
4647,7.4,1,1,2,81.0,4.6,Yes,Yes,68.0,85.0,Placed
3901,8.5,2,3,2,88.0,4.3,No,No,73.0,86.0,NotPlaced
327,6.5,1,1,1,78.0,3.9,No,Yes,67.0,73.0,Placed
5117,8.6,0,3,2,90.0,4.8,Yes,Yes,75.0,86.0,Placed
3108,7.6,1,1,0,62.0,4.2,No,Yes,55.0,80.0,NotPlaced
427,7.1,2,2,0,76.0,4.0,No,Yes,55.0,69.0,Placed
8489,7.8,1,1,0,73.0,4.6,No,Yes,64.0,69.0,NotPlaced
3740,7.6,1,1,0,74.0,3.3,No,No,56.0,69.0,NotPlaced
1540,7.5,1,2,1,78.0,4.8,No,Yes,55.0,62.0,NotPlaced
6328,7.6,0,1,0,72.0,4.0,No,Yes,55.0,73.0,NotPlaced
7851,6.9,0,1,0,71.0,3.6,No,No,55.0,70.0,NotPlaced
2336,7.3,1,1,1,73.0,4.0,No,Yes,55.0,67.0,NotPlaced
9509,6.7,1,1,0,78.0,4.2,Yes,Yes,61.0,73.0,Placed
9102,6.6,0,3,2,87.0,4.3,No,No,69.0,69.0,NotPlaced
1781,7.7,1,2,2,88.0,4.6,Yes,Yes,77.0,72.0,Placed
4887,8.1,2,3,2,90.0,4.8,Yes,Yes,71.0,86.0,Placed
2630,8.4,1,3,1,80.0,4.4,Yes,Yes,74.0,80.0,NotPlaced
6482,7.4,1,1,0,71.0,4.7,No,Yes,55.0,62.0,NotPlaced
2500,8.5,0,1,0,81.0,4.2,Yes,Yes,74.0,65.0,Placed
364,7.4,2,3,1,84.0,4.8,No,Yes,77.0,68.0,Placed
6529,7.5,0,2,1,82.0,4.8,Yes,Yes,66.0,71.0,Placed
4088,7.7,2,3,1,89.0,4.7,Yes,Yes,61.0,84.0,Placed
716,6.7,1,1,1,66.0,3.4,No,Yes,59.0,68.0,NotPlaced
6026,8.0,0,1,1,75.0,4.1,Yes,No,83.0,64.0,NotPlaced
1019,8.4,0,3,0,84.0,4.8,Yes,Yes,77.0,84.0,Placed
5551,7.5,1,1,0,65.0,3.9,No,Yes,58.0,69.0,NotPlaced
786,8.3,2,3,1,86.0,4.7,No,No,81.0,84.0,NotPlaced
3427,7.0,1,2,0,89.0,4.6,Yes,No,83.0,82.0,NotPlaced
9375,8.4,2,1,1,83.0,3.5,Yes,Yes,56.0,81.0,Placed
4363,7.6,1,1,0,67.0,3.8,No,No,62.0,60.0,NotPlaced
1987,7.7,2,2,1,71.0,4.4,No,Yes,55.0,66.0,NotPlaced
2802,8.4,2,3,2,90.0,4.8,Yes,Yes,82.0,80.0,NotPlaced
2862,7.9,1,3,1,75.0,4.6,Yes,Yes,80.0,81.0,NotPlaced
2833,7.2,1,3,2,80.0,4.6,No,No,79.0,84.0,Placed
639,7.4,1,2,0,68.0,4.3,No,Yes,56.0,67.0,NotPlaced
6,7.0,0,2,2,71.0,4.2,Yes,No,55.0,66.0,NotPlaced
8649,8.2,1,2,3,83.0,4.2,Yes,Yes,78.0,80.0,NotPlaced
8103,8.5,2,3,1,86.0,4.5,Yes,Yes,75.0,81.0,Placed
2785,7.4,1,3,0,85.0,4.6,No,No,62.0,65.0,NotPlaced
7571,6.5,1,1,0,79.0,3.7,No,No,63.0,62.0,NotPlaced
9500,8.3,0,3,2,74.0,4.7,Yes,Yes,70.0,84.0,NotPlaced
2362,8.2,2,3,2,90.0,4.7,Yes,Yes,72.0,84.0,Placed
6499,6.6,1,2,0,76.0,3.8,No,No,58.0,62.0,NotPlaced
2124,6.5,1,1,0,67.0,3.8,No,No,56.0,64.0,NotPlaced
8925,8.2,1,2,3,86.0,3.9,Yes,Yes,76.0,88.0,Placed
2539,8.4,2,3,2,90.0,4.8,Yes,Yes,69.0,63.0,Placed
9933,8.7,0,3,0,85.0,4.8,Yes,Yes,80.0,84.0,Placed
4053,7.5,2,1,2,86.0,4.6,No,Yes,82.0,83.0,Placed
2696,7.7,1,1,1,66.0,3.3,No,No,55.0,62.0,NotPlaced
575,7.6,2,1,2,87.0,4.8,Yes,No,88.0,62.0,NotPlaced
6812,8.2,0,3,2,90.0,4.7,Yes,Yes,76.0,88.0,Placed
739,7.7,1,2,0,78.0,3.6,Yes,Yes,55.0,71.0,Placed
3518,7.5,1,3,0,86.0,4.5,Yes,Yes,90.0,67.0,Placed
632,7.5,1,2,0,80.0,3.6,No,No,57.0,69.0,NotPlaced
4911,6.7,1,1,0,83.0,4.2,No,No,55.0,57.0,NotPlaced
3712,7.5,1,2,1,73.0,4.8,Yes,No,60.0,77.0,NotPlaced
7692,6.5,0,1,1,70.0,4.4,No,Yes,55.0,62.0,NotPlaced
2688,8.5,2,3,1,90.0,4.7,Yes,Yes,72.0,77.0,Placed
9629,8.4,0,3,2,90.0,4.8,Yes,Yes,55.0,67.0,Placed
3394,7.7,2,2,1,74.0,4.6,No,No,61.0,64.0,NotPlaced
569,7.5,1,1,1,71.0,4.3,No,No,57.0,68.0,NotPlaced
5108,7.7,1,3,2,90.0,4.7,Yes,Yes,82.0,73.0,Placed
7949,7.6,1,2,0,88.0,4.8,Yes,Yes,62.0,80.0,NotPlaced
1879,6.8,2,1,2,83.0,4.7,Yes,No,79.0,61.0,NotPlaced
1623,7.8,1,2,1,77.0,4.5,Yes,Yes,74.0,87.0,Placed
9347,7.7,1,3,2,74.0,4.5,Yes,Yes,55.0,64.0,NotPlaced
6220,7.8,0,3,0,70.0,4.6,Yes,Yes,70.0,66.0,Placed
2952,9.1,2,1,3,84.0,4.8,Yes,Yes,81.0,85.0,Placed
491,7.6,1,2,1,76.0,3.9,No,No,55.0,69.0,NotPlaced
1336,8.0,2,3,1,90.0,4.3,Yes,Yes,79.0,73.0,Placed
4559,6.5,1,1,0,65.0,4.3,No,No,61.0,70.0,NotPlaced
3990,6.5,1,1,1,72.0,3.5,No,No,57.0,66.0,NotPlaced
1861,8.1,1,3,0,90.0,4.6,No,Yes,71.0,81.0,Placed
3401,7.7,2,3,2,86.0,4.6,Yes,Yes,61.0,84.0,Placed
926,7.5,0,1,0,66.0,3.5,No,No,60.0,73.0,NotPlaced
7778,6.5,1,2,0,76.0,3.8,No,Yes,62.0,68.0,NotPlaced
6470,7.7,0,1,1,90.0,4.4,No,Yes,80.0,64.0,NotPlaced
2765,8.5,1,1,2,90.0,4.7,Yes,Yes,75.0,88.0,Placed
6654,7.6,1,1,1,60.0,4.4,No,Yes,56.0,69.0,NotPlaced
7061,7.3,2,2,1,76.0,3.8,No,Yes,55.0,72.0,Placed
2593,8.2,2,2,0,72.0,4.8,No,Yes,72.0,64.0,NotPlaced
9901,7.6,1,2,2,79.0,4.2,No,Yes,64.0,68.0,NotPlaced
3560,6.8,1,2,0,82.0,4.0,No,Yes,76.0,87.0,NotPlaced
1759,7.9,1,1,1,79.0,4.1,No,Yes,68.0,72.0,NotPlaced
6846,8.3,1,3,2,88.0,4.8,Yes,Yes,77.0,68.0,Placed
6013,7.5,1,2,0,74.0,4.6,No,Yes,58.0,75.0,NotPlaced
3930,8.3,1,2,1,78.0,4.7,No,Yes,74.0,64.0,NotPlaced
7724,8.5,2,3,0,86.0,4.6,Yes,Yes,69.0,85.0,Placed
2237,8.5,1,2,3,90.0,4.8,No,Yes,70.0,72.0,NotPlaced
9185,7.4,1,1,1,86.0,4.2,No,Yes,56.0,68.0,NotPlaced
4502,7.2,1,2,2,76.0,3.6,No,No,60.0,75.0,NotPlaced
3261,6.6,1,1,0,76.0,4.4,No,No,57.0,62.0,NotPlaced
5381,8.4,1,3,2,90.0,4.8,Yes,Yes,83.0,84.0,Placed
6531,8.4,2,3,2,88.0,4.5,Yes,Yes,73.0,83.0,Placed
1365,8.4,1,1,2,82.0,4.8,Yes,Yes,63.0,67.0,Placed
4457,8.3,0,3,2,90.0,4.3,Yes,Yes,63.0,88.0,Placed
736,8.1,2,3,2,87.0,4.6,Yes,Yes,85.0,80.0,Placed
7035,7.6,1,3,0,81.0,4.3,Yes,Yes,80.0,82.0,Placed
2044,7.4,1,3,1,61.0,4.8,No,No,58.0,73.0,NotPlaced
6624,7.6,1,1,1,78.0,4.0,Yes,Yes,55.0,69.0,NotPlaced
650,7.6,0,1,2,74.0,4.6,Yes,Yes,76.0,67.0,Placed
8626,8.4,0,3,0,83.0,4.0,Yes,No,77.0,66.0,NotPlaced
5778,8.0,1,1,1,77.0,4.7,No,Yes,55.0,71.0,NotPlaced
5460,7.9,2,2,2,90.0,4.8,Yes,No,83.0,82.0,Placed
2014,7.9,1,2,0,75.0,3.8,Yes,No,57.0,66.0,NotPlaced
1833,8.5,2,3,2,90.0,4.8,Yes,Yes,81.0,85.0,Placed
6458,6.5,1,2,0,74.0,4.1,No,Yes,55.0,59.0,NotPlaced
483,7.6,1,2,2,69.0,3.3,No,Yes,64.0,63.0,NotPlaced
6377,7.5,1,1,0,79.0,4.3,No,No,58.0,70.0,NotPlaced
6286,6.5,1,1,1,70.0,3.3,No,Yes,55.0,60.0,NotPlaced
7840,7.7,1,1,1,71.0,4.2,No,No,71.0,59.0,NotPlaced
8961,7.9,1,3,3,80.0,4.1,Yes,Yes,71.0,84.0,Placed
1254,7.4,1,1,1,80.0,4.3,No,No,84.0,67.0,NotPlaced
4660,7.7,1,1,0,63.0,3.9,No,No,65.0,68.0,Placed
3329,6.5,1,2,1,88.0,4.5,Yes,Yes,72.0,87.0,Placed
4946,6.7,0,1,0,77.0,4.1,No,No,63.0,68.0,NotPlaced
6024,7.8,1,3,0,89.0,4.6,Yes,Yes,77.0,88.0,Placed
5706,7.6,1,1,0,69.0,3.9,No,Yes,64.0,62.0,NotPlaced
6726,6.7,1,1,1,67.0,4.3,No,No,57.0,60.0,NotPlaced
1722,8.2,0,1,1,79.0,3.9,No,Yes,62.0,63.0,NotPlaced
4849,7.3,0,1,2,82.0,4.7,Yes,Yes,78.0,87.0,Placed
8502,8.1,2,2,1,79.0,4.5,Yes,Yes,72.0,81.0,NotPlaced
7906,8.2,1,3,2,83.0,4.4,Yes,Yes,77.0,85.0,Placed
5732,7.2,0,1,0,73.0,4.4,No,Yes,86.0,76.0,NotPlaced
8316,7.6,1,2,1,74.0,4.7,No,Yes,77.0,85.0,NotPlaced
232,7.4,2,1,1,87.0,4.5,Yes,Yes,68.0,84.0,NotPlaced
2225,7.4,0,3,2,90.0,4.7,Yes,Yes,83.0,88.0,Placed
6509,8.4,1,1,1,74.0,3.7,No,Yes,55.0,72.0,Placed
1586,8.2,1,2,0,81.0,4.0,Yes,Yes,57.0,68.0,NotPlaced
3636,7.4,1,1,1,71.0,4.4,Yes,Yes,68.0,66.0,NotPlaced
9099,7.8,1,3,1,79.0,3.7,No,No,55.0,67.0,NotPlaced
6205,8.4,1,3,1,75.0,4.8,Yes,Yes,79.0,68.0,NotPlaced
5739,7.7,0,3,0,84.0,4.3,Yes,Yes,81.0,67.0,Placed
9997,7.4,0,1,0,90.0,4.8,No,No,84.0,67.0,Placed
3818,7.5,1,2,0,72.0,4.2,Yes,No,63.0,69.0,NotPlaced
8919,7.4,2,3,1,78.0,4.7,No,Yes,55.0,84.0,NotPlaced
6415,7.9,2,3,2,90.0,4.3,Yes,Yes,83.0,84.0,Placed
9772,8.3,1,3,0,83.0,4.7,No,No,63.0,81.0,NotPlaced
3634,7.9,2,3,2,82.0,4.6,Yes,No,72.0,87.0,NotPlaced
6414,7.9,2,3,2,90.0,4.7,Yes,Yes,88.0,83.0,Placed
2985,8.3,1,2,2,83.0,4.2,Yes,Yes,55.0,88.0,Placed
9505,7.4,1,2,1,69.0,3.4,No,Yes,57.0,66.0,NotPlaced
764,7.6,1,1,0,70.0,3.5,No,No,63.0,62.0,NotPlaced
9469,8.4,2,3,2,87.0,4.7,Yes,Yes,78.0,82.0,Placed
5713,7.8,1,1,1,70.0,4.1,No,Yes,79.0,66.0,NotPlaced
3230,8.3,2,1,1,79.0,4.2,Yes,No,78.0,74.0,NotPlaced
7021,6.6,1,1,0,63.0,3.8,No,No,59.0,63.0,NotPlaced
7951,8.3,1,3,2,88.0,4.8,Yes,Yes,76.0,86.0,Placed
9805,8.7,1,3,2,89.0,4.6,Yes,Yes,69.0,86.0,Placed
4162,8.4,2,3,2,90.0,4.8,Yes,Yes,88.0,82.0,Placed
8820,6.8,1,3,0,83.0,4.4,No,Yes,58.0,63.0,NotPlaced
5537,6.6,2,2,1,61.0,3.5,No,Yes,55.0,69.0,NotPlaced
6283,7.6,1,1,0,78.0,4.8,Yes,Yes,67.0,73.0,NotPlaced
7438,8.9,2,3,2,90.0,4.8,Yes,Yes,72.0,84.0,Placed
8380,8.3,2,3,1,79.0,4.4,Yes,Yes,75.0,85.0,NotPlaced
3467,7.0,1,2,0,68.0,4.0,No,Yes,55.0,74.0,NotPlaced
1684,7.7,1,1,0,71.0,4.2,No,Yes,70.0,71.0,NotPlaced
6789,8.2,1,3,2,88.0,4.8,Yes,Yes,77.0,80.0,NotPlaced
7400,7.8,1,3,2,78.0,4.8,Yes,No,84.0,66.0,NotPlaced
8173,8.4,1,3,2,78.0,4.5,Yes,Yes,78.0,73.0,Placed
430,8.3,1,2,0,90.0,4.5,Yes,Yes,82.0,80.0,Placed
7983,6.5,1,2,0,85.0,4.7,No,Yes,55.0,59.0,Placed
4675,7.5,1,2,0,78.0,4.4,Yes,Yes,67.0,62.0,Placed
1259,8.1,2,3,2,86.0,4.8,Yes,Yes,75.0,86.0,Placed
797,8.3,1,3,2,82.0,4.6,Yes,No,80.0,81.0,NotPlaced
6166,8.6,1,2,0,75.0,3.9,Yes,Yes,76.0,61.0,Placed
8009,8.0,1,3,1,76.0,4.6,No,No,70.0,67.0,NotPlaced
29,7.5,1,2,1,84.0,4.4,No,No,66.0,73.0,NotPlaced
753,8.4,2,1,2,77.0,4.5,Yes,Yes,71.0,72.0,NotPlaced
2218,6.7,1,1,1,70.0,4.5,No,Yes,75.0,72.0,NotPlaced
4207,8.4,2,3,2,87.0,4.8,Yes,Yes,79.0,86.0,Placed
4290,7.4,1,2,1,83.0,4.2,Yes,Yes,59.0,74.0,Placed
3613,8.2,2,2,2,87.0,4.4,Yes,Yes,78.0,83.0,Placed
3878,6.6,1,1,0,66.0,3.5,No,No,66.0,72.0,NotPlaced
6612,8.6,1,3,2,82.0,4.8,Yes,Yes,88.0,81.0,Placed
3555,8.7,2,2,2,73.0,4.1,No,Yes,58.0,66.0,NotPlaced
5986,8.4,2,3,2,77.0,4.5,Yes,Yes,74.0,83.0,NotPlaced
3970,6.5,1,1,1,77.0,4.1,Yes,Yes,72.0,67.0,NotPlaced
689,8.3,1,2,1,73.0,3.9,No,Yes,61.0,79.0,NotPlaced
2394,6.9,0,3,2,82.0,4.8,Yes,Yes,85.0,79.0,Placed
4628,7.5,1,1,1,68.0,4.3,No,No,61.0,67.0,NotPlaced
3705,7.1,1,1,1,69.0,3.4,No,Yes,55.0,65.0,NotPlaced
9112,6.7,1,2,1,79.0,3.9,No,Yes,82.0,83.0,NotPlaced
4048,8.2,2,3,2,90.0,4.8,Yes,Yes,77.0,88.0,Placed
510,6.7,1,2,1,80.0,4.1,No,No,63.0,59.0,NotPlaced
2071,8.3,0,3,2,90.0,4.7,Yes,Yes,76.0,85.0,Placed
4238,8.3,2,3,2,86.0,3.9,Yes,Yes,63.0,85.0,Placed
3851,8.5,2,3,2,86.0,4.8,Yes,Yes,83.0,81.0,Placed
404,8.5,2,3,2,90.0,4.8,Yes,Yes,80.0,84.0,Placed
2172,7.1,2,1,0,72.0,4.3,No,Yes,56.0,63.0,NotPlaced
1115,8.0,1,3,2,89.0,4.8,Yes,Yes,70.0,81.0,NotPlaced
9527,7.6,0,1,0,80.0,4.2,No,No,55.0,73.0,NotPlaced
9521,8.1,1,1,0,81.0,4.7,No,Yes,55.0,69.0,NotPlaced
2220,8.3,2,3,2,82.0,4.8,Yes,Yes,79.0,81.0,Placed
555,8.2,0,3,0,76.0,4.7,Yes,Yes,77.0,66.0,NotPlaced
7754,7.4,1,2,1,82.0,3.9,No,Yes,55.0,70.0,NotPlaced
369,8.4,2,2,0,76.0,4.4,Yes,Yes,77.0,73.0,Placed
7237,7.7,1,2,0,77.0,3.9,No,Yes,69.0,79.0,NotPlaced
7186,8.2,2,3,2,90.0,4.8,Yes,Yes,79.0,79.0,Placed
9686,7.3,1,1,0,75.0,3.7,No,Yes,56.0,74.0,NotPlaced
5286,6.5,1,1,0,77.0,4.1,No,No,59.0,57.0,NotPlaced
3210,6.5,1,2,1,69.0,4.1,No,Yes,72.0,60.0,NotPlaced
3629,8.3,2,3,2,90.0,4.4,Yes,Yes,85.0,85.0,Placed
8497,8.2,2,3,2,90.0,4.6,Yes,Yes,75.0,83.0,Placed
1801,8.3,1,2,0,72.0,4.2,No,Yes,61.0,63.0,NotPlaced
5653,7.6,0,1,2,75.0,4.2,Yes,No,77.0,83.0,NotPlaced
3977,7.0,1,3,1,77.0,4.2,Yes,Yes,78.0,84.0,Placed
5057,8.6,0,3,2,81.0,3.9,Yes,Yes,82.0,71.0,Placed
5709,8.2,2,3,3,90.0,4.5,Yes,Yes,80.0,86.0,NotPlaced
9070,6.5,1,2,0,76.0,3.7,No,No,56.0,67.0,NotPlaced
1662,8.6,1,3,2,90.0,4.5,Yes,Yes,84.0,88.0,NotPlaced
2374,6.5,2,1,1,77.0,4.2,Yes,Yes,58.0,64.0,NotPlaced
2994,6.5,2,3,0,84.0,4.8,No,Yes,62.0,84.0,NotPlaced
4187,8.3,2,3,2,90.0,4.8,Yes,Yes,80.0,84.0,Placed
417,8.0,1,3,0,75.0,4.3,No,No,57.0,66.0,NotPlaced
5482,8.7,2,3,2,85.0,4.4,Yes,Yes,81.0,84.0,Placed
9956,8.1,2,1,0,83.0,4.1,No,No,63.0,66.0,NotPlaced
3484,8.3,1,2,2,89.0,4.8,Yes,Yes,81.0,62.0,Placed
4671,8.1,1,3,2,90.0,4.3,Yes,Yes,73.0,86.0,Placed
7526,8.1,2,3,0,89.0,4.1,Yes,No,81.0,67.0,NotPlaced
4013,7.8,1,2,2,83.0,4.7,Yes,Yes,63.0,71.0,Placed
4309,8.2,1,2,0,79.0,4.8,No,Yes,56.0,66.0,NotPlaced
3676,7.5,1,2,0,86.0,4.8,Yes,Yes,55.0,71.0,NotPlaced
970,6.8,1,1,1,78.0,4.1,No,No,73.0,72.0,NotPlaced
815,6.6,0,1,1,72.0,4.1,No,Yes,64.0,70.0,NotPlaced
6594,8.6,2,2,2,87.0,4.8,Yes,Yes,80.0,83.0,Placed
8263,7.5,1,3,3,90.0,4.8,Yes,No,64.0,82.0,Placed
5918,7.4,1,1,0,87.0,4.6,No,No,55.0,70.0,NotPlaced
5243,8.6,2,3,2,80.0,4.4,Yes,Yes,81.0,69.0,Placed
1778,8.2,1,3,0,77.0,3.4,No,Yes,55.0,84.0,NotPlaced
1782,8.4,2,3,2,80.0,4.5,Yes,Yes,57.0,64.0,Placed
7419,7.5,1,1,1,77.0,4.4,Yes,No,70.0,67.0,NotPlaced
4736,7.6,2,1,1,85.0,4.4,No,Yes,59.0,75.0,NotPlaced
6913,8.8,2,3,2,83.0,4.1,Yes,Yes,73.0,83.0,Placed
592,7.9,0,1,0,66.0,4.1,No,No,72.0,84.0,NotPlaced
4196,6.8,1,1,0,82.0,3.9,No,No,82.0,64.0,NotPlaced
854,8.1,2,3,1,75.0,3.7,Yes,Yes,86.0,66.0,Placed
4318,8.6,2,3,2,90.0,4.8,Yes,Yes,84.0,87.0,Placed
313,8.2,2,3,2,90.0,4.6,Yes,Yes,77.0,88.0,Placed
9737,8.2,1,1,1,74.0,4.6,Yes,No,64.0,67.0,NotPlaced
4815,8.3,1,3,0,82.0,4.6,Yes,Yes,73.0,88.0,NotPlaced
4509,8.1,2,3,0,90.0,4.4,No,Yes,78.0,86.0,Placed
1118,7.8,1,1,1,78.0,4.5,No,Yes,78.0,66.0,NotPlaced
944,8.3,1,2,2,71.0,4.5,Yes,Yes,56.0,67.0,Placed
9050,8.3,2,3,2,87.0,4.7,Yes,Yes,79.0,80.0,Placed
2096,8.2,0,2,2,83.0,4.8,Yes,Yes,78.0,82.0,Placed
733,6.5,1,1,1,82.0,3.4,No,No,55.0,72.0,NotPlaced
8004,7.5,1,1,1,67.0,4.5,No,No,55.0,61.0,NotPlaced
891,8.3,2,3,2,90.0,4.7,Yes,Yes,76.0,88.0,Placed
3701,8.7,2,1,3,82.0,4.5,Yes,Yes,76.0,73.0,Placed
7075,8.1,1,2,1,77.0,4.4,No,Yes,55.0,68.0,NotPlaced
8721,8.6,2,2,2,76.0,4.7,Yes,No,67.0,84.0,Placed
1737,8.5,2,3,2,90.0,4.8,Yes,Yes,72.0,83.0,Placed
6078,7.7,1,2,1,75.0,4.6,Yes,Yes,68.0,70.0,NotPlaced
7275,7.6,1,1,0,64.0,3.4,No,No,55.0,59.0,NotPlaced
5816,8.5,2,3,2,90.0,4.7,Yes,Yes,73.0,85.0,Placed
3798,8.3,1,3,1,84.0,4.6,Yes,Yes,65.0,63.0,Placed
684,8.6,1,2,0,82.0,3.7,Yes,Yes,77.0,65.0,Placed
3670,7.7,1,3,2,90.0,4.5,Yes,Yes,81.0,86.0,Placed
435,7.8,1,3,0,81.0,4.3,No,No,64.0,70.0,NotPlaced
6777,8.4,1,1,1,70.0,3.8,Yes,Yes,55.0,67.0,NotPlaced
7750,8.4,2,3,1,83.0,4.4,Yes,Yes,77.0,79.0,NotPlaced
8808,7.9,0,2,2,87.0,3.9,No,Yes,63.0,69.0,NotPlaced
5256,7.8,1,3,3,84.0,3.9,Yes,Yes,64.0,72.0,NotPlaced
7770,7.7,1,1,1,73.0,4.0,No,Yes,58.0,67.0,NotPlaced
7308,8.5,0,3,0,90.0,4.8,Yes,Yes,79.0,82.0,Placed
4663,8.4,0,1,0,76.0,4.2,Yes,Yes,55.0,85.0,Placed
9553,6.6,1,1,0,75.0,4.4,No,No,62.0,82.0,NotPlaced
5379,6.7,1,1,1,76.0,4.6,No,No,65.0,69.0,NotPlaced
5560,8.5,1,3,2,90.0,4.8,Yes,Yes,75.0,86.0,NotPlaced
9344,6.8,1,1,1,67.0,4.4,No,No,68.0,65.0,NotPlaced
1058,8.5,2,3,2,89.0,4.8,Yes,Yes,74.0,83.0,Placed
1322,7.9,2,3,2,80.0,4.6,Yes,No,77.0,69.0,NotPlaced
871,7.2,1,1,1,69.0,4.3,No,No,58.0,62.0,NotPlaced
7460,7.5,1,2,2,78.0,4.5,No,Yes,75.0,70.0,Placed
9419,6.6,1,3,1,67.0,3.9,No,Yes,55.0,71.0,NotPlaced
7952,8.2,2,3,2,90.0,4.7,Yes,Yes,89.0,78.0,Placed
8250,6.7,0,1,1,68.0,4.3,No,No,68.0,62.0,NotPlaced
3138,7.6,0,3,0,82.0,4.4,Yes,No,84.0,80.0,NotPlaced
1566,7.6,1,1,0,74.0,4.6,Yes,Yes,55.0,61.0,NotPlaced
7917,8.0,2,3,2,85.0,4.8,Yes,Yes,74.0,87.0,Placed
4688,7.6,1,1,0,60.0,4.2,No,Yes,73.0,65.0,NotPlaced
993,7.8,1,1,2,82.0,4.3,Yes,Yes,59.0,65.0,Placed
6070,6.9,1,1,0,79.0,4.7,Yes,No,71.0,71.0,NotPlaced
2761,8.3,1,1,3,76.0,4.2,No,Yes,56.0,83.0,NotPlaced
927,7.3,0,1,1,74.0,4.1,No,No,64.0,72.0,NotPlaced
5689,8.3,0,2,2,81.0,4.4,Yes,No,68.0,87.0,Placed
534,8.6,2,3,2,87.0,4.8,Yes,Yes,77.0,82.0,Placed
6699,8.2,2,3,2,90.0,4.7,Yes,Yes,78.0,84.0,Placed
4296,8.6,2,3,2,83.0,4.8,Yes,No,55.0,67.0,NotPlaced
6981,6.5,1,1,0,61.0,4.1,No,No,66.0,69.0,NotPlaced
9827,7.5,1,1,1,64.0,4.6,No,Yes,55.0,59.0,NotPlaced
5067,6.8,0,1,1,64.0,3.8,No,No,55.0,71.0,NotPlaced
2533,7.5,1,3,0,83.0,4.7,Yes,Yes,59.0,87.0,Placed
7995,8.3,0,1,0,71.0,4.1,Yes,Yes,55.0,59.0,Placed
3320,7.9,2,3,2,89.0,4.8,Yes,Yes,61.0,82.0,Placed
2164,6.5,1,1,0,68.0,3.8,No,No,59.0,65.0,NotPlaced
724,6.5,1,3,2,75.0,4.7,Yes,No,78.0,62.0,NotPlaced
8056,7.6,2,3,2,90.0,4.8,Yes,Yes,89.0,84.0,Placed
5699,7.4,1,2,2,66.0,4.4,No,Yes,61.0,85.0,NotPlaced
6644,8.3,2,1,0,81.0,4.3,Yes,Yes,86.0,70.0,NotPlaced
9670,7.7,1,3,2,74.0,4.2,Yes,Yes,55.0,84.0,NotPlaced
5672,7.7,1,1,1,79.0,3.7,No,Yes,59.0,63.0,NotPlaced
1897,7.5,1,3,2,75.0,4.5,Yes,Yes,80.0,63.0,Placed
7739,7.7,0,3,1,74.0,4.3,Yes,Yes,78.0,65.0,NotPlaced
47,6.9,1,1,1,76.0,4.4,No,No,55.0,65.0,NotPlaced
1497,6.5,0,2,0,71.0,4.1,No,Yes,55.0,86.0,NotPlaced
8829,8.2,2,3,2,85.0,4.8,Yes,Yes,73.0,85.0,Placed
3016,6.5,1,1,1,71.0,4.1,No,No,56.0,70.0,NotPlaced
7979,8.4,2,2,0,90.0,4.5,Yes,Yes,76.0,85.0,NotPlaced
4062,7.0,1,1,0,65.0,4.0,No,No,58.0,65.0,NotPlaced
7627,7.4,1,2,0,73.0,4.2,No,No,55.0,61.0,NotPlaced
3194,8.1,2,2,0,78.0,4.8,Yes,No,58.0,79.0,NotPlaced
5604,8.3,2,3,2,88.0,4.8,Yes,Yes,87.0,88.0,Placed
6417,7.6,1,3,2,75.0,4.3,Yes,No,55.0,64.0,NotPlaced
365,7.5,0,3,2,90.0,4.8,Yes,Yes,82.0,81.0,Placed
9844,8.0,2,3,2,85.0,4.8,Yes,No,77.0,82.0,Placed
5219,8.5,2,2,1,83.0,4.3,Yes,No,55.0,80.0,NotPlaced
3250,7.6,2,2,2,90.0,4.1,Yes,Yes,82.0,80.0,Placed
6558,6.9,0,2,0,71.0,4.0,No,Yes,55.0,71.0,NotPlaced
782,7.5,0,2,0,82.0,4.8,Yes,Yes,68.0,64.0,Placed
8384,7.4,1,3,2,80.0,4.4,Yes,Yes,73.0,72.0,Placed
1281,8.2,1,1,1,80.0,4.3,No,No,75.0,64.0,NotPlaced
2723,8.3,2,2,0,78.0,4.1,No,Yes,60.0,83.0,Placed
7264,6.8,1,1,0,60.0,3.5,No,Yes,55.0,57.0,NotPlaced
8824,8.2,2,3,2,82.0,4.4,Yes,Yes,80.0,83.0,Placed
6160,8.2,1,3,2,90.0,4.7,Yes,Yes,65.0,84.0,Placed
9779,7.9,1,3,2,90.0,4.8,Yes,Yes,82.0,80.0,Placed
1703,8.2,2,3,2,88.0,4.8,Yes,Yes,65.0,83.0,Placed
2108,8.7,2,3,2,90.0,4.8,Yes,Yes,82.0,84.0,Placed
7242,7.6,1,2,1,77.0,4.6,No,Yes,72.0,69.0,NotPlaced
1925,7.4,1,1,1,78.0,4.3,No,Yes,55.0,66.0,NotPlaced
8228,8.3,2,1,2,83.0,4.4,Yes,Yes,59.0,86.0,NotPlaced
7473,6.5,2,1,0,78.0,4.4,No,Yes,75.0,65.0,NotPlaced
8849,8.1,2,1,2,72.0,4.1,Yes,No,59.0,69.0,NotPlaced
2100,8.1,1,3,3,89.0,4.8,Yes,Yes,66.0,86.0,Placed
6630,8.4,2,3,2,90.0,4.8,Yes,Yes,83.0,84.0,Placed
3717,8.7,1,1,2,80.0,3.6,No,Yes,58.0,73.0,Placed
4052,7.8,2,3,2,88.0,4.5,Yes,Yes,71.0,85.0,Placed
6694,7.7,1,2,0,75.0,3.7,No,Yes,71.0,69.0,NotPlaced
5665,7.5,0,1,0,88.0,4.7,No,No,61.0,60.0,NotPlaced
2346,7.2,1,3,2,81.0,4.8,No,Yes,83.0,84.0,Placed
868,8.2,2,3,1,70.0,3.8,No,No,73.0,65.0,NotPlaced
5285,7.5,1,1,1,61.0,4.4,No,Yes,55.0,71.0,NotPlaced
3884,7.5,1,2,0,80.0,3.9,No,Yes,61.0,68.0,NotPlaced
9226,7.7,1,2,2,83.0,3.9,Yes,Yes,81.0,75.0,NotPlaced
1279,6.5,0,1,0,61.0,3.7,No,No,67.0,71.0,NotPlaced
2729,7.6,1,1,0,75.0,3.6,No,Yes,55.0,68.0,NotPlaced
1671,8.2,1,3,2,86.0,4.4,Yes,Yes,76.0,65.0,Placed
978,8.4,1,3,0,73.0,4.6,Yes,Yes,86.0,83.0,NotPlaced
2586,6.6,1,1,0,60.0,4.2,No,Yes,62.0,67.0,NotPlaced
6713,8.3,2,1,0,89.0,4.6,No,No,74.0,77.0,Placed
9211,6.7,1,1,0,81.0,4.5,No,Yes,65.0,61.0,NotPlaced
997,8.2,2,3,2,90.0,4.8,Yes,Yes,87.0,88.0,Placed
6544,6.5,1,2,1,68.0,4.5,Yes,Yes,69.0,71.0,NotPlaced
2132,8.1,1,2,1,69.0,4.0,Yes,Yes,86.0,73.0,Placed
7068,8.5,2,3,2,90.0,4.8,Yes,Yes,83.0,86.0,Placed
2567,7.5,1,1,0,68.0,4.8,No,Yes,63.0,69.0,NotPlaced
9402,7.5,1,3,1,86.0,4.2,No,Yes,66.0,64.0,NotPlaced
6979,7.6,0,2,0,74.0,4.1,No,Yes,67.0,73.0,NotPlaced
3863,7.6,0,1,0,85.0,4.1,No,No,61.0,68.0,NotPlaced
7016,7.8,1,1,1,76.0,3.8,No,Yes,55.0,66.0,NotPlaced
9353,8.7,0,3,2,85.0,4.5,Yes,No,71.0,83.0,NotPlaced
2825,7.3,1,1,0,84.0,4.5,No,Yes,55.0,75.0,NotPlaced
3703,8.2,1,1,1,79.0,4.8,Yes,Yes,55.0,67.0,NotPlaced
5037,8.4,2,3,2,90.0,4.8,Yes,Yes,76.0,86.0,Placed
787,7.4,1,1,1,67.0,4.5,No,No,55.0,67.0,NotPlaced
511,7.9,1,2,1,63.0,4.2,No,Yes,56.0,69.0,NotPlaced
9487,7.5,2,1,0,84.0,3.8,No,No,61.0,63.0,Placed
1147,8.6,2,3,0,85.0,4.8,Yes,Yes,89.0,83.0,Placed
9227,7.8,1,1,1,84.0,3.9,Yes,Yes,73.0,76.0,NotPlaced
6362,8.0,1,3,2,90.0,4.8,Yes,Yes,76.0,84.0,Placed
9360,7.6,1,2,1,75.0,4.1,No,No,55.0,74.0,NotPlaced
6451,8.3,1,3,2,86.0,4.8,Yes,No,70.0,80.0,NotPlaced
9525,7.3,1,1,1,85.0,4.8,No,Yes,55.0,66.0,Placed
5324,8.7,1,3,3,89.0,4.8,Yes,Yes,74.0,83.0,NotPlaced
9900,8.1,0,1,2,80.0,4.3,Yes,Yes,81.0,86.0,NotPlaced
9555,8.2,0,2,2,88.0,3.3,Yes,Yes,74.0,68.0,Placed
2856,8.1,1,3,2,88.0,4.4,No,Yes,55.0,88.0,Placed
3569,7.8,2,3,2,90.0,4.8,Yes,Yes,90.0,79.0,Placed
2915,6.6,1,1,0,71.0,4.5,Yes,No,90.0,64.0,NotPlaced
7475,8.5,1,3,2,86.0,4.7,Yes,Yes,73.0,83.0,Placed
6583,7.6,0,2,2,90.0,4.6,Yes,Yes,85.0,77.0,Placed
2503,7.7,1,1,0,67.0,4.0,No,No,55.0,69.0,NotPlaced
2851,6.8,1,2,0,67.0,3.2,No,No,55.0,68.0,NotPlaced
93,8.1,1,3,2,89.0,4.6,Yes,Yes,86.0,80.0,Placed
2078,6.9,1,1,0,76.0,4.5,No,No,58.0,58.0,Placed
9249,7.7,1,2,0,69.0,3.5,No,Yes,56.0,59.0,NotPlaced
5347,7.4,1,1,0,80.0,4.8,No,Yes,64.0,73.0,NotPlaced
2769,6.5,0,2,2,77.0,4.6,No,Yes,72.0,83.0,NotPlaced
1545,8.1,1,3,1,74.0,4.6,Yes,No,82.0,85.0,NotPlaced
7838,6.5,1,1,0,78.0,4.4,No,No,64.0,68.0,NotPlaced
6787,7.9,1,3,3,81.0,4.5,Yes,Yes,60.0,84.0,Placed
8663,8.5,0,3,0,81.0,4.4,Yes,Yes,82.0,83.0,NotPlaced
8104,8.1,1,1,1,67.0,3.8,No,No,59.0,57.0,NotPlaced
7588,7.5,0,1,1,70.0,4.4,No,No,55.0,66.0,NotPlaced
9296,8.3,1,2,2,87.0,4.7,Yes,Yes,78.0,66.0,NotPlaced
7175,7.5,2,3,3,86.0,4.1,Yes,Yes,69.0,86.0,NotPlaced
7728,8.2,2,3,2,90.0,4.7,Yes,No,81.0,87.0,Placed
914,7.6,1,3,0,80.0,4.3,Yes,Yes,84.0,67.0,NotPlaced
8589,7.5,1,1,3,78.0,4.5,No,No,69.0,73.0,NotPlaced
7046,7.9,2,3,2,90.0,4.8,Yes,Yes,70.0,86.0,Placed
8060,6.5,0,2,0,80.0,4.2,No,No,57.0,71.0,NotPlaced
9109,6.5,1,1,1,66.0,4.0,No,Yes,60.0,73.0,NotPlaced
6541,7.2,1,1,0,71.0,3.8,No,Yes,62.0,59.0,NotPlaced
5122,8.3,2,2,2,90.0,4.8,Yes,Yes,71.0,83.0,Placed
4403,7.4,1,1,1,82.0,3.7,No,No,56.0,75.0,NotPlaced
153,7.8,0,1,0,81.0,3.9,Yes,Yes,79.0,65.0,Placed
4937,7.5,1,1,0,60.0,3.7,No,Yes,55.0,74.0,NotPlaced
1250,6.5,1,1,1,62.0,4.1,No,Yes,60.0,64.0,NotPlaced
3447,7.4,0,1,0,66.0,4.2,No,No,63.0,73.0,NotPlaced
4416,8.5,1,1,0,73.0,4.0,No,Yes,61.0,63.0,NotPlaced
605,8.2,0,1,0,73.0,4.8,Yes,Yes,55.0,66.0,Placed
9563,7.8,1,1,0,66.0,4.6,No,No,58.0,80.0,NotPlaced
9218,8.7,0,2,2,89.0,4.6,Yes,Yes,77.0,85.0,Placed
5922,6.5,0,1,1,66.0,4.1,No,No,67.0,67.0,NotPlaced
2621,8.6,2,3,2,84.0,4.5,Yes,Yes,81.0,85.0,Placed
6444,7.4,1,1,1,71.0,3.3,No,No,55.0,62.0,NotPlaced
8027,8.1,1,1,1,77.0,4.1,Yes,Yes,62.0,75.0,Placed
6593,7.6,0,3,1,86.0,4.7,Yes,No,78.0,81.0,Placed
6339,8.1,1,2,0,80.0,4.0,Yes,Yes,74.0,79.0,Placed
844,7.1,1,1,1,72.0,4.3,No,Yes,55.0,65.0,NotPlaced
8270,7.8,0,2,2,82.0,4.8,Yes,Yes,77.0,68.0,NotPlaced
1272,7.5,1,1,0,68.0,4.1,Yes,Yes,55.0,67.0,NotPlaced
7135,6.5,0,2,0,84.0,4.8,No,No,68.0,69.0,NotPlaced
2906,6.8,0,1,1,70.0,3.0,No,No,55.0,60.0,NotPlaced
4454,7.4,1,1,0,71.0,3.9,No,Yes,55.0,59.0,NotPlaced
3127,8.6,1,3,1,85.0,4.8,Yes,No,73.0,86.0,NotPlaced
6423,8.2,1,3,0,90.0,4.7,Yes,Yes,55.0,70.0,Placed
7703,8.5,2,3,2,90.0,4.8,Yes,Yes,85.0,88.0,Placed
4193,7.6,0,1,1,76.0,3.9,No,Yes,55.0,72.0,NotPlaced
4643,7.5,1,2,1,64.0,4.2,No,Yes,70.0,64.0,NotPlaced
8075,8.5,2,1,2,87.0,4.8,Yes,Yes,78.0,85.0,Placed
9133,8.2,1,3,2,81.0,4.5,Yes,No,70.0,83.0,Placed
3744,7.4,1,1,0,84.0,4.1,No,No,55.0,70.0,NotPlaced
7373,6.6,1,1,0,73.0,4.5,Yes,No,72.0,66.0,NotPlaced
766,8.1,2,3,2,90.0,4.8,Yes,Yes,86.0,85.0,Placed
6803,7.9,1,2,2,89.0,4.8,Yes,Yes,82.0,83.0,Placed
2086,7.9,0,3,2,89.0,4.5,No,No,63.0,59.0,Placed
3409,7.8,2,3,2,90.0,4.8,Yes,Yes,68.0,87.0,Placed
9815,7.4,0,2,1,81.0,4.0,Yes,No,66.0,60.0,NotPlaced
3597,7.8,1,1,0,82.0,4.6,Yes,Yes,55.0,77.0,Placed
4984,7.5,0,1,0,72.0,4.3,No,Yes,56.0,66.0,NotPlaced
3600,7.9,1,3,1,80.0,4.3,Yes,Yes,74.0,88.0,NotPlaced
309,8.3,2,3,2,82.0,4.6,Yes,Yes,76.0,85.0,Placed
8278,8.6,0,3,2,90.0,4.7,Yes,Yes,71.0,88.0,Placed
8123,8.2,1,1,0,77.0,3.8,No,No,57.0,67.0,NotPlaced
9848,7.6,1,1,1,82.0,3.9,No,Yes,55.0,70.0,NotPlaced
9888,8.2,0,2,2,79.0,4.5,Yes,Yes,55.0,86.0,NotPlaced
1242,7.1,1,1,0,76.0,3.9,No,No,57.0,70.0,NotPlaced
9982,7.8,1,1,0,76.0,3.9,No,Yes,57.0,64.0,NotPlaced
3494,7.5,1,2,1,82.0,4.7,No,Yes,55.0,72.0,NotPlaced
2573,8.1,0,3,2,87.0,4.8,Yes,No,90.0,83.0,Placed
2398,7.4,1,2,0,87.0,3.5,No,Yes,61.0,67.0,NotPlaced
3491,7.9,2,3,2,86.0,4.8,Yes,Yes,71.0,84.0,NotPlaced
4962,8.4,2,3,2,90.0,4.8,Yes,Yes,70.0,86.0,Placed
3077,8.0,0,2,2,75.0,3.8,Yes,No,76.0,82.0,NotPlaced
6388,7.0,1,3,0,82.0,4.7,Yes,Yes,60.0,67.0,Placed
9943,8.1,2,2,2,90.0,4.8,Yes,Yes,80.0,70.0,Placed
6309,6.6,2,2,0,80.0,4.8,Yes,Yes,57.0,84.0,NotPlaced
6769,8.3,1,2,0,70.0,4.3,Yes,Yes,72.0,81.0,NotPlaced
3288,7.5,1,1,1,68.0,3.8,No,No,56.0,63.0,NotPlaced
6391,8.6,1,1,1,83.0,3.0,No,No,55.0,72.0,NotPlaced
9709,8.3,2,3,2,85.0,4.8,Yes,No,83.0,88.0,NotPlaced
7961,7.6,1,2,0,72.0,4.8,No,Yes,63.0,65.0,NotPlaced
1783,6.5,1,1,1,76.0,3.8,No,No,55.0,64.0,NotPlaced
2718,8.4,0,3,0,86.0,4.6,Yes,Yes,90.0,83.0,Placed
8699,8.2,1,3,2,79.0,4.8,Yes,Yes,76.0,81.0,Placed
910,8.6,1,3,1,87.0,4.6,Yes,Yes,77.0,74.0,Placed
6308,8.9,1,3,2,90.0,4.3,Yes,Yes,66.0,83.0,Placed
8715,8.4,2,3,2,87.0,4.7,Yes,Yes,79.0,86.0,Placed
9832,8.0,1,2,2,77.0,4.7,Yes,Yes,68.0,85.0,Placed
1363,7.6,1,2,0,78.0,4.4,No,No,80.0,79.0,NotPlaced
5649,7.4,1,1,0,77.0,3.6,No,Yes,73.0,78.0,NotPlaced
9991,7.4,0,3,1,90.0,3.8,No,Yes,82.0,68.0,NotPlaced
1517,8.9,1,1,0,70.0,4.7,Yes,Yes,76.0,82.0,NotPlaced
9021,7.5,1,1,0,82.0,4.5,No,Yes,62.0,72.0,NotPlaced
7330,7.9,1,3,0,82.0,4.7,Yes,No,57.0,72.0,NotPlaced
880,7.6,1,2,1,68.0,4.5,No,Yes,80.0,66.0,NotPlaced
6216,8.0,1,2,1,73.0,3.8,No,Yes,60.0,66.0,NotPlaced
8236,7.7,1,1,2,88.0,4.2,No,Yes,65.0,88.0,Placed
2350,8.2,0,3,0,90.0,4.3,Yes,Yes,79.0,86.0,NotPlaced
6262,8.0,1,2,2,87.0,4.6,Yes,Yes,70.0,69.0,Placed
2676,8.3,1,3,1,81.0,4.3,Yes,Yes,79.0,88.0,NotPlaced
2239,7.5,1,2,0,82.0,4.4,No,Yes,57.0,61.0,Placed
1409,7.8,1,3,1,87.0,4.5,Yes,Yes,69.0,82.0,Placed
2674,7.5,1,1,2,78.0,4.4,No,Yes,76.0,74.0,NotPlaced
5750,7.4,1,1,1,78.0,3.7,No,Yes,55.0,64.0,Placed
1523,7.7,1,2,1,78.0,4.6,No,Yes,55.0,60.0,NotPlaced
4000,8.3,2,2,2,85.0,3.9,Yes,Yes,60.0,86.0,Placed
8903,7.4,1,1,2,90.0,4.3,Yes,Yes,72.0,85.0,Placed
9427,7.4,1,2,1,72.0,4.4,Yes,Yes,61.0,82.0,Placed
8320,8.5,1,3,0,90.0,4.8,Yes,Yes,79.0,88.0,Placed
2413,8.5,2,2,2,89.0,4.6,Yes,Yes,55.0,84.0,Placed
8493,8.3,1,1,0,88.0,4.1,No,No,64.0,74.0,NotPlaced
8343,7.6,0,3,2,87.0,4.8,No,Yes,79.0,62.0,Placed
2901,8.4,2,2,2,86.0,4.8,Yes,Yes,72.0,83.0,Placed
5934,7.5,1,2,2,86.0,4.8,Yes,Yes,77.0,81.0,Placed
8524,7.5,1,1,1,81.0,4.0,No,Yes,75.0,61.0,NotPlaced
6801,7.6,1,1,0,77.0,4.0,No,Yes,58.0,73.0,NotPlaced
9972,7.1,0,1,0,76.0,3.9,No,No,64.0,69.0,NotPlaced
7065,6.8,0,1,0,78.0,4.7,Yes,Yes,64.0,68.0,NotPlaced
2568,7.4,1,1,0,66.0,3.8,Yes,Yes,62.0,65.0,NotPlaced
3187,7.9,1,2,1,77.0,4.3,No,No,55.0,63.0,Placed
2029,8.2,2,3,2,89.0,4.8,Yes,Yes,74.0,87.0,Placed
7521,7.9,1,3,2,87.0,4.8,Yes,Yes,82.0,88.0,Placed
6404,8.0,2,3,2,71.0,4.1,Yes,Yes,77.0,83.0,NotPlaced
5751,7.5,1,1,1,75.0,4.0,No,No,55.0,74.0,NotPlaced
4773,6.6,0,1,1,72.0,3.5,No,Yes,80.0,66.0,NotPlaced
1470,6.8,1,2,1,76.0,3.8,No,Yes,59.0,69.0,NotPlaced
7433,7.1,1,1,0,69.0,3.6,Yes,Yes,55.0,70.0,NotPlaced
1451,6.9,0,3,0,81.0,4.2,No,Yes,83.0,85.0,Placed
9572,8.0,0,1,1,76.0,3.6,No,No,55.0,65.0,NotPlaced
3461,7.6,1,1,1,75.0,4.1,Yes,Yes,55.0,68.0,NotPlaced
5184,6.9,1,1,1,90.0,3.9,No,No,55.0,67.0,NotPlaced
6074,6.8,0,3,1,74.0,4.5,Yes,Yes,83.0,69.0,Placed
5695,7.0,1,1,0,72.0,4.5,No,Yes,71.0,65.0,NotPlaced
2059,8.7,2,3,2,90.0,4.8,Yes,Yes,80.0,86.0,Placed
6731,8.4,1,2,1,80.0,4.8,Yes,Yes,80.0,64.0,NotPlaced
5738,7.5,0,1,1,70.0,4.5,No,Yes,55.0,64.0,NotPlaced
3631,6.5,1,2,1,78.0,3.8,No,No,55.0,62.0,NotPlaced
853,6.6,1,1,1,75.0,3.6,No,No,61.0,72.0,Placed
4272,6.8,1,1,1,85.0,3.9,Yes,No,71.0,62.0,NotPlaced
5040,7.5,1,3,1,83.0,4.4,Yes,Yes,77.0,87.0,Placed
3982,7.5,1,2,0,86.0,4.7,Yes,Yes,72.0,87.0,NotPlaced
7579,7.4,1,2,0,80.0,4.7,No,Yes,59.0,64.0,NotPlaced
5401,8.6,0,2,2,81.0,4.4,Yes,Yes,82.0,83.0,Placed
2964,7.0,2,2,1,74.0,4.3,No,Yes,55.0,83.0,NotPlaced
5448,8.4,2,3,2,89.0,4.6,Yes,Yes,87.0,84.0,Placed
3159,8.1,1,2,0,77.0,4.8,Yes,Yes,80.0,87.0,Placed
3908,8.2,2,3,2,90.0,4.8,Yes,Yes,77.0,83.0,Placed
6009,7.4,1,2,0,65.0,4.6,No,No,79.0,68.0,NotPlaced
6059,7.9,1,2,1,61.0,4.2,Yes,Yes,80.0,71.0,NotPlaced
6577,8.8,0,3,2,77.0,4.5,Yes,Yes,83.0,82.0,Placed
7392,8.5,2,3,2,90.0,4.7,Yes,Yes,74.0,86.0,Placed
5223,6.6,0,1,1,75.0,3.2,No,No,62.0,68.0,NotPlaced
5392,8.5,1,1,2,77.0,4.3,Yes,Yes,80.0,81.0,Placed
5914,7.4,1,1,1,80.0,4.7,Yes,Yes,68.0,70.0,NotPlaced
9376,7.7,1,1,1,74.0,3.7,No,Yes,57.0,74.0,NotPlaced
6682,8.0,0,3,2,79.0,4.6,Yes,No,82.0,82.0,Placed
648,8.3,1,3,0,84.0,4.6,Yes,Yes,72.0,83.0,NotPlaced
633,8.6,2,2,2,88.0,4.8,Yes,No,83.0,77.0,Placed
5577,7.5,1,1,0,68.0,3.6,No,Yes,69.0,62.0,NotPlaced
8856,8.6,1,3,0,82.0,4.5,No,Yes,55.0,74.0,NotPlaced
5287,6.5,1,1,0,71.0,3.6,No,No,55.0,65.0,NotPlaced
7252,8.5,2,2,2,85.0,4.5,Yes,Yes,68.0,86.0,NotPlaced
5,8.3,1,2,2,86.0,4.5,Yes,Yes,74.0,88.0,Placed
673,8.8,1,3,2,83.0,4.8,Yes,Yes,72.0,84.0,Placed
3222,8.3,1,3,2,83.0,4.6,Yes,No,69.0,87.0,Placed
5496,7.6,1,2,0,79.0,4.2,No,No,55.0,84.0,NotPlaced
3041,8.9,0,2,1,79.0,4.6,No,No,62.0,75.0,NotPlaced
6514,7.7,1,1,0,78.0,3.9,No,Yes,69.0,72.0,NotPlaced
3428,6.7,1,3,0,74.0,4.5,Yes,Yes,72.0,63.0,NotPlaced
9623,7.6,1,1,1,83.0,4.5,Yes,Yes,74.0,79.0,NotPlaced
3642,7.4,1,2,0,84.0,4.5,Yes,Yes,61.0,66.0,NotPlaced
8695,6.6,0,1,0,70.0,4.3,No,No,63.0,64.0,NotPlaced
9134,7.6,1,1,1,68.0,4.0,No,No,57.0,63.0,NotPlaced
7038,7.8,1,3,1,70.0,4.3,No,No,65.0,61.0,NotPlaced
7506,8.8,0,2,1,78.0,4.5,Yes,Yes,78.0,71.0,NotPlaced
1370,7.9,2,3,2,85.0,4.4,Yes,Yes,77.0,82.0,Placed
9937,8.2,1,3,2,85.0,4.6,Yes,Yes,71.0,83.0,Placed
1392,7.7,0,1,0,71.0,4.2,No,No,60.0,71.0,NotPlaced
6565,8.0,0,3,2,90.0,4.8,Yes,Yes,71.0,83.0,Placed
6952,6.9,2,3,1,68.0,3.7,No,No,64.0,64.0,NotPlaced
9931,7.4,1,1,0,78.0,3.9,No,Yes,58.0,63.0,NotPlaced
2616,7.7,0,2,0,80.0,4.3,No,Yes,75.0,67.0,NotPlaced
6919,7.9,0,3,2,90.0,4.5,Yes,No,79.0,88.0,Placed
1557,7.4,0,2,1,76.0,4.1,No,No,60.0,69.0,NotPlaced
3715,8.1,1,3,2,90.0,4.6,Yes,Yes,70.0,76.0,Placed
2242,7.5,1,1,0,68.0,4.1,No,Yes,82.0,67.0,NotPlaced
7500,8.2,1,2,1,79.0,4.4,Yes,Yes,83.0,65.0,Placed
1577,7.6,1,1,1,62.0,4.2,No,No,80.0,65.0,NotPlaced
872,7.5,1,1,0,74.0,4.2,No,No,62.0,68.0,NotPlaced
8432,7.5,1,1,0,88.0,4.6,No,No,55.0,60.0,NotPlaced
9358,7.4,1,1,0,67.0,4.2,No,Yes,61.0,74.0,Placed
5616,8.3,2,3,0,86.0,4.7,Yes,Yes,76.0,84.0,Placed
3687,8.6,1,3,0,85.0,4.2,Yes,Yes,68.0,83.0,Placed
2794,8.2,0,3,0,86.0,4.0,Yes,Yes,67.0,80.0,Placed
51,6.5,0,2,1,77.0,4.8,No,Yes,56.0,65.0,NotPlaced
4780,7.7,1,1,0,74.0,3.3,No,Yes,57.0,73.0,NotPlaced
2178,8.3,2,3,2,90.0,4.8,Yes,Yes,81.0,88.0,Placed
1585,7.5,0,3,0,83.0,3.9,Yes,Yes,63.0,71.0,NotPlaced
4721,7.6,1,3,1,77.0,4.1,Yes,No,63.0,87.0,Placed
9671,7.4,0,2,0,80.0,4.8,No,Yes,55.0,68.0,NotPlaced
754,6.9,1,2,1,73.0,4.5,No,No,60.0,65.0,NotPlaced
3572,7.1,2,1,1,77.0,4.4,No,Yes,75.0,82.0,Placed
242,7.6,0,2,0,80.0,3.7,Yes,No,85.0,61.0,NotPlaced
1320,7.9,1,3,0,89.0,4.5,Yes,Yes,59.0,84.0,Placed
1917,8.1,1,1,2,90.0,4.8,Yes,Yes,83.0,72.0,Placed
2074,7.6,0,1,0,73.0,4.7,No,No,80.0,57.0,NotPlaced
9222,7.5,0,1,0,68.0,3.4,No,No,61.0,59.0,NotPlaced
5349,8.5,1,3,1,84.0,4.3,Yes,Yes,55.0,66.0,NotPlaced
5148,6.5,1,1,1,67.0,4.0,No,Yes,56.0,65.0,NotPlaced
4608,7.2,1,1,1,69.0,3.7,No,No,65.0,70.0,NotPlaced
3012,8.3,1,2,1,81.0,4.0,Yes,Yes,55.0,63.0,NotPlaced
5154,7.7,1,1,2,85.0,3.6,No,No,58.0,72.0,Placed
9647,7.6,1,1,1,67.0,4.4,No,No,62.0,65.0,NotPlaced
4350,8.3,1,3,2,77.0,4.5,Yes,Yes,79.0,74.0,Placed
41,8.6,2,3,1,90.0,4.8,Yes,Yes,63.0,84.0,Placed
3785,7.5,0,2,0,81.0,4.1,Yes,Yes,74.0,66.0,NotPlaced
9066,7.5,0,1,0,63.0,4.3,Yes,Yes,55.0,64.0,NotPlaced
1307,8.1,1,2,2,86.0,4.4,Yes,Yes,81.0,86.0,Placed
4838,8.8,2,3,3,79.0,4.4,Yes,Yes,67.0,82.0,Placed
2189,7.9,1,3,0,78.0,4.6,Yes,Yes,78.0,85.0,Placed
9958,7.5,1,1,0,73.0,4.4,Yes,Yes,64.0,64.0,NotPlaced
531,6.7,1,2,1,68.0,4.6,No,Yes,72.0,68.0,NotPlaced
5158,7.8,2,1,2,90.0,4.7,Yes,No,81.0,85.0,Placed
4460,8.1,0,2,0,78.0,4.0,No,No,58.0,68.0,NotPlaced
5198,7.7,2,3,3,82.0,4.5,Yes,Yes,82.0,81.0,Placed
5770,7.6,1,3,2,84.0,4.6,Yes,Yes,67.0,86.0,Placed
5929,6.9,1,3,2,87.0,4.8,Yes,Yes,71.0,86.0,Placed
6103,7.4,0,3,2,75.0,4.8,Yes,Yes,76.0,72.0,NotPlaced
8954,8.4,2,3,2,87.0,4.6,Yes,No,83.0,87.0,Placed
9177,8.1,1,3,2,90.0,4.2,Yes,Yes,81.0,86.0,Placed
7582,8.6,2,3,2,90.0,4.5,Yes,Yes,79.0,84.0,Placed
771,7.6,2,3,2,84.0,4.6,Yes,Yes,72.0,85.0,Placed
7053,7.9,2,3,2,90.0,4.5,Yes,No,78.0,84.0,NotPlaced
3859,6.9,1,1,2,67.0,3.8,Yes,Yes,59.0,71.0,NotPlaced
5416,7.4,1,2,0,80.0,4.6,No,Yes,76.0,71.0,Placed
3714,6.7,0,1,1,79.0,3.6,Yes,No,74.0,70.0,NotPlaced
1915,7.5,0,3,1,76.0,4.4,Yes,Yes,81.0,83.0,Placed
7232,7.1,0,1,0,71.0,3.8,No,No,55.0,61.0,NotPlaced
6442,8.9,2,3,2,85.0,4.8,Yes,Yes,81.0,79.0,Placed
7558,8.1,1,3,2,85.0,4.5,Yes,No,76.0,87.0,NotPlaced
7875,7.6,0,1,0,83.0,4.0,No,Yes,79.0,86.0,NotPlaced
3713,7.7,1,1,0,60.0,3.7,No,Yes,66.0,63.0,NotPlaced
6970,7.9,1,1,0,66.0,4.5,No,No,63.0,62.0,NotPlaced
4371,6.6,0,2,0,64.0,3.8,No,Yes,55.0,70.0,NotPlaced
1514,8.3,2,3,2,90.0,4.8,Yes,Yes,82.0,86.0,Placed
9925,8.3,0,1,1,80.0,4.3,Yes,No,63.0,69.0,NotPlaced
6821,7.6,1,1,1,70.0,4.6,No,Yes,60.0,72.0,NotPlaced
8869,6.5,0,2,2,85.0,4.1,No,Yes,71.0,72.0,NotPlaced
2116,6.6,0,1,1,71.0,4.4,Yes,Yes,64.0,85.0,NotPlaced
9149,6.8,1,2,2,83.0,4.5,Yes,Yes,77.0,64.0,Placed
4216,6.5,2,3,2,84.0,4.6,Yes,Yes,69.0,83.0,NotPlaced
9536,7.8,1,2,2,76.0,4.7,Yes,Yes,66.0,86.0,Placed
9077,7.0,1,2,0,73.0,4.5,No,Yes,55.0,80.0,NotPlaced
4985,7.5,0,1,0,71.0,3.8,No,Yes,59.0,69.0,NotPlaced
7408,7.6,2,1,0,70.0,4.4,No,Yes,57.0,66.0,NotPlaced
4043,8.0,1,1,0,73.0,4.2,No,No,83.0,63.0,NotPlaced
6231,7.6,1,1,1,65.0,3.5,No,No,55.0,58.0,NotPlaced
735,8.2,0,1,0,71.0,4.8,No,No,62.0,68.0,NotPlaced
9645,7.7,1,2,0,78.0,3.7,No,Yes,75.0,86.0,NotPlaced
8994,7.9,2,3,0,90.0,4.8,Yes,Yes,89.0,86.0,Placed
7354,8.0,1,3,1,75.0,4.2,Yes,Yes,76.0,84.0,NotPlaced
5685,7.4,2,3,1,77.0,4.4,Yes,Yes,78.0,65.0,NotPlaced
3380,8.4,2,1,2,86.0,4.4,Yes,Yes,83.0,81.0,Placed
7781,8.1,1,3,0,87.0,4.1,No,Yes,78.0,85.0,Placed
5527,8.4,1,3,0,82.0,4.3,Yes,Yes,74.0,68.0,Placed
4496,6.5,1,1,0,81.0,3.9,No,Yes,55.0,70.0,NotPlaced
6696,8.2,0,3,2,85.0,4.8,Yes,Yes,83.0,79.0,Placed
381,6.5,1,2,1,65.0,4.0,Yes,Yes,66.0,69.0,NotPlaced
5274,6.5,1,1,0,76.0,4.5,Yes,Yes,55.0,65.0,Placed
6689,7.6,2,3,2,89.0,4.7,Yes,Yes,80.0,83.0,Placed
9755,7.6,0,1,0,70.0,3.5,No,Yes,64.0,70.0,NotPlaced
9552,8.5,1,3,2,87.0,3.7,Yes,Yes,69.0,83.0,Placed
3240,6.5,1,1,0,74.0,3.5,No,No,74.0,62.0,NotPlaced
3384,8.3,1,2,0,80.0,4.8,Yes,Yes,73.0,83.0,Placed
9693,8.8,2,3,2,90.0,4.8,Yes,Yes,82.0,88.0,Placed
2641,8.0,0,1,0,81.0,3.1,No,No,65.0,59.0,NotPlaced
5434,8.0,2,3,0,89.0,4.5,Yes,Yes,76.0,84.0,Placed
5767,8.0,0,3,0,76.0,3.6,Yes,Yes,83.0,71.0,NotPlaced
8742,7.7,1,1,1,64.0,4.5,No,No,55.0,65.0,NotPlaced
8466,7.6,0,1,1,65.0,4.1,No,No,65.0,63.0,NotPlaced
8785,7.9,1,1,2,72.0,4.8,Yes,No,64.0,69.0,Placed
5899,6.7,1,1,0,79.0,4.1,No,Yes,56.0,70.0,NotPlaced
4603,7.9,1,1,1,73.0,4.3,No,No,55.0,82.0,NotPlaced
4834,8.3,2,2,2,90.0,4.7,No,Yes,73.0,85.0,NotPlaced
4274,7.3,1,1,0,68.0,4.4,No,No,57.0,61.0,NotPlaced
2119,8.0,1,1,2,84.0,4.6,Yes,No,76.0,84.0,Placed
3887,6.5,0,3,1,79.0,4.3,Yes,Yes,58.0,82.0,NotPlaced
5979,8.3,2,3,2,90.0,4.8,Yes,Yes,85.0,82.0,Placed
7258,6.6,1,1,0,71.0,3.1,No,Yes,64.0,67.0,NotPlaced
7569,7.4,1,1,1,70.0,3.5,No,Yes,57.0,61.0,NotPlaced
599,7.0,1,3,0,82.0,4.6,No,Yes,71.0,72.0,NotPlaced
1419,8.8,2,3,0,86.0,4.5,Yes,Yes,70.0,83.0,NotPlaced
6989,6.8,1,2,0,88.0,4.8,Yes,Yes,80.0,64.0,Placed
6591,7.7,1,3,1,90.0,4.6,Yes,Yes,81.0,82.0,Placed
9896,8.1,1,1,1,70.0,4.6,No,No,62.0,67.0,NotPlaced
8901,8.3,2,3,2,88.0,4.8,Yes,Yes,83.0,86.0,Placed
66,8.0,0,3,0,68.0,4.2,Yes,No,64.0,83.0,Placed
9734,7.0,1,1,1,72.0,3.8,No,No,55.0,68.0,NotPlaced
4317,7.3,1,1,0,76.0,4.2,No,Yes,55.0,66.0,NotPlaced
5768,7.4,1,2,2,78.0,4.7,No,Yes,70.0,70.0,Placed
3627,6.7,1,2,0,73.0,4.0,No,Yes,58.0,68.0,Placed
3776,7.4,1,1,0,72.0,4.0,No,Yes,63.0,69.0,NotPlaced
2958,7.1,1,1,0,74.0,4.6,Yes,No,55.0,75.0,NotPlaced
9512,8.2,1,3,1,83.0,4.8,Yes,Yes,80.0,74.0,Placed
4574,8.1,1,1,1,86.0,4.5,No,Yes,73.0,69.0,NotPlaced
5615,8.3,1,1,2,74.0,4.1,Yes,Yes,55.0,66.0,NotPlaced
698,7.7,1,2,1,74.0,4.1,No,Yes,67.0,64.0,NotPlaced
1210,8.3,2,3,0,89.0,4.6,Yes,Yes,86.0,83.0,Placed
8500,7.8,0,1,1,90.0,4.2,Yes,Yes,55.0,73.0,Placed
6453,6.5,0,1,1,80.0,3.7,No,Yes,67.0,68.0,Placed
8200,7.6,1,1,1,71.0,4.2,No,No,64.0,71.0,NotPlaced
4923,8.5,2,3,2,90.0,4.6,Yes,Yes,80.0,87.0,Placed
4957,7.4,1,2,1,71.0,4.1,No,Yes,62.0,72.0,NotPlaced
7706,8.0,1,2,0,78.0,4.8,No,Yes,79.0,70.0,NotPlaced
326,8.6,2,3,2,90.0,4.8,Yes,Yes,75.0,84.0,Placed
7436,7.7,1,2,1,70.0,4.8,Yes,Yes,74.0,85.0,NotPlaced
4921,7.3,1,2,1,67.0,4.6,No,No,59.0,80.0,NotPlaced
7643,8.4,2,3,2,84.0,4.7,Yes,No,85.0,85.0,NotPlaced
257,8.7,2,3,2,90.0,4.8,Yes,Yes,83.0,81.0,Placed
7940,7.6,1,2,1,72.0,4.4,No,No,74.0,73.0,NotPlaced
6966,6.5,1,1,1,60.0,3.8,No,Yes,81.0,65.0,NotPlaced
1995,7.7,0,1,0,65.0,4.3,No,Yes,55.0,64.0,NotPlaced
4573,8.9,1,2,1,76.0,4.8,Yes,Yes,76.0,81.0,Placed
7443,6.5,1,2,0,61.0,4.5,No,No,75.0,68.0,NotPlaced
626,7.1,1,2,1,73.0,4.3,No,Yes,59.0,69.0,NotPlaced
710,8.4,1,3,1,79.0,4.1,No,Yes,83.0,87.0,Placed
8530,6.5,1,1,1,72.0,3.8,No,Yes,55.0,66.0,NotPlaced
9731,7.5,1,2,0,84.0,4.5,No,No,55.0,66.0,NotPlaced
6947,8.2,1,3,0,90.0,3.9,Yes,Yes,75.0,87.0,NotPlaced
2843,8.0,1,2,0,86.0,4.8,Yes,Yes,67.0,73.0,NotPlaced
9108,8.5,2,2,2,90.0,4.4,Yes,Yes,74.0,85.0,Placed
7839,7.4,1,3,2,90.0,4.0,Yes,Yes,71.0,83.0,Placed
3000,7.6,0,3,0,90.0,4.7,No,Yes,73.0,77.0,NotPlaced
5730,8.5,0,3,0,84.0,4.5,Yes,Yes,73.0,65.0,Placed
7149,8.3,0,3,2,90.0,4.8,Yes,Yes,85.0,85.0,Placed
3072,6.5,1,3,0,83.0,4.8,Yes,No,87.0,81.0,NotPlaced
5170,7.6,2,1,1,84.0,4.5,No,No,76.0,63.0,NotPlaced
4822,8.4,2,3,2,90.0,4.6,Yes,Yes,69.0,82.0,Placed
4616,8.4,2,2,2,71.0,3.4,No,Yes,59.0,81.0,NotPlaced
2033,8.3,2,3,2,89.0,4.6,Yes,Yes,77.0,88.0,Placed
2663,6.5,1,1,1,72.0,4.4,No,No,58.0,67.0,NotPlaced
2924,7.7,1,3,1,84.0,3.9,No,Yes,55.0,78.0,NotPlaced
892,7.0,0,1,0,82.0,4.4,Yes,No,55.0,73.0,NotPlaced
1749,7.5,1,1,1,61.0,4.2,Yes,No,64.0,64.0,NotPlaced
5097,8.4,2,3,2,90.0,4.7,Yes,Yes,79.0,87.0,Placed
4358,7.5,1,2,1,78.0,3.8,No,Yes,65.0,71.0,NotPlaced
6065,8.3,1,2,1,79.0,4.2,No,No,55.0,72.0,NotPlaced
5150,8.4,1,3,1,86.0,4.5,Yes,Yes,75.0,82.0,NotPlaced
1850,7.6,1,1,0,76.0,4.6,No,No,73.0,62.0,NotPlaced
7107,8.4,1,3,2,90.0,4.8,Yes,Yes,72.0,87.0,Placed
6185,7.6,1,2,1,79.0,4.3,No,Yes,75.0,72.0,NotPlaced
9875,8.2,2,3,2,90.0,4.6,Yes,Yes,83.0,88.0,Placed
5469,8.2,1,3,0,87.0,3.7,Yes,Yes,74.0,88.0,Placed
3742,6.6,0,1,2,68.0,4.1,No,No,60.0,65.0,NotPlaced
8993,7.3,2,3,2,78.0,4.7,No,Yes,70.0,88.0,NotPlaced
5888,8.1,2,3,2,88.0,4.7,Yes,Yes,80.0,87.0,Placed
4727,8.2,1,3,2,84.0,4.4,Yes,Yes,70.0,83.0,Placed
8276,7.6,1,2,1,81.0,4.4,Yes,Yes,75.0,88.0,Placed
7735,8.3,1,2,1,70.0,4.8,Yes,Yes,87.0,85.0,Placed
8196,7.6,1,1,1,70.0,4.4,No,No,58.0,63.0,NotPlaced
1842,7.3,0,1,1,74.0,3.8,No,Yes,60.0,65.0,NotPlaced
2720,8.2,0,3,2,78.0,4.8,Yes,No,61.0,71.0,Placed
3888,8.1,2,3,1,80.0,4.8,Yes,Yes,83.0,79.0,Placed
4042,7.9,2,1,0,71.0,4.7,No,Yes,77.0,86.0,NotPlaced
5133,6.6,0,1,1,68.0,4.1,No,Yes,55.0,66.0,NotPlaced
3520,8.4,2,3,2,90.0,4.8,Yes,Yes,76.0,85.0,Placed
7137,8.8,2,2,0,83.0,4.4,Yes,Yes,68.0,84.0,NotPlaced
1334,7.5,0,1,0,80.0,4.5,No,No,58.0,67.0,NotPlaced
7410,7.8,2,2,2,80.0,4.6,Yes,Yes,90.0,79.0,Placed
6829,8.2,0,1,1,67.0,4.2,Yes,Yes,74.0,66.0,NotPlaced
9215,8.1,1,3,2,90.0,4.7,Yes,Yes,71.0,85.0,NotPlaced
320,7.5,1,1,1,81.0,4.5,Yes,Yes,64.0,68.0,NotPlaced
1797,7.2,1,1,1,68.0,4.0,No,No,58.0,66.0,NotPlaced
6250,7.5,1,1,0,68.0,4.1,No,No,55.0,60.0,NotPlaced
2032,8.4,1,3,0,87.0,4.1,Yes,No,55.0,84.0,NotPlaced
5999,7.7,1,2,0,78.0,4.5,No,Yes,75.0,65.0,NotPlaced
5575,6.5,0,1,0,66.0,3.5,No,No,55.0,67.0,NotPlaced
7129,6.6,1,1,0,77.0,4.2,No,No,64.0,59.0,NotPlaced
2515,7.4,2,1,0,74.0,4.5,Yes,Yes,67.0,68.0,NotPlaced
7902,8.0,1,2,0,90.0,4.5,Yes,Yes,75.0,83.0,NotPlaced
9069,7.5,1,1,1,70.0,4.4,No,No,59.0,69.0,NotPlaced
4149,7.6,1,1,0,69.0,4.2,No,Yes,55.0,66.0,NotPlaced
7734,7.4,1,1,0,75.0,4.5,No,Yes,57.0,66.0,Placed
4090,7.4,1,2,1,71.0,4.8,Yes,Yes,55.0,58.0,NotPlaced
6641,8.3,2,3,2,88.0,4.4,Yes,Yes,81.0,86.0,Placed
1375,7.5,1,2,2,86.0,3.6,No,No,74.0,86.0,Placed
2213,6.5,1,1,1,62.0,4.1,No,Yes,63.0,67.0,NotPlaced
3606,7.8,1,3,0,74.0,4.2,Yes,No,62.0,84.0,NotPlaced
1969,6.5,0,1,0,79.0,4.2,Yes,Yes,83.0,74.0,Placed
9923,7.9,1,1,1,79.0,4.0,Yes,Yes,81.0,64.0,NotPlaced
4542,8.3,2,3,0,90.0,4.8,Yes,Yes,87.0,79.0,Placed
260,8.2,1,3,1,83.0,4.1,Yes,Yes,77.0,83.0,NotPlaced
1454,7.0,1,2,1,75.0,4.7,Yes,Yes,55.0,70.0,NotPlaced
9547,8.3,1,3,2,90.0,4.8,Yes,Yes,80.0,86.0,Placed
2080,7.3,1,1,0,74.0,4.5,No,No,67.0,65.0,NotPlaced
8226,7.8,1,1,0,61.0,3.4,No,No,63.0,63.0,NotPlaced
5003,7.5,0,3,2,83.0,4.4,Yes,Yes,78.0,88.0,Placed
5605,8.4,2,3,2,88.0,4.5,Yes,Yes,90.0,79.0,Placed
8561,6.6,1,1,0,72.0,3.2,No,Yes,55.0,68.0,NotPlaced
8686,8.5,2,3,2,85.0,4.7,Yes,No,85.0,83.0,Placed
211,8.3,1,2,1,82.0,4.7,Yes,Yes,77.0,84.0,NotPlaced
6094,8.1,1,2,2,77.0,3.3,Yes,Yes,73.0,71.0,NotPlaced
9710,8.2,1,1,2,82.0,4.6,Yes,No,75.0,69.0,Placed
9000,8.1,2,1,0,90.0,4.5,Yes,Yes,88.0,84.0,NotPlaced
5290,7.3,2,3,0,90.0,4.4,No,Yes,55.0,85.0,Placed
3966,8.1,1,3,2,80.0,4.4,Yes,Yes,83.0,72.0,NotPlaced
8164,8.2,0,3,0,81.0,4.2,Yes,Yes,68.0,85.0,Placed
2214,8.1,0,1,2,81.0,4.1,Yes,Yes,74.0,66.0,Placed
350,7.5,2,1,0,83.0,4.6,Yes,No,58.0,81.0,NotPlaced
9295,7.5,2,3,2,90.0,4.7,Yes,Yes,65.0,82.0,NotPlaced
3505,8.7,1,3,2,90.0,4.8,Yes,Yes,80.0,83.0,Placed
2143,8.5,1,3,2,88.0,4.8,Yes,Yes,83.0,85.0,Placed
6524,7.4,1,2,0,81.0,4.3,No,Yes,71.0,69.0,NotPlaced
6069,8.1,2,1,3,78.0,4.2,Yes,Yes,62.0,67.0,Placed
1638,6.5,1,2,0,79.0,4.5,No,No,61.0,57.0,NotPlaced
9773,8.2,1,2,1,90.0,4.7,Yes,Yes,81.0,70.0,NotPlaced
11,8.3,2,3,2,90.0,4.8,Yes,Yes,82.0,88.0,Placed
3954,7.9,1,1,0,85.0,4.5,Yes,Yes,80.0,81.0,Placed
7848,7.2,2,3,0,86.0,4.8,Yes,Yes,81.0,82.0,Placed
5595,8.0,1,3,2,77.0,4.5,Yes,No,78.0,77.0,NotPlaced
9127,7.9,1,2,1,86.0,3.8,Yes,Yes,73.0,87.0,NotPlaced
5696,7.2,1,3,1,71.0,4.4,Yes,Yes,58.0,68.0,NotPlaced
7131,6.6,1,1,0,80.0,4.2,No,Yes,74.0,72.0,NotPlaced
5555,8.4,2,3,2,90.0,4.8,Yes,Yes,75.0,88.0,Placed
8034,8.1,1,3,0,88.0,4.0,No,Yes,81.0,87.0,Placed
8244,8.0,2,2,2,88.0,4.4,No,No,75.0,80.0,NotPlaced
3947,7.5,1,2,0,82.0,3.7,No,No,73.0,84.0,NotPlaced
5810,6.6,1,2,1,64.0,3.5,No,Yes,62.0,66.0,NotPlaced
1499,9.0,1,3,2,90.0,4.8,Yes,No,80.0,88.0,NotPlaced
6145,7.7,1,1,0,90.0,4.6,No,No,73.0,88.0,Placed
9340,7.6,0,1,0,63.0,3.7,No,No,56.0,62.0,NotPlaced
2992,7.6,1,2,1,75.0,4.3,Yes,Yes,80.0,67.0,Placed
526,7.8,1,1,0,69.0,4.7,No,No,57.0,64.0,NotPlaced
8018,7.4,0,1,0,76.0,4.0,No,No,60.0,70.0,NotPlaced
8412,7.7,1,3,2,76.0,4.4,Yes,Yes,61.0,83.0,NotPlaced
9687,8.4,2,1,0,90.0,4.4,Yes,Yes,72.0,82.0,Placed
6522,7.5,0,3,0,89.0,3.9,No,Yes,77.0,76.0,Placed
1965,6.8,0,2,0,73.0,4.3,Yes,Yes,64.0,63.0,Placed
9975,7.6,2,1,1,65.0,4.4,No,Yes,55.0,68.0,NotPlaced
9089,7.8,2,3,2,90.0,4.7,Yes,Yes,70.0,84.0,Placed
5694,9.0,2,3,2,90.0,4.8,Yes,Yes,73.0,86.0,Placed
5519,8.0,0,3,1,90.0,4.8,Yes,Yes,74.0,88.0,NotPlaced
6226,7.4,1,2,1,75.0,4.6,No,Yes,55.0,66.0,NotPlaced
1212,8.1,1,2,1,72.0,4.2,No,Yes,71.0,85.0,NotPlaced
6323,7.7,2,1,0,74.0,3.6,Yes,Yes,69.0,70.0,NotPlaced
5525,7.6,1,3,1,73.0,4.3,Yes,Yes,77.0,72.0,NotPlaced
9258,6.5,1,2,1,72.0,3.5,No,No,57.0,65.0,NotPlaced
4315,6.6,1,1,1,60.0,3.9,No,No,61.0,73.0,NotPlaced
8777,8.2,2,3,0,90.0,4.8,Yes,Yes,68.0,82.0,Placed
9549,7.4,1,1,0,82.0,3.8,No,Yes,55.0,72.0,Placed
8770,8.3,1,3,2,90.0,4.8,Yes,Yes,88.0,73.0,Placed
9612,6.5,2,2,1,88.0,3.9,No,Yes,68.0,73.0,NotPlaced
1474,8.4,2,3,2,90.0,4.8,Yes,Yes,71.0,85.0,NotPlaced
3173,6.5,2,1,1,76.0,4.8,Yes,No,74.0,69.0,NotPlaced
6481,8.2,1,3,2,81.0,4.3,Yes,Yes,82.0,84.0,Placed
5145,8.8,1,3,2,90.0,4.8,Yes,Yes,77.0,83.0,Placed
873,6.5,1,2,0,71.0,4.3,No,Yes,55.0,70.0,NotPlaced
9583,8.4,1,3,2,85.0,4.4,Yes,Yes,78.0,87.0,Placed
6808,7.7,1,1,1,74.0,4.5,Yes,Yes,72.0,88.0,Placed
1970,7.8,1,1,0,66.0,4.6,No,No,57.0,67.0,NotPlaced
3476,8.2,1,3,2,90.0,4.8,Yes,Yes,85.0,84.0,Placed
9494,8.5,2,3,2,90.0,4.6,Yes,Yes,81.0,76.0,Placed
8454,7.6,1,1,0,74.0,4.5,No,Yes,70.0,66.0,NotPlaced
8118,7.5,2,3,2,77.0,4.8,Yes,Yes,58.0,73.0,Placed
8473,6.5,1,1,0,77.0,4.3,No,No,55.0,66.0,NotPlaced
2949,6.7,1,1,0,71.0,4.3,No,Yes,57.0,60.0,Placed
3857,8.5,2,3,2,90.0,4.8,Yes,Yes,78.0,87.0,Placed
1012,8.4,1,1,1,70.0,4.8,Yes,No,67.0,84.0,NotPlaced
832,6.7,1,2,1,60.0,4.1,No,No,55.0,70.0,NotPlaced
9983,7.7,0,2,2,90.0,4.8,Yes,Yes,60.0,87.0,Placed
5087,7.9,0,1,1,74.0,3.9,Yes,Yes,79.0,62.0,NotPlaced
246,7.4,1,2,0,77.0,3.8,No,Yes,59.0,63.0,NotPlaced
2576,8.2,2,3,0,81.0,4.7,Yes,No,79.0,61.0,NotPlaced
9348,8.6,2,3,2,90.0,4.8,Yes,Yes,82.0,82.0,NotPlaced
2653,7.8,2,3,2,90.0,4.6,Yes,Yes,79.0,88.0,Placed
4732,7.8,2,3,1,79.0,3.9,Yes,Yes,82.0,64.0,NotPlaced
9600,7.6,1,1,0,76.0,3.6,Yes,Yes,86.0,68.0,NotPlaced
9009,6.5,1,3,1,75.0,4.5,No,No,60.0,64.0,NotPlaced
8881,7.7,1,2,2,82.0,4.7,No,Yes,84.0,85.0,NotPlaced
4746,8.8,1,3,2,89.0,4.4,Yes,Yes,77.0,76.0,Placed
205,8.2,1,1,0,81.0,4.3,Yes,Yes,60.0,70.0,Placed
5707,8.1,1,3,2,89.0,4.6,Yes,Yes,75.0,80.0,Placed
5976,8.4,1,2,1,85.0,4.8,Yes,No,79.0,80.0,NotPlaced
7663,8.3,0,3,2,90.0,4.5,Yes,Yes,74.0,83.0,Placed
1021,7.8,2,2,2,81.0,4.8,Yes,Yes,74.0,88.0,Placed
8235,7.4,1,1,1,70.0,4.0,No,No,56.0,67.0,NotPlaced
3659,6.5,1,2,1,69.0,3.7,No,No,66.0,66.0,NotPlaced
8482,6.5,1,1,0,89.0,3.7,No,Yes,55.0,71.0,NotPlaced
92,7.1,1,1,0,70.0,3.3,No,No,55.0,66.0,NotPlaced
1311,6.6,1,1,0,73.0,3.9,No,No,63.0,62.0,NotPlaced
3485,7.7,0,2,0,76.0,4.7,Yes,No,67.0,81.0,Placed
8692,7.8,2,3,2,90.0,4.5,Yes,Yes,78.0,83.0,Placed
1187,7.6,1,1,0,71.0,3.8,No,No,55.0,70.0,NotPlaced
5652,6.7,0,1,0,74.0,4.1,Yes,Yes,60.0,64.0,NotPlaced
4285,8.2,2,3,2,90.0,4.8,Yes,Yes,85.0,81.0,Placed
4284,8.4,2,3,2,90.0,4.4,Yes,Yes,83.0,81.0,Placed
7540,7.5,0,2,1,82.0,4.2,Yes,Yes,80.0,85.0,NotPlaced
1988,7.5,0,2,1,67.0,4.4,No,Yes,55.0,68.0,NotPlaced
4717,8.4,2,1,2,84.0,4.5,Yes,Yes,60.0,85.0,NotPlaced
5748,7.7,1,1,0,71.0,4.1,Yes,Yes,75.0,70.0,NotPlaced
7530,8.3,1,1,2,90.0,4.5,Yes,Yes,79.0,81.0,Placed
3477,8.7,2,3,2,89.0,4.8,Yes,Yes,77.0,83.0,Placed
1052,7.5,1,1,1,64.0,3.3,No,No,68.0,58.0,NotPlaced
3731,8.7,0,3,0,85.0,4.5,Yes,Yes,77.0,65.0,Placed
5808,7.3,0,1,1,75.0,3.2,No,Yes,56.0,63.0,NotPlaced
9426,8.2,0,3,1,89.0,4.8,Yes,No,76.0,78.0,Placed
5554,8.3,0,2,0,78.0,4.5,No,Yes,78.0,66.0,Placed
2489,7.7,1,3,0,86.0,4.1,Yes,Yes,77.0,58.0,NotPlaced
3741,7.0,1,1,0,62.0,4.2,Yes,Yes,69.0,77.0,NotPlaced
8107,7.6,1,1,1,76.0,3.8,No,Yes,68.0,83.0,Placed
9797,6.6,1,1,1,64.0,4.1,Yes,No,55.0,69.0,NotPlaced
4395,8.3,2,3,2,77.0,4.0,Yes,Yes,55.0,70.0,NotPlaced
9239,6.5,1,2,0,69.0,3.7,No,No,55.0,66.0,NotPlaced
5590,6.6,1,2,0,78.0,4.7,No,Yes,55.0,65.0,NotPlaced
6235,7.3,2,3,2,90.0,4.3,Yes,Yes,74.0,72.0,NotPlaced
7090,7.6,1,2,1,90.0,3.8,Yes,Yes,74.0,86.0,NotPlaced
6040,8.1,0,1,2,90.0,4.7,Yes,Yes,78.0,74.0,Placed
6038,7.6,1,1,0,74.0,3.8,No,No,56.0,67.0,NotPlaced
360,7.7,1,2,0,68.0,3.9,No,Yes,62.0,63.0,NotPlaced
6895,7.3,2,3,1,87.0,4.8,No,Yes,73.0,80.0,Placed
5289,7.8,1,1,0,61.0,4.1,No,No,57.0,67.0,NotPlaced
489,6.6,1,3,0,70.0,4.1,Yes,No,78.0,63.0,Placed
2448,7.8,0,1,0,67.0,4.1,Yes,No,59.0,69.0,NotPlaced
8223,7.5,1,1,0,75.0,4.1,Yes,Yes,83.0,57.0,NotPlaced
9389,7.2,1,1,0,65.0,3.7,No,No,63.0,71.0,NotPlaced
913,8.3,0,3,2,84.0,4.3,No,No,81.0,82.0,NotPlaced
7319,8.4,1,1,2,76.0,3.7,No,Yes,55.0,60.0,NotPlaced
523,8.2,1,1,2,83.0,4.4,Yes,Yes,64.0,80.0,Placed
6948,6.7,1,1,1,82.0,4.4,Yes,Yes,82.0,73.0,NotPlaced
2728,7.9,0,3,1,77.0,4.0,Yes,Yes,55.0,61.0,NotPlaced
1000,7.6,1,2,0,60.0,4.1,No,Yes,57.0,65.0,NotPlaced
1024,7.4,1,1,0,64.0,4.7,Yes,Yes,55.0,72.0,NotPlaced
1748,6.5,1,1,0,65.0,4.5,No,Yes,55.0,68.0,NotPlaced
2758,8.6,1,3,3,78.0,4.7,Yes,Yes,76.0,87.0,Placed
4469,8.0,2,3,2,90.0,4.8,Yes,Yes,82.0,81.0,Placed
5280,7.5,1,3,3,89.0,4.4,Yes,Yes,85.0,85.0,Placed
4012,8.1,2,3,2,90.0,4.8,Yes,Yes,87.0,82.0,Placed
5303,8.2,2,1,0,82.0,4.6,Yes,Yes,74.0,82.0,Placed
4544,7.8,1,2,0,83.0,4.7,No,Yes,55.0,85.0,NotPlaced
7701,8.2,1,2,0,88.0,4.3,No,No,76.0,81.0,Placed
7543,7.8,2,3,1,90.0,4.0,Yes,Yes,81.0,84.0,NotPlaced
7234,7.2,0,1,1,75.0,4.1,No,No,63.0,80.0,NotPlaced
2629,7.5,1,1,1,65.0,3.7,Yes,Yes,55.0,61.0,NotPlaced
964,7.6,1,1,0,81.0,3.8,No,Yes,59.0,60.0,NotPlaced
7534,6.5,2,3,2,71.0,3.8,Yes,Yes,66.0,80.0,Placed
4304,8.1,0,1,1,81.0,4.5,Yes,Yes,60.0,78.0,Placed
10,7.8,1,3,2,79.0,4.4,Yes,Yes,85.0,86.0,Placed
7834,6.5,1,2,0,78.0,4.7,No,Yes,76.0,72.0,NotPlaced
4703,8.5,2,3,2,90.0,4.6,Yes,Yes,74.0,85.0,Placed
8756,7.5,2,1,0,69.0,4.5,Yes,No,71.0,69.0,NotPlaced
1997,7.7,1,2,0,79.0,4.1,Yes,Yes,66.0,72.0,NotPlaced
2443,7.4,2,2,0,69.0,4.1,No,No,59.0,75.0,NotPlaced
7383,8.4,2,3,2,90.0,4.5,Yes,Yes,75.0,80.0,Placed
3215,8.6,1,3,2,87.0,4.8,Yes,Yes,75.0,85.0,Placed
1595,7.9,1,3,2,84.0,4.8,Yes,No,71.0,84.0,Placed
9434,6.5,0,1,0,84.0,4.1,No,Yes,60.0,62.0,NotPlaced
1549,8.3,1,1,1,90.0,4.8,Yes,Yes,84.0,88.0,Placed
3778,7.7,1,1,0,81.0,4.0,Yes,Yes,75.0,65.0,Placed
5123,7.8,0,2,0,79.0,4.5,Yes,No,80.0,81.0,NotPlaced
9949,7.8,1,1,1,78.0,3.7,No,Yes,60.0,67.0,NotPlaced
711,8.4,2,3,2,84.0,4.5,Yes,Yes,78.0,78.0,Placed
520,7.9,2,3,1,82.0,4.2,Yes,Yes,83.0,69.0,NotPlaced
6347,6.8,1,2,0,82.0,4.4,Yes,Yes,77.0,62.0,Placed
3846,7.4,0,1,1,67.0,3.9,No,Yes,59.0,69.0,NotPlaced
2908,7.5,1,1,1,72.0,4.6,Yes,No,62.0,63.0,NotPlaced
8346,7.9,0,3,1,84.0,4.3,Yes,No,83.0,84.0,Placed
281,8.3,2,3,1,90.0,4.8,Yes,No,55.0,80.0,Placed
3796,8.1,2,3,1,88.0,4.2,Yes,Yes,74.0,84.0,Placed
1175,7.5,1,1,3,68.0,3.6,No,No,58.0,72.0,NotPlaced
2795,6.5,1,1,1,79.0,4.4,Yes,Yes,74.0,71.0,NotPlaced
7228,8.7,2,1,2,81.0,4.5,Yes,Yes,80.0,80.0,NotPlaced
9310,6.7,1,1,0,60.0,3.7,No,No,55.0,63.0,NotPlaced
6927,6.6,1,3,2,86.0,4.4,Yes,Yes,57.0,88.0,Placed
409,8.6,1,3,2,83.0,4.4,Yes,Yes,71.0,83.0,Placed
2595,7.7,1,1,0,73.0,4.0,Yes,Yes,65.0,75.0,Placed
6030,7.4,1,2,0,69.0,3.6,No,Yes,55.0,63.0,NotPlaced
4412,7.5,1,3,1,74.0,4.7,Yes,Yes,78.0,68.0,Placed
1213,8.2,1,3,2,90.0,4.8,Yes,Yes,85.0,86.0,Placed
2927,7.5,0,2,1,69.0,4.5,No,Yes,55.0,60.0,NotPlaced
1162,6.5,0,2,1,60.0,3.5,No,No,55.0,73.0,NotPlaced
5879,8.3,1,3,2,85.0,4.7,Yes,Yes,74.0,78.0,NotPlaced
2649,8.5,1,3,1,89.0,4.6,Yes,Yes,78.0,82.0,NotPlaced
3496,7.8,0,3,0,78.0,4.4,No,No,74.0,79.0,Placed
7213,7.9,0,3,2,82.0,4.4,Yes,Yes,74.0,83.0,Placed
3648,8.2,1,1,3,83.0,4.0,Yes,Yes,74.0,83.0,Placed
4447,8.2,1,1,1,69.0,4.2,No,No,58.0,62.0,NotPlaced
5863,7.8,0,2,0,78.0,4.4,No,Yes,59.0,64.0,Placed
5202,8.0,0,1,0,83.0,3.3,No,Yes,58.0,70.0,NotPlaced
7056,6.5,2,1,2,85.0,4.7,No,Yes,66.0,85.0,NotPlaced
3126,8.3,1,3,1,87.0,4.4,Yes,Yes,59.0,83.0,Placed
8224,7.6,1,1,0,84.0,4.2,Yes,Yes,62.0,64.0,NotPlaced
8812,8.2,2,3,2,90.0,4.7,Yes,Yes,80.0,86.0,Placed
3164,6.5,1,1,0,88.0,4.0,Yes,Yes,58.0,70.0,Placed
96,7.5,0,1,1,75.0,3.3,No,Yes,61.0,73.0,NotPlaced
3418,8.1,1,3,2,90.0,4.6,Yes,Yes,72.0,88.0,Placed
2858,8.8,0,1,2,90.0,4.8,Yes,Yes,82.0,82.0,NotPlaced
8154,7.5,1,1,1,66.0,4.3,No,No,57.0,63.0,NotPlaced
4599,7.8,0,1,1,71.0,3.9,No,No,55.0,74.0,NotPlaced
4580,8.1,2,3,2,90.0,4.8,Yes,Yes,79.0,87.0,Placed
3732,7.6,1,3,2,84.0,4.0,Yes,Yes,77.0,82.0,Placed
2106,8.1,2,3,2,85.0,4.8,Yes,Yes,80.0,79.0,Placed
3282,8.4,1,2,2,88.0,4.1,Yes,Yes,66.0,86.0,Placed
9857,7.9,0,1,0,79.0,4.2,No,No,55.0,62.0,NotPlaced
9632,8.2,2,2,2,90.0,4.8,No,Yes,83.0,79.0,NotPlaced
6041,8.8,1,3,2,84.0,4.2,Yes,Yes,73.0,82.0,Placed
6055,8.7,1,2,0,69.0,4.6,Yes,Yes,65.0,81.0,Placed
839,6.5,1,2,0,69.0,3.4,No,No,56.0,71.0,NotPlaced
1636,7.7,1,2,0,76.0,4.6,Yes,Yes,56.0,66.0,NotPlaced
4364,8.5,2,3,2,90.0,4.7,Yes,Yes,78.0,84.0,Placed
7086,7.6,1,2,0,77.0,4.0,No,Yes,66.0,73.0,NotPlaced
5837,8.2,1,1,0,88.0,3.9,No,Yes,66.0,64.0,NotPlaced
3151,7.9,0,3,0,87.0,3.9,Yes,Yes,78.0,82.0,NotPlaced
6403,7.7,0,3,0,74.0,4.2,Yes,Yes,74.0,81.0,Placed
4297,7.8,1,3,1,84.0,4.5,Yes,Yes,56.0,88.0,NotPlaced
8042,8.4,0,1,2,89.0,4.8,Yes,Yes,62.0,87.0,Placed
4110,7.8,0,1,1,72.0,3.9,No,No,58.0,71.0,NotPlaced
3722,8.2,1,2,0,79.0,4.8,Yes,Yes,78.0,69.0,NotPlaced
3170,7.9,1,1,1,67.0,3.3,Yes,Yes,71.0,68.0,NotPlaced
6560,8.3,2,3,2,86.0,4.8,Yes,Yes,78.0,83.0,Placed
2872,7.7,0,2,0,80.0,4.3,No,Yes,55.0,68.0,NotPlaced
9205,8.0,2,2,2,87.0,4.8,Yes,Yes,78.0,73.0,Placed
2444,7.8,1,3,1,75.0,4.4,Yes,Yes,59.0,72.0,NotPlaced
75,7.4,2,1,0,75.0,4.2,No,Yes,65.0,84.0,NotPlaced
4234,7.5,2,2,1,85.0,4.6,Yes,Yes,71.0,85.0,Placed
3876,8.4,2,2,2,84.0,4.8,Yes,Yes,87.0,87.0,Placed
5074,7.6,1,2,1,84.0,4.7,No,No,69.0,72.0,NotPlaced
1609,6.5,1,1,1,78.0,4.0,No,No,55.0,66.0,NotPlaced
152,8.6,0,3,2,90.0,4.8,Yes,Yes,73.0,78.0,Placed
8569,7.9,1,2,0,68.0,3.6,No,Yes,65.0,61.0,NotPlaced
4456,8.0,2,2,2,86.0,4.5,Yes,Yes,76.0,85.0,Placed
9151,6.5,1,2,1,69.0,4.1,Yes,No,55.0,68.0,NotPlaced
793,6.5,1,1,0,76.0,3.9,No,Yes,57.0,76.0,NotPlaced
2122,7.7,2,3,1,67.0,4.2,Yes,Yes,64.0,80.0,NotPlaced
6330,7.7,1,1,3,71.0,3.6,Yes,No,62.0,84.0,NotPlaced
8231,8.7,2,3,2,90.0,4.8,Yes,Yes,90.0,86.0,Placed
7806,8.2,1,1,2,79.0,4.7,Yes,Yes,67.0,86.0,Placed
9245,7.4,0,1,2,90.0,4.5,Yes,Yes,76.0,68.0,Placed
5389,8.4,1,2,1,73.0,4.0,Yes,No,81.0,63.0,NotPlaced
3136,7.5,1,2,0,81.0,4.0,Yes,Yes,71.0,88.0,Placed
2432,7.4,1,1,1,69.0,3.9,Yes,Yes,63.0,66.0,NotPlaced
7529,7.3,1,1,2,82.0,4.0,Yes,Yes,59.0,75.0,NotPlaced
1199,8.4,0,1,0,73.0,4.4,No,No,61.0,58.0,NotPlaced
2814,7.2,1,1,1,67.0,4.3,No,No,74.0,72.0,NotPlaced
146,7.6,1,2,0,74.0,3.7,No,Yes,58.0,74.0,Placed
6296,6.5,1,1,0,69.0,3.9,No,No,60.0,72.0,NotPlaced
4712,7.7,2,1,1,70.0,3.5,Yes,Yes,66.0,67.0,Placed
597,8.4,1,3,2,90.0,4.6,Yes,Yes,82.0,88.0,Placed
4552,6.6,1,3,2,79.0,4.5,Yes,Yes,60.0,71.0,Placed
4030,7.8,0,2,1,75.0,4.4,Yes,Yes,61.0,68.0,Placed
5890,7.5,2,2,1,78.0,4.4,Yes,Yes,80.0,86.0,Placed
6488,8.2,1,3,0,68.0,3.8,Yes,Yes,75.0,73.0,Placed
9858,7.8,2,3,2,87.0,4.5,Yes,Yes,75.0,86.0,NotPlaced
3752,7.6,0,1,2,83.0,4.7,No,Yes,77.0,69.0,Placed
3554,8.4,2,1,2,78.0,4.1,Yes,Yes,55.0,64.0,NotPlaced
9264,6.5,1,1,1,69.0,3.5,No,No,55.0,63.0,NotPlaced
3551,7.8,1,1,0,74.0,4.5,No,No,55.0,62.0,NotPlaced
3698,8.2,0,1,0,81.0,4.4,Yes,No,63.0,77.0,Placed
8787,7.7,0,1,1,85.0,4.4,No,Yes,61.0,65.0,Placed
3790,8.9,1,3,2,86.0,4.8,Yes,Yes,78.0,77.0,Placed
4845,7.6,0,1,0,76.0,4.1,No,No,65.0,67.0,NotPlaced
230,7.9,2,3,2,90.0,4.8,Yes,Yes,83.0,88.0,Placed
4594,8.6,0,3,0,90.0,4.0,Yes,No,75.0,85.0,NotPlaced
1922,8.6,1,3,0,82.0,4.8,Yes,Yes,87.0,68.0,NotPlaced
457,7.4,1,3,0,76.0,4.4,Yes,Yes,58.0,71.0,NotPlaced
9565,8.5,1,3,2,90.0,4.4,Yes,Yes,72.0,83.0,NotPlaced
6903,7.2,1,2,0,79.0,4.1,No,Yes,55.0,64.0,NotPlaced
2830,8.4,2,2,2,77.0,4.8,Yes,Yes,71.0,84.0,Placed
9029,8.0,1,3,0,85.0,4.8,Yes,Yes,86.0,75.0,NotPlaced
9073,8.1,2,3,2,90.0,4.8,Yes,Yes,90.0,86.0,Placed
7236,8.3,2,2,2,85.0,4.8,Yes,Yes,76.0,88.0,Placed
1156,7.5,0,1,1,78.0,3.9,No,Yes,55.0,75.0,NotPlaced
2808,7.7,1,2,1,81.0,4.8,Yes,Yes,81.0,82.0,Placed
3011,6.5,1,2,1,82.0,4.4,No,Yes,55.0,69.0,NotPlaced
7109,7.5,2,1,0,77.0,4.3,No,No,69.0,69.0,NotPlaced
4934,7.5,1,2,1,90.0,3.8,Yes,Yes,82.0,86.0,Placed
1274,8.1,1,1,2,72.0,4.1,Yes,No,64.0,65.0,NotPlaced
564,6.5,1,3,1,68.0,4.0,Yes,Yes,86.0,71.0,NotPlaced
9838,8.7,2,1,1,63.0,4.0,Yes,Yes,60.0,65.0,NotPlaced
5315,7.6,1,3,2,84.0,4.6,Yes,Yes,78.0,79.0,NotPlaced
8257,8.0,0,3,0,88.0,4.4,Yes,Yes,78.0,83.0,NotPlaced
7570,8.7,2,3,2,76.0,4.3,Yes,Yes,82.0,83.0,Placed
60,6.6,0,1,0,76.0,3.9,No,Yes,78.0,69.0,Placed
348,6.6,1,1,1,81.0,4.0,No,No,73.0,72.0,NotPlaced
2820,7.8,1,2,0,75.0,4.5,No,Yes,55.0,71.0,Placed
6184,7.9,1,3,1,82.0,4.5,Yes,Yes,77.0,81.0,Placed
8910,8.1,2,3,2,68.0,4.5,Yes,Yes,76.0,85.0,NotPlaced
1552,7.7,1,2,2,81.0,4.0,No,Yes,57.0,67.0,Placed
4517,8.5,1,3,0,76.0,3.9,Yes,Yes,64.0,61.0,NotPlaced
1139,7.8,2,3,2,90.0,4.7,Yes,Yes,80.0,86.0,Placed
3899,7.0,0,1,1,81.0,4.6,Yes,Yes,77.0,87.0,Placed
7774,8.3,1,2,0,75.0,3.8,No,Yes,55.0,67.0,NotPlaced
1184,7.9,2,3,1,90.0,4.0,Yes,Yes,82.0,75.0,Placed
3533,8.2,2,3,2,90.0,4.8,Yes,Yes,70.0,84.0,Placed
3973,7.7,1,2,1,81.0,3.6,Yes,Yes,70.0,63.0,Placed
7565,8.0,2,1,2,88.0,4.7,Yes,Yes,62.0,66.0,Placed
1268,7.6,1,1,1,84.0,4.5,No,Yes,58.0,77.0,NotPlaced
7538,6.7,1,1,0,71.0,4.1,No,No,60.0,68.0,NotPlaced
7621,7.6,0,2,0,84.0,4.0,Yes,Yes,70.0,86.0,Placed
6512,8.8,2,3,2,90.0,4.7,Yes,Yes,84.0,86.0,Placed
5137,6.5,0,1,0,88.0,4.3,Yes,Yes,76.0,88.0,Placed
4368,8.2,2,3,3,81.0,4.8,Yes,Yes,82.0,80.0,Placed
8274,6.7,1,1,0,74.0,3.5,No,No,65.0,62.0,NotPlaced
104,7.5,2,1,1,76.0,4.2,Yes,Yes,57.0,80.0,NotPlaced
4099,6.6,0,1,0,68.0,3.8,No,No,65.0,65.0,NotPlaced
9830,8.4,2,3,2,90.0,4.5,Yes,Yes,78.0,84.0,NotPlaced
8011,8.1,1,3,2,89.0,4.6,Yes,Yes,80.0,85.0,Placed
3101,8.8,2,3,2,90.0,4.8,Yes,Yes,84.0,80.0,Placed
7700,7.5,1,2,1,85.0,4.8,No,Yes,61.0,84.0,NotPlaced
2396,7.0,0,3,1,67.0,3.6,Yes,Yes,57.0,82.0,NotPlaced
974,7.6,1,2,1,81.0,4.0,No,Yes,55.0,61.0,NotPlaced
4161,8.1,2,3,3,90.0,4.5,Yes,Yes,83.0,88.0,Placed
3201,7.5,1,3,0,85.0,4.6,Yes,Yes,80.0,69.0,Placed
3764,7.7,2,2,0,80.0,4.0,No,No,55.0,65.0,NotPlaced
2683,6.5,0,2,0,79.0,3.6,No,Yes,72.0,70.0,NotPlaced
9202,6.5,0,3,0,85.0,4.3,No,No,55.0,70.0,NotPlaced
453,7.6,0,2,0,83.0,4.2,No,Yes,55.0,70.0,NotPlaced
6951,7.5,1,1,1,67.0,3.8,No,No,59.0,63.0,NotPlaced
4415,8.7,2,3,0,72.0,4.3,No,Yes,64.0,66.0,Placed
7693,8.3,1,1,1,75.0,4.8,No,No,56.0,65.0,NotPlaced
9219,8.4,2,1,1,77.0,4.4,No,Yes,60.0,69.0,NotPlaced
4968,8.0,1,3,2,90.0,4.8,Yes,Yes,69.0,85.0,NotPlaced
8436,7.4,1,3,0,70.0,3.8,No,No,78.0,86.0,NotPlaced
554,6.8,1,1,0,67.0,4.1,No,No,57.0,61.0,NotPlaced
4832,7.7,1,1,0,76.0,4.1,No,Yes,55.0,64.0,NotPlaced
4437,8.5,1,3,2,90.0,4.7,Yes,Yes,75.0,86.0,Placed
4306,8.8,2,3,2,88.0,4.7,Yes,Yes,73.0,82.0,Placed
4901,7.4,1,2,1,70.0,3.8,Yes,Yes,70.0,68.0,NotPlaced
2868,7.6,1,1,0,83.0,4.0,No,No,55.0,60.0,NotPlaced
6358,7.6,1,1,1,77.0,4.2,No,Yes,59.0,71.0,NotPlaced
5343,7.5,0,1,1,78.0,3.5,No,Yes,55.0,78.0,NotPlaced
33,8.5,1,3,0,90.0,4.8,Yes,Yes,85.0,85.0,Placed
7743,8.7,1,1,0,85.0,3.8,Yes,Yes,71.0,69.0,NotPlaced
5867,8.0,2,2,2,85.0,4.5,Yes,Yes,79.0,81.0,NotPlaced
8870,8.6,2,1,0,70.0,4.2,No,Yes,56.0,64.0,NotPlaced
4637,7.8,2,3,2,90.0,4.8,Yes,Yes,77.0,86.0,Placed
393,8.9,0,3,0,89.0,4.8,Yes,No,77.0,78.0,Placed
9448,8.2,1,1,1,90.0,4.8,Yes,Yes,76.0,70.0,Placed
4463,8.0,1,3,2,79.0,4.8,Yes,Yes,83.0,85.0,Placed
4783,6.8,1,3,2,79.0,4.4,Yes,Yes,71.0,87.0,Placed
6816,8.1,0,3,2,89.0,4.8,Yes,Yes,78.0,83.0,Placed
8471,7.6,1,2,1,88.0,4.2,Yes,Yes,73.0,86.0,Placed
6714,7.6,2,3,2,90.0,4.7,Yes,Yes,89.0,82.0,Placed
5962,8.2,0,2,1,75.0,4.6,Yes,No,82.0,72.0,NotPlaced
8160,6.6,1,1,0,73.0,3.9,No,Yes,55.0,61.0,NotPlaced
9813,7.5,0,1,1,64.0,3.3,No,Yes,55.0,64.0,NotPlaced
7216,8.4,1,2,1,87.0,3.6,No,Yes,55.0,57.0,NotPlaced
8987,8.1,1,2,0,83.0,3.9,No,No,85.0,60.0,NotPlaced
109,8.1,1,3,2,90.0,4.8,Yes,Yes,79.0,84.0,Placed
7930,8.5,1,2,2,77.0,4.3,Yes,Yes,80.0,77.0,Placed
6797,8.4,2,3,2,83.0,4.7,Yes,Yes,77.0,78.0,Placed
2778,7.1,0,1,1,69.0,4.8,No,No,65.0,66.0,NotPlaced
8069,8.9,1,3,2,90.0,4.6,Yes,Yes,71.0,81.0,Placed
2155,7.8,1,2,0,82.0,4.0,No,Yes,70.0,60.0,NotPlaced
1164,7.8,0,1,0,61.0,4.0,No,No,56.0,68.0,NotPlaced
3502,8.5,2,3,2,90.0,4.8,Yes,Yes,68.0,87.0,Placed
3667,8.2,1,2,2,89.0,4.8,Yes,Yes,83.0,85.0,Placed
5293,6.9,1,1,0,77.0,3.4,No,No,60.0,65.0,NotPlaced
5093,7.4,1,1,1,77.0,4.1,Yes,Yes,73.0,74.0,NotPlaced
4853,8.5,1,3,2,87.0,4.8,Yes,Yes,67.0,85.0,Placed
662,7.3,1,1,0,90.0,4.6,Yes,No,76.0,62.0,NotPlaced
3900,7.1,1,2,2,82.0,4.3,No,No,78.0,67.0,NotPlaced
4359,7.8,2,3,0,90.0,4.8,Yes,Yes,78.0,83.0,Placed
8525,7.9,2,2,0,77.0,4.4,No,Yes,68.0,68.0,Placed
9123,8.4,2,1,0,90.0,4.6,Yes,Yes,72.0,82.0,NotPlaced
6998,7.7,1,3,3,79.0,3.6,Yes,Yes,71.0,83.0,NotPlaced
7428,8.1,1,2,2,83.0,4.8,Yes,Yes,81.0,82.0,Placed
3307,7.5,1,2,1,60.0,3.4,Yes,Yes,78.0,84.0,NotPlaced
3737,8.0,1,3,2,85.0,4.6,Yes,Yes,71.0,86.0,Placed
73,8.1,2,3,2,90.0,4.8,Yes,Yes,80.0,86.0,Placed
7657,8.4,1,3,2,80.0,4.5,Yes,Yes,71.0,64.0,NotPlaced
9129,6.5,0,1,0,64.0,4.1,No,No,56.0,69.0,NotPlaced
6385,8.4,2,3,2,90.0,4.7,Yes,Yes,77.0,84.0,Placed
9432,7.7,1,1,1,66.0,4.1,No,Yes,59.0,61.0,NotPlaced
3537,8.2,1,3,0,80.0,4.7,Yes,Yes,75.0,82.0,Placed
3393,7.4,2,2,2,87.0,4.0,Yes,Yes,79.0,84.0,Placed
6170,7.7,1,3,2,76.0,4.8,No,Yes,68.0,87.0,Placed
53,8.1,2,3,2,90.0,4.7,Yes,Yes,82.0,82.0,Placed
4697,8.2,1,3,1,80.0,4.8,Yes,Yes,72.0,82.0,Placed
4321,7.5,0,2,1,70.0,4.4,Yes,Yes,55.0,73.0,Placed
9442,8.2,0,3,0,65.0,4.2,Yes,Yes,71.0,73.0,NotPlaced
4587,6.6,1,1,0,90.0,3.9,No,Yes,55.0,66.0,NotPlaced
7256,6.6,2,3,2,79.0,4.4,Yes,Yes,82.0,83.0,Placed
9528,6.8,1,2,1,78.0,4.4,No,No,55.0,63.0,NotPlaced
2916,8.4,2,3,2,90.0,4.6,Yes,Yes,74.0,85.0,Placed
9265,6.9,2,3,0,78.0,4.2,Yes,Yes,72.0,86.0,Placed
9720,6.6,1,2,1,74.0,4.1,No,Yes,83.0,88.0,Placed
8527,8.2,2,3,2,88.0,4.5,Yes,No,79.0,84.0,Placed
9543,8.4,2,3,2,90.0,4.8,Yes,Yes,79.0,86.0,Placed
5875,7.5,0,1,0,72.0,3.9,No,Yes,65.0,70.0,NotPlaced
568,8.1,2,3,2,90.0,4.4,Yes,Yes,70.0,88.0,NotPlaced
4112,8.3,2,3,2,90.0,4.8,Yes,Yes,81.0,87.0,Placed
7434,7.3,1,1,0,69.0,3.7,No,Yes,56.0,70.0,NotPlaced
5881,6.5,1,1,2,80.0,4.3,No,Yes,70.0,77.0,NotPlaced
4650,7.8,1,2,1,70.0,4.3,Yes,Yes,59.0,71.0,Placed
3271,8.4,2,3,2,90.0,4.6,Yes,Yes,83.0,88.0,Placed
3603,8.5,0,3,0,81.0,4.1,No,No,73.0,75.0,NotPlaced
9635,7.6,2,3,2,79.0,4.7,Yes,Yes,55.0,82.0,Placed
810,7.5,1,1,1,80.0,3.8,No,No,58.0,67.0,NotPlaced
3515,7.9,1,1,1,63.0,4.2,No,No,60.0,62.0,NotPlaced
10000,8.4,0,1,1,66.0,3.8,No,No,62.0,66.0,NotPlaced
6632,7.4,0,2,0,85.0,4.4,No,No,89.0,69.0,NotPlaced
5091,7.4,1,1,0,64.0,4.2,Yes,Yes,61.0,70.0,NotPlaced
3334,6.5,2,1,1,83.0,3.6,Yes,Yes,76.0,67.0,NotPlaced
6271,7.4,1,1,0,65.0,3.7,No,Yes,81.0,82.0,NotPlaced
4078,7.8,1,1,1,77.0,4.0,No,Yes,62.0,63.0,NotPlaced
8006,8.6,1,3,0,89.0,4.8,Yes,Yes,74.0,61.0,Placed
9817,6.5,0,3,2,87.0,4.8,Yes,No,79.0,64.0,NotPlaced
794,6.5,1,2,0,77.0,4.6,No,Yes,64.0,70.0,NotPlaced
7287,8.6,1,3,2,85.0,4.8,Yes,Yes,78.0,85.0,Placed
2699,8.6,1,3,1,85.0,4.6,Yes,Yes,71.0,84.0,Placed
6168,6.5,0,3,0,81.0,3.8,No,Yes,59.0,69.0,NotPlaced
6854,8.2,0,2,2,71.0,4.4,Yes,Yes,55.0,73.0,Placed
7235,8.4,1,3,0,86.0,4.7,Yes,Yes,79.0,84.0,Placed
4586,8.5,1,2,1,75.0,4.7,Yes,No,72.0,65.0,NotPlaced
1542,7.6,1,1,2,81.0,4.2,Yes,Yes,86.0,81.0,NotPlaced
1899,6.9,1,3,1,84.0,4.4,Yes,Yes,73.0,88.0,Placed
3651,7.6,2,1,1,74.0,3.7,Yes,Yes,63.0,70.0,NotPlaced
2120,6.5,0,2,1,75.0,3.9,No,Yes,56.0,63.0,NotPlaced
5212,7.5,1,1,2,84.0,4.8,Yes,No,83.0,81.0,NotPlaced
6860,7.6,1,3,0,80.0,4.8,Yes,Yes,71.0,85.0,NotPlaced
8321,6.5,1,1,0,78.0,4.5,No,Yes,75.0,68.0,NotPlaced
3856,7.9,1,2,0,60.0,4.0,No,No,55.0,59.0,NotPlaced
7141,7.5,1,1,0,78.0,4.4,Yes,Yes,77.0,88.0,NotPlaced
9405,7.5,1,2,0,71.0,4.7,No,No,57.0,87.0,NotPlaced
31,8.4,2,3,2,90.0,4.6,Yes,Yes,55.0,80.0,Placed
8296,6.7,2,2,1,76.0,3.9,Yes,Yes,55.0,84.0,Placed
2185,8.0,1,3,1,83.0,4.7,Yes,Yes,77.0,83.0,NotPlaced
5762,8.2,1,2,0,67.0,4.1,No,Yes,56.0,78.0,NotPlaced
3439,7.3,1,3,0,87.0,4.6,Yes,No,55.0,70.0,NotPlaced
8948,8.0,2,3,2,81.0,3.9,Yes,Yes,79.0,81.0,NotPlaced
5578,7.0,1,1,1,74.0,4.4,No,Yes,64.0,61.0,NotPlaced
8984,7.4,1,3,0,84.0,4.6,No,No,64.0,84.0,NotPlaced
7414,7.6,1,1,0,63.0,3.3,No,No,63.0,72.0,NotPlaced
2454,8.0,1,2,3,74.0,4.0,Yes,Yes,78.0,83.0,Placed
2652,7.6,0,2,2,76.0,4.2,Yes,Yes,78.0,84.0,NotPlaced
1646,8.2,2,3,2,90.0,4.6,Yes,Yes,76.0,87.0,Placed
6780,8.5,2,3,2,90.0,4.8,Yes,Yes,84.0,88.0,Placed
5480,6.8,1,1,1,80.0,4.3,Yes,Yes,55.0,66.0,Placed
4497,7.6,1,2,1,79.0,4.2,No,Yes,73.0,85.0,Placed
1325,8.5,1,1,2,85.0,4.7,Yes,Yes,80.0,77.0,Placed
5498,7.4,0,2,0,73.0,3.7,No,Yes,55.0,71.0,NotPlaced
4355,8.8,2,3,2,90.0,4.8,Yes,Yes,70.0,79.0,Placed
1957,7.7,1,1,0,79.0,4.3,No,Yes,71.0,85.0,Placed
3132,7.7,0,2,0,77.0,4.6,Yes,Yes,71.0,72.0,NotPlaced
6791,8.7,1,3,2,74.0,4.6,Yes,Yes,82.0,81.0,Placed
5515,7.2,1,2,1,77.0,4.1,No,Yes,55.0,64.0,NotPlaced
1844,8.8,2,3,3,90.0,4.8,Yes,Yes,72.0,76.0,Placed
3028,7.7,1,3,2,83.0,4.8,Yes,Yes,82.0,82.0,Placed
9130,8.5,2,1,0,86.0,4.7,Yes,Yes,64.0,83.0,NotPlaced
432,8.1,2,3,2,90.0,4.5,Yes,Yes,78.0,81.0,Placed
3134,7.2,1,1,0,76.0,4.0,No,Yes,65.0,68.0,NotPlaced
3433,7.7,1,3,0,90.0,4.3,Yes,Yes,80.0,78.0,Placed
6539,8.3,2,3,2,84.0,4.3,Yes,Yes,81.0,81.0,NotPlaced
5344,7.6,1,1,0,71.0,4.1,No,Yes,60.0,69.0,NotPlaced
5353,8.2,2,2,2,90.0,4.3,Yes,Yes,73.0,80.0,Placed
2542,8.4,1,2,2,72.0,4.6,Yes,Yes,70.0,67.0,NotPlaced
1573,8.5,1,2,1,73.0,4.2,Yes,Yes,76.0,88.0,NotPlaced
7799,7.5,1,1,0,82.0,4.1,No,No,76.0,70.0,NotPlaced
578,6.7,0,3,2,90.0,4.8,No,No,55.0,63.0,NotPlaced
7892,8.1,2,3,2,90.0,4.8,Yes,Yes,85.0,88.0,Placed
5856,7.4,1,2,1,84.0,4.4,No,Yes,81.0,62.0,NotPlaced
8648,8.0,1,2,2,83.0,4.3,Yes,Yes,72.0,88.0,NotPlaced
8158,8.2,2,3,2,90.0,4.6,Yes,Yes,76.0,85.0,Placed
9924,7.3,0,2,1,69.0,4.1,No,Yes,63.0,67.0,NotPlaced
6137,7.5,1,2,1,68.0,4.0,No,No,64.0,68.0,NotPlaced
7194,7.6,1,2,0,73.0,3.7,No,Yes,67.0,61.0,NotPlaced
2028,7.4,0,3,2,75.0,4.3,Yes,Yes,88.0,84.0,Placed
7317,8.3,2,3,2,84.0,4.7,Yes,Yes,68.0,80.0,Placed
881,8.7,2,3,1,77.0,4.3,Yes,Yes,72.0,67.0,NotPlaced
8972,8.4,1,3,0,73.0,4.7,Yes,Yes,72.0,73.0,NotPlaced
2491,7.7,2,2,2,90.0,4.8,Yes,Yes,79.0,83.0,Placed
1520,7.8,1,1,0,74.0,4.1,No,No,60.0,61.0,NotPlaced
1891,8.3,0,1,3,77.0,4.0,No,Yes,55.0,67.0,NotPlaced
3694,8.7,2,3,2,90.0,4.4,Yes,Yes,69.0,85.0,Placed
7329,6.6,1,1,0,83.0,4.4,No,No,55.0,62.0,NotPlaced
7157,6.7,2,2,1,71.0,4.4,No,No,55.0,67.0,NotPlaced
3492,7.5,0,1,0,70.0,3.8,No,No,56.0,69.0,NotPlaced
9895,7.8,2,3,0,88.0,4.5,No,Yes,74.0,69.0,Placed
143,8.4,1,3,2,90.0,4.6,Yes,Yes,67.0,80.0,Placed
701,7.9,1,3,0,79.0,3.7,No,Yes,67.0,83.0,NotPlaced
5305,7.6,1,2,0,89.0,4.5,Yes,Yes,71.0,82.0,NotPlaced
315,6.5,1,1,0,79.0,3.6,No,Yes,55.0,64.0,NotPlaced
1496,8.0,2,1,2,88.0,4.0,Yes,Yes,80.0,87.0,NotPlaced
7028,8.5,2,3,1,89.0,4.5,No,No,55.0,84.0,Placed
8625,7.8,0,3,0,89.0,4.8,Yes,Yes,83.0,79.0,Placed
5915,7.5,1,1,1,73.0,3.6,No,Yes,56.0,62.0,NotPlaced
7003,7.3,1,2,1,76.0,4.7,No,Yes,67.0,73.0,NotPlaced
3870,8.4,2,3,2,90.0,4.7,Yes,Yes,78.0,82.0,Placed
6707,8.4,1,1,0,84.0,4.5,No,Yes,68.0,71.0,NotPlaced
3274,8.6,2,3,2,84.0,4.7,Yes,Yes,71.0,82.0,Placed
1424,8.3,0,3,1,84.0,4.8,Yes,Yes,55.0,88.0,Placed
6360,8.3,1,2,0,81.0,3.6,Yes,Yes,81.0,84.0,NotPlaced
4715,8.4,1,3,0,84.0,4.1,Yes,Yes,80.0,75.0,NotPlaced
941,8.2,1,3,2,90.0,4.6,Yes,Yes,86.0,85.0,Placed
3910,8.2,1,3,2,89.0,4.4,Yes,Yes,73.0,69.0,Placed
4168,7.7,2,2,0,79.0,4.2,Yes,Yes,58.0,73.0,Placed
8072,7.4,0,1,0,65.0,4.2,No,No,55.0,70.0,NotPlaced
6010,6.5,1,2,0,83.0,4.6,Yes,Yes,73.0,65.0,NotPlaced
1350,7.6,2,2,0,86.0,4.0,Yes,Yes,55.0,67.0,Placed
4597,8.1,0,3,0,90.0,4.5,Yes,No,78.0,85.0,Placed
2572,8.4,0,2,0,81.0,3.8,Yes,Yes,65.0,65.0,Placed
654,7.3,1,1,0,84.0,4.3,No,No,61.0,74.0,NotPlaced
9930,8.5,1,3,2,83.0,4.4,Yes,Yes,84.0,83.0,Placed
4627,8.2,0,1,2,77.0,4.3,No,No,68.0,68.0,NotPlaced
8558,7.6,1,3,1,85.0,4.4,No,Yes,75.0,82.0,NotPlaced
283,8.2,1,1,2,86.0,4.4,No,No,76.0,82.0,NotPlaced
2707,8.8,1,3,3,90.0,4.8,Yes,Yes,75.0,84.0,NotPlaced
9444,8.6,1,3,2,90.0,4.8,Yes,Yes,55.0,85.0,Placed
3190,7.6,1,2,0,76.0,4.8,Yes,Yes,71.0,79.0,NotPlaced
2804,6.7,1,3,1,76.0,4.4,Yes,Yes,84.0,83.0,Placed
6188,8.8,1,3,2,90.0,4.8,Yes,Yes,81.0,84.0,Placed
8020,6.6,1,3,0,62.0,3.8,Yes,Yes,57.0,72.0,NotPlaced
4427,7.6,1,1,0,84.0,4.5,No,Yes,63.0,81.0,Placed
9080,8.3,2,3,2,90.0,4.8,Yes,Yes,82.0,85.0,Placed
945,7.2,0,2,2,90.0,4.8,Yes,Yes,82.0,75.0,Placed
703,6.9,0,1,0,67.0,3.9,Yes,No,67.0,65.0,NotPlaced
4634,7.9,1,3,1,77.0,4.3,Yes,Yes,84.0,85.0,Placed
889,8.0,1,1,0,83.0,4.7,No,Yes,60.0,87.0,Placed
4288,8.0,2,3,2,89.0,4.8,Yes,No,86.0,83.0,Placed
8070,7.4,1,1,1,73.0,3.6,No,Yes,59.0,64.0,NotPlaced
3034,7.4,1,1,1,79.0,4.0,Yes,No,55.0,70.0,Placed
581,7.5,1,1,1,60.0,4.1,No,No,55.0,64.0,NotPlaced
556,8.3,2,3,2,88.0,4.7,Yes,Yes,70.0,85.0,Placed
9942,7.8,1,1,1,71.0,3.8,No,Yes,62.0,68.0,NotPlaced
4074,7.7,1,3,0,75.0,4.5,Yes,Yes,64.0,61.0,NotPlaced
5874,6.5,1,1,1,75.0,3.6,No,Yes,60.0,64.0,NotPlaced
2221,6.5,1,2,3,77.0,4.4,Yes,No,64.0,80.0,NotPlaced
8989,8.5,1,1,1,77.0,4.5,Yes,Yes,57.0,66.0,NotPlaced
1224,8.0,1,2,0,79.0,4.4,No,No,84.0,77.0,NotPlaced
2364,8.5,2,3,2,86.0,4.8,Yes,Yes,78.0,87.0,Placed
2620,7.9,2,1,0,77.0,4.3,Yes,No,77.0,84.0,NotPlaced
5367,6.6,1,1,0,71.0,4.1,No,Yes,67.0,64.0,NotPlaced
2097,8.2,2,2,2,82.0,4.7,Yes,No,75.0,68.0,Placed
8840,7.9,1,3,2,90.0,4.8,Yes,No,78.0,83.0,NotPlaced
7887,8.2,2,3,2,90.0,4.8,Yes,Yes,73.0,88.0,Placed
7990,7.7,1,2,0,77.0,4.3,Yes,Yes,73.0,80.0,Placed
7863,7.5,1,2,1,82.0,4.0,No,No,63.0,63.0,NotPlaced
3562,8.3,1,1,0,78.0,3.7,No,Yes,55.0,66.0,NotPlaced
543,7.8,1,1,1,66.0,3.4,No,No,55.0,69.0,Placed
6967,6.8,1,2,0,75.0,4.3,Yes,Yes,73.0,73.0,NotPlaced
8218,8.3,2,1,1,71.0,3.9,No,Yes,58.0,66.0,NotPlaced
6127,6.5,0,1,1,72.0,4.5,No,No,55.0,67.0,NotPlaced
7395,8.3,1,2,0,80.0,3.6,No,Yes,72.0,63.0,NotPlaced
7101,6.5,0,2,0,75.0,4.3,No,Yes,82.0,70.0,NotPlaced
5637,7.4,1,1,0,77.0,4.0,No,No,71.0,67.0,NotPlaced
3391,6.7,1,1,0,75.0,4.1,Yes,Yes,70.0,68.0,NotPlaced
35,6.9,0,1,0,70.0,3.9,No,Yes,79.0,68.0,Placed
1877,7.8,1,2,0,70.0,3.8,Yes,Yes,59.0,69.0,NotPlaced
7039,7.5,1,2,0,90.0,4.6,No,Yes,65.0,68.0,NotPlaced
2449,6.7,1,1,0,63.0,4.6,No,No,67.0,66.0,NotPlaced
2668,6.5,0,1,1,60.0,3.2,No,No,62.0,74.0,NotPlaced
181,8.4,0,1,2,88.0,4.8,Yes,Yes,74.0,82.0,Placed
5275,6.8,1,2,0,71.0,4.3,Yes,Yes,60.0,59.0,NotPlaced
2270,8.2,1,2,2,89.0,4.3,Yes,Yes,76.0,83.0,Placed
7753,7.5,1,2,0,79.0,4.4,Yes,No,62.0,69.0,NotPlaced
7937,8.9,1,3,2,90.0,4.8,Yes,Yes,75.0,84.0,Placed
4480,8.1,1,2,1,80.0,4.4,Yes,Yes,76.0,85.0,Placed
1869,7.4,1,1,1,75.0,3.7,No,No,61.0,68.0,NotPlaced
2566,8.3,1,2,0,76.0,4.4,Yes,Yes,82.0,84.0,Placed
341,8.3,0,3,1,88.0,4.7,Yes,Yes,69.0,80.0,NotPlaced
808,8.3,2,2,1,81.0,4.3,Yes,Yes,73.0,72.0,NotPlaced
5024,7.5,0,1,2,81.0,4.1,Yes,Yes,84.0,81.0,NotPlaced
6435,7.6,0,1,0,67.0,3.8,No,No,60.0,69.0,NotPlaced
7398,8.0,2,3,2,90.0,4.8,Yes,Yes,81.0,87.0,Placed
448,7.7,0,3,2,89.0,4.4,Yes,Yes,82.0,85.0,Placed
7928,6.7,1,2,1,86.0,4.8,Yes,Yes,59.0,86.0,Placed
3993,6.5,1,1,0,75.0,3.3,No,No,55.0,63.0,NotPlaced
4381,8.5,2,3,3,79.0,4.1,Yes,Yes,69.0,86.0,NotPlaced
9973,8.4,2,3,2,90.0,4.8,Yes,Yes,85.0,87.0,Placed
4211,8.3,0,3,2,84.0,4.8,Yes,Yes,80.0,84.0,Placed
2638,8.1,1,3,2,86.0,4.6,Yes,Yes,88.0,84.0,Placed
3035,7.3,1,3,0,87.0,4.3,No,Yes,55.0,86.0,Placed
4927,8.6,2,3,2,90.0,4.8,Yes,Yes,73.0,88.0,Placed
3254,7.6,1,1,0,83.0,3.7,Yes,Yes,69.0,82.0,NotPlaced
2803,8.3,1,3,2,87.0,4.4,Yes,Yes,76.0,83.0,Placed
3841,6.5,1,1,0,80.0,4.0,No,Yes,55.0,68.0,NotPlaced
5953,7.7,1,3,1,89.0,4.8,Yes,Yes,88.0,83.0,Placed
6782,7.1,1,1,3,83.0,4.2,Yes,Yes,82.0,86.0,Placed
9445,8.5,1,2,2,85.0,4.8,Yes,Yes,88.0,88.0,Placed
7168,7.8,2,3,0,78.0,4.8,Yes,No,74.0,82.0,Placed
2286,7.4,1,2,0,80.0,4.3,No,Yes,65.0,67.0,NotPlaced
2471,8.1,1,1,0,70.0,4.3,Yes,No,68.0,61.0,NotPlaced
9411,8.8,2,3,2,90.0,4.8,Yes,Yes,70.0,86.0,Placed
9078,6.9,2,3,3,86.0,4.8,Yes,Yes,73.0,82.0,Placed
8062,7.7,0,1,1,70.0,3.6,No,Yes,55.0,68.0,NotPlaced
9964,6.5,2,1,0,65.0,3.3,No,No,55.0,70.0,NotPlaced
9764,7.7,2,1,3,77.0,3.9,Yes,Yes,65.0,86.0,NotPlaced
3100,7.7,1,1,0,81.0,3.9,No,Yes,76.0,68.0,NotPlaced
1002,7.6,1,2,1,78.0,4.3,No,Yes,60.0,71.0,NotPlaced
6830,7.8,1,1,0,72.0,3.6,No,Yes,58.0,65.0,NotPlaced
3106,6.7,1,1,0,75.0,4.1,No,No,64.0,59.0,NotPlaced
4943,8.1,2,3,2,89.0,4.6,Yes,Yes,73.0,83.0,NotPlaced
4341,7.6,0,3,0,78.0,4.5,Yes,Yes,72.0,84.0,NotPlaced
7378,7.7,2,2,0,71.0,4.0,No,Yes,55.0,72.0,Placed
9174,7.7,2,1,0,78.0,4.0,No,No,61.0,87.0,NotPlaced
2744,8.3,2,3,2,90.0,4.8,Yes,Yes,80.0,88.0,Placed
1624,7.4,1,3,3,84.0,4.6,Yes,Yes,84.0,76.0,Placed
7876,7.3,0,1,0,75.0,3.4,No,No,55.0,70.0,NotPlaced
2387,7.8,1,2,0,83.0,4.8,Yes,Yes,78.0,80.0,Placed
1029,8.3,1,1,0,80.0,4.4,No,No,71.0,62.0,NotPlaced
5425,7.6,1,3,2,89.0,4.8,Yes,Yes,83.0,72.0,Placed
4025,6.9,1,1,1,85.0,4.2,No,Yes,80.0,66.0,NotPlaced
5910,7.5,0,2,1,80.0,4.7,No,Yes,82.0,82.0,Placed
1817,8.4,2,3,2,90.0,4.8,Yes,Yes,76.0,83.0,Placed
7924,6.6,0,2,1,67.0,4.2,No,Yes,55.0,66.0,NotPlaced
9145,7.8,1,2,0,82.0,3.9,Yes,Yes,86.0,66.0,NotPlaced
3014,6.5,2,3,0,88.0,4.5,No,No,79.0,62.0,NotPlaced
2054,8.0,2,3,2,83.0,4.6,Yes,Yes,72.0,85.0,Placed
7397,7.2,1,2,2,75.0,4.2,No,Yes,65.0,69.0,NotPlaced
2161,8.4,0,3,2,90.0,4.8,Yes,Yes,88.0,83.0,Placed
923,8.2,1,1,0,76.0,4.7,Yes,Yes,75.0,84.0,NotPlaced
1476,7.6,1,3,0,82.0,4.3,No,Yes,73.0,87.0,NotPlaced
2869,8.2,2,3,2,81.0,4.8,Yes,Yes,83.0,82.0,Placed
5071,8.7,1,1,0,75.0,4.4,Yes,No,71.0,57.0,NotPlaced
6325,8.3,1,1,1,70.0,4.3,No,No,58.0,70.0,NotPlaced
2534,6.5,1,2,1,78.0,4.5,No,No,57.0,66.0,NotPlaced
9060,9.1,2,3,2,90.0,4.8,Yes,Yes,74.0,82.0,Placed
2057,8.0,1,3,0,74.0,3.8,No,Yes,77.0,68.0,NotPlaced
1896,8.6,2,1,0,87.0,4.4,Yes,Yes,55.0,83.0,Placed
3010,8.2,2,3,2,90.0,4.8,Yes,Yes,78.0,88.0,Placed
3362,7.4,1,1,0,85.0,3.7,No,No,57.0,67.0,NotPlaced
4977,6.5,1,2,1,77.0,4.0,No,No,55.0,63.0,NotPlaced
2386,6.5,1,3,1,90.0,4.5,No,No,74.0,62.0,NotPlaced
4719,8.4,2,2,0,90.0,4.1,Yes,Yes,76.0,78.0,NotPlaced
8578,6.5,1,2,1,72.0,4.5,No,No,60.0,69.0,NotPlaced
5136,7.5,1,3,1,81.0,4.6,Yes,Yes,72.0,80.0,NotPlaced
3111,7.1,1,1,2,71.0,4.2,No,Yes,57.0,71.0,NotPlaced
7604,6.7,1,3,1,86.0,4.8,Yes,Yes,75.0,80.0,Placed
9278,7.6,0,3,2,81.0,4.5,Yes,Yes,81.0,84.0,Placed
4910,6.9,1,1,1,64.0,3.5,No,No,68.0,66.0,NotPlaced
2854,7.3,1,1,0,66.0,3.8,No,No,60.0,73.0,NotPlaced
3462,7.8,1,2,2,77.0,4.3,No,No,81.0,83.0,NotPlaced
8082,7.6,1,3,2,90.0,4.8,Yes,Yes,85.0,80.0,Placed
829,8.3,1,3,3,90.0,4.8,Yes,Yes,80.0,81.0,Placed
3245,7.7,0,3,1,68.0,4.4,Yes,No,62.0,62.0,NotPlaced
2604,7.3,1,1,0,62.0,4.1,No,No,57.0,73.0,NotPlaced
8308,7.5,0,1,0,82.0,4.6,Yes,Yes,62.0,69.0,Placed
4243,7.8,0,3,0,83.0,4.4,Yes,Yes,77.0,83.0,NotPlaced
535,7.5,1,2,0,77.0,4.3,No,No,55.0,74.0,NotPlaced
304,8.4,2,3,2,80.0,4.6,Yes,Yes,72.0,79.0,Placed
6954,7.6,0,1,0,80.0,3.8,No,No,55.0,83.0,NotPlaced
1144,8.3,2,3,2,81.0,4.8,Yes,Yes,70.0,85.0,Placed
3559,6.9,1,2,0,79.0,4.2,Yes,Yes,77.0,63.0,NotPlaced
3645,6.6,1,3,0,83.0,4.8,Yes,Yes,76.0,84.0,Placed
893,7.9,1,1,2,74.0,4.8,Yes,No,80.0,79.0,NotPlaced
655,8.2,2,3,1,90.0,4.8,Yes,Yes,82.0,77.0,Placed
9308,8.3,1,3,2,85.0,4.8,Yes,Yes,80.0,82.0,Placed
5512,7.6,1,3,0,87.0,4.4,Yes,Yes,80.0,88.0,NotPlaced
8068,6.7,1,1,0,64.0,3.7,No,Yes,55.0,60.0,NotPlaced
5163,7.6,2,1,1,63.0,4.8,No,Yes,78.0,71.0,Placed
5001,7.9,0,2,2,85.0,4.8,Yes,Yes,75.0,83.0,NotPlaced
1298,7.6,0,2,0,80.0,4.0,Yes,Yes,57.0,83.0,NotPlaced
9496,7.6,0,2,1,75.0,4.7,No,Yes,72.0,67.0,NotPlaced
8396,8.3,2,3,2,90.0,4.8,Yes,Yes,76.0,86.0,Placed
3592,6.7,1,1,1,60.0,3.3,No,Yes,62.0,69.0,Placed
9003,6.6,1,1,1,67.0,4.1,No,Yes,63.0,67.0,NotPlaced
8140,7.7,1,1,0,64.0,3.8,No,No,60.0,68.0,NotPlaced
5591,7.5,1,1,0,69.0,3.8,No,Yes,62.0,60.0,NotPlaced
8506,6.5,1,3,2,87.0,4.7,Yes,Yes,77.0,70.0,Placed
3326,6.5,1,1,1,68.0,3.4,No,No,60.0,69.0,NotPlaced
7954,6.6,1,1,2,67.0,4.0,No,No,55.0,67.0,NotPlaced
2882,7.6,1,1,0,68.0,4.3,No,No,62.0,68.0,NotPlaced
3370,8.4,2,3,2,86.0,4.4,Yes,Yes,72.0,61.0,Placed
6505,7.6,1,1,0,77.0,4.4,No,Yes,63.0,66.0,NotPlaced
7665,6.5,1,1,1,71.0,4.5,No,No,55.0,74.0,NotPlaced
398,7.9,1,3,0,88.0,4.7,Yes,Yes,87.0,85.0,Placed
78,6.9,1,1,0,83.0,3.5,No,Yes,61.0,71.0,NotPlaced
3526,6.7,1,1,1,83.0,4.3,No,No,55.0,63.0,NotPlaced
1603,7.5,1,3,0,80.0,4.5,Yes,No,77.0,80.0,NotPlaced
6139,7.3,1,1,1,60.0,4.6,No,Yes,55.0,61.0,NotPlaced
7183,8.0,2,2,2,85.0,4.7,Yes,Yes,75.0,84.0,Placed
6163,8.5,2,3,2,90.0,4.8,Yes,Yes,82.0,83.0,Placed
8805,8.2,1,3,2,90.0,4.8,No,Yes,71.0,83.0,Placed
1747,7.4,2,2,1,72.0,3.5,No,No,73.0,69.0,NotPlaced
6609,8.5,1,3,2,90.0,4.8,Yes,Yes,85.0,85.0,NotPlaced
8912,6.8,1,1,1,71.0,4.3,No,Yes,55.0,62.0,NotPlaced
3709,7.6,1,2,1,84.0,4.4,No,Yes,68.0,70.0,NotPlaced
1501,7.4,2,2,2,90.0,4.1,Yes,No,81.0,85.0,Placed
3711,7.5,1,1,0,60.0,3.7,No,Yes,55.0,60.0,NotPlaced
6988,6.7,1,2,0,80.0,3.5,No,No,59.0,73.0,NotPlaced
5317,8.6,2,1,2,69.0,3.8,Yes,Yes,74.0,81.0,Placed
6614,7.7,1,2,0,79.0,4.7,Yes,Yes,79.0,66.0,Placed
5811,8.3,1,2,3,82.0,3.7,No,Yes,69.0,84.0,NotPlaced
3321,7.8,1,2,2,77.0,4.8,Yes,Yes,85.0,87.0,Placed
2248,7.8,1,3,0,87.0,4.1,Yes,Yes,66.0,63.0,NotPlaced
1291,7.4,1,2,2,80.0,4.2,Yes,Yes,73.0,66.0,Placed
9736,6.5,1,3,2,85.0,4.8,Yes,Yes,74.0,82.0,NotPlaced
8631,6.5,1,1,1,73.0,4.0,Yes,No,55.0,62.0,NotPlaced
2634,7.5,1,1,0,80.0,4.7,No,No,56.0,82.0,Placed
8174,7.9,2,3,2,90.0,4.6,Yes,Yes,75.0,87.0,Placed
9002,7.5,1,1,0,77.0,4.6,No,No,79.0,72.0,NotPlaced
9016,8.4,2,3,2,89.0,4.5,Yes,Yes,78.0,82.0,Placed
2546,8.3,1,3,1,72.0,4.3,Yes,Yes,55.0,67.0,NotPlaced
2190,8.3,0,2,0,70.0,4.1,No,Yes,55.0,72.0,NotPlaced
342,7.2,0,2,1,66.0,3.9,No,No,67.0,69.0,NotPlaced
416,6.5,1,1,1,80.0,3.8,Yes,Yes,58.0,65.0,NotPlaced
1463,8.2,2,3,2,90.0,4.8,Yes,Yes,75.0,85.0,NotPlaced
9413,8.6,2,2,0,77.0,3.5,No,Yes,65.0,67.0,NotPlaced
5456,8.7,2,3,2,83.0,4.0,Yes,Yes,77.0,83.0,Placed
9447,8.4,2,3,1,90.0,4.8,Yes,Yes,76.0,87.0,Placed
6983,8.3,1,3,2,84.0,4.4,Yes,Yes,79.0,88.0,Placed
7935,8.0,2,3,2,90.0,4.8,Yes,Yes,82.0,78.0,Placed
1151,6.8,2,3,3,87.0,4.0,Yes,Yes,78.0,82.0,NotPlaced
7518,6.5,1,2,0,81.0,4.1,Yes,Yes,56.0,81.0,NotPlaced
1926,6.9,1,2,1,78.0,4.5,No,Yes,68.0,64.0,Placed
5755,7.1,0,3,0,80.0,4.4,Yes,No,80.0,83.0,Placed
9053,8.7,2,3,3,90.0,4.8,Yes,Yes,77.0,86.0,Placed
8194,8.2,0,2,2,86.0,4.5,Yes,No,78.0,65.0,NotPlaced
9101,7.5,0,1,0,82.0,4.4,No,Yes,58.0,85.0,NotPlaced
5583,8.8,1,2,2,77.0,4.3,Yes,Yes,74.0,79.0,Placed
833,8.0,1,2,0,87.0,4.4,Yes,Yes,87.0,82.0,Placed
9116,7.6,0,1,1,77.0,4.3,No,Yes,55.0,63.0,NotPlaced
8283,7.4,1,1,1,70.0,4.3,No,Yes,72.0,75.0,NotPlaced
6017,8.5,2,3,2,88.0,4.8,Yes,Yes,75.0,85.0,Placed
6876,7.4,0,2,0,65.0,4.4,No,Yes,58.0,68.0,NotPlaced
4458,7.5,0,3,0,88.0,4.0,No,Yes,71.0,86.0,NotPlaced
9748,8.4,1,2,2,86.0,4.8,Yes,Yes,81.0,87.0,Placed
1099,7.4,1,1,0,74.0,3.8,No,Yes,55.0,70.0,NotPlaced
7200,7.6,2,3,2,77.0,4.8,Yes,Yes,79.0,77.0,NotPlaced
9330,6.7,1,2,2,82.0,3.2,No,No,66.0,58.0,Placed
5216,7.5,1,2,1,76.0,3.8,No,No,55.0,63.0,NotPlaced
4022,8.5,0,1,0,86.0,4.7,Yes,Yes,72.0,83.0,Placed
7023,8.3,2,1,2,79.0,4.2,Yes,Yes,58.0,87.0,Placed
5327,7.9,0,2,1,87.0,4.4,No,No,71.0,70.0,NotPlaced
7947,7.5,1,1,1,82.0,4.6,No,Yes,59.0,74.0,NotPlaced
1255,8.4,1,3,2,90.0,4.8,Yes,Yes,80.0,87.0,Placed
1746,8.5,0,3,0,88.0,4.8,Yes,Yes,88.0,82.0,Placed
7367,7.2,1,3,3,88.0,4.6,No,Yes,76.0,84.0,Placed
3753,8.2,1,3,2,90.0,4.7,Yes,Yes,69.0,84.0,Placed
6402,8.2,1,3,2,83.0,4.5,Yes,Yes,76.0,85.0,Placed
1708,8.5,0,3,2,85.0,4.8,Yes,Yes,80.0,88.0,Placed
8773,7.5,2,2,1,74.0,4.4,No,Yes,82.0,62.0,NotPlaced
518,7.7,2,3,0,78.0,4.1,Yes,Yes,70.0,81.0,NotPlaced
2249,6.6,0,2,0,64.0,4.2,No,No,55.0,85.0,NotPlaced
9062,7.6,0,2,0,85.0,4.2,Yes,Yes,81.0,83.0,Placed
8324,7.0,1,1,1,86.0,3.8,No,No,57.0,72.0,NotPlaced
602,7.5,0,2,1,63.0,3.5,No,Yes,75.0,66.0,NotPlaced
2598,7.1,1,1,1,87.0,4.2,No,No,75.0,70.0,NotPlaced
5138,7.4,2,1,1,78.0,4.3,No,No,55.0,68.0,NotPlaced
3265,8.1,1,3,2,78.0,4.8,Yes,Yes,78.0,84.0,NotPlaced
8795,6.5,0,2,0,85.0,4.8,No,No,89.0,67.0,Placed
2850,7.9,0,3,1,90.0,4.4,Yes,Yes,82.0,87.0,Placed
5066,6.6,1,2,0,79.0,4.4,No,Yes,66.0,68.0,NotPlaced
6399,7.7,2,2,0,71.0,4.3,Yes,Yes,79.0,81.0,Placed
4136,7.9,1,1,2,64.0,4.2,No,Yes,56.0,68.0,Placed
2831,7.1,2,3,2,88.0,4.5,Yes,Yes,75.0,70.0,Placed
1581,7.5,1,1,1,78.0,4.2,No,Yes,59.0,72.0,NotPlaced
7155,8.0,1,3,2,90.0,4.5,Yes,Yes,87.0,70.0,Placed
3933,6.9,1,1,1,69.0,4.1,Yes,Yes,55.0,67.0,NotPlaced
176,6.7,1,2,0,73.0,4.5,No,Yes,55.0,65.0,NotPlaced
422,7.8,1,2,0,82.0,4.7,Yes,Yes,77.0,67.0,NotPlaced
4506,7.0,1,3,0,90.0,4.2,No,Yes,72.0,84.0,Placed
657,7.4,1,3,0,88.0,4.2,Yes,Yes,55.0,74.0,NotPlaced
4148,8.0,2,3,2,87.0,4.4,Yes,Yes,83.0,84.0,NotPlaced
1559,8.3,1,3,2,88.0,4.4,Yes,Yes,79.0,85.0,Placed
9,6.5,1,1,0,84.0,3.9,No,Yes,75.0,71.0,NotPlaced
6628,8.2,2,3,2,90.0,4.8,Yes,Yes,74.0,85.0,NotPlaced
3708,8.2,0,3,0,84.0,4.7,Yes,No,62.0,65.0,Placed
2410,7.9,1,1,1,76.0,4.4,Yes,Yes,65.0,85.0,NotPlaced
7647,8.3,2,3,0,90.0,4.8,Yes,Yes,84.0,86.0,Placed
3331,7.5,1,1,1,66.0,4.0,No,No,58.0,65.0,NotPlaced
2202,8.5,1,3,0,79.0,4.5,Yes,Yes,73.0,88.0,NotPlaced
1023,8.3,2,3,2,90.0,4.8,Yes,Yes,81.0,87.0,Placed
1070,6.5,1,1,1,70.0,3.8,No,No,55.0,62.0,NotPlaced
5230,6.9,0,1,0,77.0,3.7,No,Yes,55.0,66.0,NotPlaced
1226,7.6,1,1,1,70.0,3.6,Yes,Yes,55.0,74.0,Placed
7686,6.7,1,2,1,81.0,4.5,Yes,Yes,71.0,83.0,Placed
2233,8.3,2,3,2,90.0,4.8,Yes,Yes,88.0,87.0,Placed
6807,8.1,1,3,2,90.0,4.8,Yes,Yes,74.0,82.0,Placed
6114,8.3,1,3,2,89.0,4.8,Yes,Yes,79.0,81.0,Placed
3927,6.5,1,2,1,77.0,4.2,No,No,62.0,71.0,NotPlaced
6672,8.3,2,1,0,79.0,4.0,Yes,Yes,62.0,67.0,Placed
4592,6.5,1,2,0,71.0,4.3,No,No,59.0,72.0,NotPlaced
5033,8.2,2,3,2,90.0,4.8,Yes,Yes,75.0,85.0,Placed
3239,8.1,2,2,1,75.0,3.8,No,No,55.0,64.0,NotPlaced
1619,8.9,0,3,2,85.0,4.6,No,Yes,77.0,72.0,NotPlaced
2510,7.3,1,1,1,66.0,3.6,No,Yes,55.0,65.0,NotPlaced
9027,7.8,1,2,1,83.0,4.6,No,Yes,79.0,66.0,Placed
6847,7.4,1,1,1,70.0,4.5,No,No,55.0,67.0,NotPlaced
5260,8.3,0,2,1,80.0,3.9,Yes,Yes,57.0,69.0,NotPlaced
636,7.4,1,1,1,69.0,3.8,No,Yes,55.0,64.0,Placed
4705,7.7,1,1,0,68.0,4.3,No,Yes,65.0,67.0,NotPlaced
1341,8.2,0,1,0,90.0,4.7,No,Yes,67.0,86.0,NotPlaced
4122,7.5,1,1,0,77.0,4.8,No,Yes,55.0,58.0,Placed
6109,7.8,1,1,1,75.0,3.8,No,No,59.0,63.0,NotPlaced
200,7.8,2,3,0,79.0,4.3,Yes,No,87.0,87.0,NotPlaced
1159,7.9,1,3,1,84.0,3.9,Yes,Yes,77.0,85.0,NotPlaced
8617,8.6,2,3,0,84.0,4.8,Yes,Yes,86.0,87.0,Placed
953,6.6,1,2,0,71.0,3.8,Yes,Yes,56.0,86.0,NotPlaced
9393,6.8,0,1,1,67.0,3.5,No,No,59.0,62.0,NotPlaced
5291,7.6,1,2,1,81.0,4.8,Yes,Yes,80.0,79.0,NotPlaced
488,8.6,2,1,2,73.0,4.6,Yes,No,55.0,82.0,NotPlaced
1088,7.2,0,1,0,60.0,3.8,No,No,55.0,63.0,NotPlaced
5870,6.7,0,2,0,74.0,3.6,No,Yes,82.0,69.0,Placed
2779,8.2,1,2,2,71.0,4.4,Yes,Yes,73.0,87.0,Placed
813,7.1,1,2,0,70.0,4.0,No,No,57.0,72.0,NotPlaced
4555,8.0,1,1,1,79.0,4.6,Yes,No,66.0,67.0,NotPlaced
2356,8.2,2,1,2,77.0,4.8,Yes,Yes,60.0,79.0,NotPlaced
5141,8.5,2,3,2,90.0,4.8,Yes,Yes,78.0,83.0,Placed
3373,7.4,1,1,2,85.0,4.4,Yes,No,75.0,67.0,Placed
606,6.5,0,3,2,85.0,4.7,Yes,No,65.0,81.0,Placed
9833,8.3,2,3,2,90.0,3.8,No,No,76.0,74.0,NotPlaced
9017,6.5,1,2,1,83.0,4.1,No,Yes,77.0,72.0,NotPlaced
9566,8.0,1,3,2,90.0,4.4,Yes,Yes,87.0,81.0,Placed
6766,7.1,2,3,2,88.0,4.7,Yes,Yes,76.0,86.0,Placed
4667,7.7,1,3,2,86.0,4.4,Yes,Yes,83.0,67.0,Placed
3596,8.6,1,3,0,88.0,4.8,Yes,Yes,80.0,82.0,Placed
4550,7.5,1,1,3,74.0,4.6,Yes,Yes,80.0,65.0,Placed
1597,7.3,1,2,1,69.0,4.3,Yes,No,55.0,72.0,NotPlaced
8821,7.9,2,3,2,80.0,4.5,Yes,Yes,77.0,85.0,Placed
4806,7.5,2,3,2,80.0,4.5,Yes,Yes,77.0,67.0,NotPlaced
3316,7.3,1,1,1,66.0,3.8,No,Yes,59.0,70.0,NotPlaced
7759,8.4,0,3,0,90.0,4.8,Yes,Yes,78.0,66.0,Placed
7289,6.9,1,1,1,81.0,4.0,No,Yes,70.0,70.0,Placed
9684,8.2,2,3,2,90.0,4.8,Yes,Yes,68.0,86.0,Placed
8804,8.5,0,3,2,90.0,4.8,Yes,Yes,74.0,64.0,Placed
8920,8.7,2,2,0,89.0,4.5,No,Yes,78.0,71.0,Placed
6462,8.3,2,3,2,83.0,4.2,Yes,Yes,76.0,86.0,NotPlaced
7515,7.4,1,1,1,70.0,4.0,Yes,Yes,57.0,72.0,NotPlaced
5047,8.2,2,3,3,90.0,4.8,Yes,Yes,69.0,88.0,NotPlaced
886,6.5,0,2,0,78.0,4.5,No,Yes,55.0,68.0,Placed
867,6.5,1,1,0,75.0,4.7,No,Yes,56.0,69.0,Placed
1694,7.5,2,1,0,78.0,4.2,Yes,Yes,55.0,66.0,NotPlaced
4125,8.2,2,1,1,88.0,4.4,Yes,Yes,74.0,88.0,NotPlaced
4146,7.6,1,3,1,77.0,4.6,Yes,Yes,73.0,79.0,NotPlaced
9424,7.7,1,2,1,69.0,4.2,No,No,59.0,59.0,NotPlaced
3853,6.5,0,1,0,67.0,3.9,Yes,Yes,76.0,66.0,NotPlaced
391,7.6,1,1,0,76.0,4.3,No,Yes,66.0,69.0,NotPlaced
9826,7.7,1,3,3,80.0,4.1,Yes,Yes,78.0,81.0,NotPlaced
6839,7.5,1,2,1,90.0,4.6,No,Yes,72.0,83.0,Placed
644,8.3,2,3,2,90.0,4.8,Yes,No,69.0,80.0,Placed
3566,7.5,1,1,1,79.0,4.4,Yes,Yes,55.0,67.0,NotPlaced
6969,8.4,0,3,2,90.0,4.8,Yes,Yes,82.0,62.0,Placed
1362,8.8,0,2,1,73.0,4.8,Yes,No,81.0,83.0,NotPlaced
2043,7.6,0,1,0,63.0,4.4,No,Yes,61.0,71.0,Placed
8612,7.7,0,1,1,64.0,3.9,No,Yes,55.0,63.0,NotPlaced
1040,7.4,1,2,3,71.0,4.8,Yes,Yes,85.0,71.0,NotPlaced
719,8.1,2,3,2,87.0,4.4,Yes,Yes,86.0,83.0,Placed
4431,8.5,2,3,2,90.0,4.6,Yes,Yes,79.0,81.0,Placed
9274,8.5,2,2,2,90.0,4.4,Yes,Yes,70.0,84.0,Placed
2338,8.0,1,3,2,84.0,4.7,Yes,Yes,90.0,86.0,Placed
2919,8.2,2,3,2,90.0,4.8,Yes,Yes,85.0,83.0,Placed
3259,6.7,0,1,1,66.0,3.9,No,Yes,55.0,61.0,NotPlaced
9279,7.8,1,3,2,88.0,4.3,Yes,Yes,84.0,86.0,Placed
6140,8.1,2,3,2,90.0,4.8,Yes,Yes,74.0,88.0,Placed
2834,8.1,1,2,2,84.0,4.3,Yes,Yes,75.0,84.0,NotPlaced
563,7.4,1,3,2,88.0,4.8,Yes,Yes,82.0,85.0,Placed
5143,7.6,2,1,0,78.0,3.9,No,No,83.0,69.0,Placed
107,6.7,0,1,1,74.0,3.9,No,No,55.0,70.0,NotPlaced
1323,6.8,0,1,1,61.0,3.5,Yes,Yes,57.0,62.0,NotPlaced
3246,8.3,2,3,2,79.0,4.7,Yes,Yes,85.0,65.0,Placed
7585,6.9,1,1,0,75.0,3.8,Yes,Yes,55.0,66.0,NotPlaced
5740,8.0,2,3,2,90.0,4.6,Yes,Yes,77.0,84.0,Placed
5775,7.7,1,3,1,71.0,4.6,Yes,No,55.0,72.0,NotPlaced
3465,7.7,0,2,1,81.0,4.1,Yes,Yes,69.0,85.0,NotPlaced
6196,7.7,1,2,1,68.0,4.5,No,Yes,56.0,63.0,NotPlaced
7337,7.6,1,1,2,89.0,4.8,No,Yes,76.0,86.0,NotPlaced
3338,7.9,1,3,1,84.0,4.1,Yes,Yes,74.0,62.0,Placed
9417,8.3,2,3,2,80.0,4.3,Yes,Yes,82.0,87.0,Placed
8676,8.4,1,2,0,79.0,3.4,Yes,Yes,72.0,88.0,Placed
4679,6.5,0,2,0,70.0,4.4,Yes,Yes,55.0,71.0,NotPlaced
5678,8.5,0,3,2,76.0,4.8,Yes,No,74.0,81.0,Placed
5573,7.7,1,2,2,61.0,3.8,Yes,Yes,72.0,61.0,NotPlaced
4202,7.7,1,1,0,60.0,4.3,No,No,57.0,70.0,NotPlaced
9749,7.4,1,1,0,65.0,3.7,No,No,65.0,66.0,NotPlaced
9173,8.1,1,3,1,90.0,4.8,Yes,No,83.0,87.0,Placed
9170,7.6,2,2,0,77.0,4.5,No,Yes,69.0,65.0,NotPlaced
835,7.1,0,1,1,71.0,4.0,No,Yes,56.0,64.0,NotPlaced
9476,7.5,1,1,1,60.0,3.4,No,Yes,55.0,66.0,NotPlaced
682,8.1,2,2,0,71.0,4.4,Yes,Yes,78.0,83.0,Placed
3154,7.4,1,1,0,77.0,4.5,No,Yes,69.0,73.0,NotPlaced
4049,7.3,0,1,0,82.0,3.8,No,Yes,55.0,85.0,NotPlaced
4564,8.4,1,3,2,75.0,4.5,Yes,Yes,79.0,62.0,NotPlaced
9184,8.2,0,1,0,73.0,4.1,Yes,No,61.0,63.0,NotPlaced
5533,7.5,1,2,1,72.0,4.5,Yes,Yes,78.0,81.0,NotPlaced
9386,7.3,1,2,0,70.0,3.8,No,No,55.0,70.0,NotPlaced
725,7.8,0,3,0,76.0,3.7,Yes,Yes,85.0,79.0,Placed
1672,8.4,1,2,0,80.0,3.3,No,No,55.0,63.0,NotPlaced
323,7.9,2,1,0,71.0,4.8,No,Yes,56.0,66.0,NotPlaced
6227,6.6,1,1,2,72.0,4.8,No,No,65.0,66.0,NotPlaced
3142,7.5,0,1,0,66.0,4.2,No,No,58.0,65.0,NotPlaced
7420,6.5,1,1,0,67.0,3.9,No,No,84.0,66.0,NotPlaced
5814,7.6,1,1,2,75.0,4.8,No,Yes,60.0,68.0,NotPlaced
2369,6.5,1,2,1,86.0,4.3,Yes,Yes,84.0,88.0,Placed
2313,6.5,1,2,0,80.0,4.4,No,Yes,59.0,68.0,NotPlaced
5333,8.4,2,3,2,90.0,4.8,Yes,Yes,76.0,86.0,Placed
6990,8.0,2,3,1,87.0,4.3,Yes,No,70.0,84.0,NotPlaced
4235,7.4,0,1,2,81.0,3.8,Yes,Yes,72.0,87.0,NotPlaced
1876,7.7,2,1,1,80.0,4.7,Yes,Yes,56.0,85.0,Placed
2135,8.1,2,2,2,79.0,4.6,Yes,Yes,79.0,85.0,NotPlaced
7566,8.3,0,1,0,69.0,4.3,Yes,No,68.0,63.0,NotPlaced
8848,6.5,0,1,0,73.0,3.6,No,No,67.0,70.0,NotPlaced
4063,6.6,1,3,1,74.0,4.5,Yes,Yes,76.0,71.0,NotPlaced
6071,7.3,1,2,0,80.0,4.2,No,No,57.0,69.0,NotPlaced
1828,7.5,1,1,1,69.0,4.0,No,Yes,61.0,69.0,NotPlaced
9100,6.5,1,1,1,76.0,4.3,Yes,No,60.0,63.0,NotPlaced
7586,6.5,1,1,2,84.0,4.5,No,Yes,78.0,68.0,NotPlaced
8544,6.6,1,1,0,74.0,3.8,No,Yes,64.0,76.0,Placed
6169,6.9,1,1,1,70.0,4.5,No,No,65.0,72.0,NotPlaced
3103,7.6,1,1,1,81.0,4.5,No,Yes,63.0,67.0,NotPlaced
2048,7.6,0,1,0,61.0,3.8,No,Yes,55.0,61.0,NotPlaced
8341,7.5,0,1,0,63.0,3.6,Yes,No,71.0,70.0,NotPlaced
2466,7.6,1,1,1,84.0,4.1,No,No,55.0,66.0,NotPlaced
6175,8.2,0,3,0,87.0,4.8,Yes,Yes,77.0,83.0,Placed
1203,7.5,1,1,1,77.0,4.5,Yes,Yes,72.0,86.0,Placed
4405,8.0,2,3,2,90.0,4.3,No,Yes,67.0,86.0,Placed
6748,7.8,1,3,2,77.0,4.7,Yes,Yes,83.0,77.0,Placed
8485,8.5,2,3,2,90.0,4.8,Yes,Yes,77.0,88.0,Placed
3443,7.8,1,3,2,90.0,4.8,Yes,Yes,86.0,70.0,Placed
3423,6.6,0,1,1,81.0,3.5,No,Yes,55.0,70.0,NotPlaced
3626,6.5,2,1,2,68.0,4.2,No,No,74.0,63.0,NotPlaced
1990,6.6,0,2,1,78.0,4.5,No,No,69.0,68.0,NotPlaced
3984,7.5,1,2,2,83.0,3.1,No,No,58.0,74.0,NotPlaced
8374,8.5,2,3,2,90.0,4.1,Yes,Yes,77.0,78.0,Placed
4189,8.3,0,3,1,88.0,4.1,Yes,Yes,55.0,80.0,NotPlaced
1377,6.8,1,2,0,75.0,4.3,No,Yes,55.0,67.0,NotPlaced
7828,7.5,0,2,0,67.0,3.1,No,No,55.0,70.0,NotPlaced
7608,7.6,1,1,0,69.0,4.0,No,Yes,59.0,65.0,NotPlaced
9776,6.6,1,1,1,85.0,3.4,No,No,55.0,66.0,Placed
8981,6.9,1,2,2,77.0,4.2,Yes,Yes,77.0,86.0,NotPlaced
4743,8.5,1,3,2,90.0,4.8,Yes,Yes,88.0,87.0,NotPlaced
5462,7.8,2,3,2,85.0,4.6,Yes,Yes,74.0,87.0,NotPlaced
5112,6.5,1,1,0,72.0,3.8,No,No,55.0,68.0,NotPlaced
5530,6.8,1,2,0,78.0,4.3,Yes,Yes,75.0,71.0,Placed
2870,8.0,2,3,0,90.0,4.3,No,Yes,83.0,83.0,Placed
5276,8.1,0,3,2,73.0,4.2,Yes,Yes,88.0,87.0,Placed
9186,6.7,0,1,0,75.0,4.6,No,Yes,63.0,61.0,NotPlaced
6310,8.1,2,3,2,90.0,4.8,Yes,Yes,73.0,85.0,Placed
8347,7.6,0,1,1,62.0,4.1,No,No,55.0,68.0,NotPlaced
7238,6.8,1,2,1,79.0,4.6,No,No,63.0,78.0,NotPlaced
131,8.0,1,3,0,80.0,4.4,Yes,Yes,85.0,84.0,Placed
6085,7.4,1,2,0,76.0,4.0,No,Yes,78.0,74.0,NotPlaced
468,7.8,0,1,1,73.0,4.8,Yes,Yes,77.0,88.0,Placed
5673,8.2,2,3,2,90.0,4.8,Yes,Yes,90.0,84.0,Placed
7304,7.6,0,2,0,61.0,3.8,No,Yes,55.0,67.0,NotPlaced
9556,7.5,2,3,0,90.0,4.7,Yes,No,88.0,86.0,Placed
7592,7.7,1,1,0,75.0,4.0,No,Yes,61.0,71.0,Placed
8180,7.9,0,3,1,86.0,4.6,Yes,Yes,76.0,88.0,Placed
3369,8.5,2,3,2,88.0,4.8,Yes,Yes,82.0,87.0,Placed
5221,8.0,1,1,1,70.0,4.6,No,Yes,58.0,63.0,NotPlaced
2142,7.7,1,2,0,78.0,3.8,No,Yes,66.0,66.0,NotPlaced
4493,8.4,1,3,1,84.0,4.5,Yes,Yes,75.0,88.0,Placed
8459,8.3,1,3,3,88.0,4.0,No,Yes,77.0,63.0,Placed
4280,7.8,0,3,0,74.0,4.1,No,Yes,68.0,67.0,NotPlaced
3473,7.4,1,1,0,70.0,3.7,No,Yes,61.0,72.0,NotPlaced
141,6.5,1,1,1,72.0,4.5,No,No,66.0,70.0,NotPlaced
3399,7.9,0,1,0,80.0,4.5,Yes,Yes,58.0,81.0,Placed
9223,7.6,1,1,0,78.0,3.6,Yes,Yes,56.0,69.0,NotPlaced
9147,7.7,1,1,1,74.0,4.3,No,Yes,58.0,65.0,NotPlaced
7910,8.1,1,2,2,86.0,4.8,Yes,Yes,76.0,85.0,Placed
5782,6.6,1,3,1,70.0,4.7,Yes,Yes,55.0,62.0,Placed
4387,7.4,1,2,1,79.0,4.4,Yes,Yes,55.0,62.0,Placed
4303,7.5,2,2,0,80.0,4.8,Yes,Yes,77.0,72.0,Placed
4171,7.4,1,1,0,74.0,3.7,No,No,78.0,65.0,NotPlaced
6848,7.9,0,1,0,87.0,4.5,No,Yes,75.0,75.0,Placed
9075,6.8,1,1,0,74.0,4.3,No,Yes,55.0,66.0,NotPlaced
8209,6.9,1,2,0,80.0,3.4,No,No,55.0,71.0,NotPlaced
7878,8.5,1,2,0,87.0,4.0,Yes,Yes,78.0,70.0,Placed
3896,7.5,0,3,1,73.0,4.0,No,No,56.0,66.0,NotPlaced
1582,8.4,1,1,2,81.0,4.8,Yes,No,84.0,80.0,Placed
6116,7.5,0,3,2,86.0,4.4,No,Yes,83.0,85.0,NotPlaced
4591,8.5,2,3,2,90.0,4.8,Yes,Yes,80.0,82.0,Placed
8388,8.4,1,3,2,90.0,4.8,Yes,Yes,72.0,85.0,NotPlaced
6210,7.7,2,2,1,81.0,4.8,Yes,No,81.0,86.0,Placed
7456,7.8,1,2,0,73.0,4.5,Yes,Yes,83.0,75.0,NotPlaced
9597,8.3,2,1,2,82.0,4.2,Yes,Yes,80.0,81.0,Placed
278,7.3,1,2,1,79.0,3.8,No,Yes,58.0,73.0,NotPlaced
1530,8.3,1,3,0,82.0,4.7,Yes,Yes,83.0,82.0,NotPlaced
24,7.4,1,1,0,60.0,3.8,No,No,55.0,71.0,NotPlaced
9213,8.4,2,3,2,90.0,4.8,Yes,Yes,74.0,87.0,Placed
1126,7.8,2,3,2,90.0,4.3,Yes,Yes,80.0,85.0,Placed
8867,8.3,1,3,2,88.0,4.6,Yes,Yes,77.0,88.0,Placed
7913,7.8,2,2,2,81.0,4.5,Yes,Yes,85.0,57.0,Placed
9751,7.5,1,1,0,69.0,3.9,No,Yes,55.0,72.0,NotPlaced
9158,6.6,0,2,0,73.0,4.8,Yes,Yes,72.0,65.0,NotPlaced
476,7.5,1,1,0,67.0,4.6,No,No,86.0,62.0,NotPlaced
1111,7.5,1,1,0,72.0,3.4,No,No,55.0,61.0,NotPlaced
6068,8.4,1,3,2,85.0,4.6,Yes,Yes,75.0,67.0,Placed
9342,6.5,1,1,2,68.0,3.8,Yes,No,61.0,70.0,NotPlaced
7064,6.9,0,2,2,75.0,4.3,Yes,Yes,55.0,70.0,NotPlaced
6926,8.4,0,3,0,77.0,4.6,Yes,Yes,79.0,84.0,Placed
8694,7.7,1,2,0,78.0,4.6,Yes,Yes,73.0,78.0,Placed
3482,7.8,0,2,0,78.0,4.8,Yes,Yes,75.0,86.0,Placed
8377,8.4,2,3,1,83.0,4.8,Yes,No,64.0,64.0,Placed
1495,6.5,1,1,1,70.0,3.9,No,No,55.0,62.0,NotPlaced
303,7.4,1,1,1,64.0,4.0,No,No,55.0,62.0,NotPlaced
3067,8.1,0,1,0,70.0,3.6,Yes,Yes,65.0,63.0,NotPlaced
2038,7.8,0,3,1,76.0,3.8,No,Yes,55.0,69.0,NotPlaced
7041,8.6,1,3,2,70.0,4.3,Yes,Yes,80.0,87.0,Placed
8323,6.5,1,2,1,65.0,4.6,No,Yes,62.0,87.0,NotPlaced
6031,7.8,1,2,0,73.0,4.5,Yes,No,79.0,61.0,NotPlaced
2146,6.5,1,1,0,76.0,3.8,No,No,55.0,70.0,NotPlaced
125,8.4,2,1,2,76.0,4.1,No,No,56.0,63.0,NotPlaced
6497,7.7,1,2,0,78.0,3.9,Yes,Yes,59.0,70.0,NotPlaced
8639,6.9,1,2,0,67.0,3.7,No,Yes,76.0,71.0,NotPlaced
7615,8.4,2,3,2,90.0,4.8,Yes,Yes,80.0,80.0,Placed
2848,8.4,1,3,0,81.0,4.8,Yes,Yes,85.0,88.0,Placed
6819,7.5,0,1,0,81.0,4.7,No,Yes,55.0,70.0,NotPlaced
949,8.1,1,2,0,88.0,4.6,Yes,Yes,82.0,86.0,Placed
6340,6.5,1,3,2,78.0,4.3,Yes,Yes,55.0,82.0,NotPlaced
7925,8.3,2,2,2,75.0,3.8,No,Yes,71.0,66.0,NotPlaced
8050,7.9,0,3,2,83.0,4.8,Yes,Yes,73.0,79.0,Placed
3532,7.6,1,2,0,71.0,4.5,No,Yes,55.0,64.0,Placed
4413,7.8,1,1,0,79.0,3.8,Yes,Yes,58.0,61.0,NotPlaced
957,8.3,1,2,2,82.0,4.6,Yes,Yes,83.0,87.0,Placed
4881,6.6,0,1,1,77.0,4.3,Yes,Yes,82.0,66.0,NotPlaced
6096,8.2,2,2,0,86.0,4.5,Yes,Yes,55.0,83.0,Placed
3149,8.3,2,2,2,76.0,4.6,No,Yes,55.0,71.0,Placed
8712,6.7,0,1,0,63.0,3.8,No,No,62.0,63.0,NotPlaced
1303,8.5,1,3,2,88.0,4.8,Yes,Yes,72.0,83.0,Placed
7574,7.4,0,1,0,63.0,4.2,No,Yes,58.0,66.0,NotPlaced
4929,7.7,1,1,3,79.0,4.1,Yes,Yes,82.0,82.0,Placed
5435,7.7,1,2,0,78.0,3.8,No,Yes,61.0,70.0,NotPlaced
110,8.7,2,3,2,90.0,4.8,Yes,Yes,79.0,85.0,Placed
7045,8.6,1,3,2,86.0,4.7,Yes,Yes,82.0,85.0,Placed
9182,7.6,1,1,0,72.0,4.5,No,No,55.0,57.0,NotPlaced
4805,7.5,1,3,0,84.0,4.2,Yes,Yes,82.0,69.0,Placed
1762,7.5,1,1,1,70.0,3.8,No,Yes,63.0,73.0,NotPlaced
8707,6.7,0,1,0,79.0,4.4,No,No,76.0,66.0,NotPlaced
4434,7.7,0,1,0,81.0,4.4,Yes,Yes,76.0,68.0,NotPlaced
8102,7.8,1,3,0,81.0,4.3,Yes,Yes,76.0,82.0,Placed
5532,6.6,0,3,0,87.0,4.6,Yes,Yes,77.0,77.0,Placed
6133,6.5,0,1,0,74.0,4.1,Yes,No,66.0,61.0,NotPlaced
3664,7.3,1,2,0,82.0,4.6,Yes,Yes,71.0,70.0,NotPlaced
8365,6.6,1,2,0,71.0,4.6,No,No,55.0,67.0,NotPlaced
6690,8.5,1,3,0,85.0,4.8,Yes,Yes,76.0,67.0,Placed
2383,8.5,2,1,1,73.0,4.5,Yes,No,64.0,79.0,NotPlaced
4299,8.5,1,3,2,80.0,4.8,Yes,Yes,84.0,87.0,Placed
2000,8.0,2,3,2,90.0,4.7,Yes,Yes,82.0,86.0,Placed
7636,7.7,1,2,1,80.0,4.4,No,Yes,81.0,57.0,NotPlaced
9357,7.5,0,2,1,64.0,3.7,No,No,55.0,63.0,NotPlaced
5666,8.3,2,2,0,89.0,4.8,Yes,Yes,79.0,82.0,NotPlaced
2234,8.4,2,3,2,84.0,4.8,No,Yes,73.0,71.0,Placed
478,7.5,2,3,2,90.0,4.7,Yes,Yes,80.0,83.0,Placed
6486,8.4,1,3,2,90.0,4.8,Yes,Yes,76.0,84.0,Placed
2411,8.4,0,3,0,80.0,4.3,Yes,Yes,82.0,83.0,NotPlaced
7199,6.5,1,1,0,68.0,4.0,Yes,No,69.0,66.0,NotPlaced
4548,6.7,1,2,1,80.0,4.5,No,Yes,59.0,62.0,NotPlaced
3243,7.1,1,2,0,89.0,4.7,No,No,78.0,69.0,NotPlaced
8405,7.5,1,2,1,77.0,4.7,Yes,Yes,86.0,88.0,Placed
4864,7.7,1,1,0,79.0,4.3,Yes,Yes,85.0,71.0,NotPlaced
7453,8.0,1,2,1,82.0,4.8,Yes,Yes,79.0,80.0,Placed
17,8.6,0,3,0,84.0,4.8,Yes,Yes,62.0,78.0,Placed
3865,6.5,1,1,1,68.0,3.7,No,No,55.0,64.0,NotPlaced
5414,8.1,1,3,0,88.0,4.0,Yes,Yes,76.0,66.0,Placed
6341,8.5,1,3,2,88.0,4.6,Yes,Yes,84.0,86.0,Placed
4941,7.6,1,3,0,75.0,4.2,Yes,No,76.0,76.0,Placed
9758,7.5,0,3,2,90.0,4.8,Yes,No,81.0,66.0,Placed
9204,7.7,1,3,2,85.0,4.8,Yes,No,85.0,83.0,NotPlaced
6910,8.5,2,3,2,90.0,4.8,Yes,Yes,76.0,82.0,Placed
7660,8.3,0,3,3,89.0,4.8,Yes,Yes,74.0,74.0,Placed
5523,7.2,1,1,0,66.0,3.9,Yes,No,61.0,67.0,NotPlaced
2355,8.0,2,3,2,90.0,4.8,Yes,Yes,88.0,83.0,Placed
7012,6.5,0,1,0,65.0,4.5,No,No,59.0,69.0,NotPlaced
9294,7.4,0,1,0,77.0,4.4,No,No,61.0,65.0,NotPlaced
349,6.5,2,3,0,79.0,3.7,Yes,Yes,68.0,86.0,NotPlaced
4850,6.5,1,1,1,80.0,4.4,No,Yes,60.0,65.0,NotPlaced
1813,8.6,1,2,1,77.0,3.9,Yes,Yes,77.0,69.0,NotPlaced
677,7.6,1,3,1,68.0,4.6,Yes,Yes,72.0,83.0,Placed
4538,7.5,1,1,0,75.0,4.4,No,No,68.0,69.0,NotPlaced
6588,8.4,1,3,2,90.0,4.8,Yes,Yes,86.0,85.0,Placed
272,7.8,1,1,1,79.0,3.7,No,Yes,56.0,59.0,NotPlaced
3880,7.8,1,3,2,84.0,4.6,Yes,Yes,89.0,65.0,Placed
4105,6.7,1,1,0,80.0,4.5,No,Yes,83.0,74.0,NotPlaced
9192,7.7,1,1,1,73.0,4.2,Yes,Yes,70.0,79.0,NotPlaced
8622,7.7,0,2,0,79.0,4.0,No,No,58.0,72.0,NotPlaced
7504,8.0,2,3,2,87.0,3.7,Yes,Yes,72.0,83.0,Placed
8837,7.9,1,2,1,86.0,4.4,Yes,Yes,83.0,67.0,NotPlaced
5481,7.6,1,2,2,75.0,4.6,No,No,61.0,64.0,NotPlaced
1618,8.1,2,1,3,86.0,4.7,Yes,No,78.0,83.0,Placed
2970,7.8,2,3,2,90.0,4.8,Yes,Yes,88.0,80.0,Placed
982,7.4,2,3,2,71.0,4.8,Yes,Yes,85.0,75.0,Placed
4132,8.6,2,3,2,90.0,4.7,Yes,Yes,80.0,88.0,Placed
9706,8.2,1,2,1,79.0,4.2,Yes,Yes,74.0,82.0,Placed
452,8.6,0,2,1,90.0,4.6,Yes,Yes,56.0,87.0,Placed
5370,7.6,2,2,0,84.0,4.3,No,No,64.0,65.0,NotPlaced
4224,7.4,1,1,0,75.0,4.3,No,Yes,62.0,66.0,NotPlaced
5705,6.5,1,3,2,71.0,4.2,No,No,80.0,88.0,NotPlaced
4184,8.0,1,1,2,76.0,3.4,Yes,Yes,61.0,66.0,NotPlaced
3650,7.1,2,3,0,80.0,4.3,Yes,Yes,82.0,84.0,Placed
760,8.6,1,2,0,74.0,4.4,No,No,55.0,66.0,Placed
603,8.5,2,3,0,89.0,4.8,Yes,Yes,79.0,80.0,Placed
6537,8.6,1,2,2,81.0,4.3,Yes,Yes,79.0,84.0,Placed
7630,7.6,0,1,0,75.0,4.2,Yes,No,55.0,59.0,NotPlaced
7204,7.4,1,3,0,77.0,4.8,No,Yes,56.0,68.0,NotPlaced
3398,7.2,2,1,1,78.0,4.3,Yes,Yes,90.0,63.0,Placed
1705,8.7,2,3,0,80.0,4.1,Yes,Yes,71.0,78.0,Placed
1944,8.3,1,3,2,85.0,4.1,Yes,Yes,76.0,86.0,Placed
3414,7.5,1,1,1,72.0,4.0,No,Yes,63.0,62.0,NotPlaced
2938,8.3,1,3,2,90.0,4.8,Yes,Yes,79.0,84.0,Placed
3314,6.5,1,2,1,70.0,3.9,No,No,56.0,68.0,NotPlaced
9582,7.7,1,2,0,73.0,4.8,No,Yes,78.0,71.0,NotPlaced
7401,7.9,1,1,0,89.0,4.5,Yes,Yes,78.0,81.0,Placed
4505,7.6,0,2,1,85.0,4.6,No,Yes,72.0,64.0,Placed
1569,7.7,1,3,0,85.0,4.8,Yes,Yes,80.0,68.0,Placed
9643,7.5,1,1,0,63.0,4.1,Yes,Yes,63.0,71.0,NotPlaced
7138,6.6,0,1,2,81.0,4.0,No,Yes,64.0,71.0,NotPlaced
7702,8.4,1,1,2,76.0,4.6,Yes,Yes,74.0,85.0,NotPlaced
4816,7.2,2,1,1,89.0,4.0,Yes,Yes,77.0,83.0,NotPlaced
5618,8.4,1,2,0,79.0,4.3,Yes,Yes,70.0,74.0,Placed
2845,8.4,2,3,2,79.0,4.4,Yes,No,80.0,79.0,NotPlaced
936,6.5,0,1,0,75.0,4.1,No,Yes,83.0,67.0,NotPlaced
8234,8.3,1,2,1,80.0,4.3,Yes,Yes,71.0,84.0,Placed
140,8.9,2,3,2,90.0,4.8,Yes,Yes,69.0,85.0,Placed
6602,7.5,1,3,1,77.0,4.8,No,Yes,69.0,73.0,Placed
8784,8.3,1,3,0,90.0,4.7,Yes,Yes,71.0,86.0,Placed
4868,7.5,2,2,2,90.0,4.2,Yes,Yes,70.0,87.0,NotPlaced
7227,8.2,1,3,0,90.0,4.4,No,Yes,70.0,84.0,NotPlaced
2408,7.4,1,3,2,83.0,4.5,Yes,No,84.0,79.0,Placed
8339,7.9,2,3,2,90.0,4.6,Yes,No,65.0,84.0,NotPlaced
256,8.5,1,3,2,75.0,4.5,Yes,Yes,75.0,84.0,NotPlaced
5096,7.7,0,1,0,79.0,4.0,No,Yes,59.0,59.0,NotPlaced
7977,7.5,0,1,0,68.0,4.1,No,No,57.0,58.0,NotPlaced
8749,6.5,1,2,2,76.0,4.8,No,Yes,81.0,85.0,NotPlaced
8916,7.5,0,1,0,74.0,4.5,Yes,Yes,71.0,80.0,NotPlaced
3205,7.5,0,2,1,74.0,4.5,Yes,Yes,77.0,73.0,Placed
2824,7.5,1,3,3,68.0,4.1,Yes,Yes,67.0,71.0,NotPlaced
3258,7.3,0,1,2,75.0,4.5,Yes,Yes,73.0,79.0,Placed
3429,8.4,1,3,2,83.0,4.8,Yes,Yes,65.0,71.0,Placed
2671,6.8,1,1,0,82.0,4.2,No,No,59.0,72.0,NotPlaced
126,7.7,1,2,0,73.0,4.0,No,Yes,65.0,75.0,Placed
1567,7.7,1,1,1,72.0,4.4,No,No,57.0,65.0,NotPlaced
9466,8.4,0,3,3,80.0,4.6,No,Yes,89.0,73.0,NotPlaced
8383,7.5,1,1,1,68.0,4.5,No,Yes,59.0,63.0,NotPlaced
9157,8.0,2,2,2,87.0,4.8,Yes,No,82.0,83.0,Placed
1947,6.5,1,1,1,60.0,4.0,No,No,55.0,74.0,NotPlaced
1860,6.6,1,2,0,78.0,4.4,No,No,59.0,70.0,NotPlaced
4173,6.9,0,2,0,73.0,4.3,No,No,80.0,66.0,NotPlaced
8398,6.5,1,2,0,76.0,4.5,Yes,Yes,75.0,82.0,NotPlaced
4837,6.6,2,2,0,75.0,4.4,No,No,80.0,62.0,NotPlaced
9682,7.6,1,1,0,74.0,4.2,No,Yes,61.0,61.0,NotPlaced
6491,7.7,2,3,2,90.0,4.8,Yes,Yes,86.0,88.0,Placed
8213,7.7,1,1,1,75.0,4.5,No,Yes,65.0,74.0,NotPlaced
3444,8.6,1,3,2,79.0,4.3,Yes,Yes,88.0,80.0,Placed
2974,8.5,2,3,2,86.0,4.7,Yes,No,76.0,80.0,NotPlaced
3160,6.5,0,1,0,70.0,4.2,Yes,No,64.0,81.0,NotPlaced
1441,8.0,2,3,2,90.0,4.8,Yes,Yes,83.0,87.0,Placed
9689,7.5,1,1,1,77.0,3.7,No,Yes,61.0,62.0,NotPlaced
8215,8.4,2,3,2,90.0,4.8,Yes,Yes,76.0,87.0,Placed
6117,7.6,1,2,1,64.0,3.7,No,Yes,63.0,76.0,Placed
6477,8.5,2,3,2,90.0,4.8,Yes,Yes,85.0,84.0,Placed
8406,8.0,2,1,2,80.0,4.6,Yes,No,77.0,61.0,Placed
6386,8.2,2,3,2,87.0,4.7,Yes,Yes,86.0,71.0,Placed
4472,8.3,0,2,2,77.0,3.8,Yes,Yes,55.0,74.0,NotPlaced
7421,7.7,1,1,0,65.0,3.9,No,No,55.0,72.0,NotPlaced
6955,8.1,1,3,0,86.0,4.5,Yes,Yes,72.0,88.0,Placed
8014,8.0,2,3,2,88.0,4.8,Yes,Yes,82.0,81.0,Placed
3630,8.2,1,3,2,90.0,4.8,Yes,Yes,88.0,85.0,Placed
6320,6.5,1,1,0,87.0,4.3,No,No,55.0,74.0,NotPlaced
1657,8.2,1,2,2,79.0,4.8,Yes,Yes,74.0,70.0,Placed
1101,7.8,1,1,2,81.0,4.8,Yes,Yes,79.0,65.0,Placed
1741,7.5,1,2,0,81.0,4.4,Yes,Yes,69.0,82.0,NotPlaced
4789,8.6,2,1,3,80.0,4.5,Yes,Yes,83.0,81.0,Placed
1480,7.6,0,1,0,65.0,3.4,No,No,59.0,72.0,NotPlaced
1838,7.5,1,2,1,72.0,4.3,No,Yes,57.0,67.0,NotPlaced
1047,7.7,2,3,0,87.0,4.4,Yes,Yes,78.0,82.0,NotPlaced
9435,7.4,1,1,0,65.0,4.0,No,No,62.0,67.0,NotPlaced
8504,6.5,1,2,0,77.0,4.0,No,No,65.0,74.0,NotPlaced
5990,8.7,1,3,3,90.0,4.5,Yes,Yes,79.0,87.0,Placed
5199,7.5,1,3,0,82.0,4.8,Yes,Yes,65.0,80.0,NotPlaced
3538,8.4,1,1,0,74.0,4.3,Yes,Yes,72.0,88.0,NotPlaced
2810,6.5,1,1,0,77.0,3.9,Yes,Yes,78.0,67.0,NotPlaced
1450,7.3,1,2,3,90.0,4.4,No,Yes,64.0,83.0,Placed
3925,8.1,1,3,2,84.0,4.8,Yes,Yes,82.0,84.0,NotPlaced
1119,8.2,1,3,2,90.0,4.8,Yes,Yes,72.0,85.0,Placed
7662,6.8,0,1,0,72.0,4.2,No,No,55.0,69.0,NotPlaced
3801,8.4,2,3,2,90.0,4.8,Yes,Yes,74.0,88.0,Placed
4936,8.4,2,3,2,90.0,4.8,Yes,Yes,69.0,83.0,Placed
4633,8.3,2,3,2,90.0,4.5,Yes,Yes,82.0,85.0,Placed
5451,8.7,1,2,0,80.0,4.5,Yes,Yes,55.0,64.0,Placed
3432,8.2,0,3,2,79.0,3.9,No,Yes,81.0,65.0,NotPlaced
7850,8.0,1,3,0,82.0,3.8,No,No,55.0,66.0,NotPlaced
2039,8.3,1,3,1,90.0,4.8,Yes,Yes,83.0,87.0,Placed
9004,6.9,1,1,0,74.0,4.5,No,Yes,57.0,63.0,NotPlaced
9446,6.7,0,1,1,70.0,4.5,No,No,61.0,61.0,NotPlaced
1941,7.6,1,1,0,66.0,4.1,No,Yes,58.0,69.0,NotPlaced
5398,7.5,1,1,1,69.0,3.6,No,Yes,55.0,71.0,NotPlaced
2702,7.3,0,1,0,81.0,4.2,No,Yes,59.0,60.0,NotPlaced
240,6.7,0,1,1,71.0,4.7,No,Yes,76.0,70.0,NotPlaced
3893,7.4,1,1,2,86.0,4.6,Yes,No,88.0,86.0,NotPlaced
6587,7.4,1,2,1,67.0,3.6,No,Yes,58.0,67.0,NotPlaced
9715,7.4,1,1,0,67.0,3.7,No,Yes,61.0,61.0,NotPlaced
8151,7.5,0,1,1,72.0,4.6,Yes,Yes,55.0,64.0,NotPlaced
4782,7.5,0,1,0,78.0,4.0,No,No,55.0,71.0,NotPlaced
2098,6.9,2,3,0,80.0,4.4,Yes,Yes,74.0,67.0,NotPlaced
7439,8.2,1,3,0,80.0,4.3,Yes,Yes,79.0,68.0,Placed
7036,8.3,1,2,2,79.0,4.6,Yes,Yes,75.0,73.0,Placed
1892,7.7,1,2,2,75.0,4.7,Yes,Yes,79.0,80.0,NotPlaced
3943,7.6,1,1,0,71.0,3.9,No,Yes,55.0,60.0,NotPlaced
7254,8.5,1,2,0,89.0,4.8,Yes,Yes,74.0,82.0,Placed
1385,8.3,1,2,0,73.0,3.6,No,Yes,57.0,71.0,NotPlaced
2787,6.8,1,3,2,83.0,4.7,Yes,No,64.0,80.0,NotPlaced
3474,8.2,1,3,0,84.0,4.7,Yes,Yes,71.0,81.0,Placed
1449,8.2,0,3,1,78.0,4.2,No,No,76.0,78.0,NotPlaced
7172,6.5,1,1,0,74.0,3.9,Yes,Yes,55.0,72.0,NotPlaced
7,7.7,1,1,1,76.0,4.0,No,No,62.0,65.0,NotPlaced
4723,8.1,2,2,1,65.0,4.8,Yes,No,56.0,68.0,NotPlaced
8428,8.7,2,3,2,90.0,4.8,Yes,Yes,74.0,81.0,Placed
2440,6.8,1,2,0,75.0,4.2,No,Yes,77.0,57.0,NotPlaced
4085,8.4,2,2,0,74.0,4.4,Yes,No,79.0,85.0,NotPlaced
7311,8.5,1,1,2,85.0,4.3,Yes,Yes,57.0,61.0,NotPlaced
4503,7.6,1,3,2,72.0,4.2,No,No,55.0,60.0,NotPlaced
1313,7.7,1,2,1,67.0,3.8,No,Yes,75.0,60.0,NotPlaced
9260,8.6,0,3,1,85.0,4.6,Yes,Yes,74.0,81.0,Placed
5224,7.7,0,2,0,76.0,3.7,No,Yes,58.0,67.0,NotPlaced
674,6.7,1,1,0,82.0,3.9,No,Yes,66.0,66.0,Placed
525,7.5,1,3,1,89.0,4.2,No,Yes,72.0,71.0,NotPlaced
2767,8.2,0,3,0,90.0,4.5,Yes,No,88.0,77.0,NotPlaced
4612,7.5,0,1,0,60.0,3.5,No,No,55.0,63.0,NotPlaced
6390,6.5,1,1,0,86.0,3.4,No,Yes,59.0,65.0,NotPlaced
4091,7.4,0,2,1,65.0,4.4,No,No,61.0,70.0,NotPlaced
1191,6.5,2,3,0,85.0,4.0,No,No,55.0,73.0,NotPlaced
7132,7.3,1,3,0,81.0,4.8,Yes,Yes,56.0,66.0,Placed
4797,8.6,1,2,1,70.0,4.1,No,Yes,55.0,68.0,NotPlaced
3583,7.4,0,1,0,70.0,3.2,No,Yes,55.0,57.0,NotPlaced
9068,7.0,0,3,3,76.0,4.5,Yes,Yes,87.0,81.0,Placed
5930,6.6,1,1,0,78.0,4.3,No,Yes,83.0,70.0,NotPlaced
4604,8.1,1,2,0,68.0,4.7,No,Yes,67.0,87.0,Placed
821,7.9,1,2,1,82.0,4.5,Yes,Yes,67.0,63.0,NotPlaced
9212,8.4,0,3,2,90.0,4.8,Yes,Yes,83.0,85.0,Placed
9433,8.1,2,2,0,90.0,4.8,Yes,Yes,71.0,83.0,Placed
8195,8.1,2,3,2,77.0,4.5,Yes,Yes,84.0,68.0,NotPlaced
5561,6.5,1,1,1,83.0,4.4,No,No,55.0,74.0,NotPlaced
2204,6.5,0,2,1,60.0,3.1,No,No,65.0,71.0,NotPlaced
3376,8.2,1,2,2,90.0,4.8,Yes,Yes,74.0,86.0,Placed
6240,8.1,1,3,2,82.0,4.8,Yes,Yes,80.0,68.0,Placed
4021,6.5,1,2,0,76.0,4.2,Yes,Yes,55.0,66.0,NotPlaced
9771,8.1,1,3,2,90.0,4.6,Yes,Yes,76.0,86.0,NotPlaced
5777,8.4,1,1,0,72.0,3.8,No,No,59.0,62.0,NotPlaced
2222,6.5,0,2,0,71.0,3.4,No,Yes,55.0,73.0,NotPlaced
6746,8.2,2,3,2,83.0,4.5,Yes,Yes,84.0,88.0,Placed
947,7.8,0,2,1,66.0,3.6,No,Yes,85.0,66.0,NotPlaced
9028,6.8,2,3,2,84.0,4.8,Yes,Yes,81.0,88.0,Placed
8387,7.7,1,1,0,72.0,4.5,No,Yes,72.0,63.0,Placed
2590,8.5,2,3,2,90.0,4.7,No,Yes,76.0,82.0,Placed
8282,7.7,1,2,1,74.0,4.5,No,No,55.0,68.0,NotPlaced
5427,7.7,1,3,2,90.0,4.4,Yes,Yes,69.0,86.0,Placed
5387,8.2,1,3,2,90.0,4.7,Yes,Yes,76.0,86.0,Placed
5065,6.5,2,1,1,72.0,4.4,No,Yes,55.0,66.0,NotPlaced
6945,8.5,2,3,2,84.0,4.0,Yes,Yes,72.0,80.0,Placed
2483,7.6,1,2,2,76.0,4.5,Yes,Yes,76.0,81.0,NotPlaced
9604,8.4,2,2,0,84.0,3.9,Yes,Yes,76.0,68.0,NotPlaced
6135,8.0,1,3,3,90.0,4.8,Yes,Yes,67.0,84.0,Placed
426,8.7,1,3,0,74.0,4.6,Yes,Yes,86.0,83.0,Placed
2878,7.3,1,2,0,66.0,4.6,No,Yes,59.0,72.0,NotPlaced
2267,7.4,1,1,0,74.0,4.1,No,Yes,56.0,62.0,NotPlaced
269,8.5,1,3,0,82.0,4.4,Yes,Yes,68.0,88.0,Placed
2490,8.2,1,1,2,72.0,4.4,No,No,83.0,68.0,NotPlaced
2513,6.8,1,1,1,78.0,4.1,Yes,No,78.0,86.0,NotPlaced
5806,8.4,2,3,2,89.0,3.9,Yes,Yes,74.0,83.0,Placed
4402,7.9,1,1,1,70.0,3.4,No,No,62.0,71.0,NotPlaced
3218,8.1,2,3,2,89.0,4.5,Yes,Yes,81.0,81.0,NotPlaced
5444,7.4,1,2,0,69.0,3.8,No,No,55.0,64.0,NotPlaced
6740,7.6,2,3,3,77.0,4.1,No,Yes,76.0,57.0,Placed
1863,7.9,0,1,1,74.0,4.4,No,No,59.0,65.0,NotPlaced
1955,6.5,0,2,1,77.0,4.1,Yes,No,55.0,68.0,NotPlaced
2684,6.5,1,2,0,73.0,3.6,Yes,Yes,84.0,72.0,NotPlaced
8560,7.7,1,2,1,72.0,4.5,No,Yes,55.0,65.0,NotPlaced
6430,8.5,1,1,2,77.0,4.6,No,Yes,55.0,82.0,Placed
5014,8.2,1,1,0,71.0,3.6,Yes,Yes,55.0,65.0,NotPlaced
5294,8.4,0,3,2,90.0,4.8,Yes,Yes,88.0,84.0,Placed
3980,8.7,2,3,2,90.0,4.8,Yes,Yes,79.0,85.0,Placed
9396,7.5,1,1,1,70.0,3.8,No,No,55.0,63.0,NotPlaced
5135,8.0,2,3,2,90.0,4.4,Yes,Yes,80.0,88.0,Placed
6659,8.5,1,1,1,71.0,4.0,Yes,Yes,59.0,83.0,NotPlaced
8547,8.1,1,2,0,79.0,4.3,No,Yes,55.0,67.0,NotPlaced
1979,7.3,1,1,1,70.0,3.8,No,No,56.0,71.0,NotPlaced
7667,6.7,0,1,1,71.0,4.2,No,No,55.0,69.0,NotPlaced
7632,7.5,1,1,0,71.0,3.7,No,Yes,73.0,71.0,NotPlaced
7842,6.5,1,3,1,70.0,4.2,Yes,Yes,69.0,71.0,NotPlaced
9115,7.6,0,2,1,74.0,4.8,Yes,Yes,81.0,72.0,Placed
8114,7.9,1,2,0,90.0,4.1,Yes,Yes,77.0,78.0,Placed
7335,7.8,0,1,0,74.0,4.5,No,No,55.0,69.0,NotPlaced
7284,7.3,1,1,0,74.0,4.3,No,No,57.0,69.0,NotPlaced
4801,7.3,1,1,0,71.0,3.8,Yes,No,61.0,64.0,NotPlaced
239,8.5,2,3,2,90.0,4.8,Yes,Yes,80.0,79.0,Placed
5208,8.6,1,1,2,73.0,3.8,Yes,No,64.0,64.0,NotPlaced
2956,8.3,1,3,2,74.0,4.7,Yes,Yes,78.0,84.0,NotPlaced
2481,6.6,1,1,1,77.0,3.0,No,No,57.0,68.0,NotPlaced
477,8.0,2,1,0,74.0,4.1,No,Yes,80.0,67.0,Placed
8023,7.2,1,2,2,75.0,4.3,No,Yes,75.0,75.0,NotPlaced
8630,6.5,2,3,2,80.0,4.0,Yes,Yes,72.0,86.0,Placed
6764,6.9,1,2,1,72.0,3.5,No,Yes,58.0,70.0,NotPlaced
7009,8.1,2,1,3,79.0,4.0,Yes,Yes,78.0,79.0,Placed
9926,7.6,1,3,1,74.0,4.0,Yes,Yes,72.0,81.0,NotPlaced
5687,8.1,0,2,0,84.0,4.7,No,Yes,61.0,69.0,NotPlaced
2601,7.9,0,1,0,69.0,3.8,No,Yes,66.0,61.0,NotPlaced
1078,7.4,1,1,0,78.0,3.9,No,No,55.0,80.0,NotPlaced
2321,7.6,1,2,0,79.0,4.1,No,Yes,71.0,62.0,NotPlaced
7575,6.7,0,2,0,70.0,3.0,No,Yes,55.0,69.0,NotPlaced
4626,6.8,1,1,1,67.0,4.1,No,No,59.0,66.0,NotPlaced
1054,8.3,1,2,1,71.0,3.9,No,No,55.0,66.0,NotPlaced
3479,7.6,1,1,1,71.0,4.2,No,No,57.0,75.0,NotPlaced
805,8.2,1,3,2,71.0,4.8,Yes,Yes,73.0,70.0,NotPlaced
3023,7.7,0,2,2,72.0,4.8,Yes,No,85.0,67.0,NotPlaced
4656,8.3,1,1,2,79.0,3.7,Yes,Yes,82.0,76.0,Placed
3453,6.7,0,2,1,73.0,4.2,No,Yes,63.0,62.0,NotPlaced
4123,7.6,1,2,0,73.0,4.2,No,Yes,90.0,87.0,NotPlaced
4059,7.2,0,1,0,73.0,4.1,No,Yes,55.0,69.0,Placed
3974,7.6,1,0,0,84.0,4.8,Yes,Yes,60.0,69.0,Placed
7536,8.5,1,2,0,84.0,4.5,Yes,Yes,77.0,81.0,NotPlaced
9280,7.8,0,2,0,71.0,4.4,No,Yes,55.0,66.0,NotPlaced
5508,7.0,1,2,0,67.0,3.5,No,Yes,55.0,63.0,NotPlaced
1841,7.7,1,1,0,69.0,3.8,No,No,57.0,65.0,NotPlaced
9928,6.5,1,1,0,82.0,4.1,No,Yes,64.0,65.0,NotPlaced
686,8.7,0,1,2,82.0,4.5,Yes,Yes,73.0,86.0,Placed
8438,7.5,1,3,1,84.0,4.6,No,No,81.0,62.0,NotPlaced
860,6.5,1,2,0,84.0,4.3,No,Yes,80.0,69.0,NotPlaced
1464,7.5,1,2,1,71.0,4.3,No,Yes,62.0,74.0,NotPlaced
5619,7.4,1,2,1,78.0,4.6,No,Yes,67.0,68.0,NotPlaced
1882,7.9,0,2,0,87.0,4.4,Yes,Yes,74.0,70.0,Placed
215,6.6,1,1,1,71.0,4.3,No,No,70.0,66.0,NotPlaced
3516,7.6,1,2,0,75.0,3.5,No,Yes,61.0,76.0,NotPlaced
3988,8.1,1,1,0,85.0,3.1,No,Yes,55.0,65.0,NotPlaced
3392,8.0,1,2,1,82.0,4.4,No,Yes,81.0,65.0,Placed
960,6.6,1,3,0,81.0,4.4,No,Yes,76.0,65.0,NotPlaced
1328,6.5,1,1,1,67.0,3.6,No,No,58.0,67.0,NotPlaced
5016,6.5,1,1,1,71.0,3.7,No,Yes,67.0,64.0,NotPlaced
9799,6.6,0,3,0,85.0,4.0,Yes,No,64.0,62.0,Placed
2496,7.4,1,1,1,66.0,4.0,No,Yes,55.0,67.0,NotPlaced
9650,7.4,1,2,1,77.0,3.6,No,No,55.0,68.0,NotPlaced
6438,7.2,2,2,0,88.0,4.8,No,Yes,55.0,65.0,NotPlaced
8092,8.5,1,1,1,84.0,4.6,No,Yes,71.0,81.0,NotPlaced
3637,8.2,1,2,3,68.0,4.4,Yes,Yes,75.0,82.0,Placed
2678,7.2,1,2,3,78.0,4.5,Yes,Yes,70.0,74.0,NotPlaced
9955,6.5,0,1,0,74.0,4.4,Yes,Yes,72.0,64.0,NotPlaced
4453,7.7,1,2,0,80.0,4.1,Yes,Yes,73.0,62.0,NotPlaced
8979,6.5,1,3,2,77.0,4.5,No,Yes,73.0,67.0,Placed
7423,7.5,0,1,1,66.0,4.1,Yes,Yes,58.0,67.0,NotPlaced
5897,8.0,1,3,2,90.0,4.7,Yes,Yes,76.0,88.0,Placed
119,6.5,1,2,1,78.0,4.2,No,No,62.0,62.0,NotPlaced
9392,7.8,1,3,2,90.0,4.0,Yes,Yes,72.0,84.0,NotPlaced
5536,8.2,2,3,2,90.0,4.8,Yes,Yes,83.0,87.0,Placed
4635,8.0,0,1,0,75.0,3.6,No,Yes,67.0,84.0,NotPlaced
6429,8.3,0,3,2,84.0,4.4,Yes,Yes,76.0,88.0,Placed
8,7.7,2,1,0,85.0,3.5,Yes,Yes,59.0,72.0,NotPlaced
9225,7.7,2,3,1,90.0,4.8,Yes,Yes,80.0,87.0,NotPlaced
1889,7.3,0,2,0,81.0,4.2,No,Yes,56.0,71.0,NotPlaced
6783,7.7,0,1,2,83.0,4.4,Yes,Yes,56.0,61.0,Placed
2944,8.1,2,1,0,86.0,4.3,Yes,Yes,72.0,80.0,NotPlaced
1973,8.2,1,1,0,75.0,4.1,Yes,No,65.0,70.0,NotPlaced
4229,6.8,1,1,0,71.0,4.5,No,No,63.0,69.0,NotPlaced
1769,8.6,2,3,1,86.0,4.8,Yes,No,77.0,85.0,Placed
9398,6.5,1,1,0,79.0,3.8,No,Yes,55.0,72.0,Placed
8567,8.0,2,3,2,89.0,4.5,Yes,Yes,76.0,87.0,Placed
6260,7.4,1,2,2,69.0,3.8,No,Yes,57.0,67.0,NotPlaced
95,7.7,2,2,2,85.0,4.8,Yes,Yes,74.0,83.0,NotPlaced
3964,6.7,0,1,0,74.0,4.2,Yes,Yes,55.0,68.0,NotPlaced
7807,6.5,1,1,1,65.0,3.0,No,No,61.0,79.0,NotPlaced
6419,9.0,0,1,1,70.0,3.5,Yes,No,56.0,61.0,Placed
1788,8.2,1,3,2,85.0,4.6,Yes,Yes,86.0,78.0,Placed
4865,6.5,1,3,2,84.0,4.6,No,Yes,55.0,71.0,Placed
9533,6.9,1,1,1,65.0,3.0,No,No,61.0,63.0,NotPlaced
3504,7.6,1,1,0,65.0,3.1,No,No,58.0,69.0,NotPlaced
6066,7.5,1,1,0,78.0,3.6,No,No,57.0,68.0,NotPlaced
1193,7.6,1,1,1,77.0,4.5,No,No,82.0,64.0,NotPlaced
1227,8.9,2,1,2,90.0,3.7,Yes,Yes,62.0,69.0,Placed
1469,8.5,0,3,2,84.0,4.1,Yes,Yes,84.0,84.0,NotPlaced
3387,8.8,2,1,2,83.0,4.8,Yes,Yes,84.0,83.0,Placed
1197,6.8,1,1,0,78.0,3.7,No,Yes,61.0,65.0,Placed
1177,8.2,0,1,2,88.0,4.6,Yes,No,75.0,58.0,Placed
4208,6.9,1,2,2,77.0,4.0,No,Yes,55.0,64.0,NotPlaced
5643,7.7,0,1,1,87.0,3.9,Yes,No,75.0,82.0,NotPlaced
2264,7.4,0,1,0,85.0,3.9,No,Yes,68.0,63.0,NotPlaced
8839,6.9,1,1,0,78.0,4.2,Yes,Yes,66.0,69.0,Placed
8682,8.1,0,2,0,73.0,4.7,Yes,Yes,78.0,67.0,NotPlaced
5120,7.9,1,3,2,89.0,4.6,Yes,Yes,83.0,86.0,Placed
1050,8.5,1,3,2,88.0,4.2,Yes,Yes,87.0,88.0,Placed
8819,6.6,1,1,2,86.0,4.7,No,No,55.0,69.0,Placed
178,8.5,1,3,2,90.0,4.8,Yes,Yes,61.0,86.0,Placed
6521,6.5,0,2,0,73.0,4.1,No,No,59.0,69.0,NotPlaced
3208,7.6,0,2,0,79.0,3.8,No,Yes,55.0,63.0,NotPlaced
9087,6.6,0,1,0,67.0,3.3,No,Yes,55.0,69.0,NotPlaced
4279,8.2,2,3,2,90.0,4.8,Yes,Yes,79.0,88.0,Placed
8081,8.1,1,3,3,77.0,4.1,Yes,Yes,74.0,85.0,Placed
1630,6.8,0,2,1,72.0,4.4,No,No,62.0,62.0,NotPlaced
4286,7.5,0,2,1,87.0,4.1,Yes,Yes,68.0,68.0,NotPlaced
8035,8.3,0,3,2,83.0,4.3,Yes,Yes,76.0,84.0,Placed
7331,8.4,0,2,2,87.0,4.3,Yes,Yes,77.0,67.0,NotPlaced
1807,8.2,0,3,2,90.0,4.8,Yes,Yes,79.0,81.0,Placed
5607,7.6,1,2,0,76.0,4.0,No,No,62.0,61.0,NotPlaced
1064,6.5,1,1,0,80.0,3.8,No,No,61.0,65.0,Placed
5487,7.2,1,1,1,68.0,3.4,No,No,55.0,63.0,NotPlaced
4952,6.5,2,1,1,73.0,4.3,Yes,No,86.0,81.0,NotPlaced
6562,6.5,1,1,2,74.0,4.7,Yes,Yes,66.0,67.0,NotPlaced
5747,7.6,0,1,1,70.0,3.9,No,Yes,61.0,71.0,NotPlaced
6149,7.7,2,3,2,90.0,4.8,Yes,Yes,82.0,81.0,Placed
6530,7.6,1,3,1,74.0,4.3,Yes,Yes,68.0,64.0,Placed
859,8.6,2,3,2,90.0,4.8,Yes,Yes,79.0,82.0,Placed
6413,7.5,1,1,0,67.0,3.8,No,No,66.0,59.0,NotPlaced
481,7.6,1,1,0,66.0,3.7,Yes,Yes,65.0,60.0,NotPlaced
7042,7.6,1,2,0,87.0,4.2,Yes,Yes,56.0,72.0,NotPlaced
3145,7.6,1,3,0,81.0,4.7,Yes,Yes,79.0,82.0,Placed
1386,7.5,0,1,1,83.0,3.9,No,No,61.0,66.0,NotPlaced
897,7.1,1,2,0,84.0,4.6,No,Yes,71.0,61.0,Placed
5162,7.8,1,2,2,76.0,4.4,No,Yes,55.0,67.0,NotPlaced
971,8.8,2,3,2,90.0,4.8,Yes,Yes,80.0,80.0,Placed
8917,6.6,1,2,0,78.0,4.1,Yes,No,74.0,64.0,NotPlaced
8149,8.2,2,3,2,87.0,4.8,Yes,Yes,74.0,87.0,Placed
2163,7.8,0,1,0,61.0,3.8,No,No,60.0,71.0,NotPlaced
3345,7.4,0,2,0,71.0,3.8,No,No,55.0,64.0,NotPlaced
9593,7.5,1,3,2,88.0,4.5,Yes,Yes,70.0,84.0,Placed
6855,7.4,1,2,1,82.0,4.5,No,Yes,59.0,66.0,NotPlaced
4096,8.5,2,3,2,82.0,4.7,Yes,Yes,75.0,88.0,Placed
6192,6.8,0,3,0,70.0,3.9,Yes,Yes,61.0,67.0,NotPlaced
3104,7.9,2,1,1,80.0,4.7,Yes,Yes,85.0,84.0,Placed
1656,6.5,1,1,1,73.0,3.9,No,No,67.0,70.0,NotPlaced
4464,7.2,1,1,1,72.0,4.0,No,Yes,55.0,69.0,Placed
8587,8.1,1,3,0,74.0,4.0,Yes,Yes,62.0,83.0,Placed
8872,7.6,2,2,2,60.0,4.4,No,No,55.0,61.0,NotPlaced
1678,7.0,1,1,0,82.0,4.6,Yes,No,71.0,79.0,NotPlaced
5330,8.3,1,1,1,77.0,3.6,No,Yes,55.0,67.0,NotPlaced
7748,6.7,0,1,1,76.0,3.9,No,Yes,55.0,65.0,NotPlaced
1271,8.2,0,1,2,86.0,4.4,Yes,No,79.0,72.0,Placed
7022,8.1,2,3,2,81.0,4.5,Yes,Yes,76.0,71.0,Placed
6361,6.5,1,2,0,79.0,4.4,No,Yes,58.0,74.0,Placed
3730,7.4,2,3,0,78.0,4.8,Yes,Yes,78.0,71.0,Placed
7366,6.8,1,1,0,68.0,4.2,No,Yes,55.0,63.0,NotPlaced
1666,8.6,1,2,0,87.0,4.8,Yes,Yes,74.0,76.0,Placed
1290,7.0,0,2,1,67.0,3.8,Yes,No,75.0,67.0,NotPlaced
6019,7.4,0,2,0,72.0,3.5,No,Yes,67.0,66.0,NotPlaced
8298,7.7,1,2,3,78.0,4.4,No,No,71.0,68.0,NotPlaced
2755,8.2,1,2,2,80.0,4.4,Yes,Yes,68.0,87.0,Placed
1136,7.4,0,1,1,68.0,4.1,No,Yes,55.0,74.0,NotPlaced
5794,7.7,2,1,0,68.0,4.6,No,No,65.0,62.0,NotPlaced
8440,7.6,1,2,0,70.0,4.2,No,No,56.0,74.0,NotPlaced
4858,7.6,1,1,1,63.0,4.5,No,No,70.0,63.0,NotPlaced
809,8.4,1,3,2,90.0,4.7,Yes,Yes,79.0,88.0,Placed
4826,7.4,0,2,1,79.0,4.6,No,Yes,61.0,67.0,NotPlaced
6472,8.1,0,2,1,79.0,4.3,No,Yes,58.0,78.0,NotPlaced
1670,6.7,1,1,1,75.0,4.3,No,Yes,65.0,67.0,NotPlaced
2594,7.5,1,2,1,76.0,4.2,No,Yes,55.0,71.0,NotPlaced
8534,6.5,1,1,1,66.0,3.7,No,Yes,56.0,57.0,NotPlaced
3424,6.7,1,1,0,76.0,4.6,Yes,No,79.0,65.0,Placed
5196,7.8,1,2,0,84.0,4.5,No,No,55.0,62.0,NotPlaced
9113,6.5,1,1,1,84.0,4.0,Yes,Yes,68.0,81.0,Placed
7083,6.5,1,3,1,87.0,4.7,No,Yes,55.0,67.0,NotPlaced
5511,6.7,1,1,0,75.0,3.1,Yes,Yes,55.0,67.0,NotPlaced
6232,7.7,1,1,2,80.0,4.5,Yes,Yes,81.0,83.0,NotPlaced
9999,8.9,0,3,2,87.0,4.8,Yes,Yes,71.0,85.0,Placed
268,8.0,1,2,1,76.0,4.5,No,Yes,68.0,75.0,NotPlaced
2326,7.4,2,3,1,79.0,4.4,No,Yes,75.0,73.0,NotPlaced
4909,8.4,1,2,1,87.0,4.7,No,Yes,76.0,67.0,NotPlaced
151,8.4,2,3,2,90.0,4.8,Yes,Yes,90.0,85.0,Placed
2514,7.7,1,2,0,68.0,3.7,No,Yes,74.0,71.0,NotPlaced
9214,7.7,1,2,0,83.0,4.6,Yes,Yes,71.0,82.0,NotPlaced
1768,8.3,2,3,2,90.0,4.8,Yes,Yes,83.0,85.0,Placed
8580,6.8,2,3,0,80.0,4.4,No,Yes,74.0,85.0,Placed
8206,6.5,1,1,2,69.0,4.2,Yes,No,57.0,65.0,NotPlaced
7358,8.1,1,3,0,87.0,4.7,Yes,Yes,83.0,85.0,Placed
8469,6.6,0,1,0,68.0,4.8,No,No,55.0,71.0,Placed
3281,6.5,1,1,2,90.0,4.8,Yes,No,75.0,80.0,NotPlaced
8930,8.6,0,3,2,78.0,4.2,Yes,No,62.0,74.0,NotPlaced
5935,8.9,2,3,0,90.0,4.8,Yes,Yes,71.0,84.0,Placed
9054,8.5,1,2,1,66.0,3.9,No,Yes,63.0,72.0,NotPlaced
6870,6.5,1,1,1,81.0,4.8,No,Yes,55.0,64.0,NotPlaced
9523,7.7,0,1,1,68.0,3.3,No,Yes,58.0,70.0,NotPlaced
3493,7.8,2,3,0,89.0,4.5,Yes,Yes,77.0,82.0,Placed
4549,7.7,1,3,2,81.0,4.8,No,Yes,55.0,73.0,NotPlaced
4406,8.8,2,2,2,89.0,4.8,Yes,Yes,86.0,85.0,NotPlaced
4205,8.5,1,3,2,90.0,4.8,Yes,Yes,83.0,84.0,Placed
4991,6.6,0,1,1,68.0,3.8,No,No,64.0,67.0,NotPlaced
7757,7.5,0,3,1,74.0,4.8,Yes,Yes,76.0,71.0,NotPlaced
6266,8.7,0,3,0,72.0,4.7,No,No,55.0,66.0,NotPlaced
3795,7.6,2,2,1,71.0,4.0,Yes,Yes,61.0,66.0,NotPlaced
7541,7.9,1,2,0,77.0,4.2,No,Yes,75.0,63.0,NotPlaced
4981,8.5,2,3,2,90.0,4.8,Yes,Yes,82.0,87.0,Placed
7767,6.5,1,3,2,85.0,4.8,Yes,Yes,55.0,70.0,NotPlaced
3377,8.2,2,3,2,87.0,4.6,Yes,No,87.0,86.0,Placed
6935,7.6,1,1,1,83.0,4.3,Yes,Yes,68.0,66.0,Placed
991,7.6,0,3,2,85.0,3.7,Yes,Yes,80.0,83.0,NotPlaced
5817,8.5,1,1,2,87.0,4.5,Yes,Yes,67.0,67.0,Placed
5567,6.5,2,1,0,60.0,4.5,No,No,67.0,72.0,NotPlaced
3877,7.9,1,3,2,90.0,4.8,Yes,Yes,90.0,82.0,Placed
3809,6.5,1,2,1,82.0,4.0,No,Yes,74.0,74.0,NotPlaced
5059,8.0,1,3,2,81.0,4.0,Yes,Yes,81.0,86.0,Placed
3735,7.7,1,3,2,78.0,3.9,Yes,Yes,59.0,65.0,NotPlaced
1771,8.4,1,2,3,75.0,3.8,Yes,Yes,66.0,71.0,NotPlaced
8337,7.9,2,3,2,82.0,4.8,Yes,Yes,90.0,84.0,Placed
1974,6.5,1,1,0,85.0,3.7,No,No,60.0,74.0,NotPlaced
1930,8.3,2,3,2,90.0,4.8,Yes,Yes,83.0,87.0,Placed
5428,7.9,1,3,1,76.0,3.8,Yes,No,68.0,65.0,NotPlaced
911,7.8,2,3,0,82.0,4.3,Yes,Yes,72.0,88.0,Placed
8614,7.3,1,2,1,86.0,4.3,No,Yes,68.0,64.0,NotPlaced
5818,8.3,2,3,1,90.0,4.8,Yes,Yes,69.0,83.0,Placed
8606,7.5,1,1,0,76.0,4.0,Yes,No,55.0,67.0,NotPlaced
1505,7.9,1,3,2,85.0,4.6,Yes,Yes,71.0,88.0,Placed
8304,8.4,2,3,2,90.0,4.7,Yes,Yes,74.0,84.0,Placed
1548,8.1,2,3,1,90.0,4.5,Yes,Yes,81.0,86.0,Placed
5746,7.7,2,1,0,83.0,4.6,No,Yes,63.0,64.0,NotPlaced
4708,7.9,0,1,0,88.0,4.3,Yes,Yes,73.0,81.0,NotPlaced
649,7.6,1,2,0,79.0,4.3,Yes,Yes,79.0,69.0,Placed
3324,7.0,1,2,1,78.0,4.8,Yes,Yes,55.0,68.0,NotPlaced
294,7.7,2,3,2,78.0,4.6,Yes,Yes,78.0,83.0,NotPlaced
8927,7.4,1,1,0,72.0,4.2,Yes,Yes,55.0,66.0,Placed
8113,8.2,2,3,2,90.0,4.6,Yes,Yes,85.0,85.0,Placed
5228,8.2,2,3,2,90.0,4.8,Yes,Yes,70.0,84.0,Placed
5329,6.8,1,1,1,60.0,3.6,No,Yes,55.0,68.0,NotPlaced
3756,7.6,2,3,1,80.0,4.3,Yes,Yes,57.0,70.0,NotPlaced
5612,8.1,1,2,1,73.0,4.2,No,Yes,83.0,87.0,NotPlaced
4177,8.3,1,3,1,90.0,4.8,Yes,Yes,70.0,79.0,Placed
7936,7.7,1,1,1,65.0,3.5,No,No,60.0,69.0,NotPlaced
5845,7.8,1,3,2,87.0,4.8,Yes,Yes,67.0,88.0,Placed
8762,7.7,1,3,2,78.0,4.4,Yes,No,83.0,85.0,NotPlaced
9246,8.0,2,3,2,90.0,4.8,Yes,Yes,69.0,86.0,Placed
3540,8.6,2,3,0,71.0,4.2,Yes,Yes,79.0,86.0,Placed
5350,7.7,1,1,0,71.0,3.5,No,Yes,59.0,64.0,NotPlaced
6944,8.2,2,3,2,86.0,4.5,No,No,77.0,80.0,NotPlaced
1090,8.5,2,3,2,90.0,4.8,Yes,Yes,73.0,88.0,Placed
3003,6.5,1,1,1,64.0,3.4,No,No,56.0,61.0,NotPlaced
7694,8.2,2,1,2,90.0,4.5,Yes,No,66.0,83.0,NotPlaced
1084,7.4,0,1,1,73.0,4.4,No,No,55.0,57.0,NotPlaced
474,7.8,0,3,2,77.0,4.2,Yes,Yes,83.0,76.0,NotPlaced
7099,7.6,1,3,2,90.0,4.8,Yes,Yes,60.0,83.0,NotPlaced
722,7.6,1,2,0,86.0,4.0,Yes,Yes,62.0,70.0,NotPlaced
6759,7.8,0,3,1,90.0,4.7,No,No,75.0,74.0,Placed
4008,8.6,1,2,2,90.0,4.5,Yes,Yes,83.0,81.0,NotPlaced
4939,8.5,1,2,2,90.0,4.6,Yes,Yes,79.0,84.0,Placed
9714,8.2,2,3,2,90.0,4.8,Yes,Yes,80.0,85.0,Placed
9981,8.6,1,2,0,87.0,4.3,Yes,Yes,69.0,69.0,NotPlaced
186,6.5,0,1,0,78.0,3.7,Yes,Yes,75.0,69.0,NotPlaced
1547,7.3,1,1,1,84.0,3.9,No,No,55.0,62.0,NotPlaced
830,7.4,0,1,1,69.0,3.5,No,No,69.0,63.0,NotPlaced
4872,8.6,1,2,0,77.0,4.5,Yes,Yes,80.0,84.0,Placed
2733,7.4,1,2,1,71.0,4.3,Yes,Yes,67.0,73.0,NotPlaced
6329,7.6,1,2,1,86.0,4.2,No,No,55.0,70.0,NotPlaced
9595,8.3,1,1,1,68.0,4.3,Yes,Yes,79.0,66.0,NotPlaced
635,8.6,2,3,2,87.0,4.4,Yes,Yes,69.0,86.0,Placed
4935,6.7,1,2,1,68.0,4.3,No,Yes,56.0,68.0,NotPlaced
9524,7.7,1,1,0,78.0,4.3,No,No,56.0,67.0,NotPlaced
5110,7.8,1,2,0,80.0,4.7,Yes,Yes,55.0,66.0,NotPlaced
7956,8.6,1,2,2,77.0,4.3,No,No,55.0,59.0,Placed
4569,8.1,1,2,1,68.0,4.8,Yes,Yes,76.0,74.0,Placed
7478,6.9,2,2,0,68.0,3.2,No,Yes,55.0,65.0,NotPlaced
3480,7.9,2,3,2,89.0,4.4,Yes,Yes,89.0,86.0,Placed
9757,7.6,1,1,1,73.0,3.9,No,Yes,64.0,76.0,NotPlaced
7091,8.0,0,3,2,81.0,4.5,Yes,Yes,85.0,88.0,Placed
4356,7.6,0,1,0,68.0,4.0,No,Yes,56.0,70.0,NotPlaced
6418,8.3,1,3,1,88.0,4.8,Yes,Yes,79.0,86.0,Placed
5232,8.6,0,3,2,81.0,4.8,Yes,Yes,82.0,84.0,Placed
8354,8.6,2,3,2,90.0,4.8,Yes,Yes,89.0,84.0,Placed
9630,6.7,1,1,0,81.0,4.8,No,No,59.0,67.0,NotPlaced
8834,6.5,1,2,0,76.0,4.3,No,No,58.0,66.0,NotPlaced
7797,7.8,2,3,2,90.0,4.8,Yes,No,81.0,87.0,NotPlaced
2715,6.5,1,1,1,79.0,4.2,Yes,Yes,82.0,69.0,Placed
4976,7.4,1,2,1,74.0,3.9,No,Yes,76.0,74.0,NotPlaced
5688,8.5,2,3,2,71.0,4.6,Yes,Yes,74.0,83.0,Placed
2609,7.8,2,3,0,81.0,4.5,Yes,Yes,77.0,81.0,NotPlaced
2007,7.3,1,1,0,69.0,3.9,Yes,Yes,58.0,60.0,NotPlaced
3343,7.0,1,1,1,78.0,4.7,No,No,55.0,69.0,NotPlaced
2025,6.5,1,2,0,85.0,3.4,No,Yes,57.0,71.0,NotPlaced
226,7.4,1,1,0,74.0,3.5,No,Yes,67.0,62.0,NotPlaced
4155,7.4,1,1,0,78.0,4.0,Yes,Yes,82.0,67.0,Placed
577,6.5,2,3,1,84.0,4.7,Yes,Yes,85.0,83.0,Placed
3445,8.2,2,3,2,75.0,4.2,Yes,Yes,75.0,81.0,Placed
1318,7.2,0,2,0,77.0,4.6,No,No,61.0,71.0,NotPlaced
1027,7.8,1,3,2,87.0,4.3,Yes,Yes,73.0,72.0,Placed
1266,8.6,1,3,1,90.0,4.8,Yes,Yes,72.0,83.0,NotPlaced
6668,6.6,1,2,0,77.0,4.4,No,Yes,58.0,71.0,NotPlaced
114,8.6,2,3,0,81.0,4.7,Yes,No,71.0,83.0,Placed
3789,7.6,0,1,1,62.0,4.1,No,No,55.0,64.0,NotPlaced
8908,7.4,1,3,1,68.0,3.4,Yes,Yes,60.0,74.0,NotPlaced
224,7.9,2,3,2,90.0,4.8,Yes,No,81.0,78.0,NotPlaced
9869,7.6,1,2,0,90.0,4.8,Yes,Yes,55.0,81.0,NotPlaced
4237,6.5,1,1,0,65.0,4.3,No,No,58.0,69.0,NotPlaced
1600,6.8,1,1,1,60.0,4.4,No,Yes,62.0,66.0,NotPlaced
8745,7.6,0,1,1,80.0,3.9,No,No,55.0,66.0,NotPlaced
9646,8.5,1,3,2,90.0,4.3,Yes,Yes,71.0,85.0,Placed
5073,7.4,1,1,1,82.0,4.1,No,No,60.0,65.0,NotPlaced
4037,6.8,1,1,0,68.0,3.1,No,No,55.0,68.0,NotPlaced
2799,7.9,1,1,0,80.0,3.8,No,No,55.0,72.0,NotPlaced
6089,7.6,1,2,0,72.0,3.7,No,No,55.0,64.0,NotPlaced
7819,6.6,1,1,0,74.0,4.7,Yes,No,68.0,64.0,NotPlaced
4796,7.4,1,2,0,79.0,4.2,No,Yes,79.0,71.0,Placed
6869,8.7,1,3,2,85.0,4.8,Yes,Yes,80.0,80.0,Placed
9198,8.1,1,2,2,85.0,4.4,No,Yes,72.0,84.0,NotPlaced
8066,8.7,2,3,2,90.0,4.8,Yes,Yes,80.0,79.0,Placed
4625,7.6,1,2,0,78.0,3.8,No,No,71.0,64.0,NotPlaced
8858,6.7,1,1,0,80.0,3.8,No,Yes,62.0,64.0,NotPlaced
4206,8.3,2,3,2,81.0,4.1,Yes,No,82.0,79.0,Placed
4539,7.8,1,1,0,77.0,3.8,No,No,55.0,57.0,NotPlaced
1531,7.5,1,1,1,74.0,4.0,No,No,55.0,70.0,NotPlaced
734,6.7,1,1,1,65.0,4.0,No,Yes,64.0,61.0,NotPlaced
8557,7.5,1,1,1,76.0,4.0,No,Yes,55.0,70.0,NotPlaced
9759,8.2,1,3,0,79.0,4.3,Yes,No,58.0,77.0,NotPlaced
9891,7.4,1,2,1,75.0,4.0,No,Yes,56.0,68.0,NotPlaced
7340,7.6,1,3,2,90.0,4.8,Yes,Yes,74.0,83.0,NotPlaced
6619,6.8,1,3,0,80.0,4.4,Yes,No,78.0,67.0,NotPlaced
5171,8.4,2,3,2,90.0,4.8,Yes,Yes,76.0,88.0,Placed
3122,6.6,0,1,2,79.0,4.2,Yes,No,69.0,84.0,Placed
4118,7.6,1,2,0,71.0,4.3,Yes,Yes,86.0,69.0,Placed
4756,8.4,2,3,2,89.0,4.8,Yes,Yes,87.0,83.0,Placed
473,8.4,2,1,2,81.0,4.7,Yes,Yes,77.0,82.0,NotPlaced
8841,6.5,0,1,1,81.0,4.1,No,No,71.0,69.0,NotPlaced
6378,7.4,1,1,1,67.0,3.1,No,Yes,55.0,63.0,NotPlaced
5064,7.6,1,1,1,82.0,4.3,No,No,62.0,60.0,Placed
8973,7.8,1,3,2,90.0,4.8,Yes,Yes,75.0,86.0,Placed
7393,7.8,1,3,1,89.0,4.8,Yes,Yes,75.0,85.0,Placed
3674,6.5,1,1,0,83.0,3.6,No,Yes,55.0,70.0,NotPlaced
3309,8.2,0,3,2,90.0,4.8,Yes,Yes,78.0,87.0,Placed
5090,7.4,1,1,1,61.0,4.1,No,Yes,55.0,69.0,NotPlaced
959,7.9,2,3,2,87.0,4.5,No,Yes,74.0,67.0,NotPlaced
59,8.0,1,1,0,86.0,4.2,No,No,55.0,83.0,NotPlaced
9472,8.7,2,3,2,90.0,4.8,Yes,Yes,79.0,84.0,Placed
5997,7.5,1,2,0,79.0,4.2,No,Yes,55.0,71.0,NotPlaced
4066,8.5,1,3,1,72.0,4.1,Yes,Yes,72.0,87.0,Placed
6061,7.5,1,1,0,84.0,4.3,No,Yes,55.0,59.0,NotPlaced
9343,8.2,1,3,0,80.0,4.5,Yes,Yes,76.0,82.0,Placed
8155,7.8,2,3,2,90.0,4.7,Yes,Yes,78.0,82.0,Placed
4774,8.3,1,3,2,90.0,4.3,Yes,Yes,80.0,84.0,Placed
7057,7.9,2,3,2,90.0,4.8,Yes,Yes,70.0,83.0,Placed
856,7.6,0,1,1,85.0,4.1,No,Yes,56.0,68.0,Placed
9172,7.9,0,2,0,82.0,4.2,Yes,Yes,75.0,60.0,Placed
413,7.8,0,1,1,63.0,4.5,No,No,61.0,65.0,NotPlaced
7302,7.5,0,2,1,73.0,3.6,No,Yes,55.0,65.0,NotPlaced
4400,6.8,1,2,0,81.0,4.2,Yes,Yes,72.0,84.0,NotPlaced
2589,7.3,2,2,1,85.0,4.8,No,No,56.0,69.0,NotPlaced
573,8.4,0,3,2,79.0,4.5,Yes,Yes,75.0,64.0,NotPlaced
8633,7.8,0,2,1,62.0,3.6,No,No,55.0,66.0,NotPlaced
8306,7.8,1,3,2,83.0,4.6,No,Yes,70.0,82.0,Placed
5693,8.7,2,3,2,90.0,4.7,Yes,Yes,77.0,88.0,Placed
5322,6.6,1,2,0,73.0,4.3,Yes,No,58.0,66.0,NotPlaced
40,6.7,0,3,2,88.0,4.2,Yes,Yes,72.0,86.0,Placed
3180,7.3,1,1,0,61.0,3.3,No,No,55.0,67.0,NotPlaced
4242,7.6,1,3,1,82.0,4.5,Yes,Yes,84.0,80.0,Placed
8637,8.5,2,3,2,90.0,4.8,Yes,Yes,76.0,86.0,Placed
3430,8.1,0,3,2,89.0,4.8,Yes,Yes,72.0,85.0,Placed
5978,8.2,0,3,2,81.0,4.7,Yes,Yes,73.0,80.0,Placed
5974,7.5,1,2,0,82.0,4.2,No,Yes,77.0,64.0,NotPlaced
8619,8.3,2,3,2,85.0,4.7,Yes,No,80.0,85.0,Placed
4565,8.5,2,3,2,84.0,4.7,Yes,Yes,87.0,80.0,Placed
7486,7.4,1,1,0,81.0,4.6,No,No,83.0,81.0,NotPlaced
6194,8.6,1,3,2,90.0,4.7,Yes,Yes,84.0,84.0,Placed
9385,7.6,1,1,0,72.0,3.9,No,No,55.0,62.0,NotPlaced
5749,7.6,1,1,1,77.0,4.0,No,Yes,55.0,65.0,NotPlaced
6949,7.6,0,3,2,90.0,4.7,Yes,Yes,80.0,69.0,Placed
3193,7.4,1,1,0,64.0,3.7,No,No,56.0,59.0,NotPlaced
9282,7.6,0,1,0,73.0,3.8,Yes,No,55.0,59.0,Placed
2211,8.5,2,3,2,90.0,4.7,Yes,Yes,84.0,86.0,Placed
3446,8.3,2,3,2,89.0,4.7,Yes,Yes,84.0,82.0,Placed
6761,8.3,2,3,2,90.0,4.8,Yes,Yes,68.0,82.0,Placed
6282,7.5,2,1,0,72.0,3.6,No,Yes,61.0,60.0,NotPlaced
52,8.2,1,3,0,65.0,4.1,Yes,No,66.0,65.0,NotPlaced
731,8.1,2,3,2,90.0,4.8,Yes,Yes,80.0,83.0,Placed
7677,7.6,0,1,2,72.0,3.7,No,No,55.0,61.0,NotPlaced
4614,6.7,1,1,2,69.0,3.5,No,No,77.0,58.0,NotPlaced
2113,8.7,0,3,1,88.0,4.8,Yes,No,77.0,82.0,Placed
7082,8.8,0,3,0,90.0,4.4,Yes,Yes,78.0,85.0,NotPlaced
5488,8.3,2,3,2,68.0,3.9,Yes,No,77.0,84.0,Placed
1806,8.1,1,2,0,72.0,4.5,Yes,Yes,73.0,70.0,Placed
1592,7.7,1,2,0,73.0,4.8,No,Yes,59.0,65.0,NotPlaced
9415,6.8,1,1,0,67.0,4.7,Yes,Yes,59.0,69.0,Placed
2748,7.9,1,2,1,70.0,4.3,No,Yes,58.0,71.0,NotPlaced
384,8.7,0,1,1,87.0,4.1,No,No,72.0,63.0,NotPlaced
8047,7.6,0,1,1,66.0,4.2,Yes,Yes,55.0,67.0,NotPlaced
8816,8.3,2,3,3,89.0,4.5,Yes,Yes,77.0,88.0,Placed
2476,7.7,1,2,0,73.0,3.8,No,Yes,55.0,74.0,NotPlaced
2266,8.4,2,3,1,83.0,4.6,Yes,Yes,79.0,83.0,Placed
9480,8.2,2,3,0,76.0,3.9,Yes,Yes,75.0,66.0,NotPlaced
8995,7.9,1,1,0,73.0,4.0,No,Yes,62.0,64.0,NotPlaced
4775,6.7,1,1,0,70.0,3.7,No,Yes,56.0,68.0,NotPlaced
5824,7.8,1,3,1,85.0,4.5,Yes,Yes,87.0,83.0,Placed
8031,8.3,0,1,2,85.0,4.7,Yes,Yes,83.0,68.0,Placed
7573,7.4,1,1,0,67.0,3.7,No,No,65.0,65.0,NotPlaced
347,7.8,0,3,0,90.0,4.7,Yes,Yes,72.0,69.0,Placed
3923,7.8,1,1,0,71.0,4.0,No,Yes,55.0,65.0,NotPlaced
7668,8.1,1,1,0,70.0,4.3,Yes,Yes,76.0,69.0,NotPlaced
5009,8.2,2,3,2,90.0,4.8,Yes,No,77.0,83.0,Placed
1408,6.5,2,1,1,64.0,3.8,No,No,61.0,60.0,NotPlaced
2293,8.2,1,3,2,76.0,4.4,Yes,Yes,66.0,86.0,NotPlaced
2228,7.8,1,3,0,81.0,4.5,Yes,Yes,79.0,72.0,Placed
6724,7.3,1,2,0,80.0,4.1,No,Yes,55.0,69.0,NotPlaced
2888,6.5,1,2,0,68.0,4.4,No,Yes,72.0,70.0,Placed
4087,6.5,1,1,0,64.0,4.5,No,Yes,55.0,64.0,NotPlaced
2647,6.8,1,1,1,65.0,4.5,No,Yes,55.0,62.0,NotPlaced
869,7.4,1,2,1,67.0,4.2,No,Yes,58.0,64.0,NotPlaced
7072,7.4,1,1,0,69.0,3.6,No,Yes,55.0,70.0,NotPlaced
6986,7.0,1,1,0,72.0,4.4,No,Yes,74.0,65.0,NotPlaced
8074,8.3,1,2,2,89.0,4.6,Yes,Yes,79.0,84.0,Placed
5270,8.8,2,3,2,84.0,4.8,Yes,Yes,78.0,81.0,Placed
2424,8.0,1,2,2,87.0,4.8,Yes,Yes,90.0,68.0,Placed
1171,6.5,0,1,0,73.0,4.0,Yes,Yes,68.0,67.0,NotPlaced
436,7.2,1,1,1,67.0,3.8,No,No,59.0,63.0,NotPlaced
7269,7.6,0,1,0,72.0,3.6,No,No,55.0,61.0,NotPlaced
6278,8.0,0,3,1,83.0,3.7,No,Yes,59.0,81.0,NotPlaced
3410,8.0,2,1,0,82.0,4.6,Yes,Yes,61.0,79.0,Placed
1866,6.7,0,2,0,83.0,4.0,No,Yes,55.0,66.0,NotPlaced
7490,6.5,1,1,1,81.0,4.8,No,Yes,58.0,77.0,NotPlaced
6177,7.7,2,2,2,90.0,4.8,Yes,Yes,90.0,84.0,Placed
843,6.5,1,1,0,70.0,4.8,Yes,Yes,79.0,62.0,Placed
2714,8.6,1,2,2,76.0,4.4,Yes,No,79.0,84.0,NotPlaced
2441,8.0,0,3,2,76.0,4.7,Yes,Yes,77.0,82.0,Placed
4734,8.6,1,3,0,74.0,4.4,Yes,Yes,86.0,81.0,Placed
7217,8.3,0,1,1,73.0,4.3,No,Yes,59.0,71.0,Placed
4009,8.6,1,3,2,90.0,4.8,Yes,Yes,84.0,85.0,Placed
9851,8.0,1,2,1,77.0,4.6,Yes,Yes,69.0,76.0,NotPlaced
4986,7.0,1,3,2,87.0,3.9,Yes,Yes,64.0,72.0,NotPlaced
614,7.7,0,1,1,67.0,4.2,Yes,No,64.0,64.0,NotPlaced
4470,8.1,2,3,2,84.0,4.6,Yes,Yes,83.0,88.0,Placed
9967,8.3,1,3,2,90.0,4.8,Yes,Yes,82.0,84.0,Placed
8684,8.1,1,3,0,75.0,4.5,No,Yes,71.0,68.0,Placed
161,6.5,0,3,0,71.0,3.6,No,Yes,57.0,74.0,NotPlaced
5244,8.8,1,3,2,88.0,4.7,Yes,Yes,75.0,84.0,Placed
5855,7.4,1,3,2,70.0,4.4,No,No,58.0,70.0,NotPlaced
1821,8.5,2,3,2,90.0,4.5,Yes,Yes,75.0,82.0,Placed
501,7.8,1,1,0,82.0,4.2,No,Yes,75.0,71.0,NotPlaced
9277,7.7,2,3,2,75.0,4.4,Yes,No,83.0,83.0,Placed
1674,6.5,0,1,0,83.0,4.1,Yes,Yes,55.0,80.0,NotPlaced
9072,6.9,1,1,2,72.0,3.8,Yes,Yes,71.0,83.0,NotPlaced
9293,7.6,1,1,2,90.0,4.4,No,Yes,81.0,73.0,NotPlaced
7597,8.2,1,1,2,89.0,4.8,Yes,Yes,87.0,84.0,Placed
2887,8.3,1,2,2,90.0,4.8,Yes,Yes,70.0,88.0,Placed
3716,7.6,0,1,0,72.0,4.0,No,No,56.0,68.0,NotPlaced
6468,7.0,1,3,0,84.0,4.8,Yes,Yes,72.0,84.0,Placed
8866,7.7,2,3,2,90.0,4.8,Yes,Yes,87.0,88.0,Placed
4064,8.5,2,3,2,90.0,4.4,Yes,Yes,84.0,86.0,Placed
6152,8.6,1,1,0,81.0,4.3,Yes,Yes,55.0,63.0,NotPlaced
250,7.4,1,2,1,68.0,3.4,No,Yes,57.0,61.0,NotPlaced
7638,8.5,1,2,0,87.0,4.3,Yes,Yes,72.0,83.0,Placed
5493,8.4,1,1,0,78.0,4.3,Yes,Yes,55.0,69.0,Placed
1953,7.8,0,2,0,86.0,4.1,Yes,Yes,85.0,84.0,NotPlaced
1188,7.7,1,1,0,88.0,4.7,No,Yes,55.0,61.0,NotPlaced
2826,6.5,1,2,1,74.0,3.2,No,No,59.0,68.0,NotPlaced
5509,7.4,0,1,0,72.0,3.7,Yes,No,68.0,74.0,NotPlaced
7584,8.5,1,3,0,90.0,4.5,Yes,Yes,74.0,83.0,Placed
8549,8.6,2,3,2,89.0,4.7,Yes,Yes,69.0,79.0,Placed
5822,8.5,2,3,2,90.0,4.7,Yes,Yes,86.0,80.0,Placed
2303,8.6,2,3,2,90.0,4.5,Yes,Yes,84.0,82.0,Placed
3083,8.3,1,3,2,74.0,4.4,Yes,Yes,82.0,82.0,Placed
1680,7.6,0,2,1,72.0,4.5,No,No,55.0,67.0,NotPlaced
8723,7.0,0,1,0,69.0,4.4,Yes,Yes,71.0,72.0,Placed
4308,7.5,1,2,0,68.0,3.8,Yes,Yes,55.0,69.0,NotPlaced
7251,7.5,2,2,0,72.0,4.2,Yes,Yes,77.0,86.0,Placed
6891,7.9,0,1,0,68.0,4.1,No,Yes,55.0,65.0,NotPlaced
192,7.8,2,2,2,80.0,4.6,No,Yes,59.0,74.0,Placed
1061,8.7,2,3,2,90.0,4.8,Yes,Yes,79.0,85.0,Placed
7451,6.5,1,1,1,73.0,4.5,No,No,55.0,59.0,NotPlaced
3395,7.1,1,3,2,86.0,4.8,Yes,Yes,61.0,85.0,NotPlaced
9845,8.3,2,3,2,90.0,4.7,Yes,Yes,84.0,83.0,Placed
8191,7.6,1,2,0,67.0,4.2,No,Yes,74.0,75.0,NotPlaced
768,8.4,1,3,1,79.0,4.4,Yes,Yes,78.0,82.0,Placed
6578,7.6,0,1,0,78.0,4.8,No,No,78.0,63.0,NotPlaced
6663,8.4,0,3,2,88.0,4.7,Yes,Yes,70.0,70.0,Placed
6104,7.6,2,3,2,90.0,4.4,Yes,Yes,77.0,83.0,Placed
3147,8.1,1,2,2,83.0,4.5,No,Yes,77.0,82.0,NotPlaced
5475,7.5,1,3,0,90.0,4.3,Yes,Yes,78.0,83.0,Placed
1331,7.5,0,1,0,60.0,3.7,No,No,55.0,67.0,NotPlaced
2902,6.5,1,1,0,67.0,3.5,No,No,63.0,63.0,NotPlaced
8646,7.5,1,2,0,76.0,4.0,No,Yes,59.0,62.0,Placed
1269,7.5,1,2,0,80.0,4.0,Yes,Yes,58.0,82.0,NotPlaced
5840,8.1,0,2,0,81.0,4.5,Yes,Yes,80.0,83.0,NotPlaced
9548,8.6,2,3,0,90.0,4.7,Yes,Yes,79.0,79.0,Placed
3981,8.2,2,3,2,90.0,4.8,Yes,Yes,85.0,80.0,Placed
7370,7.3,1,1,1,74.0,4.8,No,No,55.0,66.0,NotPlaced
6446,6.5,1,3,0,80.0,4.3,Yes,Yes,82.0,68.0,NotPlaced
9587,6.7,0,3,0,90.0,4.3,Yes,Yes,79.0,65.0,Placed
7617,7.6,0,2,0,75.0,3.6,No,No,56.0,70.0,NotPlaced
9881,7.6,1,2,0,71.0,4.6,No,Yes,55.0,68.0,NotPlaced
7903,7.4,2,1,0,73.0,4.1,Yes,Yes,78.0,79.0,NotPlaced
3508,8.7,2,3,3,90.0,4.6,Yes,Yes,77.0,87.0,Placed
1309,8.2,2,2,0,85.0,4.1,No,Yes,84.0,84.0,Placed
9760,7.7,0,2,1,71.0,4.3,Yes,Yes,60.0,73.0,NotPlaced
1487,8.5,1,3,2,90.0,4.8,Yes,Yes,76.0,85.0,Placed
5812,7.5,0,1,0,79.0,3.6,No,Yes,77.0,72.0,NotPlaced
7802,8.5,2,3,1,84.0,4.4,Yes,Yes,87.0,84.0,Placed
7974,6.5,2,3,2,80.0,4.2,No,Yes,75.0,72.0,NotPlaced
3475,7.7,2,2,3,83.0,4.3,Yes,Yes,75.0,80.0,NotPlaced
9380,7.6,1,1,1,72.0,4.5,Yes,Yes,57.0,68.0,NotPlaced
7645,7.7,1,1,0,81.0,4.6,No,Yes,76.0,68.0,NotPlaced
6508,7.1,1,1,1,76.0,4.3,No,Yes,78.0,71.0,NotPlaced
1145,8.1,1,1,1,71.0,4.7,Yes,Yes,56.0,68.0,NotPlaced
1966,6.8,0,1,0,70.0,3.3,No,No,55.0,70.0,NotPlaced
4922,6.6,1,2,1,62.0,3.7,No,Yes,73.0,60.0,NotPlaced
4462,8.5,2,3,2,90.0,4.8,Yes,Yes,90.0,83.0,Placed
7676,7.3,0,3,1,82.0,3.8,No,No,84.0,62.0,NotPlaced
7598,7.0,1,1,2,83.0,4.8,Yes,Yes,83.0,80.0,Placed
5954,7.7,1,1,0,76.0,3.8,No,No,55.0,61.0,NotPlaced
5479,7.9,1,3,2,82.0,4.4,Yes,Yes,70.0,86.0,NotPlaced
5144,8.1,1,3,2,90.0,4.8,Yes,Yes,84.0,82.0,Placed
3625,6.5,1,3,1,73.0,4.2,No,Yes,59.0,67.0,NotPlaced
1402,8.4,1,2,2,86.0,4.5,Yes,Yes,86.0,79.0,Placed
5432,7.6,1,2,1,79.0,4.8,Yes,Yes,77.0,85.0,NotPlaced
9950,6.9,1,1,0,71.0,3.8,No,Yes,55.0,70.0,NotPlaced
9792,8.5,1,3,0,70.0,3.7,Yes,Yes,71.0,82.0,NotPlaced
9502,8.0,2,3,2,90.0,4.6,Yes,Yes,73.0,85.0,Placed
7823,8.3,1,3,1,81.0,4.8,Yes,Yes,65.0,83.0,NotPlaced
791,8.3,1,3,3,86.0,4.8,Yes,Yes,81.0,86.0,Placed
2788,8.6,1,3,2,87.0,4.1,Yes,Yes,80.0,86.0,Placed
3952,7.5,0,3,0,67.0,4.1,Yes,Yes,74.0,67.0,NotPlaced
253,6.6,1,2,1,82.0,4.4,Yes,Yes,74.0,82.0,NotPlaced
1280,7.7,0,1,0,63.0,4.0,Yes,No,67.0,63.0,Placed
6115,7.4,1,1,0,81.0,3.9,No,Yes,62.0,69.0,NotPlaced
1170,7.5,0,1,0,74.0,4.1,No,No,55.0,68.0,NotPlaced
1011,7.5,1,1,0,81.0,4.5,No,Yes,58.0,76.0,Placed
1864,6.6,1,1,0,68.0,4.6,No,No,57.0,72.0,NotPlaced
5300,6.6,1,1,0,71.0,4.5,Yes,Yes,64.0,70.0,Placed
9753,7.5,1,2,2,78.0,4.5,Yes,Yes,66.0,78.0,NotPlaced
5790,7.5,2,2,2,90.0,4.3,Yes,Yes,85.0,83.0,Placed
4541,7.7,1,2,2,90.0,4.7,Yes,Yes,58.0,85.0,Placed
3486,7.6,1,2,2,70.0,4.5,Yes,No,55.0,72.0,NotPlaced
8911,7.7,1,3,0,71.0,4.2,No,Yes,80.0,82.0,NotPlaced
6215,8.6,1,2,2,73.0,4.8,Yes,No,76.0,82.0,Placed
5669,8.3,1,2,0,82.0,4.5,Yes,Yes,71.0,67.0,Placed
9865,8.5,0,3,2,90.0,4.8,Yes,Yes,74.0,86.0,Placed
9032,8.0,2,3,2,83.0,4.5,Yes,No,79.0,81.0,NotPlaced
5039,8.4,0,3,2,84.0,4.5,Yes,No,85.0,84.0,Placed
870,8.4,1,3,2,88.0,4.8,Yes,Yes,80.0,85.0,Placed
779,7.5,2,2,0,79.0,4.5,Yes,Yes,82.0,82.0,Placed
5984,8.1,2,1,1,81.0,4.0,Yes,Yes,73.0,88.0,Placed
9977,8.0,2,3,2,88.0,4.8,Yes,Yes,71.0,83.0,Placed
550,8.4,1,1,0,73.0,4.2,No,Yes,55.0,69.0,NotPlaced
62,8.2,1,2,1,86.0,4.3,Yes,Yes,86.0,63.0,Placed
775,6.6,1,1,0,72.0,3.9,No,Yes,60.0,69.0,NotPlaced
1202,6.9,1,1,2,81.0,4.5,Yes,Yes,81.0,68.0,Placed
3616,6.9,2,3,1,77.0,4.3,Yes,Yes,55.0,81.0,Placed
7100,8.3,1,3,0,88.0,4.8,Yes,Yes,73.0,85.0,Placed
1961,8.3,2,3,0,77.0,4.1,Yes,Yes,84.0,64.0,NotPlaced
8479,8.3,2,2,2,87.0,4.7,Yes,Yes,86.0,85.0,Placed
2329,8.1,1,1,0,72.0,4.0,No,No,85.0,62.0,NotPlaced
7430,8.3,2,3,1,80.0,4.6,Yes,No,55.0,80.0,NotPlaced
8873,8.3,2,3,3,88.0,4.8,Yes,Yes,84.0,87.0,Placed
7563,6.7,0,2,0,75.0,4.2,No,Yes,55.0,64.0,NotPlaced
5273,8.4,1,3,0,78.0,3.7,No,Yes,73.0,85.0,Placed
6898,8.0,0,3,2,80.0,4.1,Yes,Yes,70.0,79.0,Placed
3788,8.1,2,3,2,90.0,4.8,Yes,Yes,88.0,87.0,Placed
9309,6.7,1,1,0,60.0,4.7,Yes,Yes,61.0,71.0,NotPlaced
1856,7.4,1,2,0,70.0,4.5,Yes,Yes,70.0,64.0,Placed
9488,6.9,1,1,1,68.0,4.4,Yes,Yes,55.0,65.0,NotPlaced
9570,8.4,2,3,2,88.0,4.8,Yes,Yes,85.0,82.0,Placed
1653,7.6,2,3,2,90.0,4.8,Yes,No,76.0,85.0,Placed
7182,7.4,1,3,0,84.0,4.1,Yes,Yes,55.0,73.0,NotPlaced
5647,8.3,1,3,1,73.0,4.7,Yes,No,71.0,65.0,NotPlaced
729,7.4,0,2,0,71.0,4.0,No,Yes,55.0,73.0,Placed
4176,7.6,1,2,3,74.0,3.7,Yes,Yes,79.0,86.0,Placed
345,6.6,1,1,2,81.0,4.8,Yes,No,68.0,71.0,NotPlaced
5010,7.7,2,1,2,79.0,4.6,Yes,Yes,57.0,80.0,Placed
2937,6.9,1,1,0,67.0,4.1,Yes,Yes,62.0,71.0,NotPlaced
4883,8.0,1,2,2,72.0,4.3,Yes,Yes,82.0,81.0,NotPlaced
9397,7.6,0,2,0,76.0,4.1,Yes,Yes,70.0,71.0,Placed
2773,8.3,1,3,2,87.0,4.8,Yes,Yes,79.0,85.0,Placed
1374,8.2,0,1,1,79.0,4.3,Yes,Yes,57.0,68.0,NotPlaced
5366,8.5,0,2,0,79.0,4.5,No,No,72.0,74.0,NotPlaced
1859,7.7,1,1,1,73.0,4.3,No,No,65.0,63.0,NotPlaced
6939,8.0,0,2,1,78.0,4.2,Yes,Yes,77.0,82.0,NotPlaced
4798,7.7,2,3,0,80.0,4.8,Yes,Yes,73.0,83.0,Placed
7184,7.5,1,1,0,84.0,4.7,Yes,Yes,79.0,85.0,Placed
3156,6.6,0,1,0,73.0,4.3,Yes,Yes,58.0,68.0,NotPlaced
4160,7.5,1,1,1,73.0,4.1,No,Yes,55.0,75.0,NotPlaced
3575,7.7,1,1,1,67.0,4.4,No,No,56.0,64.0,NotPlaced
4530,7.6,1,2,2,87.0,3.9,No,No,55.0,82.0,Placed
2300,8.4,0,1,1,67.0,4.1,No,No,78.0,58.0,Placed
7372,8.5,2,3,2,87.0,4.6,Yes,Yes,73.0,86.0,Placed
3771,8.8,1,3,2,90.0,4.8,Yes,Yes,85.0,83.0,Placed
7619,7.4,2,3,2,79.0,4.7,Yes,No,87.0,84.0,Placed
6092,7.5,2,2,2,85.0,4.6,Yes,Yes,77.0,88.0,Placed
8868,8.0,2,3,3,85.0,4.8,Yes,Yes,77.0,81.0,NotPlaced
9966,6.8,0,2,1,90.0,4.8,No,Yes,55.0,87.0,NotPlaced
3803,7.4,1,1,0,76.0,3.4,No,No,63.0,62.0,NotPlaced
6510,6.6,1,1,1,81.0,4.0,No,No,55.0,66.0,NotPlaced
1972,7.7,1,2,2,75.0,4.6,Yes,No,68.0,73.0,Placed
2154,6.6,1,2,1,69.0,3.6,No,Yes,55.0,70.0,NotPlaced
4414,7.9,2,3,2,90.0,4.7,Yes,Yes,77.0,84.0,Placed
2389,7.6,1,1,1,85.0,4.1,No,Yes,85.0,70.0,NotPlaced
8145,7.7,1,2,0,71.0,4.4,No,Yes,59.0,74.0,NotPlaced
1843,7.9,1,2,0,84.0,4.1,No,Yes,58.0,75.0,Placed
5061,7.5,0,1,1,60.0,4.2,No,No,59.0,74.0,NotPlaced
5680,7.5,1,1,1,73.0,3.5,No,Yes,58.0,69.0,NotPlaced
4997,7.7,1,3,2,81.0,4.7,Yes,Yes,73.0,66.0,NotPlaced
3704,8.2,2,3,2,85.0,4.4,Yes,Yes,72.0,80.0,Placed
4343,8.3,0,3,1,90.0,4.6,Yes,Yes,87.0,88.0,Placed
3806,7.6,1,2,1,67.0,4.5,Yes,No,61.0,66.0,NotPlaced
3175,8.0,1,1,0,70.0,4.3,No,No,62.0,64.0,NotPlaced
5390,8.3,1,3,1,67.0,3.7,Yes,Yes,66.0,68.0,NotPlaced
3550,8.5,1,3,2,82.0,4.8,Yes,Yes,76.0,82.0,Placed
2891,6.5,1,2,1,63.0,4.0,Yes,No,56.0,66.0,NotPlaced
2277,6.5,0,1,0,73.0,3.7,No,No,72.0,67.0,NotPlaced
1665,8.5,0,2,2,85.0,4.2,Yes,Yes,82.0,88.0,Placed
9365,6.5,1,1,0,64.0,3.7,No,No,55.0,59.0,NotPlaced
2360,8.8,1,3,0,86.0,4.4,Yes,Yes,63.0,72.0,NotPlaced
3094,7.4,1,2,1,66.0,3.5,No,No,55.0,65.0,NotPlaced
8620,8.2,1,1,2,90.0,4.8,Yes,Yes,71.0,87.0,Placed
5438,8.1,2,3,2,90.0,4.7,Yes,Yes,75.0,86.0,Placed
6683,8.4,1,3,2,82.0,4.6,Yes,Yes,59.0,85.0,NotPlaced
7971,6.6,1,1,0,76.0,4.2,Yes,No,55.0,65.0,NotPlaced
9721,7.7,2,3,2,90.0,4.8,Yes,Yes,83.0,83.0,Placed
7171,8.7,1,3,3,87.0,4.7,Yes,Yes,68.0,84.0,Placed
9606,7.5,1,1,1,68.0,4.6,Yes,Yes,58.0,66.0,NotPlaced
5431,8.1,0,3,1,80.0,4.6,Yes,Yes,80.0,81.0,Placed
4866,7.5,1,1,1,63.0,3.5,No,No,55.0,64.0,NotPlaced
5121,8.0,1,3,2,81.0,4.8,Yes,No,64.0,85.0,NotPlaced
7969,7.7,1,1,1,75.0,4.0,No,Yes,60.0,67.0,NotPlaced
1022,7.5,1,2,1,79.0,4.6,No,Yes,65.0,71.0,NotPlaced
8616,8.5,1,3,1,90.0,4.8,Yes,Yes,80.0,67.0,NotPlaced
8596,7.5,0,1,1,83.0,4.0,No,Yes,56.0,67.0,NotPlaced
7165,7.2,2,3,0,85.0,4.8,No,Yes,79.0,82.0,NotPlaced
9479,7.5,1,1,0,75.0,3.8,No,Yes,55.0,62.0,NotPlaced
8193,7.4,1,2,1,84.0,4.6,No,Yes,55.0,70.0,NotPlaced
2272,7.8,2,3,0,75.0,4.5,Yes,Yes,72.0,81.0,Placed
4213,8.4,2,3,2,88.0,4.6,Yes,Yes,84.0,76.0,Placed
1659,8.5,0,1,0,82.0,4.5,Yes,Yes,64.0,63.0,NotPlaced
9407,7.0,0,1,0,85.0,4.4,No,Yes,66.0,61.0,NotPlaced
7334,8.3,1,3,2,90.0,4.8,Yes,Yes,75.0,85.0,Placed
2731,6.6,1,2,1,62.0,3.4,No,Yes,58.0,62.0,NotPlaced
1711,8.3,0,3,2,89.0,4.4,Yes,Yes,75.0,82.0,NotPlaced
310,7.4,1,2,1,75.0,4.3,No,Yes,55.0,85.0,NotPlaced
1482,8.0,2,3,2,90.0,4.8,Yes,Yes,79.0,78.0,Placed
8933,8.4,1,1,2,84.0,4.0,Yes,Yes,68.0,83.0,NotPlaced
3063,6.5,1,1,0,70.0,4.1,Yes,Yes,58.0,58.0,NotPlaced
9135,8.3,0,2,2,72.0,4.0,Yes,Yes,74.0,79.0,NotPlaced
8862,8.0,2,3,2,89.0,4.6,Yes,Yes,80.0,87.0,Placed
5311,7.5,2,1,0,74.0,4.6,No,No,55.0,63.0,NotPlaced
3102,7.7,1,1,1,82.0,3.8,No,No,55.0,71.0,NotPlaced
6806,7.8,1,2,1,80.0,4.2,Yes,Yes,57.0,82.0,NotPlaced
8046,8.2,1,2,2,89.0,4.8,Yes,Yes,73.0,70.0,Placed
328,8.7,1,3,0,86.0,4.5,Yes,Yes,77.0,81.0,Placed
3992,8.2,1,2,1,74.0,3.8,No,No,58.0,67.0,NotPlaced
1756,8.1,2,3,0,88.0,4.5,Yes,No,76.0,85.0,Placed
6398,8.6,2,3,2,76.0,4.8,Yes,Yes,68.0,80.0,NotPlaced
312,8.5,2,3,1,90.0,4.8,Yes,Yes,78.0,82.0,NotPlaced
8765,8.8,2,3,2,90.0,4.7,Yes,Yes,80.0,86.0,Placed
5764,8.3,2,3,2,90.0,4.8,Yes,Yes,87.0,76.0,Placed
7900,7.9,1,3,0,71.0,3.9,Yes,Yes,55.0,72.0,NotPlaced
5092,8.4,1,3,2,90.0,4.3,Yes,Yes,84.0,80.0,Placed
836,6.7,0,1,0,83.0,4.4,No,No,62.0,68.0,NotPlaced
9590,6.5,1,2,0,68.0,4.2,Yes,Yes,70.0,64.0,NotPlaced
4275,6.9,1,2,1,81.0,4.3,No,Yes,59.0,68.0,NotPlaced
5468,7.7,1,3,0,85.0,4.8,Yes,No,68.0,87.0,Placed
6700,6.5,2,1,0,87.0,4.4,No,No,69.0,68.0,NotPlaced
4894,7.4,1,2,0,89.0,3.6,No,No,62.0,72.0,NotPlaced
6622,7.0,1,1,0,71.0,4.1,No,Yes,56.0,73.0,NotPlaced
5568,7.5,1,3,0,83.0,4.1,Yes,Yes,78.0,81.0,Placed
4466,7.1,2,3,0,75.0,3.5,Yes,No,69.0,69.0,NotPlaced
5639,7.5,1,3,2,90.0,4.8,Yes,Yes,71.0,84.0,Placed
5257,8.2,2,2,0,88.0,4.1,Yes,Yes,63.0,77.0,NotPlaced
3328,6.5,0,1,0,86.0,4.5,No,No,63.0,69.0,NotPlaced
7004,8.8,2,3,2,90.0,4.8,Yes,Yes,71.0,84.0,Placed
7965,7.4,1,1,0,67.0,4.1,No,No,67.0,66.0,NotPlaced
271,8.4,1,2,0,79.0,3.8,No,Yes,60.0,64.0,NotPlaced
4654,7.6,1,3,1,90.0,4.5,Yes,Yes,70.0,80.0,NotPlaced
9468,6.5,0,2,0,81.0,3.7,No,Yes,60.0,68.0,Placed
2584,8.7,2,3,2,90.0,4.8,Yes,Yes,81.0,80.0,Placed
3942,6.8,1,3,0,85.0,4.5,Yes,Yes,86.0,83.0,NotPlaced
9526,7.5,1,2,1,76.0,4.3,No,Yes,66.0,67.0,NotPlaced
1426,7.5,1,2,1,83.0,4.6,No,Yes,62.0,69.0,NotPlaced
2035,8.2,1,2,2,86.0,4.2,Yes,Yes,73.0,73.0,NotPlaced
2697,7.2,1,2,0,69.0,4.5,No,Yes,56.0,67.0,Placed
5646,6.5,1,2,1,89.0,4.0,No,Yes,55.0,67.0,NotPlaced
6075,7.5,1,2,0,63.0,3.4,No,Yes,55.0,68.0,NotPlaced
937,8.4,2,3,3,87.0,4.8,No,Yes,72.0,70.0,Placed
4814,7.6,0,1,1,79.0,3.5,Yes,Yes,67.0,63.0,Placed
4915,7.9,1,3,1,81.0,4.5,No,Yes,75.0,73.0,Placed
6338,8.5,2,3,2,90.0,4.8,Yes,No,78.0,81.0,Placed
4394,7.7,1,1,0,80.0,4.2,Yes,Yes,79.0,84.0,Placed
4698,8.2,1,2,0,87.0,4.2,Yes,Yes,81.0,80.0,NotPlaced
5088,8.6,1,3,0,90.0,4.8,Yes,Yes,86.0,80.0,Placed
4829,7.8,1,1,2,74.0,3.8,No,Yes,60.0,81.0,NotPlaced
5288,7.9,0,3,0,90.0,4.4,Yes,No,75.0,86.0,Placed
7803,8.5,2,3,2,85.0,4.7,Yes,Yes,78.0,68.0,Placed
6428,8.2,2,3,2,90.0,4.8,Yes,Yes,85.0,83.0,Placed
3148,8.0,1,3,2,90.0,4.8,Yes,Yes,71.0,82.0,NotPlaced
203,6.5,0,2,2,75.0,4.5,Yes,No,65.0,59.0,NotPlaced
6775,8.6,2,2,0,70.0,4.1,Yes,Yes,79.0,64.0,Placed
750,7.5,1,1,0,72.0,4.1,No,Yes,55.0,63.0,NotPlaced
3312,8.6,2,2,2,90.0,4.8,Yes,Yes,78.0,83.0,Placed
3578,8.5,2,3,2,90.0,4.8,Yes,Yes,79.0,83.0,Placed
6865,6.5,1,2,0,78.0,4.0,Yes,Yes,57.0,78.0,NotPlaced
1460,8.7,2,3,2,90.0,4.8,Yes,Yes,88.0,87.0,Placed
1847,8.2,2,3,0,90.0,4.8,Yes,Yes,76.0,83.0,Placed
5889,8.0,0,1,0,72.0,4.2,No,No,67.0,67.0,NotPlaced
3623,7.5,1,1,1,78.0,3.9,No,No,55.0,64.0,NotPlaced
6933,8.1,1,3,1,90.0,4.8,No,No,87.0,84.0,Placed
7365,7.6,2,3,1,87.0,4.4,No,No,63.0,65.0,NotPlaced
2420,7.6,0,2,0,68.0,3.9,No,Yes,64.0,61.0,NotPlaced
920,7.8,0,3,0,69.0,4.2,Yes,Yes,73.0,71.0,Placed
8857,7.9,2,3,2,90.0,4.7,Yes,Yes,80.0,88.0,Placed
1767,7.6,1,2,0,77.0,4.3,Yes,Yes,66.0,83.0,NotPlaced
8481,8.2,1,3,2,90.0,4.6,Yes,Yes,83.0,74.0,Placed
8480,7.6,1,2,0,70.0,3.7,Yes,Yes,63.0,71.0,Placed
4578,6.5,1,1,0,68.0,4.3,Yes,No,60.0,66.0,NotPlaced
7469,8.5,0,2,2,85.0,4.1,Yes,Yes,59.0,82.0,Placed
1381,8.3,2,3,2,90.0,4.8,Yes,Yes,78.0,66.0,Placed
5826,8.7,1,3,2,85.0,4.1,Yes,Yes,83.0,86.0,NotPlaced
9705,8.1,1,3,0,81.0,3.8,Yes,Yes,76.0,83.0,Placed
6844,7.6,2,1,2,79.0,4.5,Yes,Yes,80.0,80.0,Placed
7489,8.0,0,2,0,85.0,3.8,Yes,Yes,75.0,69.0,NotPlaced
792,6.5,0,1,0,72.0,3.6,No,No,60.0,59.0,NotPlaced
1589,7.7,1,1,1,69.0,4.2,No,No,55.0,63.0,NotPlaced
6893,7.2,1,2,0,71.0,3.2,No,No,55.0,69.0,NotPlaced
3602,7.8,0,1,2,76.0,4.3,Yes,No,55.0,69.0,NotPlaced
7043,7.4,1,3,0,83.0,4.7,No,Yes,55.0,69.0,NotPlaced
1207,7.5,1,1,1,66.0,3.7,No,Yes,69.0,70.0,NotPlaced
83,8.2,2,3,2,76.0,4.5,Yes,Yes,73.0,82.0,NotPlaced
8651,8.4,1,2,1,73.0,4.5,No,Yes,75.0,84.0,NotPlaced
18,8.2,2,3,2,90.0,4.7,Yes,Yes,84.0,86.0,Placed
1929,7.9,2,1,2,88.0,3.6,No,No,73.0,66.0,NotPlaced
695,7.2,1,2,0,81.0,4.3,Yes,Yes,83.0,63.0,NotPlaced
4070,6.6,1,1,1,66.0,3.9,Yes,Yes,57.0,67.0,NotPlaced
9440,7.7,1,2,0,73.0,4.8,Yes,Yes,55.0,63.0,Placed
7646,8.0,1,2,2,90.0,4.7,Yes,Yes,77.0,88.0,NotPlaced
1260,7.6,1,2,1,76.0,4.3,Yes,Yes,74.0,82.0,Placed
1444,6.6,1,1,1,68.0,4.0,No,No,69.0,62.0,NotPlaced
7785,8.4,0,3,1,86.0,4.0,Yes,Yes,85.0,67.0,NotPlaced
3454,7.6,1,2,0,65.0,4.3,Yes,Yes,71.0,62.0,NotPlaced
8889,8.4,1,3,2,90.0,4.8,Yes,Yes,82.0,87.0,Placed
3690,8.2,1,2,1,70.0,4.4,Yes,Yes,69.0,82.0,Placed
1278,6.5,1,3,2,89.0,4.6,No,Yes,81.0,71.0,NotPlaced
1458,8.2,2,3,2,90.0,4.5,Yes,Yes,83.0,82.0,Placed
4713,6.6,1,1,1,72.0,4.3,No,No,63.0,74.0,NotPlaced
2385,7.5,1,2,0,81.0,4.8,Yes,Yes,55.0,79.0,NotPlaced
4247,8.7,1,3,2,87.0,4.8,Yes,Yes,69.0,82.0,Placed
3157,6.5,0,1,0,71.0,3.9,No,Yes,66.0,66.0,NotPlaced
4353,7.6,1,1,0,76.0,4.6,No,Yes,59.0,62.0,NotPlaced
9697,7.7,1,1,0,81.0,3.9,No,No,55.0,65.0,NotPlaced
6999,8.1,1,3,2,85.0,4.8,No,Yes,55.0,73.0,Placed
7293,6.7,0,1,0,76.0,4.2,Yes,Yes,62.0,66.0,NotPlaced
7007,7.7,0,2,1,71.0,4.4,No,Yes,55.0,70.0,NotPlaced
1065,7.7,1,1,1,77.0,4.1,Yes,Yes,74.0,61.0,NotPlaced
8431,6.5,0,1,1,66.0,4.6,No,No,62.0,66.0,NotPlaced
463,7.4,1,1,0,79.0,4.8,No,Yes,72.0,66.0,NotPlaced
9932,7.9,1,2,0,83.0,4.5,No,Yes,78.0,75.0,Placed
1911,7.5,1,1,0,64.0,3.4,No,No,56.0,66.0,NotPlaced
6490,6.9,1,1,0,69.0,4.0,No,Yes,64.0,71.0,NotPlaced
3236,8.3,1,3,2,90.0,4.5,Yes,Yes,56.0,71.0,Placed
9871,7.5,0,2,0,62.0,4.3,No,Yes,81.0,69.0,NotPlaced
9578,8.8,2,3,2,90.0,4.8,Yes,Yes,65.0,86.0,Placed
1066,8.6,0,3,2,73.0,4.2,Yes,No,73.0,85.0,Placed
9216,7.6,0,1,0,78.0,4.3,Yes,Yes,76.0,77.0,Placed
5728,8.2,2,1,3,88.0,4.2,Yes,Yes,61.0,86.0,Placed
5124,7.8,1,1,2,75.0,4.1,No,Yes,55.0,82.0,NotPlaced
9368,8.1,1,3,0,90.0,4.8,Yes,Yes,74.0,84.0,Placed
9247,6.5,0,2,2,74.0,4.3,Yes,Yes,82.0,70.0,NotPlaced
7661,6.5,1,1,0,66.0,3.9,No,No,55.0,73.0,NotPlaced
155,7.2,1,3,1,75.0,4.2,Yes,Yes,64.0,84.0,NotPlaced
6300,8.1,2,2,0,72.0,4.2,No,Yes,55.0,68.0,Placed
4254,8.2,1,3,2,87.0,4.6,Yes,Yes,78.0,82.0,Placed
8907,7.5,1,2,1,79.0,4.5,No,Yes,64.0,68.0,NotPlaced
755,6.8,1,1,0,67.0,4.3,Yes,No,84.0,61.0,NotPlaced
4265,7.0,0,2,1,64.0,4.7,No,Yes,55.0,62.0,NotPlaced
691,8.5,2,2,2,84.0,4.5,Yes,Yes,81.0,84.0,Placed
4593,8.1,0,3,1,90.0,4.7,Yes,Yes,81.0,86.0,NotPlaced
97,7.5,1,1,0,64.0,4.0,No,No,73.0,66.0,NotPlaced
6317,6.5,1,1,1,60.0,4.0,No,No,62.0,69.0,NotPlaced
8094,8.1,1,3,0,90.0,4.8,Yes,Yes,75.0,81.0,Placed
7810,7.2,1,1,0,61.0,4.4,No,Yes,57.0,77.0,NotPlaced
857,6.5,1,2,0,79.0,4.6,Yes,No,71.0,75.0,Placed
8526,7.9,1,2,2,83.0,4.8,Yes,Yes,77.0,85.0,Placed
706,7.8,0,1,0,78.0,4.0,Yes,No,64.0,69.0,NotPlaced
4862,7.5,0,2,0,67.0,4.3,Yes,Yes,55.0,68.0,NotPlaced
6867,8.3,1,1,1,73.0,4.3,Yes,Yes,59.0,62.0,NotPlaced
6272,7.5,1,1,0,67.0,4.2,No,No,55.0,71.0,NotPlaced
8864,7.4,1,1,0,79.0,3.6,No,Yes,57.0,71.0,NotPlaced
4818,6.6,1,1,1,80.0,3.5,No,No,70.0,72.0,NotPlaced
9711,7.3,1,1,0,77.0,4.0,No,No,63.0,66.0,NotPlaced
4740,7.9,2,3,2,90.0,4.8,Yes,No,88.0,77.0,Placed
7019,7.4,1,2,1,67.0,3.1,No,Yes,55.0,71.0,NotPlaced
8936,6.9,0,2,0,77.0,4.2,No,No,70.0,68.0,NotPlaced
6393,7.5,1,1,0,64.0,3.5,No,No,74.0,67.0,NotPlaced
2036,6.5,0,1,1,73.0,3.5,No,No,85.0,64.0,NotPlaced
4831,8.2,1,3,1,88.0,3.9,No,No,79.0,68.0,NotPlaced
8299,8.4,0,1,0,78.0,4.5,No,Yes,55.0,66.0,NotPlaced
5859,6.6,1,2,1,66.0,4.6,Yes,No,57.0,70.0,NotPlaced
4811,7.9,1,1,0,74.0,4.5,Yes,Yes,56.0,70.0,Placed
4880,6.5,1,3,1,75.0,4.5,Yes,Yes,59.0,64.0,NotPlaced
8703,7.5,1,2,2,80.0,4.3,Yes,Yes,65.0,80.0,Placed
6790,6.8,1,1,1,77.0,4.2,No,No,65.0,66.0,NotPlaced
1105,7.5,0,1,1,67.0,3.6,No,No,63.0,72.0,NotPlaced
1369,7.9,2,3,2,75.0,3.9,Yes,Yes,75.0,68.0,Placed
615,6.5,2,3,2,84.0,4.0,Yes,No,74.0,83.0,NotPlaced
2717,6.5,0,3,0,71.0,3.8,No,Yes,63.0,66.0,NotPlaced
4186,7.6,0,1,0,73.0,4.3,No,Yes,55.0,69.0,Placed
7449,7.6,1,2,1,67.0,4.6,No,Yes,61.0,67.0,NotPlaced
7461,7.1,1,1,1,71.0,4.2,Yes,Yes,65.0,69.0,NotPlaced
3914,7.7,2,2,0,73.0,4.3,Yes,Yes,72.0,88.0,Placed
8229,8.5,1,3,2,90.0,4.7,Yes,Yes,76.0,87.0,Placed
480,6.6,1,1,0,73.0,3.4,No,No,56.0,69.0,NotPlaced
8457,7.6,1,1,0,77.0,3.7,No,Yes,55.0,67.0,Placed
5825,7.1,0,3,2,74.0,4.5,Yes,Yes,59.0,79.0,NotPlaced
2436,8.0,1,2,0,61.0,3.6,Yes,No,59.0,64.0,NotPlaced
819,6.8,0,3,2,76.0,3.9,Yes,Yes,85.0,73.0,NotPlaced
9987,7.5,0,2,1,66.0,3.9,No,Yes,55.0,61.0,NotPlaced
5337,8.0,1,3,0,77.0,4.7,Yes,Yes,60.0,85.0,Placed
6964,7.5,1,1,1,87.0,4.7,Yes,Yes,68.0,65.0,Placed
2790,7.5,1,1,1,77.0,3.8,No,Yes,63.0,65.0,NotPlaced
6762,7.4,0,2,0,81.0,3.8,Yes,Yes,72.0,73.0,NotPlaced
4325,8.3,2,3,2,82.0,4.7,Yes,Yes,79.0,82.0,Placed
8711,8.5,1,2,2,74.0,4.0,No,Yes,83.0,79.0,NotPlaced
7758,8.1,1,3,0,76.0,4.0,Yes,Yes,75.0,73.0,Placed
306,8.0,1,2,1,80.0,4.3,No,Yes,71.0,61.0,NotPlaced
7666,7.9,2,3,2,83.0,4.5,Yes,Yes,72.0,84.0,NotPlaced
1204,7.7,1,2,1,75.0,3.8,No,No,55.0,64.0,NotPlaced
5844,8.0,1,3,2,90.0,4.3,Yes,Yes,66.0,85.0,Placed
5295,6.7,1,1,0,70.0,3.9,No,Yes,56.0,67.0,NotPlaced
1772,8.4,0,3,2,90.0,4.3,Yes,Yes,76.0,88.0,Placed
9804,7.5,0,1,1,71.0,3.6,No,Yes,59.0,64.0,NotPlaced
3663,7.8,0,1,1,79.0,4.7,Yes,Yes,82.0,75.0,Placed
1738,8.4,0,1,0,86.0,4.3,Yes,Yes,57.0,67.0,Placed
8172,8.6,0,3,3,90.0,4.8,Yes,Yes,70.0,84.0,Placed
9898,6.5,1,1,0,65.0,3.6,No,Yes,56.0,63.0,NotPlaced
386,8.5,1,3,2,74.0,4.1,No,Yes,76.0,68.0,Placed
2819,7.5,1,1,1,79.0,3.2,No,Yes,61.0,65.0,NotPlaced
3346,8.4,2,3,2,87.0,4.5,Yes,Yes,77.0,86.0,Placed
8924,8.2,0,2,3,90.0,4.8,Yes,Yes,81.0,88.0,Placed
3777,8.2,1,3,0,75.0,4.4,Yes,Yes,56.0,82.0,NotPlaced
1380,7.5,1,1,1,84.0,4.3,No,Yes,55.0,67.0,NotPlaced
7591,8.2,1,3,0,82.0,4.7,Yes,Yes,76.0,84.0,NotPlaced
4165,7.5,1,2,0,80.0,3.5,No,No,66.0,65.0,NotPlaced
6213,7.7,1,3,0,89.0,4.6,Yes,Yes,80.0,83.0,Placed
5328,8.6,0,3,2,75.0,4.0,Yes,Yes,78.0,84.0,Placed
1484,8.3,1,3,2,90.0,4.8,Yes,Yes,70.0,82.0,Placed
7912,7.6,1,2,1,68.0,4.0,Yes,Yes,70.0,65.0,NotPlaced
8656,8.0,2,3,0,83.0,4.1,Yes,Yes,67.0,83.0,NotPlaced
6258,8.7,2,3,0,80.0,4.7,Yes,Yes,80.0,74.0,Placed
3879,8.3,2,3,2,90.0,4.8,Yes,Yes,78.0,87.0,Placed
6276,7.7,1,2,0,82.0,4.1,No,Yes,57.0,68.0,NotPlaced
631,7.6,1,2,1,74.0,4.6,No,Yes,74.0,85.0,Placed
1282,7.7,1,3,0,81.0,4.1,Yes,Yes,77.0,68.0,Placed
8517,7.4,2,3,2,80.0,4.8,Yes,Yes,70.0,67.0,NotPlaced
5518,7.4,1,2,0,69.0,3.6,No,No,69.0,68.0,NotPlaced
7843,7.9,2,3,2,76.0,4.5,Yes,No,87.0,82.0,Placed
6142,7.0,1,1,1,74.0,4.4,Yes,Yes,78.0,71.0,Placed
2839,7.9,1,2,1,86.0,4.8,No,Yes,70.0,60.0,NotPlaced
9868,6.5,0,1,2,77.0,3.6,No,Yes,73.0,82.0,Placed
4204,8.2,1,3,1,80.0,3.9,Yes,Yes,78.0,85.0,Placed
5041,8.3,2,2,0,79.0,4.5,Yes,Yes,82.0,66.0,Placed
8755,8.4,2,3,2,90.0,4.8,Yes,Yes,80.0,87.0,Placed
9465,8.2,1,3,0,90.0,4.1,No,Yes,76.0,74.0,Placed
4192,7.8,2,3,0,83.0,4.2,Yes,Yes,80.0,87.0,Placed
7879,8.3,1,1,0,73.0,3.6,No,Yes,74.0,68.0,NotPlaced
4337,7.2,0,2,0,82.0,3.9,Yes,No,69.0,64.0,Placed
1607,7.4,1,2,0,67.0,3.3,No,No,56.0,60.0,NotPlaced
7444,7.6,1,3,3,79.0,4.2,No,Yes,61.0,70.0,NotPlaced
6395,7.4,1,1,0,71.0,3.9,No,No,57.0,72.0,NotPlaced
922,7.7,2,1,1,90.0,4.5,Yes,Yes,56.0,73.0,Placed
5234,8.4,2,1,0,90.0,4.8,Yes,Yes,63.0,82.0,NotPlaced
7800,6.9,1,3,0,81.0,4.6,Yes,Yes,62.0,76.0,Placed
6962,8.8,1,3,0,86.0,4.6,No,Yes,69.0,72.0,Placed
293,7.5,0,1,1,80.0,4.2,Yes,No,84.0,64.0,NotPlaced
377,8.1,1,3,2,90.0,4.7,Yes,Yes,70.0,85.0,Placed
7253,7.6,1,2,0,77.0,4.1,No,Yes,55.0,58.0,NotPlaced
1082,7.8,0,1,0,79.0,4.1,No,Yes,58.0,65.0,Placed
2774,7.7,0,3,0,83.0,4.5,Yes,Yes,80.0,82.0,NotPlaced
4236,8.4,1,2,2,79.0,4.2,Yes,No,77.0,81.0,NotPlaced
6234,6.5,1,1,1,68.0,3.9,No,Yes,55.0,73.0,NotPlaced
5941,8.4,2,3,2,90.0,4.7,Yes,Yes,69.0,88.0,Placed
1777,8.3,0,2,0,79.0,4.3,No,No,75.0,65.0,Placed
2986,6.8,1,1,1,84.0,4.2,No,No,55.0,69.0,NotPlaced
4648,8.4,1,3,0,81.0,4.7,No,Yes,55.0,87.0,NotPlaced
594,8.0,1,3,0,87.0,4.3,Yes,Yes,79.0,67.0,NotPlaced
2657,6.5,0,1,2,63.0,3.9,No,No,59.0,70.0,NotPlaced
6335,7.6,1,2,1,75.0,4.1,Yes,Yes,64.0,67.0,NotPlaced
9980,8.3,2,3,2,90.0,4.7,Yes,Yes,79.0,73.0,Placed
4473,8.1,2,3,2,90.0,4.7,Yes,Yes,77.0,84.0,Placed
2565,7.6,2,2,2,79.0,4.8,Yes,Yes,76.0,82.0,Placed
1939,7.6,0,1,0,67.0,4.3,Yes,Yes,59.0,69.0,NotPlaced
6575,8.2,0,3,2,90.0,4.4,Yes,Yes,67.0,88.0,Placed
1981,8.4,1,3,2,88.0,4.5,Yes,Yes,73.0,82.0,Placed
7499,6.5,1,1,1,70.0,4.1,No,No,65.0,66.0,NotPlaced
8645,8.5,2,3,0,90.0,3.8,Yes,Yes,87.0,84.0,Placed
2817,8.5,0,3,2,90.0,4.7,Yes,Yes,81.0,81.0,Placed
6270,6.5,0,2,0,69.0,4.5,No,No,64.0,69.0,NotPlaced
262,6.6,0,1,2,72.0,4.2,No,Yes,86.0,88.0,Placed
3073,8.2,1,3,2,83.0,4.3,Yes,No,83.0,63.0,NotPlaced
6396,8.6,2,3,2,86.0,4.3,Yes,Yes,77.0,86.0,Placed
4876,7.9,1,2,0,78.0,4.5,Yes,Yes,75.0,81.0,Placed
4212,8.6,2,3,0,79.0,4.7,Yes,No,71.0,79.0,NotPlaced
7831,6.5,1,1,1,78.0,4.3,No,Yes,77.0,69.0,NotPlaced
5587,7.5,0,1,0,76.0,4.4,No,No,63.0,70.0,NotPlaced
1107,7.6,1,2,2,78.0,4.4,Yes,Yes,82.0,74.0,NotPlaced
8838,6.5,1,1,0,69.0,3.5,No,Yes,55.0,72.0,NotPlaced
8650,8.0,0,2,1,74.0,4.1,Yes,Yes,57.0,87.0,Placed
6172,8.4,1,3,2,90.0,4.5,Yes,Yes,77.0,87.0,Placed
4920,8.0,0,3,1,83.0,4.4,Yes,Yes,83.0,79.0,Placed
471,8.2,1,2,0,83.0,4.6,Yes,Yes,66.0,86.0,Placed
4577,7.3,1,1,0,75.0,3.9,No,No,55.0,61.0,NotPlaced
780,7.7,1,3,0,79.0,4.8,No,Yes,75.0,69.0,NotPlaced
286,7.9,1,1,0,77.0,4.7,Yes,Yes,64.0,60.0,NotPlaced
3009,7.6,0,1,0,69.0,4.7,No,No,56.0,67.0,NotPlaced
6569,6.5,1,1,0,73.0,3.6,No,No,61.0,72.0,NotPlaced
3983,8.4,0,3,0,90.0,4.8,Yes,Yes,77.0,84.0,Placed
916,6.5,1,1,0,78.0,3.5,No,Yes,58.0,73.0,NotPlaced
9599,6.5,1,1,0,82.0,4.4,No,Yes,56.0,68.0,NotPlaced
6701,8.2,2,3,2,90.0,4.8,Yes,Yes,81.0,88.0,Placed
5422,7.6,1,1,1,74.0,4.6,Yes,Yes,72.0,84.0,NotPlaced
890,7.6,1,3,1,83.0,4.8,No,No,82.0,68.0,Placed
5331,8.6,2,3,2,90.0,4.7,Yes,Yes,84.0,87.0,Placed
9581,8.0,2,3,2,86.0,4.8,Yes,No,80.0,68.0,NotPlaced
7342,8.3,1,1,0,90.0,4.3,Yes,Yes,77.0,80.0,NotPlaced
2177,7.8,1,2,2,68.0,4.4,No,No,55.0,68.0,NotPlaced
6313,7.4,1,1,0,68.0,4.4,No,No,56.0,64.0,NotPlaced
2880,8.1,1,1,1,79.0,3.4,No,Yes,78.0,66.0,NotPlaced
942,8.3,1,3,0,75.0,3.9,Yes,Yes,76.0,81.0,Placed
9993,8.0,2,1,2,78.0,4.4,Yes,Yes,75.0,72.0,Placed
9870,8.5,0,3,1,85.0,3.8,Yes,Yes,73.0,84.0,Placed
8796,8.2,1,2,2,80.0,4.4,Yes,Yes,72.0,83.0,Placed
7416,8.3,1,3,2,85.0,4.7,Yes,Yes,71.0,86.0,NotPlaced
170,8.0,2,3,3,76.0,4.1,Yes,Yes,78.0,61.0,NotPlaced
3002,8.2,1,3,2,85.0,4.4,Yes,Yes,76.0,88.0,Placed
9297,7.7,2,2,0,82.0,4.3,Yes,No,90.0,76.0,NotPlaced
387,7.9,1,2,1,76.0,4.1,Yes,Yes,57.0,66.0,NotPlaced
2075,6.5,0,1,0,81.0,4.1,No,Yes,64.0,65.0,NotPlaced
7260,8.5,2,3,2,90.0,4.8,Yes,Yes,79.0,88.0,Placed
7425,6.5,1,1,0,60.0,3.5,No,Yes,59.0,74.0,NotPlaced
2612,8.5,0,2,2,86.0,4.8,No,Yes,55.0,69.0,Placed
6207,8.4,0,3,2,86.0,4.8,Yes,Yes,75.0,86.0,Placed
7364,7.5,1,1,1,66.0,4.1,No,Yes,56.0,69.0,NotPlaced
1563,7.5,1,1,1,87.0,4.2,No,Yes,56.0,67.0,NotPlaced
5415,7.4,1,1,1,71.0,4.3,No,Yes,55.0,73.0,NotPlaced
7374,8.4,1,2,0,90.0,4.8,Yes,Yes,78.0,86.0,Placed
1693,7.8,2,3,0,90.0,4.7,Yes,Yes,80.0,78.0,Placed
8452,7.4,0,1,0,68.0,4.1,No,Yes,81.0,73.0,NotPlaced
7927,6.7,1,1,1,72.0,4.2,No,Yes,55.0,63.0,NotPlaced
3219,6.7,1,1,1,67.0,4.7,No,Yes,81.0,64.0,Placed
8809,8.1,2,3,2,86.0,4.7,Yes,Yes,76.0,80.0,Placed
8696,7.5,1,1,0,90.0,4.6,No,Yes,68.0,73.0,NotPlaced
7611,8.2,2,1,2,90.0,4.6,Yes,Yes,74.0,79.0,Placed
7376,8.3,0,1,2,81.0,4.4,Yes,Yes,76.0,81.0,Placed
846,8.0,1,1,2,85.0,4.5,Yes,Yes,63.0,69.0,Placed
4791,7.5,1,3,1,72.0,4.4,No,Yes,76.0,85.0,NotPlaced
45,7.4,1,3,0,86.0,4.8,No,Yes,70.0,73.0,NotPlaced
8632,7.3,1,3,0,80.0,4.2,No,No,67.0,64.0,NotPlaced
22,7.4,1,2,1,72.0,3.5,No,Yes,82.0,69.0,Placed
154,8.1,2,3,3,90.0,4.8,Yes,Yes,80.0,83.0,Placed
9607,7.3,0,3,1,85.0,4.7,Yes,No,75.0,79.0,NotPlaced
2170,8.2,1,0,0,84.0,4.8,Yes,Yes,74.0,82.0,Placed
4948,6.7,1,1,2,89.0,4.3,Yes,Yes,73.0,67.0,NotPlaced
2889,6.5,1,1,1,79.0,4.2,No,No,85.0,71.0,NotPlaced
4956,8.2,2,1,0,79.0,4.6,Yes,No,63.0,65.0,NotPlaced
5351,8.0,1,3,2,87.0,4.6,Yes,No,83.0,82.0,Placed
6538,6.8,1,1,1,81.0,4.2,No,Yes,55.0,64.0,NotPlaced
8976,8.5,1,3,2,80.0,4.6,Yes,Yes,74.0,68.0,Placed
7084,7.7,0,3,0,90.0,4.8,Yes,Yes,76.0,80.0,NotPlaced
4983,7.6,0,1,0,82.0,4.3,No,Yes,71.0,72.0,NotPlaced
2402,8.3,1,2,0,72.0,4.2,No,No,63.0,74.0,NotPlaced
3945,7.7,1,1,2,79.0,4.1,Yes,No,61.0,84.0,NotPlaced
6492,8.2,1,1,2,79.0,4.8,Yes,Yes,61.0,58.0,NotPlaced
6936,6.5,1,1,0,80.0,4.4,Yes,Yes,55.0,66.0,NotPlaced
148,7.9,1,3,1,80.0,4.2,Yes,Yes,56.0,82.0,Placed
8855,8.0,0,2,2,90.0,4.8,Yes,Yes,68.0,85.0,Placed
8461,8.2,1,3,2,85.0,4.6,Yes,Yes,79.0,86.0,Placed
2637,8.3,1,3,2,90.0,4.8,Yes,Yes,76.0,88.0,Placed
5731,8.0,2,3,2,90.0,4.8,Yes,Yes,77.0,82.0,Placed
6536,7.9,1,3,2,83.0,4.8,Yes,Yes,58.0,81.0,NotPlaced
1518,7.8,1,3,0,82.0,3.7,Yes,No,75.0,63.0,NotPlaced
4699,7.5,1,1,0,71.0,3.7,Yes,Yes,69.0,84.0,NotPlaced
3793,7.6,1,1,0,74.0,4.4,Yes,Yes,55.0,68.0,Placed
6058,7.5,1,3,0,71.0,4.2,No,Yes,65.0,67.0,NotPlaced
3588,7.4,1,2,1,82.0,4.0,No,No,58.0,62.0,NotPlaced
730,7.9,0,2,0,69.0,4.2,No,No,61.0,66.0,NotPlaced
1387,7.9,1,1,0,61.0,4.4,Yes,Yes,55.0,67.0,NotPlaced
7142,8.1,2,3,2,90.0,4.5,Yes,Yes,81.0,84.0,Placed
4653,7.5,1,2,1,79.0,4.5,No,Yes,61.0,70.0,NotPlaced
8571,7.7,1,3,1,83.0,4.8,Yes,Yes,73.0,68.0,Placed
1814,8.0,2,1,1,85.0,4.5,No,No,66.0,63.0,Placed
1121,8.5,1,1,0,75.0,4.5,Yes,Yes,84.0,68.0,NotPlaced
607,7.7,1,2,2,76.0,4.1,Yes,Yes,66.0,78.0,NotPlaced
3576,8.6,2,3,2,90.0,4.8,Yes,Yes,71.0,80.0,Placed
3058,8.3,2,3,2,87.0,4.8,Yes,Yes,83.0,86.0,Placed
209,8.3,2,3,3,90.0,4.5,Yes,Yes,70.0,88.0,Placed
1364,8.3,2,3,2,85.0,4.7,Yes,Yes,72.0,85.0,NotPlaced
1310,6.6,0,1,2,72.0,4.1,No,Yes,84.0,70.0,NotPlaced
4958,7.9,1,3,1,76.0,4.3,No,No,62.0,65.0,NotPlaced
5613,7.7,1,2,0,80.0,4.6,No,Yes,57.0,68.0,NotPlaced
4311,7.6,0,1,1,62.0,3.9,No,No,65.0,58.0,NotPlaced
2056,7.8,0,1,0,64.0,3.9,No,No,64.0,61.0,NotPlaced
7600,7.3,1,1,0,60.0,3.2,No,No,61.0,70.0,NotPlaced
5376,7.7,0,3,1,85.0,4.3,Yes,Yes,77.0,65.0,Placed
9940,8.4,1,2,2,81.0,4.6,Yes,Yes,68.0,81.0,NotPlaced
8892,8.3,2,3,0,90.0,4.7,Yes,Yes,73.0,77.0,Placed
1473,8.5,2,2,0,88.0,4.8,Yes,No,82.0,77.0,NotPlaced
3561,6.5,2,3,2,86.0,4.4,Yes,Yes,76.0,81.0,NotPlaced
8141,8.3,2,3,2,90.0,4.4,Yes,Yes,78.0,87.0,Placed
2352,7.6,1,2,1,71.0,4.1,No,Yes,61.0,66.0,NotPlaced
3672,8.8,2,3,2,90.0,4.8,Yes,Yes,80.0,83.0,Placed
6809,8.1,0,1,1,76.0,3.3,No,No,56.0,65.0,NotPlaced
229,7.4,1,2,0,77.0,4.5,No,Yes,66.0,86.0,NotPlaced
664,7.8,0,3,2,90.0,4.8,Yes,Yes,64.0,88.0,NotPlaced
9811,7.6,1,2,1,75.0,4.7,Yes,Yes,74.0,68.0,NotPlaced
5107,8.4,2,3,2,90.0,4.7,Yes,Yes,80.0,88.0,Placed
6209,6.8,0,1,0,70.0,3.9,No,Yes,78.0,68.0,NotPlaced
5763,8.3,0,2,1,89.0,4.7,No,Yes,56.0,69.0,Placed
461,7.7,1,1,0,80.0,4.8,Yes,Yes,55.0,61.0,NotPlaced
8714,8.7,2,1,2,80.0,3.9,No,No,68.0,82.0,NotPlaced
2409,6.5,1,1,1,79.0,4.1,No,No,61.0,67.0,Placed
740,6.5,2,1,0,79.0,3.6,No,No,63.0,65.0,NotPlaced
5546,8.2,1,3,2,90.0,4.8,Yes,Yes,85.0,88.0,Placed
8039,8.4,0,1,2,74.0,4.2,Yes,Yes,55.0,68.0,NotPlaced
160,6.5,1,1,0,63.0,3.5,No,No,56.0,64.0,NotPlaced
8629,8.0,1,1,2,87.0,4.1,Yes,Yes,74.0,68.0,Placed
4428,7.8,1,2,0,72.0,4.4,Yes,Yes,55.0,69.0,NotPlaced
6905,8.2,1,3,0,79.0,4.6,No,Yes,71.0,68.0,NotPlaced
207,7.3,1,2,1,84.0,4.6,No,Yes,55.0,72.0,NotPlaced
3456,7.3,0,2,0,79.0,3.8,No,Yes,83.0,81.0,NotPlaced
6788,7.8,2,3,2,90.0,4.8,Yes,Yes,87.0,87.0,Placed
8467,8.4,2,3,2,90.0,4.8,Yes,No,82.0,82.0,Placed
7962,8.0,0,3,3,84.0,4.8,Yes,Yes,90.0,84.0,Placed
1130,7.3,1,2,2,79.0,4.6,No,No,55.0,68.0,Placed
1434,7.8,1,1,1,83.0,4.8,Yes,Yes,62.0,64.0,Placed
2828,7.8,1,1,1,83.0,4.0,No,Yes,67.0,69.0,Placed
8322,7.9,2,3,2,90.0,4.8,Yes,Yes,77.0,83.0,Placed
1724,8.8,1,3,0,72.0,4.1,Yes,Yes,74.0,74.0,Placed
9971,8.2,0,3,1,90.0,3.8,Yes,Yes,76.0,77.0,NotPlaced
6304,8.4,2,3,2,90.0,4.8,Yes,Yes,73.0,84.0,Placed
1420,6.9,0,1,0,69.0,3.4,No,No,55.0,66.0,NotPlaced
5972,7.6,0,3,0,88.0,4.6,Yes,No,82.0,81.0,Placed
7285,7.8,1,1,1,76.0,4.8,No,No,59.0,70.0,NotPlaced
6502,8.4,2,3,0,90.0,4.8,Yes,Yes,88.0,80.0,Placed
8259,8.1,0,3,0,76.0,3.9,Yes,Yes,66.0,83.0,NotPlaced
4950,7.7,1,2,2,80.0,4.5,No,Yes,78.0,84.0,Placed
6408,6.8,1,1,0,74.0,4.3,No,Yes,61.0,68.0,NotPlaced
9788,8.0,2,3,2,90.0,4.8,Yes,Yes,86.0,86.0,Placed
332,8.5,1,2,1,71.0,3.8,Yes,Yes,78.0,69.0,NotPlaced
2909,7.4,1,1,1,77.0,3.9,No,Yes,59.0,69.0,NotPlaced
1062,7.5,1,1,2,75.0,3.5,No,Yes,69.0,67.0,NotPlaced
7740,7.4,1,1,0,80.0,3.4,No,No,55.0,63.0,NotPlaced
658,6.5,0,1,0,77.0,4.1,No,No,55.0,67.0,NotPlaced
588,8.0,0,0,2,76.0,4.8,Yes,No,62.0,64.0,Placed
9874,8.5,2,2,0,83.0,4.7,No,Yes,76.0,84.0,NotPlaced
866,7.5,1,2,1,69.0,3.8,No,Yes,57.0,69.0,NotPlaced
385,8.5,2,1,3,82.0,3.6,Yes,Yes,67.0,81.0,NotPlaced
6546,8.4,0,2,1,70.0,4.0,Yes,No,75.0,64.0,NotPlaced
8962,7.8,1,3,0,79.0,4.8,Yes,Yes,72.0,79.0,NotPlaced
1284,8.5,2,3,2,90.0,4.1,Yes,Yes,74.0,81.0,Placed
5323,7.6,1,1,0,77.0,4.2,Yes,Yes,68.0,86.0,NotPlaced
8823,8.1,0,2,1,88.0,3.8,Yes,Yes,72.0,82.0,NotPlaced
2712,8.5,2,3,2,90.0,4.7,Yes,Yes,80.0,84.0,Placed
7550,8.0,2,1,0,90.0,4.7,Yes,Yes,83.0,85.0,Placed
5795,8.5,1,3,0,85.0,4.8,Yes,Yes,79.0,81.0,Placed
9485,6.5,0,3,0,78.0,4.2,Yes,Yes,74.0,69.0,NotPlaced
9520,8.7,1,1,1,80.0,4.1,Yes,Yes,69.0,79.0,Placed
2323,7.5,0,1,1,71.0,4.4,Yes,Yes,79.0,74.0,NotPlaced
4430,6.5,1,2,0,70.0,3.9,No,Yes,63.0,63.0,NotPlaced
3825,8.5,1,1,0,85.0,4.5,Yes,Yes,73.0,88.0,NotPlaced
9336,8.2,1,3,2,86.0,4.7,Yes,Yes,63.0,88.0,Placed
8416,7.7,2,3,2,90.0,4.8,Yes,No,78.0,81.0,Placed
5400,7.7,0,1,0,71.0,3.5,No,No,56.0,65.0,NotPlaced
6239,8.5,2,3,2,83.0,4.8,Yes,Yes,76.0,83.0,Placed
8902,6.9,2,2,2,90.0,4.8,No,Yes,85.0,85.0,Placed
9137,8.0,2,3,0,90.0,4.4,Yes,Yes,78.0,85.0,Placed
1622,8.3,2,3,2,79.0,4.7,Yes,Yes,72.0,69.0,Placed
9791,8.5,2,3,2,90.0,4.8,Yes,Yes,76.0,86.0,Placed
6924,7.7,1,2,1,68.0,4.3,No,No,64.0,69.0,NotPlaced
204,8.2,0,2,1,82.0,4.5,Yes,Yes,78.0,87.0,Placed
7381,8.5,0,3,2,90.0,4.6,No,Yes,74.0,72.0,Placed
4747,8.3,1,3,1,66.0,4.3,No,No,78.0,71.0,NotPlaced
90,7.2,1,2,0,68.0,4.2,Yes,Yes,57.0,66.0,NotPlaced
3042,7.9,1,1,0,68.0,3.9,No,No,62.0,74.0,NotPlaced
5866,6.5,1,1,0,68.0,4.8,No,Yes,62.0,66.0,NotPlaced
5908,7.4,1,1,0,75.0,3.9,No,No,58.0,60.0,NotPlaced
9199,8.4,1,3,2,90.0,4.8,Yes,Yes,85.0,82.0,Placed
1725,8.2,1,3,2,82.0,4.5,Yes,Yes,83.0,81.0,Placed
7276,8.3,1,2,1,77.0,3.5,No,Yes,65.0,68.0,NotPlaced
1975,6.5,1,1,1,64.0,4.0,No,No,55.0,71.0,NotPlaced
182,8.2,1,3,0,82.0,4.8,Yes,Yes,70.0,73.0,Placed
1359,8.4,1,3,2,90.0,4.8,Yes,Yes,69.0,82.0,Placed
4764,7.5,1,1,0,64.0,4.0,No,No,58.0,71.0,NotPlaced
8041,6.5,1,1,1,76.0,4.1,No,Yes,55.0,58.0,NotPlaced
3237,8.4,2,3,2,90.0,4.8,Yes,Yes,84.0,88.0,Placed
951,8.3,1,1,1,64.0,4.1,No,No,55.0,71.0,NotPlaced
7908,7.8,2,3,2,90.0,4.7,Yes,Yes,85.0,82.0,Placed
1261,8.3,2,3,2,81.0,4.7,Yes,No,89.0,85.0,Placed
3255,7.6,1,1,1,73.0,4.1,No,No,55.0,67.0,NotPlaced
7465,8.3,0,2,0,90.0,4.6,Yes,Yes,75.0,82.0,Placed
4386,7.9,2,3,2,79.0,4.1,No,Yes,76.0,87.0,NotPlaced
3862,8.9,1,3,2,90.0,4.8,Yes,Yes,68.0,85.0,Placed
3062,8.1,2,3,2,89.0,4.8,Yes,Yes,88.0,67.0,NotPlaced
2021,7.4,1,1,1,70.0,3.2,No,Yes,58.0,67.0,NotPlaced
8201,7.6,0,1,0,77.0,3.0,No,No,55.0,69.0,NotPlaced
7000,7.1,1,2,1,68.0,4.2,No,No,76.0,64.0,NotPlaced
5018,7.6,1,1,0,75.0,4.0,No,No,55.0,57.0,NotPlaced
9561,8.4,2,3,2,90.0,4.1,Yes,Yes,78.0,83.0,Placed
5950,8.5,1,3,2,90.0,4.5,Yes,Yes,76.0,83.0,NotPlaced
8512,6.8,1,3,1,86.0,4.8,Yes,Yes,76.0,79.0,NotPlaced
8293,6.5,1,1,1,83.0,4.4,No,No,55.0,65.0,NotPlaced
7280,8.0,1,1,2,78.0,4.3,Yes,No,67.0,69.0,NotPlaced
1485,7.0,0,3,0,80.0,3.9,No,Yes,59.0,64.0,Placed
7503,8.8,2,3,2,90.0,4.7,Yes,Yes,74.0,86.0,Placed
2407,7.6,0,1,0,83.0,3.2,No,No,55.0,65.0,NotPlaced
4270,7.9,2,3,2,83.0,4.7,Yes,No,77.0,80.0,Placed
2184,7.2,1,1,1,77.0,4.7,Yes,Yes,62.0,69.0,Placed
4175,8.0,2,1,1,82.0,4.2,Yes,No,83.0,67.0,Placed
2549,7.5,1,1,1,72.0,4.4,No,Yes,60.0,69.0,NotPlaced
9766,8.3,2,3,2,90.0,4.8,Yes,Yes,85.0,88.0,Placed
3358,7.7,2,1,0,85.0,4.4,Yes,No,66.0,75.0,Placed
2770,8.1,0,1,0,68.0,4.2,No,No,55.0,59.0,NotPlaced
5068,8.6,1,3,2,90.0,4.6,Yes,Yes,85.0,81.0,Placed
3766,7.3,1,3,0,82.0,4.4,Yes,No,77.0,80.0,NotPlaced
7501,6.5,1,2,1,74.0,3.9,No,Yes,56.0,68.0,NotPlaced
1382,8.7,1,2,2,90.0,4.8,Yes,Yes,73.0,87.0,Placed
5603,8.4,1,3,2,90.0,4.8,Yes,Yes,69.0,87.0,Placed
749,8.6,2,2,2,84.0,4.0,Yes,Yes,72.0,84.0,NotPlaced
5701,8.1,1,2,2,74.0,4.4,Yes,Yes,79.0,86.0,Placed
4038,8.2,2,3,2,90.0,4.6,Yes,Yes,74.0,84.0,Placed
6800,7.8,1,2,0,79.0,4.0,Yes,Yes,55.0,69.0,NotPlaced
2486,8.0,1,2,0,72.0,4.8,Yes,No,87.0,67.0,NotPlaced
8970,7.9,1,2,1,81.0,4.8,No,Yes,74.0,65.0,NotPlaced
3229,8.4,1,1,0,84.0,4.7,Yes,No,62.0,63.0,NotPlaced
1169,8.0,1,3,2,90.0,4.8,Yes,Yes,77.0,83.0,NotPlaced
7870,8.3,2,3,2,90.0,4.7,Yes,Yes,77.0,81.0,Placed
6366,7.6,0,2,1,80.0,4.6,Yes,Yes,72.0,83.0,NotPlaced
1483,8.2,0,1,1,73.0,4.5,Yes,No,58.0,65.0,Placed
9304,7.7,0,1,1,76.0,4.2,No,No,56.0,68.0,NotPlaced
8968,7.4,1,1,0,80.0,4.3,No,Yes,58.0,69.0,Placed
7356,8.0,1,1,0,90.0,4.4,No,Yes,74.0,62.0,NotPlaced
7688,7.6,1,1,1,71.0,3.8,No,No,62.0,71.0,NotPlaced
7498,6.6,1,1,0,73.0,3.1,No,No,58.0,61.0,NotPlaced
7679,7.6,1,2,3,81.0,4.6,Yes,Yes,73.0,82.0,NotPlaced
5638,6.6,2,3,0,73.0,4.5,Yes,Yes,75.0,72.0,NotPlaced
1034,7.7,1,2,1,85.0,4.6,Yes,Yes,76.0,83.0,Placed
6284,7.4,0,1,2,79.0,3.5,No,Yes,55.0,66.0,NotPlaced
2783,7.5,1,2,2,89.0,4.8,Yes,Yes,70.0,84.0,Placed
608,7.7,1,1,1,78.0,4.2,Yes,Yes,66.0,67.0,NotPlaced
4781,8.2,2,3,2,78.0,4.8,Yes,Yes,83.0,83.0,Placed
3684,8.1,0,3,0,86.0,4.3,Yes,No,67.0,57.0,NotPlaced
6106,8.1,2,3,1,79.0,3.9,Yes,Yes,82.0,80.0,Placed
7578,6.5,1,2,0,60.0,4.3,No,No,55.0,70.0,NotPlaced
9387,8.1,2,3,2,89.0,4.8,Yes,Yes,72.0,84.0,Placed
1606,8.2,0,2,0,89.0,4.1,No,Yes,55.0,82.0,NotPlaced
4947,6.5,0,1,0,60.0,3.9,No,No,64.0,66.0,NotPlaced
4273,7.6,1,1,3,65.0,4.0,Yes,Yes,55.0,69.0,NotPlaced
803,7.6,1,1,0,70.0,4.0,No,Yes,55.0,57.0,NotPlaced
3784,7.9,0,2,1,70.0,3.9,No,No,59.0,68.0,NotPlaced
2095,7.7,1,1,0,82.0,4.3,No,Yes,60.0,63.0,NotPlaced
3131,8.5,1,2,2,79.0,4.3,Yes,Yes,82.0,84.0,Placed
7932,7.5,1,1,0,84.0,4.5,No,No,55.0,68.0,NotPlaced
4293,8.8,1,3,2,90.0,4.8,Yes,Yes,85.0,81.0,Placed
8965,8.4,2,2,2,84.0,4.7,Yes,Yes,85.0,82.0,Placed
6299,8.4,2,1,1,87.0,4.2,Yes,Yes,76.0,78.0,NotPlaced
5804,8.0,1,3,2,77.0,4.5,Yes,Yes,79.0,71.0,NotPlaced
726,6.8,1,2,0,67.0,4.8,No,No,55.0,73.0,NotPlaced
8697,6.8,2,1,0,77.0,4.0,No,No,60.0,77.0,NotPlaced
5971,8.8,2,3,2,90.0,4.8,Yes,Yes,79.0,84.0,Placed
7883,6.5,1,1,0,66.0,4.1,No,No,55.0,62.0,NotPlaced
5534,8.2,2,2,2,80.0,4.5,Yes,Yes,80.0,85.0,Placed
1465,7.6,1,1,0,75.0,3.9,Yes,Yes,80.0,75.0,NotPlaced
6298,8.2,1,2,1,77.0,4.5,Yes,Yes,71.0,80.0,NotPlaced
8361,7.5,0,1,2,78.0,4.6,No,Yes,68.0,71.0,NotPlaced
8740,7.9,2,3,2,90.0,4.8,Yes,Yes,82.0,88.0,Placed
1251,8.3,1,1,0,75.0,4.0,No,No,55.0,68.0,NotPlaced
2961,8.5,1,3,0,74.0,4.3,Yes,Yes,78.0,62.0,Placed
5559,7.8,0,2,1,79.0,4.7,No,Yes,56.0,72.0,NotPlaced
9690,6.5,0,1,0,75.0,3.9,No,No,55.0,60.0,NotPlaced
2506,8.3,1,3,2,90.0,4.8,Yes,Yes,85.0,86.0,Placed
4302,8.5,1,0,0,81.0,4.1,No,No,57.0,71.0,NotPlaced
9076,8.4,2,3,2,90.0,4.8,Yes,Yes,69.0,88.0,Placed
8986,7.7,0,1,0,67.0,4.0,No,No,57.0,69.0,NotPlaced
8444,6.6,1,3,3,65.0,4.2,Yes,Yes,55.0,86.0,Placed
4855,7.4,1,1,1,80.0,3.6,Yes,Yes,78.0,74.0,NotPlaced
275,7.3,1,2,1,71.0,4.7,No,No,59.0,57.0,NotPlaced
9148,7.7,1,1,1,69.0,3.9,Yes,Yes,55.0,71.0,NotPlaced
757,8.1,1,3,1,89.0,4.7,Yes,Yes,78.0,85.0,Placed
7763,6.5,1,2,1,69.0,4.3,No,No,55.0,61.0,NotPlaced
7856,8.0,0,3,2,86.0,4.3,Yes,Yes,81.0,88.0,Placed
8353,8.1,2,3,0,81.0,4.7,Yes,Yes,84.0,83.0,Placed
5621,7.7,2,3,2,90.0,4.8,Yes,Yes,88.0,85.0,Placed
4515,8.0,1,2,2,82.0,4.7,Yes,Yes,75.0,73.0,Placed
6721,8.8,0,3,1,90.0,4.8,Yes,Yes,77.0,85.0,Placed
8414,7.4,1,1,0,72.0,3.6,No,No,55.0,71.0,NotPlaced
9777,8.0,1,3,0,90.0,4.8,Yes,No,77.0,84.0,Placed
5485,7.9,0,3,2,88.0,4.6,Yes,Yes,70.0,80.0,NotPlaced
4681,7.8,0,1,1,77.0,4.3,No,No,60.0,68.0,Placed
6303,8.4,0,3,2,80.0,4.8,Yes,Yes,86.0,85.0,Placed
9822,8.6,2,3,3,89.0,4.7,No,Yes,68.0,86.0,Placed
5552,8.0,2,2,2,89.0,4.2,Yes,Yes,82.0,84.0,Placed
3275,8.2,2,3,2,89.0,4.8,Yes,Yes,84.0,86.0,Placed
6674,7.7,1,1,0,66.0,3.6,No,Yes,55.0,63.0,NotPlaced
38,8.2,1,2,2,77.0,4.2,No,Yes,72.0,72.0,Placed
6367,7.3,0,1,0,85.0,4.2,No,Yes,73.0,68.0,NotPlaced
634,6.6,1,2,1,81.0,3.4,Yes,Yes,81.0,85.0,Placed
2271,8.0,0,2,2,83.0,4.6,Yes,Yes,82.0,78.0,NotPlaced
5697,8.1,0,3,0,86.0,3.7,Yes,Yes,90.0,85.0,Placed
1713,6.9,0,1,0,73.0,4.2,No,No,55.0,59.0,NotPlaced
7290,6.5,1,2,1,68.0,4.3,Yes,Yes,73.0,74.0,NotPlaced
4481,7.5,1,3,0,80.0,4.3,Yes,Yes,73.0,73.0,NotPlaced
3624,6.6,1,2,0,83.0,4.2,No,Yes,82.0,71.0,NotPlaced
4528,7.5,2,1,0,70.0,4.6,Yes,No,73.0,79.0,NotPlaced
861,8.0,1,1,0,84.0,3.9,Yes,No,55.0,66.0,NotPlaced
7847,8.4,0,1,0,84.0,4.8,No,Yes,78.0,81.0,Placed
8659,7.9,1,3,3,83.0,4.7,Yes,Yes,69.0,81.0,Placed
1522,7.4,1,1,1,71.0,4.1,No,Yes,55.0,66.0,NotPlaced
7644,7.6,1,2,2,76.0,4.5,Yes,Yes,80.0,85.0,Placed
2954,6.7,2,1,1,77.0,4.5,Yes,Yes,64.0,62.0,NotPlaced
8681,7.6,1,1,1,79.0,4.1,No,Yes,55.0,68.0,Placed
9120,6.5,1,1,0,78.0,4.0,No,No,55.0,71.0,NotPlaced
6611,7.7,0,3,2,87.0,4.8,Yes,Yes,80.0,86.0,Placed
1591,8.2,1,3,0,84.0,4.6,Yes,Yes,86.0,81.0,Placed
4180,6.5,2,2,2,87.0,4.7,Yes,Yes,70.0,82.0,Placed
4554,7.8,1,1,0,85.0,4.0,Yes,Yes,59.0,75.0,NotPlaced
9269,8.2,1,1,0,73.0,4.5,No,Yes,76.0,84.0,NotPlaced
533,7.6,0,1,1,73.0,4.4,No,Yes,70.0,67.0,NotPlaced
8548,7.4,0,2,2,80.0,4.8,No,Yes,61.0,88.0,Placed
996,7.7,1,2,1,76.0,4.7,Yes,Yes,73.0,88.0,NotPlaced
6649,6.7,1,1,0,78.0,3.7,No,Yes,77.0,83.0,NotPlaced
5442,6.6,2,2,0,73.0,4.1,No,No,59.0,68.0,NotPlaced
6985,8.2,2,2,0,90.0,4.2,No,Yes,71.0,85.0,Placed
2694,8.3,0,1,2,84.0,4.8,Yes,Yes,83.0,82.0,Placed
2103,7.9,0,2,2,85.0,4.2,Yes,No,74.0,82.0,NotPlaced
5759,7.3,1,1,1,72.0,3.5,No,Yes,55.0,67.0,NotPlaced
4065,8.3,1,2,2,78.0,4.8,Yes,Yes,77.0,82.0,NotPlaced
9718,8.7,0,1,1,81.0,4.8,No,No,66.0,65.0,NotPlaced
3567,8.2,2,1,2,90.0,4.8,Yes,No,73.0,70.0,NotPlaced
7495,6.5,0,3,0,77.0,3.6,Yes,No,60.0,74.0,NotPlaced
8710,7.5,1,1,2,67.0,3.5,Yes,Yes,55.0,64.0,NotPlaced
9919,7.6,1,2,0,77.0,4.2,Yes,Yes,55.0,82.0,NotPlaced
2470,7.6,1,3,0,68.0,4.2,Yes,Yes,88.0,82.0,NotPlaced
298,6.8,1,1,0,68.0,4.3,No,Yes,65.0,69.0,NotPlaced
7687,8.2,1,1,0,71.0,4.4,Yes,Yes,77.0,68.0,NotPlaced
6785,7.4,1,2,2,74.0,4.5,Yes,Yes,78.0,83.0,NotPlaced
1267,7.9,0,2,2,85.0,4.0,Yes,Yes,85.0,88.0,Placed
122,8.0,1,1,1,68.0,4.2,No,Yes,59.0,66.0,NotPlaced
4955,7.4,1,2,1,71.0,3.5,No,No,74.0,64.0,NotPlaced
7603,7.4,1,1,0,86.0,4.5,Yes,Yes,69.0,86.0,NotPlaced
3902,8.3,2,3,2,77.0,4.2,Yes,Yes,65.0,83.0,NotPlaced
1921,8.1,0,3,0,69.0,4.1,Yes,No,67.0,59.0,NotPlaced
7409,6.8,1,1,0,82.0,4.6,No,Yes,58.0,75.0,Placed
9783,7.5,1,1,0,81.0,4.7,Yes,Yes,57.0,64.0,Placed
5021,8.1,0,3,0,77.0,3.9,Yes,No,69.0,65.0,NotPlaced
5924,7.4,1,1,0,78.0,4.8,Yes,No,74.0,80.0,Placed
7984,7.5,0,1,0,64.0,3.7,No,Yes,55.0,71.0,Placed
7497,7.4,0,1,1,70.0,4.3,No,Yes,55.0,69.0,NotPlaced
3174,8.1,2,3,3,85.0,4.8,Yes,No,57.0,82.0,NotPlaced
1673,6.6,0,1,1,71.0,3.5,No,No,55.0,60.0,NotPlaced
1998,8.1,2,3,0,87.0,4.4,Yes,Yes,86.0,88.0,Placed
9816,6.5,1,2,0,76.0,4.2,No,Yes,55.0,64.0,NotPlaced
591,6.5,0,3,0,68.0,4.2,Yes,No,64.0,62.0,Placed
3008,6.7,0,2,1,79.0,3.3,No,No,73.0,69.0,NotPlaced
6968,8.4,2,3,2,82.0,4.7,Yes,Yes,86.0,82.0,Placed
5036,7.5,1,1,0,60.0,3.9,No,No,55.0,69.0,NotPlaced
1851,7.8,1,1,0,86.0,4.0,Yes,Yes,60.0,76.0,Placed
5608,8.4,1,3,0,89.0,4.8,Yes,Yes,79.0,84.0,Placed
3400,7.5,1,3,0,71.0,4.0,No,No,64.0,85.0,NotPlaced
6584,7.5,1,1,2,72.0,4.3,No,No,55.0,66.0,NotPlaced
948,8.4,2,3,2,90.0,4.8,No,Yes,70.0,85.0,Placed
7246,8.2,1,1,0,76.0,4.8,No,Yes,82.0,82.0,Placed
1296,6.5,2,1,0,67.0,3.7,No,No,55.0,67.0,NotPlaced
8582,8.1,1,2,2,90.0,4.0,No,Yes,74.0,86.0,NotPlaced
202,7.9,2,3,2,76.0,4.6,Yes,Yes,79.0,82.0,Placed
9355,8.8,2,2,2,90.0,4.7,Yes,No,71.0,79.0,Placed
4393,6.8,1,1,0,67.0,4.1,Yes,No,61.0,71.0,NotPlaced
1183,7.7,1,3,2,74.0,4.4,Yes,Yes,55.0,85.0,NotPlaced
1745,7.5,1,1,0,78.0,3.8,No,Yes,55.0,76.0,NotPlaced
9257,8.2,2,3,2,90.0,4.8,Yes,Yes,81.0,87.0,Placed
1933,8.2,0,1,0,76.0,4.4,Yes,Yes,56.0,81.0,NotPlaced
1198,7.2,1,1,0,69.0,4.0,No,No,55.0,67.0,NotPlaced
8015,6.9,1,2,1,90.0,3.9,Yes,Yes,78.0,85.0,NotPlaced
2725,7.4,1,1,2,84.0,4.7,Yes,Yes,80.0,75.0,Placed
3898,8.0,1,2,0,83.0,4.6,Yes,Yes,60.0,83.0,NotPlaced
9611,8.2,2,3,2,90.0,4.8,Yes,Yes,87.0,83.0,Placed
5055,6.5,0,1,0,71.0,3.7,No,Yes,71.0,65.0,NotPlaced
7263,7.6,1,3,0,87.0,3.9,No,Yes,66.0,84.0,NotPlaced
2745,8.2,0,1,1,68.0,3.8,Yes,No,79.0,83.0,Placed
8376,9.0,2,3,2,90.0,4.8,Yes,Yes,76.0,83.0,Placed
2419,7.5,1,2,0,78.0,3.9,Yes,Yes,87.0,76.0,NotPlaced
1209,7.5,1,2,1,78.0,4.4,Yes,Yes,64.0,74.0,NotPlaced
9907,8.1,2,3,2,90.0,4.7,Yes,Yes,74.0,82.0,Placed
912,8.2,1,3,2,75.0,4.5,Yes,Yes,80.0,63.0,NotPlaced
9378,8.6,1,3,2,89.0,4.7,Yes,Yes,72.0,85.0,Placed
3950,7.6,1,2,2,79.0,4.2,Yes,Yes,59.0,67.0,Placed
9554,7.6,2,3,1,78.0,3.8,No,Yes,62.0,64.0,NotPlaced
9490,8.2,2,3,0,80.0,4.3,Yes,Yes,74.0,66.0,NotPlaced
4560,6.9,1,1,0,67.0,3.8,No,No,70.0,60.0,NotPlaced
1379,8.5,1,1,2,85.0,4.8,Yes,Yes,73.0,84.0,Placed
7905,8.1,2,3,2,83.0,4.3,Yes,Yes,83.0,79.0,Placed
6729,7.3,1,2,1,74.0,3.9,No,Yes,55.0,82.0,NotPlaced
628,7.5,1,2,1,90.0,4.3,Yes,Yes,59.0,84.0,Placed
2390,6.5,0,1,0,90.0,4.5,Yes,Yes,56.0,82.0,NotPlaced
2287,8.5,1,1,0,75.0,4.2,Yes,Yes,58.0,71.0,NotPlaced
329,7.8,1,2,0,78.0,4.8,Yes,Yes,75.0,65.0,Placed
7671,8.4,2,3,2,90.0,4.8,Yes,Yes,72.0,84.0,Placed
8508,6.5,0,3,1,82.0,4.6,No,No,57.0,66.0,NotPlaced
921,7.7,1,2,1,66.0,3.4,No,Yes,60.0,80.0,NotPlaced
3528,7.8,2,3,2,90.0,4.5,Yes,Yes,74.0,85.0,Placed
440,6.5,0,1,0,67.0,4.3,Yes,No,81.0,63.0,Placed
9194,8.6,2,3,2,81.0,4.8,No,Yes,68.0,79.0,Placed
7737,7.8,1,2,1,66.0,3.7,Yes,Yes,64.0,67.0,NotPlaced
2226,7.7,0,1,1,66.0,3.4,No,No,67.0,64.0,NotPlaced
7738,6.6,0,3,1,90.0,4.4,No,Yes,55.0,71.0,NotPlaced
2422,7.5,1,1,0,67.0,4.2,No,No,57.0,60.0,NotPlaced
1535,8.1,1,1,0,69.0,3.8,No,No,56.0,62.0,NotPlaced
3746,7.5,1,3,2,78.0,4.6,Yes,Yes,72.0,86.0,Placed
1302,7.3,1,2,1,61.0,4.5,No,Yes,55.0,84.0,NotPlaced
1960,6.5,2,1,2,86.0,4.7,Yes,No,65.0,82.0,Placed
1270,8.0,2,3,1,85.0,4.8,Yes,Yes,72.0,82.0,NotPlaced
4305,7.5,1,2,2,75.0,4.3,No,Yes,76.0,85.0,Placed
8370,6.9,1,1,0,68.0,3.7,No,No,55.0,64.0,NotPlaced
6383,8.9,2,3,2,80.0,4.4,Yes,Yes,64.0,74.0,Placed
7205,7.7,1,1,1,66.0,3.9,No,No,55.0,65.0,NotPlaced
1333,8.8,2,3,2,90.0,4.8,Yes,Yes,77.0,85.0,Placed
4556,6.5,1,1,0,64.0,4.1,No,No,63.0,68.0,NotPlaced
5726,7.0,1,2,0,69.0,4.7,No,Yes,57.0,65.0,Placed
4200,8.6,0,1,1,68.0,4.3,No,Yes,55.0,63.0,NotPlaced
216,7.4,0,1,1,70.0,4.2,No,No,61.0,70.0,NotPlaced
6653,8.2,1,0,0,85.0,4.8,No,Yes,72.0,66.0,Placed
1805,7.6,1,1,2,69.0,4.0,No,Yes,58.0,65.0,NotPlaced
5264,6.6,1,2,0,77.0,4.1,No,Yes,72.0,69.0,NotPlaced
8674,8.2,0,3,2,76.0,4.7,Yes,Yes,83.0,85.0,NotPlaced
5902,6.9,0,3,0,89.0,4.4,Yes,Yes,76.0,83.0,Placed
9835,7.6,2,3,3,82.0,4.5,Yes,Yes,71.0,67.0,Placed
5316,6.9,1,2,1,68.0,4.5,Yes,Yes,56.0,65.0,NotPlaced
5679,8.6,2,3,1,90.0,4.8,Yes,Yes,75.0,83.0,Placed
4339,8.6,1,2,1,83.0,4.6,No,Yes,62.0,81.0,NotPlaced
2212,8.5,0,1,1,90.0,4.8,Yes,No,61.0,75.0,NotPlaced
7829,7.0,0,1,3,86.0,4.2,No,Yes,62.0,81.0,NotPlaced
7255,7.5,0,1,0,76.0,4.0,No,Yes,55.0,86.0,NotPlaced
4498,7.6,1,2,0,74.0,4.6,No,Yes,59.0,60.0,NotPlaced
670,7.6,1,1,0,76.0,4.0,No,Yes,75.0,70.0,Placed
7055,8.2,2,3,2,87.0,4.8,No,Yes,65.0,66.0,Placed
4693,7.2,1,3,2,87.0,4.8,Yes,Yes,81.0,88.0,Placed
4114,8.7,1,3,0,78.0,3.2,Yes,Yes,55.0,80.0,NotPlaced
7014,8.1,1,3,0,85.0,3.7,Yes,Yes,55.0,79.0,Placed
2002,8.1,1,2,0,83.0,4.6,Yes,Yes,75.0,75.0,NotPlaced
8724,7.5,1,2,1,73.0,4.2,Yes,Yes,72.0,64.0,NotPlaced
2147,8.5,2,3,1,90.0,4.7,Yes,Yes,75.0,88.0,Placed
6716,8.7,0,3,2,87.0,4.2,Yes,Yes,76.0,85.0,Placed
6576,8.2,2,3,2,90.0,4.8,Yes,Yes,73.0,88.0,Placed
465,7.4,0,1,0,78.0,4.6,No,No,56.0,69.0,NotPlaced
9350,7.8,2,3,2,90.0,4.8,Yes,Yes,86.0,82.0,Placed
5529,6.5,0,2,2,88.0,4.6,No,Yes,71.0,72.0,NotPlaced
3360,8.5,1,3,1,82.0,4.7,Yes,Yes,76.0,88.0,Placed
7288,6.5,1,2,3,81.0,4.2,No,Yes,57.0,67.0,NotPlaced
4525,8.4,0,2,2,80.0,4.1,Yes,Yes,75.0,63.0,Placed
1140,8.0,2,3,2,90.0,4.8,Yes,Yes,73.0,88.0,NotPlaced
8992,8.7,2,3,2,81.0,4.6,Yes,Yes,79.0,85.0,Placed
1551,7.5,2,3,2,88.0,4.8,Yes,Yes,72.0,81.0,NotPlaced
7350,7.7,1,1,1,76.0,4.6,Yes,Yes,59.0,82.0,NotPlaced
3959,7.8,1,1,2,85.0,3.8,No,Yes,60.0,67.0,NotPlaced
9579,8.6,1,3,2,88.0,4.8,Yes,Yes,70.0,83.0,Placed
1943,7.6,0,1,0,81.0,3.9,Yes,Yes,61.0,83.0,Placed
6076,7.8,2,2,2,65.0,4.3,Yes,Yes,57.0,72.0,NotPlaced
8345,8.4,1,3,0,75.0,4.4,Yes,Yes,68.0,86.0,Placed
6885,7.4,1,1,0,75.0,4.3,No,No,55.0,68.0,NotPlaced
646,7.4,1,2,1,79.0,4.7,Yes,Yes,59.0,67.0,NotPlaced
9142,7.6,1,1,0,74.0,4.1,No,No,55.0,59.0,NotPlaced
1176,8.0,2,1,0,83.0,4.4,No,Yes,75.0,73.0,Placed
8188,7.9,0,2,0,69.0,4.0,No,Yes,57.0,73.0,NotPlaced
3800,7.6,0,1,2,77.0,4.0,Yes,Yes,55.0,82.0,NotPlaced
5149,8.7,2,3,2,90.0,4.8,Yes,Yes,73.0,84.0,Placed
4750,8.3,1,1,0,80.0,3.6,No,Yes,80.0,75.0,NotPlaced
9019,8.2,1,2,0,81.0,4.8,No,Yes,55.0,70.0,NotPlaced
7118,7.6,1,3,1,75.0,3.9,Yes,Yes,81.0,66.0,Placed
9551,8.1,2,1,0,85.0,4.1,Yes,Yes,83.0,79.0,Placed
5459,8.5,2,3,2,90.0,4.8,No,Yes,90.0,83.0,Placed
5852,8.5,1,2,0,70.0,3.9,Yes,Yes,81.0,83.0,Placed
6091,7.6,1,1,0,71.0,4.0,No,No,56.0,58.0,NotPlaced
1358,7.6,1,1,1,75.0,3.9,No,Yes,62.0,70.0,NotPlaced
7051,8.0,2,2,0,84.0,4.7,Yes,Yes,64.0,88.0,Placed
5470,8.5,2,3,2,90.0,4.8,Yes,Yes,85.0,87.0,Placed
4839,8.4,2,3,2,90.0,4.8,Yes,Yes,78.0,85.0,Placed
2545,8.2,0,1,1,85.0,4.7,Yes,No,81.0,66.0,NotPlaced
6373,7.7,1,3,0,81.0,4.8,Yes,Yes,79.0,85.0,Placed
4024,7.1,1,2,0,76.0,4.1,No,Yes,73.0,85.0,NotPlaced
9220,8.3,1,3,2,82.0,4.7,No,No,59.0,63.0,Placed
4322,8.8,1,2,2,85.0,4.8,Yes,Yes,68.0,87.0,Placed
9024,7.8,1,1,1,72.0,4.6,Yes,Yes,60.0,60.0,NotPlaced
4201,8.1,2,3,0,90.0,4.7,Yes,Yes,79.0,82.0,Placed
7793,6.5,1,3,0,74.0,4.0,No,Yes,69.0,68.0,Placed
6246,8.4,2,3,0,90.0,4.2,Yes,Yes,82.0,85.0,Placed
1553,6.5,1,1,1,67.0,3.7,No,Yes,55.0,66.0,NotPlaced
6608,7.9,2,2,0,90.0,3.6,Yes,Yes,69.0,71.0,NotPlaced
899,8.5,1,3,1,77.0,4.7,Yes,Yes,65.0,85.0,NotPlaced
8040,8.2,2,3,2,86.0,4.8,Yes,Yes,77.0,83.0,Placed
7299,6.5,2,1,1,78.0,3.5,No,Yes,61.0,67.0,NotPlaced
9441,7.9,2,2,0,74.0,4.4,Yes,Yes,81.0,69.0,NotPlaced
23,7.7,0,1,0,77.0,3.4,No,Yes,55.0,72.0,Placed
6704,8.1,0,1,1,77.0,4.1,No,No,56.0,66.0,NotPlaced
1909,6.7,1,2,0,75.0,4.8,Yes,Yes,55.0,67.0,Placed
9203,7.6,1,2,0,69.0,4.2,No,Yes,55.0,67.0,NotPlaced
2169,8.7,0,3,2,90.0,4.8,Yes,Yes,79.0,85.0,Placed
9406,7.7,0,3,0,89.0,4.2,Yes,No,81.0,85.0,NotPlaced
3683,8.7,2,3,0,84.0,4.1,Yes,No,79.0,83.0,NotPlaced
8929,8.5,2,1,1,78.0,4.4,Yes,Yes,66.0,86.0,Placed
7301,7.4,1,2,1,69.0,4.6,No,Yes,55.0,68.0,NotPlaced
6054,7.5,1,1,0,76.0,4.2,No,No,63.0,73.0,NotPlaced
4026,6.5,1,1,0,80.0,4.5,No,Yes,60.0,70.0,NotPlaced
7695,7.4,1,1,1,80.0,4.2,Yes,Yes,75.0,65.0,Placed
1561,7.5,1,1,1,77.0,3.9,Yes,Yes,58.0,71.0,NotPlaced
2672,8.4,1,1,1,82.0,4.3,Yes,Yes,60.0,82.0,NotPlaced
9884,8.4,2,3,2,84.0,4.8,Yes,Yes,60.0,84.0,Placed
6931,7.6,0,1,1,76.0,3.8,No,No,58.0,66.0,NotPlaced
623,8.3,1,2,2,88.0,4.4,Yes,Yes,78.0,86.0,Placed
4664,7.0,1,1,1,63.0,3.7,Yes,Yes,55.0,73.0,NotPlaced
318,6.6,0,1,1,67.0,4.3,No,Yes,56.0,65.0,NotPlaced
5627,7.7,1,1,0,72.0,4.4,No,No,72.0,69.0,NotPlaced
1265,8.4,1,1,1,69.0,4.1,Yes,Yes,63.0,60.0,NotPlaced
1442,6.6,1,2,0,81.0,4.8,Yes,Yes,70.0,85.0,NotPlaced
3232,8.4,2,2,0,74.0,4.3,Yes,No,60.0,73.0,Placed
7033,7.5,1,1,0,85.0,4.1,Yes,Yes,74.0,86.0,NotPlaced
4139,6.7,1,2,2,75.0,4.2,No,No,78.0,66.0,NotPlaced
5182,8.2,1,3,2,86.0,4.6,Yes,No,83.0,82.0,Placed
8430,7.6,0,1,1,60.0,3.2,No,No,56.0,63.0,NotPlaced
479,8.4,2,3,1,85.0,4.7,Yes,Yes,63.0,78.0,Placed
6405,6.5,0,2,1,87.0,4.8,Yes,Yes,74.0,88.0,Placed
9911,8.4,1,3,2,82.0,4.6,Yes,Yes,72.0,83.0,Placed
5365,8.4,2,3,2,84.0,4.2,Yes,Yes,81.0,84.0,Placed
1721,7.6,1,2,1,74.0,4.4,Yes,Yes,73.0,72.0,Placed
9234,8.5,1,3,0,88.0,4.6,No,Yes,70.0,84.0,Placed
9359,8.6,1,3,2,86.0,4.4,Yes,Yes,75.0,80.0,Placed
3436,7.9,2,3,2,85.0,4.4,Yes,Yes,86.0,76.0,Placed
3797,7.1,1,1,0,69.0,3.5,No,No,60.0,65.0,NotPlaced
2256,6.8,1,2,0,75.0,4.5,Yes,Yes,76.0,80.0,NotPlaced
3124,8.0,1,2,2,73.0,4.4,No,No,83.0,61.0,NotPlaced
443,8.2,0,3,2,78.0,4.5,No,Yes,88.0,84.0,Placed
6548,7.7,0,1,0,82.0,4.7,Yes,Yes,62.0,68.0,NotPlaced
7997,7.5,2,3,0,85.0,4.3,No,No,55.0,69.0,Placed
6972,7.3,1,2,0,75.0,3.9,No,Yes,80.0,71.0,NotPlaced
9703,7.6,1,3,0,90.0,4.8,Yes,Yes,68.0,87.0,Placed
2580,6.5,0,1,1,73.0,3.8,No,Yes,55.0,71.0,NotPlaced
21,7.6,2,1,0,84.0,4.4,No,Yes,77.0,75.0,Placed
6025,7.6,2,2,1,72.0,3.9,Yes,No,79.0,80.0,NotPlaced
9655,7.7,2,2,2,80.0,4.4,No,Yes,71.0,73.0,Placed
1453,8.2,2,3,1,90.0,4.8,Yes,Yes,73.0,68.0,Placed
8138,8.1,2,3,1,85.0,4.8,Yes,Yes,74.0,84.0,Placed
3339,8.2,1,2,0,75.0,4.5,Yes,Yes,55.0,62.0,Placed
9312,7.3,1,1,1,70.0,3.9,No,No,59.0,62.0,NotPlaced
2400,7.7,1,1,0,72.0,4.2,No,No,55.0,63.0,NotPlaced
7349,8.3,2,3,3,89.0,4.8,Yes,No,74.0,77.0,NotPlaced
4195,7.5,1,1,0,85.0,4.2,No,Yes,72.0,62.0,NotPlaced
4507,8.0,1,3,3,90.0,4.7,Yes,Yes,68.0,85.0,Placed
7656,7.7,0,2,0,74.0,4.2,No,Yes,55.0,71.0,NotPlaced
7514,8.5,0,3,2,88.0,4.5,Yes,Yes,85.0,88.0,Placed
2727,7.6,1,3,2,84.0,4.2,Yes,Yes,75.0,83.0,NotPlaced
681,8.2,2,1,2,71.0,4.2,Yes,Yes,85.0,85.0,NotPlaced
8256,8.5,1,3,2,89.0,4.8,Yes,Yes,77.0,88.0,Placed
3049,8.4,2,3,2,90.0,4.8,Yes,Yes,78.0,83.0,Placed
1314,7.6,0,3,1,90.0,4.6,Yes,Yes,80.0,72.0,Placed
6615,6.5,1,1,1,81.0,4.3,No,Yes,67.0,70.0,NotPlaced
406,7.3,1,1,1,77.0,4.7,Yes,Yes,57.0,75.0,NotPlaced
195,6.5,0,1,0,75.0,3.7,No,No,58.0,62.0,NotPlaced
4527,6.5,0,1,1,70.0,4.2,No,Yes,55.0,63.0,NotPlaced
4159,8.2,1,1,1,66.0,3.6,No,Yes,62.0,69.0,NotPlaced
484,7.5,1,1,2,75.0,3.5,Yes,Yes,55.0,64.0,NotPlaced
6976,6.7,1,2,1,69.0,4.0,No,Yes,59.0,64.0,NotPlaced
6322,8.0,0,3,2,74.0,4.7,Yes,Yes,77.0,88.0,Placed
44,8.6,2,3,2,88.0,4.7,Yes,Yes,80.0,87.0,Placed
5582,8.3,1,1,0,75.0,4.2,Yes,Yes,86.0,86.0,Placed
4108,7.4,1,1,0,71.0,3.3,No,No,55.0,66.0,NotPlaced
4419,7.8,1,1,0,68.0,4.3,Yes,Yes,56.0,72.0,NotPlaced
3015,7.6,1,2,1,73.0,4.3,Yes,Yes,56.0,67.0,NotPlaced
1728,6.5,1,1,0,71.0,4.5,No,No,61.0,65.0,NotPlaced
8960,8.0,0,2,0,76.0,4.6,Yes,Yes,56.0,87.0,Placed
5789,8.0,2,3,2,79.0,4.8,No,No,74.0,79.0,Placed
4661,7.5,1,1,1,69.0,3.4,No,Yes,59.0,71.0,NotPlaced
4484,7.6,1,1,0,79.0,4.0,No,Yes,62.0,69.0,NotPlaced
1888,8.1,2,3,2,90.0,4.8,Yes,Yes,84.0,86.0,Placed
6174,8.6,0,3,2,90.0,4.8,Yes,No,81.0,85.0,Placed
392,7.5,1,2,0,90.0,4.2,No,Yes,77.0,64.0,Placed
4281,7.7,0,2,1,81.0,3.8,Yes,Yes,82.0,65.0,NotPlaced
613,8.1,2,3,2,90.0,4.8,Yes,Yes,76.0,84.0,Placed
428,8.9,1,3,2,81.0,4.8,Yes,No,82.0,81.0,Placed
5540,8.1,2,3,2,89.0,4.8,Yes,Yes,87.0,87.0,Placed
9306,7.6,1,2,2,75.0,4.7,No,Yes,65.0,68.0,NotPlaced
4646,8.2,2,3,2,85.0,4.8,Yes,Yes,85.0,81.0,Placed
8232,6.6,0,1,3,84.0,3.7,No,No,75.0,67.0,NotPlaced
9315,8.5,1,3,0,86.0,4.8,Yes,Yes,70.0,86.0,Placed
1472,8.2,1,2,1,83.0,4.7,No,Yes,71.0,72.0,Placed
9615,8.3,1,3,0,90.0,4.8,Yes,Yes,83.0,82.0,Placed
8865,7.5,0,1,2,74.0,4.0,No,Yes,55.0,72.0,NotPlaced
6958,8.4,1,3,2,90.0,4.3,Yes,Yes,73.0,85.0,Placed
6190,7.8,1,1,1,83.0,4.2,Yes,Yes,64.0,66.0,NotPlaced
5240,7.5,0,2,0,88.0,4.2,No,No,55.0,64.0,Placed
7292,8.1,1,2,2,84.0,4.5,Yes,Yes,62.0,84.0,Placed
4249,7.5,0,1,1,66.0,4.1,No,Yes,70.0,64.0,NotPlaced
3337,6.5,1,2,1,80.0,4.2,No,No,55.0,65.0,NotPlaced
9651,8.4,2,3,2,80.0,4.7,Yes,Yes,77.0,81.0,Placed
7717,7.4,0,2,1,66.0,3.7,No,No,73.0,68.0,NotPlaced
7112,8.2,1,1,0,73.0,4.5,No,Yes,55.0,68.0,NotPlaced
4003,7.8,2,2,2,68.0,4.5,No,Yes,73.0,87.0,NotPlaced
3617,8.0,2,1,2,89.0,4.8,Yes,No,85.0,88.0,NotPlaced
2753,8.1,1,2,0,81.0,4.2,No,No,55.0,70.0,NotPlaced
9320,8.6,0,3,2,83.0,4.8,Yes,Yes,73.0,87.0,Placed
9232,8.0,1,3,1,82.0,4.4,Yes,Yes,73.0,85.0,NotPlaced
9605,8.4,2,3,2,85.0,4.1,Yes,No,78.0,69.0,Placed
2914,8.7,2,3,2,81.0,4.8,Yes,Yes,87.0,85.0,Placed
8402,8.2,0,3,2,83.0,4.7,Yes,Yes,72.0,86.0,NotPlaced
4190,8.2,1,3,1,88.0,4.8,Yes,Yes,63.0,81.0,Placed
3510,8.1,1,2,2,83.0,4.4,Yes,Yes,85.0,66.0,Placed
9484,7.8,0,3,2,90.0,4.8,Yes,No,81.0,81.0,Placed
9768,8.3,1,1,1,65.0,4.2,No,No,55.0,68.0,NotPlaced
9132,7.6,2,3,0,76.0,4.8,Yes,Yes,71.0,85.0,NotPlaced
7723,8.0,0,3,2,90.0,4.8,Yes,Yes,80.0,85.0,Placed
1138,8.7,2,3,0,86.0,4.8,Yes,Yes,70.0,80.0,Placed
6647,8.5,2,3,2,78.0,4.8,Yes,Yes,68.0,84.0,Placed
4370,7.8,1,1,1,73.0,4.0,No,No,58.0,61.0,NotPlaced
7294,7.4,2,3,1,81.0,4.8,Yes,Yes,71.0,78.0,NotPlaced
6892,6.6,1,1,1,69.0,4.5,No,Yes,61.0,68.0,NotPlaced
7437,6.5,0,1,0,74.0,4.2,No,No,64.0,72.0,NotPlaced
3269,8.2,2,3,2,82.0,4.5,Yes,Yes,72.0,88.0,Placed
2216,7.7,2,3,2,89.0,4.8,Yes,Yes,86.0,79.0,Placed
4143,8.4,0,1,0,86.0,3.8,No,Yes,57.0,68.0,NotPlaced
2635,7.9,1,2,1,86.0,4.6,Yes,Yes,82.0,62.0,Placed
7547,8.0,2,3,2,87.0,4.8,Yes,Yes,75.0,81.0,Placed
5466,8.2,2,2,1,74.0,4.2,No,Yes,76.0,69.0,Placed
6771,8.0,1,3,2,79.0,3.7,Yes,Yes,80.0,86.0,Placed
7752,8.7,2,3,0,82.0,4.1,Yes,Yes,72.0,79.0,Placed
4860,8.0,2,3,2,90.0,4.8,Yes,Yes,78.0,85.0,Placed
7535,7.6,1,3,2,79.0,3.8,Yes,Yes,75.0,88.0,Placed
9938,6.5,1,2,1,63.0,3.0,No,No,55.0,61.0,NotPlaced
3657,7.8,1,2,0,83.0,4.8,Yes,Yes,77.0,68.0,Placed
5614,7.2,0,1,0,75.0,3.5,No,No,55.0,74.0,NotPlaced
1240,7.4,1,1,0,78.0,4.5,Yes,Yes,70.0,78.0,Placed
7198,6.9,1,1,0,76.0,4.0,No,Yes,77.0,76.0,NotPlaced
2861,8.4,2,3,0,90.0,4.8,Yes,Yes,70.0,88.0,Placed
4328,7.6,1,1,1,62.0,3.4,No,No,60.0,62.0,NotPlaced
1554,8.2,2,3,2,81.0,4.8,Yes,No,80.0,79.0,Placed
7047,6.5,1,1,1,61.0,4.2,No,Yes,64.0,69.0,NotPlaced
7122,7.7,1,3,2,90.0,4.0,Yes,Yes,80.0,86.0,Placed
4716,8.5,2,3,2,90.0,4.8,Yes,Yes,83.0,87.0,Placed
3723,6.7,0,1,1,84.0,4.3,No,Yes,56.0,82.0,NotPlaced
627,7.4,1,1,2,80.0,4.3,Yes,Yes,55.0,66.0,NotPlaced
7265,7.7,1,1,1,67.0,3.7,No,No,55.0,68.0,NotPlaced
3196,7.6,0,1,0,75.0,4.3,Yes,Yes,55.0,66.0,NotPlaced
3726,7.6,0,3,0,86.0,3.7,Yes,Yes,85.0,80.0,Placed
8991,8.2,2,3,2,90.0,4.8,Yes,Yes,82.0,88.0,Placed
5562,7.8,1,1,1,77.0,4.5,No,No,56.0,68.0,NotPlaced
3780,7.2,1,1,0,83.0,4.1,No,Yes,77.0,75.0,NotPlaced
7894,6.6,2,3,0,77.0,4.4,Yes,Yes,78.0,76.0,Placed
3197,7.6,2,3,1,89.0,4.5,Yes,No,72.0,84.0,Placed
999,7.4,1,2,0,78.0,4.6,No,No,78.0,65.0,NotPlaced
4079,7.4,1,2,0,71.0,3.9,No,Yes,63.0,70.0,NotPlaced
6543,8.6,2,3,2,90.0,4.8,Yes,Yes,81.0,82.0,Placed
9474,7.3,1,1,2,79.0,4.4,No,Yes,60.0,71.0,NotPlaced
9197,7.7,2,2,0,90.0,4.7,Yes,Yes,70.0,86.0,Placed
4486,8.7,1,3,0,90.0,4.2,Yes,Yes,71.0,68.0,Placed
7898,7.1,1,1,1,64.0,4.5,No,No,66.0,64.0,NotPlaced
99,7.7,1,3,1,89.0,4.6,No,Yes,61.0,84.0,Placed
2450,8.6,2,3,2,90.0,4.8,Yes,Yes,82.0,87.0,Placed
5139,8.4,1,3,0,90.0,4.5,Yes,Yes,59.0,82.0,Placed
2979,8.1,0,2,0,75.0,4.3,Yes,Yes,60.0,72.0,NotPlaced
3441,8.2,0,3,2,86.0,3.9,Yes,Yes,75.0,84.0,NotPlaced
3499,8.3,0,3,0,84.0,4.4,Yes,No,72.0,83.0,Placed
2224,6.5,1,2,1,76.0,4.3,No,No,69.0,62.0,Placed
4754,8.4,0,3,0,83.0,4.5,Yes,Yes,85.0,67.0,Placed
3582,7.4,1,1,1,81.0,3.5,No,Yes,55.0,64.0,NotPlaced
8303,7.8,1,2,0,84.0,4.4,No,Yes,60.0,65.0,NotPlaced
7313,6.5,1,2,0,86.0,4.4,Yes,Yes,55.0,66.0,NotPlaced
8098,8.2,1,3,0,86.0,4.7,Yes,Yes,81.0,88.0,Placed
4529,8.4,2,1,1,78.0,3.9,Yes,Yes,57.0,62.0,NotPlaced
6736,7.9,0,1,0,78.0,4.4,Yes,Yes,77.0,73.0,NotPlaced
438,8.4,2,3,2,90.0,4.8,Yes,Yes,82.0,86.0,Placed
1256,7.6,1,3,0,83.0,4.3,Yes,Yes,81.0,81.0,Placed
9789,8.5,1,3,0,81.0,4.8,Yes,Yes,73.0,83.0,Placed
8830,8.3,1,3,2,88.0,4.8,Yes,Yes,74.0,88.0,Placed
9495,8.5,1,3,2,90.0,4.8,Yes,Yes,78.0,88.0,Placed
744,6.7,1,1,0,78.0,3.1,No,Yes,74.0,58.0,NotPlaced
7324,8.1,2,3,0,87.0,4.4,Yes,Yes,69.0,78.0,Placed
7470,7.8,1,1,0,86.0,4.6,No,Yes,59.0,69.0,NotPlaced
2991,8.3,2,3,2,86.0,4.8,Yes,Yes,78.0,86.0,Placed
3349,7.1,1,1,0,77.0,4.1,No,Yes,74.0,66.0,NotPlaced
3864,6.8,1,2,2,84.0,4.1,Yes,Yes,55.0,67.0,Placed
1083,7.4,0,2,0,86.0,3.8,No,Yes,78.0,71.0,NotPlaced
8515,7.7,0,1,0,89.0,4.2,No,No,55.0,70.0,NotPlaced
728,8.7,1,3,2,90.0,4.7,Yes,Yes,74.0,86.0,Placed
1881,7.2,0,1,0,73.0,3.7,No,No,55.0,62.0,NotPlaced
5181,7.7,1,1,0,70.0,4.8,Yes,Yes,55.0,73.0,NotPlaced
763,7.7,1,1,0,70.0,3.9,No,Yes,55.0,67.0,NotPlaced
5628,8.2,2,2,2,70.0,4.2,Yes,No,56.0,71.0,NotPlaced
5514,8.3,2,3,0,82.0,3.5,Yes,No,82.0,80.0,NotPlaced
5548,7.7,2,2,2,85.0,4.3,Yes,Yes,82.0,84.0,Placed
9674,8.2,2,2,3,84.0,3.9,No,Yes,71.0,84.0,NotPlaced
1010,8.2,2,3,2,90.0,4.6,Yes,No,72.0,85.0,NotPlaced
9935,6.6,1,2,0,71.0,4.4,Yes,Yes,69.0,68.0,NotPlaced
4930,8.2,1,3,2,86.0,4.8,Yes,Yes,86.0,83.0,Placed
1498,6.7,1,1,1,65.0,3.8,No,No,55.0,62.0,NotPlaced
4678,7.6,1,1,0,66.0,4.1,No,No,67.0,73.0,NotPlaced
8297,7.6,0,1,1,83.0,3.4,No,Yes,55.0,64.0,Placed
1211,7.9,1,2,0,89.0,4.8,No,Yes,77.0,66.0,NotPlaced
692,7.5,0,2,1,62.0,4.5,No,No,55.0,65.0,NotPlaced
4869,8.5,2,3,1,85.0,4.1,Yes,Yes,89.0,79.0,Placed
9640,8.7,2,3,2,90.0,4.8,Yes,Yes,81.0,86.0,Placed
8411,8.3,2,3,2,90.0,4.3,Yes,Yes,82.0,80.0,Placed
4546,7.5,1,2,1,76.0,4.4,No,Yes,70.0,75.0,NotPlaced
3272,7.4,1,1,0,75.0,4.3,No,No,60.0,64.0,NotPlaced
9059,8.3,1,1,0,70.0,4.6,Yes,Yes,79.0,84.0,NotPlaced
8687,8.6,2,2,1,78.0,4.0,Yes,Yes,81.0,77.0,NotPlaced
4886,6.5,1,2,0,60.0,4.7,No,Yes,55.0,63.0,NotPlaced
4178,7.4,0,3,2,90.0,4.7,Yes,Yes,68.0,71.0,Placed
3995,7.5,1,1,0,69.0,3.7,No,Yes,55.0,70.0,NotPlaced
8653,7.6,1,2,1,80.0,3.9,No,Yes,80.0,66.0,NotPlaced
7519,8.4,0,1,1,78.0,3.8,Yes,No,64.0,68.0,NotPlaced
6293,6.5,1,1,1,73.0,3.9,No,No,58.0,60.0,NotPlaced
5191,7.4,0,1,0,80.0,3.4,No,No,70.0,70.0,NotPlaced
4835,8.5,1,3,2,89.0,4.3,Yes,Yes,77.0,70.0,Placed
5035,7.6,1,1,1,81.0,4.0,No,Yes,65.0,65.0,NotPlaced
270,6.6,1,2,1,65.0,4.1,No,No,56.0,58.0,NotPlaced
5963,7.4,1,2,1,68.0,3.5,No,Yes,58.0,76.0,NotPlaced
245,7.6,2,3,0,88.0,4.4,No,Yes,80.0,68.0,Placed
6708,8.2,1,3,2,90.0,4.3,Yes,Yes,77.0,87.0,Placed
3646,7.9,2,3,0,81.0,4.6,Yes,Yes,82.0,79.0,NotPlaced
5484,7.6,0,1,1,73.0,3.3,No,No,56.0,62.0,NotPlaced
157,8.4,1,3,2,90.0,4.5,Yes,Yes,79.0,86.0,Placed
89,8.8,1,3,0,76.0,4.7,Yes,Yes,75.0,84.0,Placed
7144,8.2,2,3,2,90.0,4.8,Yes,No,83.0,86.0,Placed
1421,7.7,1,1,0,67.0,4.0,Yes,No,64.0,61.0,NotPlaced
4071,8.4,2,3,2,90.0,4.8,Yes,Yes,69.0,83.0,Placed
7897,7.7,1,2,0,87.0,4.0,Yes,Yes,73.0,84.0,Placed
7173,7.3,1,2,0,80.0,3.7,No,Yes,55.0,69.0,Placed
5629,8.9,0,3,3,87.0,4.8,Yes,Yes,73.0,88.0,Placed
1163,7.8,0,1,1,77.0,4.8,No,Yes,73.0,67.0,NotPlaced
5421,7.7,0,3,1,84.0,4.2,Yes,No,67.0,85.0,NotPlaced
8595,7.6,1,1,2,69.0,3.9,No,Yes,63.0,69.0,NotPlaced
4260,8.0,2,3,2,84.0,4.7,Yes,Yes,70.0,85.0,Placed
8108,7.6,1,3,1,73.0,4.8,No,Yes,62.0,73.0,Placed
5869,6.7,0,2,0,74.0,4.2,Yes,Yes,55.0,68.0,NotPlaced
475,7.3,1,2,1,75.0,4.6,No,Yes,55.0,75.0,NotPlaced
1775,7.4,0,1,0,75.0,3.8,No,No,56.0,66.0,NotPlaced
442,8.3,2,3,2,90.0,4.8,Yes,Yes,74.0,83.0,Placed
5756,7.6,1,2,2,76.0,4.8,Yes,Yes,68.0,85.0,NotPlaced
747,7.9,1,1,1,65.0,4.3,No,No,57.0,80.0,NotPlaced
4931,8.6,2,3,2,90.0,4.8,Yes,Yes,76.0,88.0,Placed
6485,7.6,1,1,1,70.0,3.8,No,Yes,55.0,69.0,Placed
4694,8.2,2,3,2,86.0,4.5,Yes,Yes,87.0,63.0,Placed
3279,8.3,2,2,0,76.0,3.9,No,No,83.0,80.0,NotPlaced
6489,6.8,0,2,0,80.0,4.3,Yes,No,55.0,64.0,Placed
2087,7.8,2,3,2,90.0,4.8,Yes,Yes,79.0,87.0,Placed
7545,8.1,2,3,2,85.0,4.8,Yes,Yes,83.0,84.0,Placed
462,7.9,0,1,0,60.0,3.4,No,No,64.0,59.0,NotPlaced
4526,8.2,1,2,2,89.0,4.3,Yes,No,79.0,80.0,Placed
9539,7.8,1,2,1,69.0,4.5,Yes,No,71.0,67.0,NotPlaced
4128,8.5,1,3,2,87.0,4.4,Yes,Yes,82.0,82.0,Placed
325,7.2,1,2,0,69.0,4.0,No,Yes,55.0,61.0,NotPlaced
8583,7.8,2,1,2,90.0,4.8,Yes,Yes,73.0,83.0,Placed
3044,8.3,1,2,0,78.0,4.4,Yes,Yes,57.0,81.0,NotPlaced
5993,7.7,1,1,0,78.0,4.3,Yes,Yes,62.0,69.0,Placed
6527,8.1,2,3,2,90.0,4.8,Yes,Yes,80.0,87.0,Placed
4882,8.0,1,3,0,86.0,4.4,Yes,Yes,78.0,88.0,NotPlaced
8904,8.3,1,1,1,71.0,3.9,Yes,No,55.0,59.0,NotPlaced
139,7.9,1,3,1,75.0,3.7,No,Yes,62.0,65.0,NotPlaced
3689,7.4,1,3,1,81.0,4.7,No,Yes,69.0,74.0,NotPlaced
4601,8.3,0,1,1,77.0,4.7,Yes,Yes,79.0,82.0,Placed
741,8.0,1,2,0,81.0,4.2,Yes,Yes,66.0,72.0,NotPlaced
2311,8.3,0,3,0,88.0,4.7,Yes,Yes,70.0,80.0,NotPlaced
1604,6.5,2,1,1,72.0,3.7,Yes,No,56.0,70.0,NotPlaced
4771,7.4,1,1,0,77.0,3.8,No,Yes,55.0,73.0,NotPlaced
6757,8.0,0,2,2,73.0,4.8,Yes,No,83.0,81.0,NotPlaced
5630,7.5,1,2,1,76.0,3.8,No,Yes,55.0,75.0,NotPlaced
7005,7.4,1,1,0,78.0,3.8,No,Yes,55.0,65.0,NotPlaced
8161,8.6,2,3,2,90.0,4.8,Yes,Yes,79.0,87.0,Placed
3940,8.3,2,3,2,90.0,4.7,Yes,No,87.0,87.0,Placed
8728,7.5,1,1,0,77.0,4.0,No,Yes,62.0,67.0,NotPlaced
5970,8.3,1,1,0,89.0,4.5,Yes,Yes,55.0,70.0,NotPlaced
8251,7.5,1,1,1,79.0,3.9,No,No,55.0,73.0,NotPlaced
6794,8.3,1,3,0,75.0,4.6,Yes,Yes,76.0,70.0,Placed
4433,7.7,0,1,0,67.0,3.8,No,Yes,57.0,66.0,NotPlaced
6940,8.2,0,3,1,86.0,4.1,Yes,Yes,73.0,81.0,Placed
7104,8.6,2,3,2,89.0,4.8,Yes,Yes,86.0,86.0,Placed
1395,6.7,1,1,0,73.0,3.8,No,Yes,55.0,64.0,NotPlaced
225,8.3,1,3,2,78.0,3.9,Yes,Yes,60.0,61.0,Placed
4361,7.5,1,1,1,74.0,4.6,No,Yes,57.0,69.0,NotPlaced
2319,8.3,1,3,2,89.0,4.7,Yes,Yes,72.0,80.0,NotPlaced
2892,8.3,2,1,0,80.0,4.7,Yes,Yes,84.0,86.0,Placed
3958,7.7,1,3,0,82.0,3.8,Yes,Yes,63.0,67.0,NotPlaced
2162,7.4,1,2,0,66.0,4.7,Yes,Yes,63.0,65.0,NotPlaced
1526,8.7,1,1,2,81.0,4.1,Yes,Yes,72.0,68.0,NotPlaced
4974,7.9,1,2,3,80.0,4.7,Yes,Yes,78.0,73.0,NotPlaced
8152,7.8,1,3,1,75.0,4.6,Yes,Yes,83.0,80.0,Placed
2936,8.6,2,3,1,90.0,4.8,Yes,Yes,58.0,71.0,Placed
9178,8.3,2,3,2,90.0,4.8,Yes,Yes,82.0,85.0,Placed
3388,8.3,2,3,2,84.0,4.8,Yes,Yes,77.0,82.0,Placed
9994,6.6,1,1,1,71.0,4.5,No,Yes,55.0,73.0,NotPlaced
7332,8.0,1,2,1,78.0,3.6,Yes,Yes,79.0,83.0,NotPlaced
7790,7.9,2,1,1,70.0,4.7,No,No,61.0,63.0,NotPlaced
2960,7.7,1,3,2,85.0,4.8,Yes,Yes,80.0,86.0,Placed
9272,7.5,0,1,0,72.0,3.7,No,Yes,57.0,65.0,NotPlaced
2393,7.8,1,1,0,63.0,4.4,No,Yes,55.0,68.0,NotPlaced
2603,6.8,1,1,0,80.0,4.3,No,Yes,55.0,76.0,Placed
5313,7.9,2,3,1,89.0,4.8,Yes,Yes,90.0,86.0,Placed
5843,8.0,1,1,1,82.0,4.0,No,No,55.0,74.0,NotPlaced
1736,7.8,1,1,2,81.0,3.9,No,Yes,62.0,72.0,NotPlaced
2673,6.7,1,2,0,90.0,4.7,Yes,Yes,55.0,82.0,Placed
652,6.5,1,1,1,71.0,4.2,No,No,58.0,71.0,NotPlaced
3985,6.9,1,2,0,70.0,4.3,No,No,55.0,71.0,Placed
9580,7.8,2,3,0,90.0,4.6,Yes,Yes,86.0,82.0,NotPlaced
3166,7.8,1,1,0,90.0,4.3,No,Yes,69.0,84.0,Placed
9692,7.6,0,2,1,85.0,4.3,Yes,Yes,74.0,81.0,Placed
8026,8.3,2,3,2,90.0,4.7,Yes,Yes,80.0,83.0,Placed
8184,6.7,0,1,0,70.0,4.7,Yes,Yes,61.0,85.0,Placed
8289,7.9,1,2,2,86.0,4.8,No,Yes,87.0,84.0,NotPlaced
6687,7.4,1,1,0,72.0,4.3,No,No,64.0,63.0,NotPlaced
6199,7.1,2,1,1,81.0,4.6,Yes,Yes,77.0,83.0,NotPlaced
4438,8.1,0,1,1,70.0,3.7,No,Yes,57.0,69.0,NotPlaced
4522,8.2,1,0,2,90.0,4.7,Yes,Yes,73.0,88.0,Placed
2040,7.5,1,3,1,79.0,3.8,Yes,Yes,62.0,63.0,Placed
6379,8.1,1,3,0,82.0,4.4,Yes,Yes,69.0,83.0,NotPlaced
562,7.7,1,3,0,82.0,4.2,Yes,Yes,90.0,88.0,Placed
5876,8.6,2,3,2,84.0,4.8,Yes,Yes,79.0,87.0,Placed
9515,8.2,1,1,2,74.0,4.5,Yes,No,82.0,69.0,Placed
6723,8.5,2,3,2,89.0,4.8,Yes,Yes,78.0,82.0,Placed
3610,7.3,2,2,0,66.0,4.1,Yes,Yes,60.0,70.0,NotPlaced
9329,7.5,1,2,1,68.0,4.8,No,No,58.0,70.0,NotPlaced
5464,7.2,1,2,1,74.0,3.7,No,No,55.0,72.0,NotPlaced
7523,8.0,2,3,0,90.0,4.5,Yes,Yes,85.0,79.0,Placed
8474,7.3,0,3,0,72.0,4.4,No,No,66.0,71.0,NotPlaced
455,7.9,2,3,2,90.0,4.8,Yes,Yes,78.0,86.0,Placed
3257,7.7,1,3,0,89.0,4.8,Yes,Yes,71.0,71.0,Placed
2165,7.6,1,2,0,72.0,4.1,No,Yes,60.0,64.0,NotPlaced
7480,7.5,1,1,0,81.0,3.6,No,Yes,56.0,71.0,NotPlaced
6751,8.7,2,3,2,87.0,4.6,Yes,Yes,77.0,81.0,Placed
1683,7.6,1,1,0,73.0,3.7,No,Yes,55.0,64.0,NotPlaced
8690,8.7,1,2,2,84.0,4.8,Yes,Yes,84.0,77.0,Placed
983,6.8,1,2,0,79.0,3.4,No,Yes,76.0,63.0,NotPlaced
7312,8.5,2,3,2,90.0,4.8,Yes,Yes,83.0,88.0,Placed
4820,8.2,0,2,1,69.0,3.5,No,Yes,58.0,64.0,NotPlaced
5167,7.9,1,3,2,90.0,3.6,Yes,Yes,70.0,83.0,Placed
1417,7.5,1,1,3,77.0,4.1,No,Yes,83.0,69.0,NotPlaced
3419,8.0,1,3,2,85.0,4.8,Yes,Yes,76.0,83.0,Placed
3451,7.3,1,1,0,76.0,4.3,No,Yes,63.0,69.0,NotPlaced
3144,8.2,0,3,0,90.0,4.4,Yes,Yes,86.0,78.0,Placed
7777,8.1,1,3,2,87.0,4.5,Yes,Yes,81.0,88.0,Placed
3262,7.1,0,1,0,69.0,4.2,No,Yes,57.0,71.0,Placed
1757,7.8,2,3,2,90.0,4.8,Yes,Yes,74.0,88.0,Placed
3332,8.1,1,1,0,77.0,4.8,Yes,No,57.0,63.0,Placed
2291,8.7,1,3,2,80.0,4.7,Yes,Yes,76.0,82.0,Placed
7219,7.7,1,3,2,90.0,4.8,Yes,Yes,77.0,81.0,Placed
8064,6.5,1,1,1,83.0,4.2,No,No,58.0,76.0,NotPlaced
5058,6.8,1,1,0,76.0,4.0,No,No,60.0,58.0,NotPlaced
8351,6.6,0,1,0,71.0,4.3,No,Yes,56.0,64.0,NotPlaced
3289,8.2,1,3,2,88.0,4.4,Yes,No,74.0,84.0,NotPlaced
3581,8.3,2,3,2,90.0,4.5,Yes,Yes,63.0,82.0,NotPlaced
4142,7.0,0,1,2,86.0,4.7,No,Yes,68.0,82.0,Placed
9238,6.6,2,3,2,90.0,4.8,Yes,Yes,63.0,83.0,Placed
6280,7.6,1,3,0,90.0,4.8,Yes,Yes,84.0,86.0,Placed
1102,7.5,0,2,0,78.0,4.4,No,Yes,62.0,65.0,NotPlaced
63,7.2,1,2,0,74.0,4.1,No,No,70.0,65.0,NotPlaced
3816,7.8,1,1,2,90.0,4.0,Yes,Yes,71.0,83.0,NotPlaced
6182,6.5,0,2,2,66.0,4.0,Yes,Yes,61.0,65.0,NotPlaced
2989,6.5,1,1,1,60.0,3.4,No,No,55.0,68.0,NotPlaced
6559,8.3,2,3,2,90.0,4.8,Yes,Yes,68.0,81.0,NotPlaced
7708,6.6,1,1,1,85.0,4.1,Yes,Yes,80.0,85.0,NotPlaced
7557,7.6,0,2,1,77.0,4.7,Yes,Yes,76.0,65.0,NotPlaced
732,7.9,2,3,2,90.0,4.8,Yes,Yes,82.0,84.0,Placed
2464,7.6,1,2,1,86.0,4.4,Yes,Yes,90.0,79.0,NotPlaced
3890,6.5,1,1,1,75.0,4.0,No,Yes,60.0,67.0,NotPlaced
8532,7.5,0,2,0,80.0,3.8,Yes,Yes,77.0,69.0,NotPlaced
2158,7.8,2,2,1,65.0,4.8,No,Yes,55.0,73.0,Placed
4134,7.5,1,2,1,69.0,3.2,No,Yes,55.0,65.0,NotPlaced
2304,8.4,2,3,2,90.0,4.8,Yes,Yes,77.0,77.0,NotPlaced
3013,8.3,1,3,1,73.0,4.5,Yes,Yes,83.0,66.0,Placed
4396,8.4,2,1,0,84.0,4.4,Yes,Yes,83.0,58.0,NotPlaced
5610,6.5,1,1,0,85.0,4.6,No,Yes,59.0,65.0,NotPlaced
8024,7.5,1,2,0,69.0,3.5,No,No,55.0,62.0,NotPlaced
8182,7.1,1,1,3,75.0,4.4,Yes,Yes,74.0,82.0,NotPlaced
7891,7.6,1,1,1,66.0,3.8,No,No,56.0,67.0,NotPlaced
8546,6.5,2,3,2,84.0,4.5,Yes,No,81.0,68.0,NotPlaced
5779,7.5,0,3,1,65.0,4.2,No,No,58.0,67.0,NotPlaced
5862,7.5,1,1,1,78.0,4.4,No,Yes,55.0,69.0,NotPlaced
7929,7.3,1,2,0,80.0,4.5,Yes,Yes,55.0,64.0,Placed
4978,7.7,2,2,0,75.0,4.5,Yes,Yes,78.0,72.0,NotPlaced
895,7.6,1,1,0,74.0,4.0,No,Yes,60.0,68.0,NotPlaced
7675,7.7,1,3,2,88.0,4.5,Yes,Yes,79.0,70.0,NotPlaced
8722,7.5,0,1,1,82.0,3.8,No,Yes,62.0,70.0,NotPlaced
6032,7.6,1,1,0,73.0,4.2,No,Yes,55.0,69.0,NotPlaced
6563,8.6,2,3,2,90.0,4.8,Yes,Yes,88.0,87.0,Placed
4966,6.7,1,1,1,68.0,4.8,Yes,No,57.0,65.0,NotPlaced
254,8.1,0,2,2,80.0,4.4,Yes,No,82.0,85.0,Placed
3819,6.7,1,1,0,71.0,3.9,No,No,65.0,62.0,NotPlaced
2754,6.5,1,1,0,70.0,4.2,No,Yes,63.0,72.0,NotPlaced
1477,8.2,1,3,2,90.0,4.5,Yes,Yes,73.0,87.0,Placed
7670,6.7,0,2,1,71.0,3.7,No,No,55.0,67.0,NotPlaced
8815,8.1,1,2,2,78.0,4.7,Yes,Yes,57.0,83.0,NotPlaced
9609,6.5,2,2,0,83.0,4.1,Yes,Yes,57.0,81.0,NotPlaced
8044,8.2,0,3,2,90.0,4.5,Yes,Yes,81.0,85.0,Placed
1043,8.3,2,3,2,90.0,4.8,Yes,Yes,72.0,84.0,NotPlaced
3353,6.5,1,1,1,83.0,3.8,Yes,No,72.0,72.0,Placed
1701,7.5,1,1,2,84.0,4.7,Yes,Yes,66.0,83.0,NotPlaced
4248,8.1,1,3,0,81.0,3.7,No,Yes,55.0,75.0,NotPlaced
4812,7.4,2,3,0,80.0,4.0,No,Yes,79.0,62.0,NotPlaced
3211,8.4,2,3,0,74.0,4.3,Yes,Yes,74.0,84.0,NotPlaced
4283,8.0,2,3,2,90.0,4.8,Yes,Yes,90.0,86.0,Placed
4051,6.6,1,1,0,76.0,4.0,No,No,57.0,58.0,NotPlaced
3605,6.8,0,1,2,77.0,3.6,No,Yes,57.0,64.0,NotPlaced
6093,8.0,1,3,0,90.0,4.8,Yes,Yes,76.0,83.0,Placed
5503,6.6,1,1,0,81.0,4.4,Yes,Yes,74.0,75.0,NotPlaced
4744,8.5,2,3,2,90.0,4.3,Yes,Yes,79.0,83.0,Placed
297,7.5,0,2,0,69.0,3.6,No,No,61.0,59.0,NotPlaced
8313,8.1,0,3,2,77.0,4.8,No,No,62.0,81.0,NotPlaced
8537,8.2,1,2,0,88.0,4.8,Yes,Yes,71.0,69.0,Placed
8982,8.2,2,3,0,81.0,4.8,Yes,No,85.0,80.0,Placed
6244,7.4,1,2,1,83.0,3.9,No,Yes,58.0,64.0,NotPlaced
3143,8.7,2,3,2,90.0,4.8,Yes,Yes,90.0,80.0,Placed
8828,7.4,1,3,1,84.0,4.5,Yes,Yes,81.0,73.0,Placed
7130,8.4,1,2,2,89.0,4.8,Yes,Yes,64.0,79.0,Placed
1727,8.5,2,3,2,90.0,4.8,Yes,Yes,78.0,84.0,Placed
3241,7.6,1,1,0,77.0,4.4,No,No,55.0,65.0,NotPlaced
3107,7.0,1,2,1,83.0,4.8,Yes,Yes,58.0,64.0,NotPlaced
1601,8.2,1,3,0,88.0,4.8,No,Yes,77.0,88.0,Placed
7429,7.4,1,2,0,71.0,4.6,No,No,63.0,68.0,NotPlaced
4777,8.1,1,3,2,90.0,4.7,No,Yes,72.0,88.0,Placed
4106,7.9,1,2,3,84.0,4.5,Yes,No,79.0,70.0,NotPlaced
9786,7.2,1,2,1,80.0,4.1,No,Yes,58.0,68.0,NotPlaced
4203,8.4,2,3,2,73.0,4.8,Yes,Yes,82.0,88.0,NotPlaced
3665,6.6,1,1,0,78.0,3.7,No,Yes,73.0,68.0,NotPlaced
7626,8.3,2,1,2,75.0,3.9,No,No,55.0,64.0,NotPlaced
8988,8.6,0,2,2,83.0,3.9,Yes,Yes,70.0,85.0,NotPlaced
7477,8.1,1,2,0,86.0,4.8,No,Yes,82.0,63.0,NotPlaced
7556,7.6,1,3,1,81.0,3.9,Yes,Yes,82.0,84.0,Placed
8490,7.6,0,3,1,70.0,4.1,Yes,No,55.0,63.0,NotPlaced
6467,7.6,1,1,0,83.0,4.8,Yes,Yes,79.0,79.0,NotPlaced
6773,7.4,0,1,0,76.0,4.3,No,Yes,65.0,68.0,NotPlaced
5298,8.3,2,3,0,82.0,4.6,Yes,Yes,80.0,67.0,Placed
9501,7.6,2,3,2,82.0,4.8,Yes,Yes,80.0,80.0,Placed
8447,6.6,2,1,0,74.0,4.3,No,Yes,56.0,73.0,NotPlaced
9510,7.6,1,1,1,74.0,4.5,No,No,55.0,65.0,NotPlaced
9824,7.4,1,1,0,73.0,4.1,No,Yes,55.0,67.0,NotPlaced
9652,7.4,1,1,1,83.0,4.0,No,Yes,74.0,78.0,NotPlaced
9351,6.6,0,1,1,66.0,3.7,No,No,56.0,63.0,NotPlaced
379,8.2,2,2,2,81.0,4.8,Yes,Yes,78.0,83.0,Placed
7835,6.5,1,3,1,76.0,4.1,Yes,Yes,55.0,74.0,NotPlaced
7907,7.9,1,2,1,80.0,4.3,No,No,58.0,70.0,NotPlaced
1293,8.0,0,3,2,90.0,4.8,Yes,Yes,81.0,83.0,Placed
4810,7.5,1,1,0,71.0,3.6,Yes,No,61.0,71.0,Placed
2053,7.7,1,1,1,60.0,3.6,No,No,59.0,58.0,NotPlaced
1415,8.4,2,3,2,90.0,4.7,Yes,Yes,75.0,87.0,Placed
6157,7.8,1,2,0,86.0,4.6,No,Yes,56.0,66.0,NotPlaced
2877,7.8,1,2,0,78.0,4.8,No,Yes,57.0,74.0,NotPlaced
2091,7.7,1,2,2,86.0,4.8,Yes,Yes,73.0,86.0,Placed
1620,7.7,1,1,0,80.0,4.5,No,No,55.0,74.0,NotPlaced
7492,7.5,1,1,1,65.0,4.5,No,No,55.0,67.0,NotPlaced
5406,8.4,0,0,2,90.0,4.8,Yes,Yes,81.0,84.0,Placed
5752,7.5,1,1,1,77.0,4.5,Yes,No,76.0,68.0,NotPlaced
2219,7.5,0,1,1,71.0,3.4,No,No,66.0,74.0,NotPlaced
1733,7.6,0,2,2,82.0,4.7,Yes,No,80.0,71.0,Placed
1884,7.4,1,1,0,69.0,4.4,No,No,57.0,66.0,NotPlaced
2067,7.5,0,2,1,81.0,4.1,Yes,No,56.0,66.0,NotPlaced
6077,7.6,1,1,0,72.0,3.4,No,No,77.0,67.0,NotPlaced
5238,7.7,0,1,2,86.0,4.5,Yes,Yes,64.0,68.0,NotPlaced
3953,8.3,2,3,2,89.0,4.6,No,Yes,79.0,86.0,NotPlaced
2128,7.6,1,2,1,83.0,3.9,Yes,Yes,70.0,69.0,Placed
6343,7.8,1,2,1,84.0,4.7,Yes,No,80.0,78.0,NotPlaced
3225,7.5,0,1,0,60.0,3.8,No,No,55.0,67.0,NotPlaced
1651,8.2,2,3,2,90.0,4.1,Yes,Yes,71.0,86.0,Placed
8647,7.3,0,1,1,69.0,4.6,No,Yes,68.0,64.0,NotPlaced
5161,8.2,1,1,0,68.0,4.0,No,Yes,83.0,64.0,NotPlaced
1714,7.5,0,2,1,76.0,4.2,No,Yes,61.0,67.0,NotPlaced
3662,8.4,1,1,0,80.0,4.6,Yes,Yes,77.0,82.0,NotPlaced
5109,7.6,1,1,0,67.0,3.8,No,No,55.0,64.0,NotPlaced
9989,7.3,1,2,1,81.0,4.0,No,Yes,64.0,85.0,NotPlaced
1640,9.0,0,2,2,86.0,4.5,Yes,Yes,78.0,86.0,Placed
1439,7.6,0,2,0,79.0,4.3,No,No,55.0,63.0,Placed
9160,7.5,1,2,0,62.0,4.4,No,No,60.0,71.0,NotPlaced
9153,6.5,2,2,2,85.0,4.4,Yes,Yes,84.0,83.0,Placed
7024,7.3,0,1,0,70.0,4.4,Yes,No,67.0,67.0,NotPlaced
3928,9.0,1,3,2,90.0,4.8,Yes,Yes,77.0,78.0,Placed
6100,7.6,1,2,2,77.0,4.0,Yes,Yes,55.0,64.0,NotPlaced
9641,7.6,0,1,1,82.0,4.1,No,No,61.0,69.0,NotPlaced
5609,8.3,2,3,2,90.0,4.8,Yes,Yes,80.0,86.0,Placed
4215,6.5,2,3,2,80.0,4.1,Yes,Yes,76.0,86.0,Placed
8418,7.6,1,3,0,78.0,3.9,Yes,Yes,72.0,85.0,NotPlaced
4649,8.2,2,3,2,90.0,4.8,Yes,Yes,73.0,78.0,Placed
4267,7.6,1,1,1,73.0,3.7,No,No,55.0,63.0,NotPlaced
4567,7.6,1,1,0,81.0,3.3,Yes,Yes,57.0,65.0,NotPlaced
3256,8.8,2,3,2,90.0,4.8,Yes,Yes,84.0,83.0,Placed
8701,8.7,2,3,2,90.0,4.8,Yes,Yes,85.0,86.0,Placed
446,8.2,0,3,1,83.0,4.7,Yes,No,81.0,87.0,NotPlaced
4758,8.9,2,2,0,90.0,4.8,Yes,Yes,72.0,87.0,Placed
4028,7.6,1,1,0,72.0,4.0,No,Yes,55.0,67.0,NotPlaced
9546,7.6,1,1,1,70.0,3.8,No,Yes,57.0,67.0,NotPlaced
7113,8.4,1,1,0,80.0,4.6,No,Yes,71.0,72.0,Placed
561,7.9,2,1,1,78.0,4.1,Yes,Yes,58.0,76.0,NotPlaced
2732,8.1,1,3,2,89.0,4.8,Yes,Yes,75.0,82.0,Placed
5206,7.4,0,1,0,79.0,4.0,No,Yes,55.0,66.0,NotPlaced
5896,7.6,1,1,1,71.0,4.3,No,No,59.0,63.0,NotPlaced
1300,7.3,1,2,0,79.0,4.6,No,Yes,55.0,72.0,NotPlaced
2742,8.8,2,3,2,90.0,4.8,Yes,Yes,77.0,81.0,Placed
9905,8.7,2,1,2,85.0,4.8,Yes,Yes,84.0,68.0,Placed
5909,8.3,1,2,3,90.0,4.8,Yes,Yes,75.0,86.0,Placed
1109,7.3,1,1,2,82.0,4.2,Yes,Yes,72.0,74.0,NotPlaced
7901,7.6,1,2,1,67.0,3.9,No,No,55.0,65.0,NotPlaced
1057,7.8,1,1,1,72.0,4.3,No,Yes,62.0,70.0,NotPlaced
1845,6.7,1,1,2,78.0,4.3,No,No,65.0,68.0,NotPlaced
220,7.9,2,2,2,88.0,4.8,Yes,Yes,81.0,85.0,Placed
1702,8.4,2,3,2,81.0,4.3,Yes,Yes,75.0,79.0,Placed
5060,7.7,1,1,0,71.0,4.3,No,Yes,55.0,66.0,NotPlaced
5357,8.3,2,2,2,89.0,4.0,Yes,Yes,78.0,85.0,Placed
495,7.4,1,1,0,89.0,4.4,No,Yes,58.0,73.0,NotPlaced
7562,7.3,1,2,1,88.0,4.8,No,No,55.0,74.0,NotPlaced
3830,7.8,2,3,2,90.0,4.8,Yes,Yes,68.0,83.0,Placed
2969,8.1,1,2,2,84.0,4.5,Yes,Yes,78.0,84.0,Placed
2240,7.4,1,2,1,64.0,3.5,No,No,62.0,69.0,NotPlaced
1744,7.7,1,3,0,78.0,4.7,Yes,Yes,88.0,79.0,Placed
8186,8.4,0,3,2,88.0,4.3,Yes,Yes,84.0,84.0,Placed
5157,8.1,0,3,2,87.0,4.2,Yes,Yes,67.0,84.0,Placed
2904,7.8,1,1,1,82.0,3.9,No,Yes,74.0,73.0,NotPlaced
6353,7.4,0,1,0,82.0,4.1,No,Yes,58.0,69.0,NotPlaced
8914,6.5,0,2,0,83.0,4.6,Yes,Yes,55.0,65.0,NotPlaced
1035,8.5,2,2,2,80.0,4.8,Yes,Yes,75.0,88.0,Placed
788,8.2,1,3,2,87.0,4.7,Yes,Yes,73.0,86.0,Placed
2498,8.4,1,2,0,82.0,4.4,Yes,Yes,71.0,83.0,NotPlaced
903,8.0,1,1,1,77.0,3.7,Yes,Yes,73.0,69.0,NotPlaced
1906,7.7,2,3,2,89.0,4.8,Yes,Yes,82.0,87.0,Placed
433,7.7,2,1,1,64.0,3.7,No,Yes,77.0,70.0,NotPlaced
9675,8.7,1,2,1,73.0,4.4,Yes,Yes,63.0,85.0,Placed
4369,7.5,1,2,1,77.0,3.7,No,Yes,55.0,70.0,NotPlaced
1709,6.5,1,2,0,63.0,4.3,No,No,82.0,82.0,NotPlaced
1862,7.4,1,1,1,69.0,4.2,No,Yes,59.0,65.0,NotPlaced
2129,8.6,1,2,0,77.0,4.7,No,Yes,55.0,68.0,Placed
8759,8.3,2,3,2,90.0,4.8,Yes,Yes,83.0,85.0,Placed
9722,7.0,2,3,2,90.0,4.6,Yes,Yes,85.0,83.0,Placed
277,8.3,2,1,1,83.0,4.5,Yes,Yes,82.0,86.0,NotPlaced
8071,8.8,1,3,2,90.0,4.8,Yes,Yes,75.0,82.0,Placed
611,7.6,2,1,1,89.0,3.9,No,Yes,55.0,67.0,NotPlaced
8953,8.2,2,3,2,81.0,4.8,Yes,Yes,84.0,64.0,NotPlaced
8426,7.3,1,2,1,73.0,4.0,No,No,56.0,75.0,NotPlaced
5248,7.5,0,1,0,68.0,3.6,No,No,59.0,63.0,NotPlaced
1880,8.3,2,1,2,72.0,4.0,Yes,Yes,76.0,70.0,NotPlaced
3590,7.5,0,1,0,75.0,4.1,Yes,Yes,72.0,65.0,Placed
8427,7.9,0,3,2,80.0,4.2,Yes,Yes,79.0,85.0,Placed
723,7.9,1,2,2,90.0,4.3,Yes,Yes,74.0,88.0,Placed
7564,8.7,0,1,0,87.0,4.8,Yes,No,77.0,79.0,Placed
7309,6.5,1,1,0,66.0,4.8,Yes,No,60.0,64.0,NotPlaced
5354,7.4,1,2,1,71.0,4.7,No,Yes,74.0,63.0,NotPlaced
6062,8.1,2,3,2,89.0,4.8,Yes,Yes,89.0,71.0,NotPlaced
1051,8.0,2,3,2,90.0,4.8,Yes,Yes,78.0,87.0,Placed
8956,8.6,2,3,3,83.0,4.6,Yes,No,86.0,84.0,NotPlaced
1154,6.5,1,2,1,76.0,4.5,Yes,Yes,55.0,74.0,NotPlaced
5083,8.3,2,1,2,81.0,4.8,Yes,No,89.0,83.0,NotPlaced
2061,7.1,1,1,0,79.0,3.8,No,No,55.0,61.0,NotPlaced
1155,8.1,2,3,2,85.0,4.6,Yes,Yes,80.0,84.0,Placed
5654,7.5,1,1,0,66.0,3.7,No,No,60.0,68.0,NotPlaced
6526,6.7,0,3,1,88.0,4.1,Yes,No,60.0,84.0,NotPlaced
9584,7.7,2,1,3,72.0,4.6,Yes,Yes,67.0,78.0,Placed
6128,7.5,1,3,2,86.0,4.8,Yes,Yes,71.0,88.0,Placed
629,8.3,2,3,0,90.0,4.8,Yes,Yes,78.0,83.0,Placed
8394,7.3,0,2,1,70.0,3.7,Yes,Yes,55.0,74.0,Placed
5346,6.5,1,1,0,79.0,4.0,No,No,55.0,70.0,NotPlaced
1181,8.1,2,2,2,82.0,4.7,Yes,Yes,69.0,82.0,NotPlaced
5236,7.4,1,3,0,81.0,3.7,Yes,Yes,69.0,74.0,NotPlaced
3763,7.7,0,0,1,78.0,3.7,Yes,Yes,55.0,62.0,NotPlaced
3882,7.6,0,2,0,71.0,4.3,No,No,67.0,58.0,NotPlaced
8509,7.3,1,1,0,80.0,3.6,Yes,Yes,78.0,80.0,Placed
2241,7.8,1,1,0,73.0,3.2,No,Yes,57.0,69.0,NotPlaced
6709,8.5,2,2,0,83.0,4.7,Yes,Yes,80.0,87.0,NotPlaced
408,8.3,2,1,0,81.0,4.1,Yes,Yes,76.0,83.0,NotPlaced
3020,8.3,2,3,2,87.0,4.7,No,Yes,71.0,85.0,Placed
1878,7.4,0,1,1,81.0,3.5,Yes,Yes,71.0,65.0,NotPlaced
961,8.1,2,3,2,90.0,4.7,Yes,Yes,78.0,82.0,Placed
4659,8.3,1,3,2,90.0,4.8,Yes,Yes,83.0,88.0,Placed
3227,8.2,2,1,2,74.0,3.9,No,No,79.0,64.0,NotPlaced
6824,7.8,1,1,0,71.0,4.1,Yes,Yes,77.0,67.0,Placed
9540,8.1,2,1,0,73.0,3.6,Yes,Yes,83.0,85.0,NotPlaced
5106,6.7,2,3,2,82.0,4.8,Yes,No,84.0,82.0,Placed
8423,8.3,0,1,0,90.0,4.1,No,No,63.0,66.0,NotPlaced
5579,8.4,2,3,0,85.0,4.6,Yes,Yes,81.0,72.0,NotPlaced
2680,7.2,1,1,1,66.0,3.8,Yes,No,67.0,67.0,NotPlaced
6307,7.6,1,3,0,75.0,3.9,No,Yes,78.0,83.0,Placed
355,7.8,1,3,2,77.0,4.2,Yes,No,77.0,82.0,NotPlaced
7345,8.3,2,3,2,90.0,4.8,Yes,Yes,84.0,88.0,Placed
2088,7.8,1,2,0,77.0,4.2,No,Yes,79.0,70.0,Placed
9263,7.8,1,1,0,70.0,4.2,No,Yes,63.0,65.0,NotPlaced
1196,6.9,2,1,0,78.0,4.8,No,Yes,71.0,83.0,NotPlaced
8725,8.3,2,3,2,90.0,4.6,Yes,No,74.0,84.0,Placed
9345,6.6,1,2,0,79.0,3.9,No,Yes,60.0,69.0,NotPlaced
8310,7.9,1,3,2,75.0,4.6,No,Yes,82.0,84.0,Placed
3652,8.4,2,3,2,90.0,4.7,Yes,Yes,73.0,88.0,Placed
9273,8.3,1,3,1,88.0,4.8,Yes,Yes,81.0,85.0,Placed
5771,6.7,1,2,1,89.0,4.4,No,Yes,65.0,58.0,NotPlaced
5111,8.1,1,3,2,90.0,4.8,Yes,Yes,79.0,84.0,Placed
7247,6.5,0,1,0,64.0,3.9,No,Yes,62.0,66.0,NotPlaced
2217,8.2,1,2,0,68.0,4.2,No,No,57.0,64.0,NotPlaced
5031,6.8,1,1,1,61.0,3.5,No,No,66.0,72.0,NotPlaced
6138,7.5,1,1,2,78.0,4.3,Yes,No,58.0,70.0,Placed
2972,8.6,0,3,1,81.0,4.6,Yes,Yes,74.0,85.0,Placed
7742,8.4,1,3,3,90.0,4.8,Yes,Yes,76.0,86.0,Placed
2978,6.8,1,1,2,84.0,4.5,Yes,Yes,69.0,88.0,NotPlaced
5772,8.8,2,3,0,88.0,4.7,No,Yes,58.0,87.0,Placed
5405,7.2,1,1,1,79.0,4.3,No,No,55.0,75.0,NotPlaced
8052,6.5,1,1,0,80.0,3.8,No,Yes,64.0,69.0,NotPlaced
3820,7.5,1,2,2,79.0,4.2,Yes,Yes,75.0,62.0,Placed
7452,7.4,1,1,1,69.0,4.2,Yes,No,60.0,69.0,NotPlaced
5489,7.6,1,2,2,82.0,4.8,Yes,Yes,64.0,80.0,NotPlaced
6219,6.8,1,1,0,74.0,4.0,No,No,66.0,69.0,NotPlaced
8654,7.7,2,2,1,84.0,4.7,Yes,Yes,78.0,82.0,Placed
3913,6.5,0,3,0,80.0,4.5,No,Yes,79.0,64.0,NotPlaced
1632,6.5,0,1,0,69.0,4.0,No,No,61.0,65.0,NotPlaced
9237,6.8,0,3,2,75.0,4.4,Yes,Yes,84.0,85.0,NotPlaced
1462,6.5,1,1,1,83.0,4.1,No,Yes,81.0,66.0,Placed
7580,7.1,0,1,0,90.0,4.5,Yes,No,79.0,78.0,NotPlaced
3802,6.5,0,1,1,80.0,3.6,No,Yes,68.0,65.0,NotPlaced
228,8.7,2,3,2,87.0,4.7,Yes,Yes,80.0,84.0,Placed
6452,8.4,2,3,2,90.0,4.6,Yes,Yes,74.0,80.0,NotPlaced
8364,8.5,2,3,0,90.0,4.8,No,Yes,76.0,80.0,Placed
368,8.0,2,3,1,87.0,4.2,Yes,Yes,75.0,81.0,Placed
5104,8.3,1,3,2,90.0,4.7,Yes,Yes,86.0,86.0,Placed
7181,7.4,0,2,0,69.0,4.2,No,Yes,59.0,62.0,NotPlaced
4742,8.4,0,3,2,88.0,3.7,Yes,Yes,76.0,85.0,Placed
8028,8.2,1,2,1,84.0,4.8,Yes,Yes,68.0,88.0,NotPlaced
291,8.8,1,2,2,90.0,4.8,Yes,No,75.0,88.0,Placed
9732,6.5,0,2,1,66.0,4.5,Yes,No,63.0,63.0,NotPlaced
795,8.4,1,3,2,68.0,3.6,Yes,Yes,72.0,61.0,Placed
4836,8.3,0,3,1,79.0,4.5,Yes,No,55.0,64.0,NotPlaced
7552,7.8,0,1,0,63.0,4.2,No,Yes,56.0,70.0,NotPlaced
4971,7.5,1,1,0,63.0,4.5,No,Yes,59.0,58.0,NotPlaced
693,8.2,1,3,2,83.0,4.7,Yes,Yes,75.0,68.0,Placed
6015,7.9,1,2,0,85.0,4.1,Yes,Yes,59.0,64.0,NotPlaced
1089,8.2,2,3,2,86.0,4.7,Yes,Yes,85.0,88.0,Placed
4365,7.8,2,1,0,88.0,4.0,No,Yes,55.0,69.0,NotPlaced
5698,7.7,1,2,2,78.0,4.3,Yes,Yes,79.0,81.0,Placed
9431,7.2,1,1,0,60.0,3.2,No,Yes,55.0,75.0,NotPlaced
7262,8.1,2,3,3,90.0,4.7,Yes,No,83.0,82.0,NotPlaced
5538,7.4,1,2,1,68.0,4.2,No,Yes,57.0,64.0,NotPlaced
5359,7.8,0,1,0,71.0,3.8,Yes,No,62.0,69.0,NotPlaced
7126,8.4,2,3,2,87.0,4.7,Yes,Yes,55.0,75.0,Placed
6551,6.7,0,1,1,60.0,4.5,No,No,62.0,59.0,NotPlaced
690,6.5,2,3,2,74.0,4.2,No,No,90.0,67.0,NotPlaced
6259,7.5,0,1,0,72.0,4.0,No,Yes,55.0,87.0,NotPlaced
9471,8.1,1,3,2,90.0,4.8,Yes,Yes,71.0,87.0,Placed
7316,6.8,1,3,0,80.0,3.9,Yes,No,60.0,70.0,NotPlaced
55,6.5,0,2,1,72.0,4.5,No,No,57.0,69.0,NotPlaced
5657,7.5,1,3,0,77.0,4.0,Yes,Yes,55.0,65.0,NotPlaced
2468,7.9,1,1,1,89.0,4.0,No,Yes,81.0,70.0,NotPlaced
5492,7.6,1,1,0,63.0,4.3,Yes,No,59.0,60.0,NotPlaced
3991,7.9,2,1,2,90.0,4.5,Yes,No,74.0,79.0,NotPlaced
7531,6.5,1,1,0,70.0,4.1,No,No,65.0,72.0,NotPlaced
4179,8.4,1,3,3,90.0,4.8,Yes,Yes,78.0,85.0,Placed
238,7.6,1,1,0,72.0,4.6,Yes,Yes,68.0,84.0,NotPlaced
9648,7.3,1,3,0,77.0,4.2,No,No,66.0,62.0,NotPlaced
4135,7.2,1,1,1,66.0,3.5,No,No,55.0,74.0,NotPlaced
1161,7.8,1,3,0,88.0,4.8,Yes,Yes,77.0,87.0,Placed
6804,6.5,1,3,1,83.0,4.8,Yes,Yes,78.0,69.0,NotPlaced
7786,7.3,0,1,2,74.0,4.0,No,No,69.0,73.0,NotPlaced
3951,8.2,2,3,2,90.0,4.8,Yes,Yes,83.0,85.0,Placed
5325,8.1,2,3,2,90.0,4.8,Yes,Yes,75.0,88.0,Placed
8998,7.5,1,2,0,60.0,3.6,No,Yes,55.0,67.0,NotPlaced
5760,8.2,1,1,2,82.0,4.8,Yes,Yes,78.0,82.0,Placed
221,6.6,1,2,1,76.0,4.1,Yes,Yes,82.0,69.0,NotPlaced
7422,8.1,1,3,2,89.0,4.7,Yes,Yes,71.0,80.0,NotPlaced
7163,7.5,1,2,1,73.0,4.4,No,Yes,69.0,79.0,NotPlaced
4407,6.5,1,2,0,80.0,3.8,No,Yes,55.0,60.0,NotPlaced
1964,7.6,1,2,0,70.0,3.9,No,Yes,55.0,60.0,NotPlaced
3894,7.7,1,2,0,64.0,4.2,Yes,Yes,70.0,69.0,NotPlaced
3668,8.4,2,3,2,90.0,4.8,Yes,Yes,78.0,76.0,Placed
4072,7.4,1,2,1,66.0,4.5,No,No,58.0,71.0,NotPlaced
9262,7.3,1,2,0,65.0,4.2,No,No,55.0,65.0,NotPlaced
2554,8.0,1,3,2,90.0,4.8,No,Yes,85.0,88.0,Placed
1976,8.2,2,3,2,90.0,4.8,Yes,Yes,84.0,85.0,Placed
2332,8.6,2,3,2,86.0,4.1,Yes,Yes,75.0,85.0,Placed
8818,7.8,1,1,0,66.0,3.7,Yes,Yes,62.0,67.0,Placed
9377,7.6,1,1,0,72.0,3.8,No,No,72.0,67.0,NotPlaced
2375,6.5,0,2,3,85.0,4.5,Yes,Yes,55.0,71.0,Placed
3061,8.2,2,2,2,76.0,4.3,Yes,Yes,76.0,66.0,Placed
5784,7.4,1,2,0,71.0,3.7,No,Yes,55.0,62.0,NotPlaced
1500,7.6,0,3,0,77.0,4.8,Yes,Yes,73.0,74.0,Placed
1397,8.3,0,3,2,89.0,4.5,Yes,Yes,85.0,84.0,Placed
8219,7.7,1,2,1,61.0,3.7,No,Yes,55.0,63.0,NotPlaced
1360,6.7,1,1,1,69.0,3.5,No,No,63.0,72.0,NotPlaced
7440,8.1,0,2,0,84.0,4.0,Yes,Yes,68.0,69.0,NotPlaced
5598,8.2,1,2,2,88.0,4.4,Yes,Yes,81.0,85.0,Placed
2516,8.2,2,3,2,90.0,4.5,Yes,Yes,90.0,67.0,Placed
9119,8.2,2,3,2,90.0,4.6,Yes,Yes,78.0,85.0,Placed
5933,7.8,2,3,2,90.0,4.8,Yes,Yes,81.0,88.0,Placed
9131,8.2,1,3,2,89.0,4.8,Yes,Yes,77.0,83.0,Placed
9081,6.9,1,1,0,78.0,3.9,Yes,Yes,73.0,62.0,NotPlaced
6474,8.4,1,3,0,88.0,4.7,Yes,Yes,72.0,85.0,Placed
963,6.6,0,1,1,67.0,4.5,No,No,65.0,71.0,NotPlaced
3926,7.5,1,1,0,77.0,4.0,No,Yes,55.0,65.0,NotPlaced
4027,7.7,0,2,3,77.0,4.8,Yes,Yes,67.0,80.0,NotPlaced
1923,6.5,1,2,1,78.0,4.4,Yes,Yes,77.0,73.0,NotPlaced
264,6.5,1,3,0,80.0,3.7,No,No,59.0,66.0,NotPlaced
9959,8.2,2,3,2,90.0,4.4,Yes,Yes,73.0,85.0,Placed
2822,8.6,2,3,2,79.0,4.8,Yes,Yes,78.0,78.0,Placed
4411,7.7,1,2,0,77.0,4.2,Yes,Yes,55.0,69.0,Placed
2316,7.5,1,1,0,76.0,4.5,Yes,Yes,79.0,88.0,Placed
6440,8.3,1,3,2,89.0,4.4,Yes,Yes,63.0,81.0,Placed
707,8.1,2,3,0,81.0,4.8,Yes,Yes,72.0,88.0,NotPlaced
7664,8.5,1,2,0,81.0,4.4,Yes,Yes,79.0,75.0,Placed
995,8.6,2,3,0,89.0,4.8,Yes,Yes,83.0,85.0,Placed
1055,8.0,2,3,2,90.0,4.3,Yes,Yes,72.0,84.0,Placed
9634,8.2,0,3,2,81.0,4.5,Yes,Yes,79.0,82.0,NotPlaced
4735,8.1,2,3,2,90.0,4.8,Yes,Yes,72.0,83.0,Placed
7380,7.7,1,2,0,74.0,4.7,Yes,Yes,69.0,71.0,Placed
6113,8.2,1,3,0,78.0,4.2,Yes,Yes,60.0,66.0,Placed
1133,6.5,1,2,0,84.0,4.2,No,No,79.0,65.0,NotPlaced
3306,7.9,1,1,0,87.0,4.4,No,Yes,58.0,70.0,Placed
5906,7.0,0,3,2,90.0,4.1,Yes,Yes,73.0,68.0,NotPlaced
989,6.9,1,2,0,85.0,4.8,Yes,Yes,73.0,87.0,Placed
2467,7.5,1,2,0,79.0,4.3,No,Yes,58.0,67.0,NotPlaced
8117,8.1,2,3,0,83.0,3.8,Yes,No,67.0,60.0,Placed
9513,8.2,1,2,1,71.0,4.6,Yes,Yes,87.0,85.0,NotPlaced
9403,6.8,2,3,2,86.0,4.5,Yes,Yes,79.0,86.0,NotPlaced
5704,8.2,2,3,2,90.0,4.8,Yes,Yes,85.0,85.0,Placed
784,8.4,2,3,1,89.0,4.6,Yes,Yes,74.0,70.0,NotPlaced
4572,7.3,1,3,1,79.0,3.3,No,Yes,72.0,69.0,NotPlaced
5439,7.9,1,1,0,71.0,4.4,No,Yes,79.0,71.0,NotPlaced
2302,8.0,1,3,3,90.0,4.8,Yes,Yes,82.0,84.0,Placed
7170,8.0,2,1,2,78.0,4.4,No,Yes,80.0,66.0,Placed
6957,7.4,0,2,1,77.0,4.8,Yes,Yes,66.0,68.0,NotPlaced
3130,7.3,0,1,0,75.0,3.9,No,Yes,57.0,63.0,NotPlaced
828,7.1,0,2,0,80.0,3.8,No,Yes,57.0,70.0,NotPlaced
5319,7.1,1,2,0,80.0,3.5,No,No,55.0,66.0,NotPlaced
5849,7.4,1,3,0,78.0,4.2,No,Yes,71.0,67.0,Placed
600,7.6,1,2,1,85.0,4.6,No,No,90.0,79.0,NotPlaced
9300,6.5,0,1,1,75.0,3.4,No,No,58.0,62.0,NotPlaced
6057,6.5,0,2,0,74.0,4.1,No,Yes,55.0,82.0,NotPlaced
3767,6.9,0,2,1,78.0,4.1,No,Yes,55.0,64.0,NotPlaced
265,7.4,1,1,0,88.0,4.5,No,Yes,76.0,71.0,Placed
1895,7.5,0,1,0,66.0,4.3,No,No,60.0,68.0,NotPlaced
2139,8.4,1,3,0,83.0,4.8,Yes,Yes,77.0,85.0,Placed
5211,6.9,2,1,2,84.0,4.7,Yes,Yes,73.0,82.0,NotPlaced
3053,7.4,0,1,1,82.0,4.5,No,Yes,55.0,69.0,NotPlaced
8331,8.6,2,3,2,84.0,4.6,Yes,Yes,80.0,85.0,Placed
6046,7.5,1,3,2,89.0,4.8,Yes,Yes,61.0,70.0,NotPlaced
7164,8.7,1,3,0,90.0,4.5,Yes,Yes,82.0,85.0,Placed
3658,8.4,1,1,1,67.0,3.5,No,Yes,55.0,64.0,NotPlaced
1117,8.3,0,1,0,79.0,3.5,No,Yes,70.0,70.0,Placed
128,7.4,0,1,0,79.0,4.3,No,No,63.0,73.0,NotPlaced
6371,8.5,2,3,0,82.0,4.4,Yes,Yes,87.0,83.0,Placed
3571,8.4,2,3,0,90.0,4.5,Yes,Yes,87.0,83.0,Placed
1815,8.6,2,3,0,81.0,4.7,Yes,Yes,77.0,78.0,Placed
687,8.1,1,2,1,84.0,4.3,Yes,Yes,77.0,83.0,NotPlaced
3779,7.7,1,1,2,76.0,4.4,No,No,66.0,68.0,NotPlaced
7633,7.5,1,1,0,77.0,4.0,No,Yes,55.0,63.0,NotPlaced
8008,8.6,2,1,2,90.0,4.8,Yes,Yes,81.0,80.0,Placed
9695,8.1,0,3,2,90.0,4.8,Yes,Yes,83.0,86.0,Placed
770,8.1,2,3,2,90.0,4.8,Yes,Yes,70.0,81.0,Placed
9128,8.1,1,3,1,82.0,4.6,Yes,Yes,78.0,75.0,Placed
7725,8.5,1,3,2,90.0,4.8,Yes,Yes,84.0,81.0,Placed
1390,6.5,0,1,1,68.0,4.1,No,Yes,55.0,68.0,NotPlaced
6382,7.4,1,2,0,84.0,4.1,No,Yes,55.0,64.0,NotPlaced
4385,8.2,1,3,2,90.0,4.4,Yes,Yes,79.0,85.0,NotPlaced
4379,7.9,2,3,2,88.0,4.7,Yes,No,81.0,80.0,Placed
1914,6.5,1,1,3,87.0,4.2,Yes,Yes,80.0,82.0,Placed
9161,6.8,0,2,0,73.0,4.2,Yes,Yes,81.0,67.0,NotPlaced
3368,8.5,2,3,2,90.0,4.8,Yes,Yes,74.0,88.0,Placed
2942,6.5,1,2,2,70.0,4.1,No,No,68.0,68.0,NotPlaced
4006,6.8,1,2,2,77.0,4.7,Yes,No,74.0,60.0,NotPlaced
7159,7.4,0,1,0,71.0,3.7,No,No,55.0,64.0,NotPlaced
688,7.5,1,2,0,87.0,4.6,Yes,Yes,83.0,81.0,Placed
9941,8.6,1,1,1,78.0,4.3,Yes,Yes,69.0,84.0,NotPlaced
3644,7.9,1,3,0,78.0,4.4,No,No,61.0,66.0,NotPlaced
9498,7.4,1,1,0,76.0,4.7,Yes,Yes,61.0,82.0,Placed
8162,8.0,2,3,0,90.0,4.8,No,Yes,65.0,86.0,NotPlaced
3066,6.5,1,2,1,79.0,3.9,No,Yes,55.0,70.0,NotPlaced
3850,8.2,2,3,2,90.0,4.8,Yes,Yes,82.0,84.0,Placed
4294,8.2,2,3,2,90.0,4.8,Yes,Yes,88.0,80.0,Placed
5809,8.1,2,3,2,90.0,4.8,Yes,Yes,90.0,83.0,Placed
8730,9.0,2,3,2,90.0,4.8,Yes,Yes,83.0,88.0,Placed
842,8.0,2,3,2,90.0,4.7,Yes,Yes,70.0,87.0,Placed
1848,7.8,2,3,1,90.0,4.6,Yes,No,87.0,84.0,Placed
8153,7.6,1,2,1,87.0,4.3,No,No,60.0,80.0,NotPlaced
977,7.9,0,1,2,86.0,4.3,No,Yes,61.0,63.0,Placed
3861,6.5,1,1,0,60.0,3.9,No,Yes,61.0,67.0,NotPlaced
7150,8.6,1,3,2,85.0,4.8,Yes,Yes,82.0,84.0,Placed
6697,7.8,1,1,0,70.0,4.0,No,Yes,55.0,66.0,NotPlaced
2341,6.6,1,1,0,69.0,4.2,Yes,Yes,55.0,69.0,NotPlaced
1739,6.9,1,3,1,78.0,4.5,Yes,Yes,59.0,70.0,Placed
5786,7.6,1,2,1,77.0,4.4,No,Yes,55.0,68.0,NotPlaced
8955,8.6,2,3,2,90.0,4.7,Yes,Yes,83.0,88.0,Placed
1437,7.0,1,1,0,69.0,3.7,No,No,61.0,69.0,NotPlaced
6087,8.1,2,3,2,90.0,4.8,Yes,Yes,89.0,85.0,Placed
5517,6.5,1,1,1,62.0,4.0,No,No,55.0,60.0,NotPlaced
9152,7.6,1,3,2,84.0,4.6,Yes,Yes,79.0,76.0,Placed
7771,8.1,1,1,0,84.0,3.7,Yes,No,64.0,64.0,NotPlaced
5172,8.2,1,1,1,78.0,3.6,No,Yes,60.0,69.0,NotPlaced
9020,7.6,1,1,1,73.0,3.9,No,No,65.0,70.0,NotPlaced
2526,6.9,0,1,1,73.0,3.5,No,Yes,69.0,63.0,NotPlaced
3724,7.6,0,2,0,68.0,4.6,No,No,59.0,65.0,NotPlaced
1631,7.7,1,2,0,82.0,4.4,No,Yes,57.0,69.0,Placed
6164,8.4,1,1,0,75.0,4.8,No,No,64.0,63.0,NotPlaced
37,8.3,1,2,2,89.0,4.8,Yes,Yes,75.0,81.0,Placed
884,7.1,1,2,0,77.0,3.7,Yes,Yes,71.0,69.0,Placed
8978,7.5,1,3,1,72.0,4.2,Yes,No,90.0,80.0,NotPlaced
7245,7.6,1,1,1,88.0,4.0,No,Yes,59.0,61.0,NotPlaced
5312,7.7,1,2,0,90.0,4.8,No,Yes,64.0,69.0,Placed
7160,8.1,2,1,1,78.0,4.4,Yes,Yes,77.0,67.0,NotPlaced
4129,7.7,1,2,3,78.0,4.2,Yes,Yes,71.0,84.0,NotPlaced
1543,6.7,1,1,0,74.0,4.1,No,Yes,55.0,68.0,NotPlaced
8602,8.5,2,3,2,90.0,4.6,Yes,Yes,81.0,88.0,Placed
7093,8.5,0,2,0,89.0,4.5,Yes,Yes,70.0,83.0,NotPlaced
6545,8.0,1,1,2,86.0,4.6,Yes,Yes,77.0,84.0,NotPlaced
8874,8.1,2,3,2,90.0,4.8,Yes,Yes,75.0,86.0,Placed
7613,7.7,1,2,0,80.0,3.5,Yes,Yes,79.0,84.0,NotPlaced
2051,8.1,0,3,0,84.0,3.3,No,No,86.0,65.0,NotPlaced
7510,7.8,2,2,2,79.0,4.5,Yes,No,72.0,86.0,NotPlaced
9785,8.5,2,2,2,88.0,4.8,Yes,Yes,76.0,84.0,Placed
3812,7.7,0,1,0,77.0,4.6,No,No,79.0,61.0,NotPlaced
8599,7.2,2,2,2,87.0,4.7,Yes,Yes,65.0,87.0,Placed
7274,6.5,2,3,0,76.0,3.8,No,Yes,86.0,70.0,NotPlaced
4760,7.6,0,1,1,68.0,4.1,No,No,63.0,64.0,NotPlaced
8585,8.8,2,3,2,90.0,4.8,Yes,Yes,83.0,86.0,Placed
5134,7.5,1,1,0,68.0,4.3,No,Yes,55.0,68.0,NotPlaced
8664,8.6,2,3,2,88.0,4.8,Yes,Yes,83.0,80.0,Placed
8831,8.0,2,3,2,82.0,4.3,Yes,Yes,77.0,84.0,Placed
429,8.3,0,3,0,75.0,4.2,Yes,No,77.0,69.0,NotPlaced
3593,8.1,1,2,1,90.0,4.7,Yes,Yes,71.0,72.0,NotPlaced
4452,8.9,1,3,1,74.0,4.5,Yes,Yes,62.0,81.0,Placed
7244,8.0,1,1,2,82.0,4.8,No,No,69.0,68.0,NotPlaced
490,8.3,1,3,0,82.0,4.8,Yes,Yes,71.0,88.0,NotPlaced
6193,8.4,1,3,0,85.0,4.6,Yes,Yes,82.0,80.0,Placed
5407,8.3,2,3,2,88.0,4.8,Yes,Yes,68.0,82.0,Placed
2739,8.5,1,3,2,88.0,4.8,Yes,Yes,83.0,83.0,NotPlaced
7837,8.5,1,2,2,81.0,3.8,Yes,Yes,78.0,85.0,NotPlaced
8673,6.5,1,1,0,70.0,4.2,No,No,60.0,67.0,NotPlaced
8683,8.6,1,2,0,68.0,3.9,Yes,Yes,72.0,83.0,Placed
3495,8.4,2,3,2,89.0,4.4,Yes,Yes,78.0,84.0,NotPlaced
2930,8.9,1,3,2,83.0,4.6,Yes,Yes,71.0,84.0,Placed
2907,8.3,2,3,2,90.0,4.8,Yes,Yes,76.0,84.0,Placed
8964,7.7,2,2,2,75.0,4.2,No,Yes,71.0,83.0,NotPlaced
7944,8.1,1,2,1,88.0,4.8,No,Yes,77.0,88.0,Placed
1383,8.4,1,1,0,80.0,3.7,Yes,Yes,55.0,81.0,NotPlaced
64,6.6,1,2,1,72.0,4.1,No,No,55.0,75.0,NotPlaced
8135,7.4,0,2,1,89.0,4.3,Yes,Yes,79.0,70.0,NotPlaced
415,7.6,1,3,1,73.0,4.4,No,Yes,55.0,62.0,NotPlaced
5995,6.5,1,3,0,72.0,4.6,Yes,Yes,85.0,69.0,Placed
236,8.2,2,3,1,69.0,4.0,Yes,Yes,77.0,82.0,NotPlaced
2278,7.8,1,3,2,90.0,4.8,Yes,Yes,79.0,83.0,Placed
3886,8.4,2,3,1,87.0,4.8,Yes,No,84.0,81.0,Placed
8716,6.9,0,2,1,82.0,3.9,No,Yes,78.0,59.0,NotPlaced
4772,6.6,0,1,0,63.0,4.2,No,No,61.0,70.0,NotPlaced
458,6.5,1,1,1,78.0,4.1,No,Yes,55.0,62.0,NotPlaced
282,8.2,1,2,1,79.0,3.8,Yes,Yes,55.0,70.0,NotPlaced
2042,7.8,1,1,1,69.0,4.1,No,No,55.0,64.0,NotPlaced
1041,8.2,2,1,0,74.0,4.5,Yes,Yes,77.0,67.0,NotPlaced
676,8.2,1,3,2,85.0,4.8,Yes,Yes,55.0,82.0,NotPlaced
952,6.7,1,2,1,78.0,4.4,No,No,60.0,88.0,NotPlaced
2690,6.5,1,2,0,84.0,4.7,No,Yes,55.0,60.0,NotPlaced
7476,7.7,1,2,1,76.0,4.1,No,Yes,56.0,69.0,NotPlaced
2245,7.4,0,1,1,69.0,4.0,No,Yes,60.0,71.0,NotPlaced
1598,7.0,1,1,0,60.0,3.3,No,Yes,55.0,66.0,NotPlaced
7226,7.7,0,1,2,68.0,4.2,Yes,No,75.0,71.0,NotPlaced
5189,8.1,1,2,0,74.0,4.2,No,Yes,55.0,67.0,NotPlaced
2530,8.3,0,3,0,90.0,4.8,Yes,Yes,74.0,85.0,Placed
6256,6.6,1,1,0,61.0,3.0,No,No,67.0,70.0,NotPlaced
2759,6.5,1,1,1,74.0,3.8,No,No,69.0,64.0,NotPlaced
43,6.7,0,1,1,72.0,4.4,No,No,55.0,60.0,NotPlaced
2897,7.5,0,1,0,72.0,4.1,No,No,55.0,69.0,NotPlaced
8247,7.7,1,2,0,86.0,4.5,No,Yes,72.0,79.0,Placed
8832,6.5,1,2,1,69.0,3.8,No,Yes,56.0,71.0,NotPlaced
2998,7.1,1,2,0,72.0,4.4,Yes,No,69.0,69.0,NotPlaced
4722,7.8,2,3,2,84.0,4.4,Yes,No,87.0,80.0,NotPlaced
9150,7.4,2,3,1,89.0,4.6,Yes,Yes,59.0,64.0,NotPlaced
5099,6.5,0,1,1,69.0,3.9,No,No,55.0,75.0,NotPlaced
5968,8.4,2,3,2,83.0,4.6,Yes,Yes,81.0,87.0,Placed
7698,6.6,0,1,1,71.0,3.4,No,No,56.0,70.0,NotPlaced
8861,8.4,1,1,2,86.0,4.7,Yes,No,69.0,71.0,NotPlaced
1071,7.6,1,2,0,82.0,4.0,No,No,59.0,68.0,NotPlaced
2710,7.9,2,3,2,90.0,4.8,Yes,Yes,81.0,87.0,Placed
338,7.2,1,2,0,83.0,4.5,No,Yes,74.0,69.0,NotPlaced
9653,6.7,2,1,2,85.0,3.5,Yes,Yes,55.0,84.0,NotPlaced
8381,7.6,1,1,0,79.0,4.2,Yes,No,57.0,61.0,NotPlaced
1481,7.5,0,2,0,78.0,3.5,No,Yes,83.0,60.0,NotPlaced
3171,6.5,0,3,2,84.0,4.4,Yes,Yes,68.0,72.0,Placed
8555,8.6,2,3,2,90.0,4.8,No,Yes,71.0,85.0,Placed
6321,7.0,1,1,0,86.0,4.0,No,Yes,55.0,83.0,Placed
9333,7.6,1,3,2,71.0,4.2,Yes,Yes,72.0,68.0,NotPlaced
3527,8.6,2,3,2,90.0,4.8,Yes,Yes,81.0,79.0,Placed
7105,7.0,1,1,0,65.0,3.8,No,No,62.0,63.0,NotPlaced
5873,7.6,0,1,0,66.0,4.0,No,No,61.0,69.0,NotPlaced
8957,7.9,1,2,0,67.0,4.4,Yes,No,73.0,72.0,Placed
7836,6.5,1,1,0,78.0,4.4,No,Yes,66.0,74.0,NotPlaced
190,6.8,1,1,0,78.0,4.3,No,No,61.0,62.0,NotPlaced
7191,7.8,2,3,2,90.0,4.8,Yes,Yes,87.0,84.0,Placed
6277,8.5,2,3,2,90.0,4.8,Yes,No,75.0,85.0,Placed
9097,7.8,2,2,2,88.0,4.3,Yes,Yes,75.0,82.0,NotPlaced
3794,6.5,1,1,0,71.0,3.6,No,No,63.0,61.0,NotPlaced
6623,8.6,1,2,0,85.0,4.2,No,Yes,71.0,67.0,Placed
3302,6.9,1,3,1,79.0,4.2,Yes,Yes,73.0,71.0,NotPlaced
8171,7.5,1,2,0,83.0,4.7,No,Yes,62.0,83.0,Placed
704,7.7,1,2,0,78.0,3.6,No,Yes,64.0,81.0,NotPlaced
7196,8.2,1,2,2,90.0,4.8,Yes,Yes,71.0,88.0,Placed
1378,7.8,0,2,0,74.0,4.7,Yes,Yes,77.0,81.0,Placed
8720,6.5,0,1,1,85.0,4.2,No,Yes,60.0,77.0,Placed
6434,6.5,1,1,0,70.0,3.8,No,Yes,59.0,68.0,Placed
1720,7.7,1,2,0,74.0,4.7,No,Yes,55.0,74.0,Placed
1257,7.6,1,1,1,77.0,4.1,No,Yes,64.0,70.0,NotPlaced
7060,7.5,1,1,1,70.0,4.0,Yes,Yes,55.0,64.0,NotPlaced
8685,8.6,2,3,2,90.0,4.8,Yes,Yes,77.0,82.0,Placed
3172,8.4,0,3,2,81.0,4.8,Yes,Yes,84.0,84.0,NotPlaced
3086,8.3,2,3,2,90.0,4.8,Yes,Yes,80.0,87.0,Placed
2537,7.4,1,1,0,90.0,4.4,No,Yes,58.0,63.0,NotPlaced
1339,6.5,1,1,0,67.0,4.6,No,Yes,55.0,74.0,NotPlaced
8248,7.8,1,2,2,85.0,4.3,No,Yes,68.0,78.0,Placed
259,8.1,2,3,2,90.0,4.8,Yes,Yes,86.0,88.0,Placed
3939,7.6,1,3,0,87.0,4.4,Yes,Yes,71.0,71.0,Placed
5656,8.1,1,2,0,74.0,4.7,Yes,Yes,61.0,69.0,NotPlaced
9217,8.0,0,3,1,90.0,4.1,Yes,Yes,64.0,61.0,Placed
9088,6.8,2,1,2,75.0,4.6,Yes,Yes,74.0,82.0,NotPlaced
5742,8.3,2,3,0,90.0,4.8,Yes,Yes,77.0,83.0,Placed
3425,8.3,0,3,2,78.0,4.1,Yes,Yes,65.0,65.0,Placed
888,7.4,1,1,1,81.0,3.8,No,Yes,55.0,84.0,NotPlaced
7527,7.8,1,3,2,90.0,4.8,Yes,Yes,58.0,78.0,Placed
2370,9.0,2,3,2,88.0,4.8,No,Yes,72.0,84.0,Placed
2716,6.5,1,1,0,69.0,4.3,No,Yes,55.0,68.0,NotPlaced
2238,6.8,0,2,1,89.0,3.9,No,Yes,63.0,61.0,Placed
7958,7.6,1,1,0,69.0,4.5,No,No,73.0,71.0,NotPlaced
2480,8.2,1,1,1,84.0,3.9,Yes,Yes,61.0,60.0,Placed
7239,8.2,1,3,0,80.0,4.6,Yes,Yes,81.0,71.0,Placed
6991,8.0,1,3,2,90.0,4.8,Yes,Yes,66.0,79.0,NotPlaced
3221,6.5,0,2,1,79.0,4.3,No,No,57.0,71.0,NotPlaced
4674,8.0,1,3,0,87.0,4.3,Yes,Yes,81.0,77.0,Placed
2667,8.2,2,3,2,90.0,4.8,Yes,Yes,73.0,83.0,Placed
2487,8.1,1,3,2,85.0,4.7,Yes,Yes,68.0,88.0,Placed
3038,7.4,1,2,1,66.0,4.3,No,No,78.0,70.0,NotPlaced
8744,7.7,0,1,2,72.0,4.3,Yes,No,82.0,72.0,NotPlaced
7352,7.5,0,3,2,85.0,4.5,No,Yes,75.0,73.0,Placed
9408,7.7,0,1,0,69.0,4.1,No,No,63.0,65.0,NotPlaced
4124,8.3,2,3,2,86.0,4.8,Yes,Yes,86.0,82.0,Placed
5660,8.3,1,1,0,81.0,4.5,Yes,No,80.0,68.0,Placed
4095,7.5,2,3,1,83.0,4.2,Yes,Yes,76.0,75.0,Placed
3564,6.6,1,2,0,68.0,3.6,No,No,60.0,57.0,NotPlaced
494,7.7,1,2,0,82.0,4.3,No,Yes,77.0,67.0,NotPlaced
6772,8.0,2,3,0,75.0,4.4,No,Yes,70.0,82.0,NotPlaced
9889,7.8,1,2,0,73.0,3.5,No,Yes,63.0,67.0,NotPlaced
5781,8.6,1,3,0,88.0,4.5,Yes,Yes,78.0,67.0,NotPlaced
3529,6.8,1,1,1,60.0,3.9,No,No,62.0,63.0,NotPlaced
7467,8.4,1,2,2,86.0,4.2,Yes,Yes,80.0,82.0,NotPlaced
3844,8.5,1,2,1,85.0,4.1,Yes,Yes,73.0,86.0,Placed
5472,6.8,1,2,1,71.0,4.7,Yes,Yes,55.0,58.0,NotPlaced
2046,7.5,0,1,1,70.0,4.3,No,No,64.0,66.0,NotPlaced
8333,6.5,1,1,2,85.0,4.3,No,Yes,73.0,71.0,NotPlaced
8940,8.3,0,3,2,82.0,4.8,Yes,Yes,73.0,79.0,Placed
7733,8.3,2,3,2,90.0,4.8,Yes,Yes,79.0,88.0,Placed
9394,6.8,1,2,0,64.0,3.4,No,Yes,55.0,72.0,NotPlaced
3534,8.1,2,3,1,81.0,4.8,Yes,Yes,74.0,83.0,NotPlaced
8584,7.8,0,1,0,74.0,3.3,No,No,55.0,63.0,NotPlaced
418,8.0,2,3,0,86.0,4.8,Yes,Yes,73.0,82.0,Placed
5871,7.7,1,1,1,89.0,4.4,No,No,55.0,63.0,NotPlaced
1865,8.4,2,3,2,90.0,4.8,Yes,No,82.0,81.0,Placed
6036,6.5,0,1,0,62.0,4.1,No,No,75.0,60.0,NotPlaced
9936,7.8,1,2,0,80.0,4.8,Yes,Yes,86.0,83.0,Placed
9111,8.2,2,3,2,90.0,4.8,Yes,Yes,86.0,82.0,Placed
3089,7.7,1,1,2,69.0,4.7,No,Yes,72.0,63.0,NotPlaced
4672,7.9,1,3,1,80.0,4.8,Yes,No,79.0,87.0,Placed
305,8.2,0,3,2,90.0,4.8,Yes,Yes,79.0,80.0,Placed
8750,7.5,0,2,0,68.0,4.0,No,Yes,67.0,71.0,Placed
6161,7.7,1,2,1,79.0,4.6,Yes,Yes,68.0,70.0,NotPlaced
2093,7.7,1,2,0,88.0,4.5,No,Yes,55.0,69.0,NotPlaced
7760,7.5,1,1,1,60.0,4.8,Yes,Yes,75.0,70.0,NotPlaced
6035,8.2,2,3,2,90.0,4.8,Yes,Yes,81.0,81.0,Placed
7922,7.5,2,1,3,79.0,3.4,Yes,No,90.0,64.0,NotPlaced
3029,8.7,1,3,2,72.0,4.8,Yes,Yes,84.0,72.0,Placed
5399,8.2,2,3,2,90.0,4.6,Yes,Yes,83.0,83.0,Placed
3109,7.0,1,3,2,75.0,4.4,Yes,Yes,74.0,63.0,Placed
7551,7.5,1,2,0,82.0,4.1,No,No,64.0,61.0,NotPlaced
9266,6.5,0,1,2,85.0,3.6,No,No,68.0,69.0,NotPlaced
3183,8.4,0,2,3,82.0,4.4,Yes,Yes,77.0,88.0,Placed
5026,8.3,1,2,2,90.0,4.8,Yes,Yes,78.0,85.0,Placed
9354,8.3,1,2,1,73.0,4.1,Yes,Yes,63.0,65.0,NotPlaced
8326,8.7,1,3,2,79.0,4.6,Yes,Yes,76.0,88.0,NotPlaced
5159,8.2,1,2,2,78.0,4.1,Yes,Yes,70.0,82.0,NotPlaced
712,6.5,1,2,1,70.0,3.8,No,No,61.0,70.0,NotPlaced
1867,7.7,1,1,0,65.0,3.0,No,No,55.0,74.0,NotPlaced
6129,7.6,1,1,0,71.0,4.0,Yes,Yes,69.0,88.0,NotPlaced
7326,7.5,0,1,0,81.0,4.2,No,No,67.0,60.0,NotPlaced
9962,6.9,1,3,0,73.0,4.5,No,No,56.0,86.0,NotPlaced
3408,7.9,1,3,2,90.0,4.7,Yes,Yes,83.0,82.0,Placed
1663,8.0,1,3,2,90.0,4.5,No,Yes,77.0,76.0,Placed
3184,7.9,1,3,2,88.0,4.8,Yes,Yes,77.0,88.0,NotPlaced
1048,8.3,1,1,1,71.0,4.8,Yes,Yes,78.0,83.0,NotPlaced
8181,7.0,1,1,0,74.0,4.5,No,No,57.0,61.0,NotPlaced
9767,7.5,1,1,2,75.0,4.0,Yes,Yes,58.0,64.0,NotPlaced
9796,8.1,2,3,2,90.0,4.8,Yes,Yes,75.0,82.0,Placed
7881,8.4,0,1,0,80.0,4.5,Yes,Yes,87.0,78.0,NotPlaced
641,6.5,1,1,1,81.0,4.6,No,No,56.0,73.0,NotPlaced
3546,7.6,0,1,2,71.0,3.9,No,Yes,61.0,67.0,NotPlaced
2592,6.6,1,3,2,76.0,4.5,Yes,Yes,74.0,84.0,Placed
7270,7.9,1,1,0,70.0,4.3,Yes,Yes,73.0,68.0,NotPlaced
4701,6.5,0,1,1,66.0,3.6,No,No,55.0,70.0,NotPlaced
1938,7.6,2,2,1,90.0,4.7,Yes,Yes,70.0,70.0,NotPlaced
4906,7.4,1,1,0,80.0,4.1,No,Yes,75.0,68.0,NotPlaced
5800,8.0,0,2,2,87.0,4.7,Yes,No,72.0,83.0,NotPlaced
5282,8.0,2,3,2,90.0,4.8,Yes,Yes,77.0,83.0,Placed
8137,7.5,0,3,0,83.0,3.8,Yes,Yes,75.0,65.0,Placed
5318,7.9,1,3,2,66.0,4.1,No,No,55.0,58.0,NotPlaced
5718,8.2,1,1,2,76.0,4.5,Yes,Yes,58.0,81.0,Placed
4884,8.5,1,1,2,86.0,4.5,Yes,Yes,74.0,83.0,Placed
459,7.4,1,2,0,73.0,4.3,No,Yes,65.0,68.0,NotPlaced
9307,7.8,1,3,3,77.0,4.5,Yes,Yes,72.0,79.0,Placed
6719,8.3,0,3,0,87.0,4.5,Yes,Yes,83.0,70.0,Placed
2800,6.9,0,1,0,70.0,4.3,No,No,57.0,63.0,NotPlaced
3891,7.7,1,1,1,80.0,3.9,No,No,59.0,67.0,NotPlaced
7095,6.5,0,1,0,66.0,3.5,No,No,61.0,66.0,NotPlaced
557,7.1,0,2,0,67.0,3.2,No,No,57.0,57.0,NotPlaced
4584,8.0,0,1,0,81.0,4.5,No,No,75.0,82.0,NotPlaced
7225,7.7,1,2,0,82.0,4.4,No,Yes,55.0,69.0,NotPlaced
9281,8.2,1,1,2,75.0,4.3,No,Yes,70.0,85.0,Placed
6725,7.8,2,2,0,73.0,4.2,No,Yes,55.0,69.0,NotPlaced
2130,7.9,0,3,2,90.0,4.4,Yes,Yes,88.0,83.0,Placed
2852,7.3,1,3,0,90.0,4.7,Yes,Yes,76.0,88.0,NotPlaced
7820,8.3,2,3,2,90.0,4.8,Yes,Yes,87.0,81.0,NotPlaced
7411,7.6,1,1,0,60.0,3.6,No,No,55.0,64.0,NotPlaced
7037,6.5,0,1,0,75.0,4.2,No,No,55.0,67.0,NotPlaced
4166,7.6,1,2,2,75.0,3.8,Yes,Yes,75.0,63.0,NotPlaced
1608,8.1,1,3,1,71.0,4.1,Yes,Yes,85.0,77.0,NotPlaced
4960,8.3,2,3,2,90.0,4.8,Yes,Yes,90.0,85.0,Placed
3022,7.7,1,3,2,78.0,4.1,Yes,Yes,77.0,82.0,Placed
7788,6.5,0,2,1,72.0,3.0,No,Yes,59.0,76.0,NotPlaced
8148,7.5,1,2,1,66.0,4.0,No,Yes,58.0,76.0,NotPlaced
7346,7.7,1,1,0,82.0,3.8,Yes,Yes,82.0,87.0,Placed
896,7.4,1,1,1,68.0,4.7,No,Yes,55.0,66.0,NotPlaced
3437,8.5,0,3,0,83.0,4.8,Yes,Yes,78.0,86.0,NotPlaced
5085,8.3,2,3,2,89.0,3.9,Yes,Yes,78.0,88.0,NotPlaced
1100,8.1,0,3,2,90.0,4.7,Yes,Yes,82.0,86.0,Placed
2971,6.5,1,1,1,83.0,4.7,No,No,55.0,71.0,NotPlaced
3383,7.3,0,3,0,77.0,4.6,Yes,Yes,87.0,88.0,NotPlaced
8198,8.6,2,3,2,87.0,4.7,Yes,Yes,86.0,84.0,Placed
3815,7.0,1,1,1,76.0,4.6,No,Yes,57.0,63.0,NotPlaced
2857,8.0,2,3,2,90.0,4.8,Yes,Yes,82.0,83.0,Placed
6884,8.3,2,3,3,88.0,4.8,Yes,Yes,78.0,84.0,Placed
3375,7.4,1,1,1,68.0,3.9,Yes,Yes,62.0,63.0,NotPlaced
4684,8.0,0,3,3,72.0,4.5,Yes,Yes,71.0,81.0,Placed
6930,6.7,1,1,1,63.0,4.6,No,No,55.0,69.0,NotPlaced
6942,7.2,1,2,2,66.0,4.1,Yes,Yes,78.0,75.0,Placed
2058,8.4,2,3,2,90.0,4.8,Yes,Yes,74.0,88.0,Placed
5132,8.0,1,1,0,82.0,4.5,Yes,Yes,73.0,66.0,NotPlaced
9628,8.4,1,3,0,82.0,4.5,Yes,Yes,80.0,64.0,Placed
8958,8.3,2,3,2,88.0,4.8,Yes,Yes,66.0,83.0,Placed
3699,7.3,1,1,0,76.0,4.3,No,No,55.0,66.0,NotPlaced
9787,7.4,1,1,1,65.0,3.6,No,No,55.0,61.0,NotPlaced
2201,8.1,1,1,0,90.0,4.7,No,Yes,70.0,82.0,NotPlaced
4749,8.2,1,1,2,85.0,4.8,Yes,Yes,79.0,82.0,Placed
3892,7.6,1,1,0,74.0,3.8,No,Yes,61.0,66.0,NotPlaced
3931,6.8,2,3,2,82.0,3.9,Yes,No,76.0,81.0,Placed
2314,8.2,1,3,0,77.0,4.3,No,No,55.0,73.0,NotPlaced
7614,7.4,1,2,0,74.0,4.5,No,Yes,70.0,68.0,Placed
9183,8.2,1,2,1,83.0,4.7,Yes,Yes,83.0,82.0,Placed
5791,7.9,1,1,0,80.0,4.4,Yes,Yes,74.0,86.0,NotPlaced
4817,8.3,1,3,1,89.0,4.8,Yes,Yes,79.0,84.0,Placed
6369,7.6,1,2,0,82.0,4.2,No,Yes,56.0,70.0,NotPlaced
8859,7.4,1,1,0,66.0,4.4,No,No,55.0,65.0,NotPlaced
3772,7.5,0,1,1,80.0,4.1,No,Yes,64.0,65.0,NotPlaced
7502,6.7,1,1,0,74.0,4.4,Yes,Yes,55.0,69.0,NotPlaced
9594,6.7,0,2,0,73.0,4.5,No,Yes,60.0,58.0,NotPlaced
3420,8.1,2,1,1,87.0,4.1,Yes,Yes,55.0,69.0,NotPlaced
7195,7.6,1,1,1,71.0,4.1,Yes,Yes,62.0,79.0,NotPlaced
8038,8.1,1,2,0,83.0,4.1,Yes,No,66.0,66.0,NotPlaced
4861,7.3,1,1,1,68.0,4.2,No,No,55.0,61.0,NotPlaced
2136,7.7,0,2,2,83.0,4.5,Yes,Yes,63.0,82.0,Placed
2418,7.5,0,3,0,78.0,4.7,No,No,55.0,70.0,NotPlaced
9321,8.2,2,3,2,88.0,4.5,Yes,Yes,72.0,83.0,Placed
6734,7.3,1,2,3,81.0,3.8,No,Yes,76.0,64.0,NotPlaced
9769,8.1,1,3,2,90.0,4.6,Yes,Yes,81.0,88.0,Placed
5644,7.6,2,2,1,88.0,4.8,Yes,Yes,83.0,86.0,NotPlaced
4107,8.4,1,2,2,84.0,4.4,Yes,Yes,79.0,83.0,Placed
6155,6.5,0,1,1,80.0,3.4,Yes,Yes,60.0,66.0,NotPlaced
4194,7.5,1,1,0,73.0,3.4,No,Yes,80.0,67.0,NotPlaced
955,7.5,1,1,0,70.0,3.9,No,No,56.0,75.0,NotPlaced
7338,6.6,1,2,0,81.0,4.5,Yes,Yes,62.0,64.0,Placed
3165,6.8,0,1,0,72.0,4.0,Yes,Yes,80.0,65.0,Placed
5880,6.9,1,1,1,62.0,3.5,No,No,55.0,66.0,NotPlaced
8531,8.0,0,1,2,89.0,4.7,Yes,Yes,72.0,84.0,Placed
4795,6.5,1,1,0,64.0,4.4,No,Yes,61.0,73.0,NotPlaced
6108,7.8,0,3,1,87.0,4.4,Yes,Yes,71.0,70.0,NotPlaced
9058,7.5,1,2,1,71.0,4.1,No,Yes,58.0,65.0,NotPlaced
2253,7.7,1,1,1,75.0,4.6,No,Yes,72.0,75.0,NotPlaced
7224,7.5,1,1,1,67.0,4.0,No,No,55.0,71.0,NotPlaced
106,8.5,2,3,2,90.0,4.8,Yes,Yes,72.0,87.0,Placed
9508,7.5,2,3,0,86.0,4.8,Yes,No,55.0,84.0,Placed
3579,8.5,2,3,0,88.0,4.7,Yes,Yes,74.0,86.0,Placed
7727,8.6,1,3,2,90.0,4.6,Yes,Yes,88.0,85.0,Placed
470,8.1,0,2,0,88.0,4.0,No,Yes,67.0,84.0,Placed
4121,8.4,1,1,2,90.0,4.8,No,Yes,66.0,87.0,Placed
1120,8.4,2,2,2,87.0,4.7,Yes,Yes,56.0,85.0,NotPlaced
3060,7.7,1,1,0,67.0,4.4,No,Yes,81.0,73.0,NotPlaced
9493,7.6,1,1,0,81.0,3.8,No,Yes,73.0,72.0,NotPlaced
6921,8.2,1,1,0,79.0,4.6,Yes,No,56.0,61.0,NotPlaced
3056,8.5,2,3,2,85.0,4.8,Yes,Yes,87.0,83.0,Placed
6316,8.1,0,3,0,88.0,4.7,Yes,No,88.0,86.0,Placed
3298,6.5,0,2,0,69.0,3.6,No,Yes,55.0,75.0,NotPlaced
8737,8.3,1,3,1,88.0,4.8,No,Yes,72.0,69.0,Placed
3076,7.7,0,3,2,90.0,4.5,No,Yes,86.0,86.0,Placed
4494,8.4,2,3,2,83.0,4.8,Yes,No,79.0,82.0,NotPlaced
4253,8.1,0,3,2,85.0,4.8,Yes,Yes,79.0,88.0,NotPlaced
9114,7.5,2,3,0,81.0,3.9,Yes,Yes,65.0,65.0,NotPlaced
1515,7.5,1,1,0,65.0,3.8,No,Yes,55.0,74.0,NotPlaced
3622,7.2,1,2,1,75.0,4.6,Yes,Yes,79.0,74.0,NotPlaced
9988,7.7,1,2,0,82.0,4.2,Yes,Yes,84.0,70.0,Placed
5391,7.4,1,1,0,71.0,4.3,Yes,Yes,55.0,66.0,NotPlaced
5082,8.0,2,3,2,90.0,4.8,Yes,Yes,76.0,88.0,Placed
1996,6.5,0,3,0,73.0,4.6,Yes,Yes,75.0,74.0,Placed
9156,6.6,1,2,0,65.0,4.2,No,No,83.0,72.0,NotPlaced
1750,6.5,2,1,0,75.0,4.3,Yes,Yes,69.0,73.0,NotPlaced
5410,8.1,1,3,2,90.0,4.7,Yes,Yes,85.0,83.0,Placed
8359,7.8,1,2,0,77.0,4.4,Yes,Yes,69.0,80.0,NotPlaced
20,7.4,1,2,0,70.0,4.4,No,Yes,58.0,63.0,NotPlaced
4392,6.6,2,3,0,75.0,3.9,Yes,Yes,55.0,81.0,NotPlaced
4477,6.7,2,2,0,65.0,4.7,No,No,66.0,62.0,NotPlaced
4652,7.5,1,2,0,76.0,4.7,No,Yes,59.0,73.0,NotPlaced
4622,7.3,1,2,1,86.0,3.4,No,Yes,63.0,74.0,NotPlaced
8553,7.7,2,2,0,80.0,3.8,Yes,Yes,62.0,72.0,NotPlaced
7741,7.5,2,3,1,79.0,4.4,Yes,Yes,68.0,71.0,Placed
8267,7.5,1,3,1,79.0,3.8,Yes,Yes,58.0,67.0,NotPlaced
8067,8.5,2,3,2,81.0,4.5,Yes,Yes,78.0,84.0,Placed
3325,8.3,1,3,2,90.0,4.8,No,Yes,79.0,87.0,Placed
9400,8.1,2,3,1,79.0,4.4,Yes,Yes,79.0,73.0,Placed
4551,6.6,1,3,0,87.0,4.7,Yes,Yes,83.0,84.0,Placed
3235,8.8,1,3,0,88.0,4.4,No,Yes,71.0,82.0,NotPlaced
7008,6.5,2,3,0,77.0,4.3,No,Yes,87.0,67.0,NotPlaced
4729,7.5,1,1,1,83.0,4.4,No,Yes,56.0,63.0,NotPlaced
5991,8.4,0,1,0,77.0,3.5,No,Yes,55.0,63.0,NotPlaced
7282,6.5,0,1,0,66.0,3.8,No,No,55.0,62.0,NotPlaced
6051,6.6,1,1,0,63.0,3.7,No,No,59.0,70.0,NotPlaced
9677,6.5,0,2,2,78.0,4.2,No,Yes,59.0,77.0,NotPlaced
4443,7.0,1,1,1,69.0,4.0,Yes,Yes,76.0,65.0,NotPlaced
3117,7.2,1,2,1,72.0,4.4,No,Yes,63.0,74.0,NotPlaced
4638,7.4,1,1,0,63.0,3.8,No,Yes,62.0,70.0,NotPlaced
9462,8.2,2,2,1,87.0,4.5,Yes,Yes,70.0,70.0,NotPlaced
2429,7.3,1,1,0,84.0,3.9,No,Yes,55.0,69.0,NotPlaced
2687,7.9,1,3,0,83.0,4.6,Yes,Yes,81.0,68.0,Placed
5309,7.7,2,3,0,81.0,4.8,Yes,Yes,81.0,83.0,NotPlaced
7369,8.0,2,3,0,88.0,4.5,Yes,No,77.0,84.0,NotPlaced
8946,7.3,1,2,1,68.0,4.6,No,Yes,65.0,70.0,NotPlaced
7982,6.8,1,3,0,66.0,3.6,Yes,Yes,55.0,61.0,Placed
7059,7.6,1,1,1,70.0,3.9,No,Yes,59.0,63.0,NotPlaced
2895,6.7,1,1,1,82.0,4.3,No,Yes,55.0,65.0,NotPlaced
4061,7.9,1,2,1,77.0,4.2,Yes,Yes,84.0,64.0,Placed
9535,8.3,1,1,1,76.0,4.2,No,Yes,65.0,62.0,NotPlaced
6825,8.0,1,1,2,83.0,4.4,Yes,No,71.0,74.0,NotPlaced
9241,8.1,2,3,0,85.0,4.2,Yes,Yes,71.0,83.0,NotPlaced
5936,7.3,1,1,1,78.0,4.2,Yes,Yes,69.0,72.0,NotPlaced
3823,7.2,2,3,0,76.0,4.3,Yes,Yes,74.0,82.0,NotPlaced
1510,8.2,1,3,1,80.0,4.0,No,Yes,58.0,63.0,NotPlaced
9341,8.2,1,3,0,86.0,4.8,Yes,Yes,88.0,86.0,Placed
1913,7.8,0,3,0,84.0,3.8,Yes,Yes,59.0,71.0,NotPlaced
7539,7.5,1,1,1,66.0,4.0,No,Yes,61.0,72.0,NotPlaced
2977,7.6,2,3,0,90.0,4.8,Yes,Yes,79.0,67.0,Placed
4036,8.5,1,3,2,90.0,4.5,Yes,Yes,76.0,84.0,Placed
6368,6.7,1,3,1,78.0,4.1,Yes,Yes,55.0,82.0,Placed
6573,7.4,1,2,1,79.0,4.1,No,Yes,61.0,82.0,NotPlaced
6899,8.6,1,3,2,90.0,4.8,Yes,Yes,73.0,83.0,Placed
9517,8.1,2,3,1,85.0,4.8,Yes,Yes,71.0,85.0,Placed
8033,8.0,1,3,2,90.0,4.7,Yes,Yes,74.0,84.0,Placed
7622,8.5,1,3,2,90.0,4.7,Yes,Yes,69.0,86.0,Placed
5027,8.3,2,3,2,89.0,4.8,Yes,Yes,83.0,82.0,Placed
6511,8.5,2,3,2,90.0,4.6,Yes,Yes,71.0,84.0,Placed
2232,8.4,1,3,1,78.0,4.4,No,No,69.0,73.0,NotPlaced
1516,7.6,1,1,1,72.0,4.2,Yes,Yes,57.0,67.0,NotPlaced
8393,7.4,1,2,3,83.0,4.7,Yes,Yes,59.0,81.0,Placed
3845,7.4,1,1,0,85.0,3.5,No,No,68.0,73.0,NotPlaced
9756,6.5,1,3,1,71.0,4.0,Yes,Yes,77.0,73.0,NotPlaced
6715,8.4,1,3,3,78.0,4.7,Yes,Yes,77.0,83.0,NotPlaced
2376,7.4,1,1,0,77.0,3.6,No,No,55.0,65.0,NotPlaced
9680,6.9,0,1,1,86.0,3.8,No,Yes,55.0,70.0,Placed
4828,8.3,2,2,1,64.0,4.0,No,Yes,55.0,65.0,Placed
9906,8.1,1,2,0,78.0,4.3,Yes,Yes,71.0,83.0,NotPlaced
2813,7.9,1,2,2,90.0,4.2,Yes,Yes,81.0,86.0,Placed
3129,6.9,0,2,0,63.0,4.3,No,No,69.0,68.0,NotPlaced
1685,6.5,0,1,0,62.0,3.9,No,No,62.0,68.0,NotPlaced
4446,8.7,2,3,2,90.0,4.3,Yes,Yes,84.0,86.0,Placed
2540,7.5,1,3,1,84.0,4.8,Yes,Yes,72.0,67.0,Placed
9903,8.3,2,3,2,90.0,4.8,Yes,Yes,80.0,84.0,Placed
8918,8.2,0,1,3,84.0,4.8,Yes,Yes,88.0,69.0,Placed
1849,6.5,1,1,0,60.0,3.6,No,No,58.0,67.0,NotPlaced
6400,6.5,2,2,0,79.0,4.1,Yes,No,57.0,64.0,NotPlaced
274,6.8,1,1,0,73.0,3.7,No,Yes,55.0,65.0,NotPlaced
908,6.8,1,2,2,82.0,3.9,Yes,Yes,61.0,66.0,Placed
4346,6.5,0,2,1,69.0,3.8,No,No,63.0,62.0,NotPlaced
1818,7.9,1,3,0,82.0,4.6,Yes,Yes,87.0,83.0,NotPlaced
2173,7.8,1,2,0,71.0,3.7,Yes,Yes,82.0,64.0,Placed
3105,8.7,2,3,1,90.0,4.8,Yes,Yes,72.0,83.0,NotPlaced
9201,7.7,2,3,0,90.0,4.6,Yes,Yes,75.0,86.0,NotPlaced
439,8.2,1,1,0,76.0,4.2,No,Yes,55.0,62.0,NotPlaced
4690,7.9,1,1,0,83.0,4.8,Yes,Yes,89.0,85.0,Placed
7505,6.7,1,2,0,73.0,3.4,No,Yes,55.0,59.0,NotPlaced
2623,6.7,1,1,0,70.0,3.6,No,No,64.0,69.0,NotPlaced
9092,6.5,0,1,1,80.0,3.2,No,No,71.0,60.0,NotPlaced
5169,8.2,2,3,1,90.0,4.7,Yes,Yes,79.0,85.0,Placed
2192,7.6,2,3,2,81.0,4.0,Yes,Yes,67.0,69.0,Placed
1414,7.7,1,1,0,80.0,4.3,No,Yes,77.0,68.0,Placed
7824,7.8,1,2,0,79.0,4.4,Yes,Yes,71.0,81.0,NotPlaced
5320,8.2,2,2,2,88.0,4.2,Yes,Yes,80.0,86.0,NotPlaced
1612,8.3,2,2,2,68.0,4.8,Yes,Yes,61.0,84.0,Placed
3322,6.7,1,1,0,63.0,4.0,No,Yes,55.0,65.0,NotPlaced
1716,7.7,2,1,0,71.0,4.5,Yes,Yes,70.0,70.0,NotPlaced
7899,7.6,1,2,0,80.0,4.6,No,Yes,69.0,69.0,NotPlaced
8538,7.6,1,1,3,76.0,3.8,No,Yes,59.0,60.0,NotPlaced
2805,7.4,1,1,1,77.0,4.1,No,No,55.0,64.0,NotPlaced
1532,7.6,1,2,2,81.0,3.8,Yes,No,84.0,86.0,Placed
7945,8.1,2,3,2,90.0,4.8,Yes,Yes,84.0,87.0,Placed
4232,8.6,1,3,2,90.0,4.8,Yes,Yes,74.0,84.0,Placed
7896,7.9,2,2,1,90.0,4.8,Yes,Yes,82.0,87.0,Placed
9254,6.8,1,1,0,79.0,4.3,No,No,55.0,63.0,NotPlaced
1038,8.4,1,3,2,89.0,4.2,Yes,Yes,76.0,83.0,Placed
9302,6.5,1,2,0,69.0,3.4,No,Yes,55.0,67.0,Placed
1206,7.2,1,2,1,69.0,3.1,No,Yes,67.0,65.0,NotPlaced
5776,7.5,1,1,0,72.0,4.4,Yes,Yes,55.0,61.0,Placed
6097,8.3,1,3,2,90.0,4.8,Yes,Yes,79.0,80.0,Placed
8239,7.4,1,1,1,72.0,4.0,No,No,55.0,69.0,NotPlaced
2633,8.4,2,2,0,80.0,4.0,Yes,No,71.0,84.0,NotPlaced
3163,8.1,1,1,0,68.0,4.4,No,No,58.0,86.0,Placed
5708,7.7,1,1,0,82.0,4.5,Yes,Yes,55.0,84.0,NotPlaced
9180,7.9,1,1,0,90.0,4.1,No,Yes,60.0,69.0,Placed
8743,7.5,1,1,1,70.0,3.3,No,No,59.0,58.0,NotPlaced
2145,8.5,0,3,2,87.0,4.7,Yes,Yes,58.0,76.0,Placed
8189,7.6,1,1,1,74.0,3.9,Yes,No,55.0,65.0,NotPlaced
9428,7.7,1,1,1,72.0,4.0,Yes,Yes,66.0,77.0,Placed
4996,8.3,0,3,2,80.0,4.7,Yes,Yes,79.0,85.0,NotPlaced
939,7.3,1,1,0,65.0,4.0,No,Yes,63.0,70.0,NotPlaced
548,7.4,1,3,1,75.0,4.5,Yes,Yes,83.0,67.0,Placed
2963,6.5,0,2,1,72.0,3.9,No,Yes,59.0,60.0,NotPlaced
290,8.5,0,2,2,75.0,4.5,Yes,No,76.0,83.0,Placed
3162,7.3,0,3,0,83.0,4.3,Yes,No,73.0,74.0,NotPlaced
6523,6.5,2,3,2,66.0,4.7,Yes,No,67.0,65.0,NotPlaced
4609,6.7,0,1,0,78.0,3.8,No,Yes,61.0,62.0,NotPlaced
6033,8.6,2,3,2,90.0,4.8,Yes,Yes,73.0,86.0,Placed
5423,8.3,0,3,0,88.0,4.7,Yes,Yes,73.0,74.0,Placed
2669,6.9,0,1,0,73.0,3.0,No,No,62.0,62.0,NotPlaced
3340,6.8,0,1,0,67.0,3.6,No,No,55.0,62.0,NotPlaced
2562,8.4,0,2,2,86.0,4.7,Yes,Yes,66.0,87.0,NotPlaced
7813,7.7,2,3,0,79.0,3.9,Yes,Yes,82.0,86.0,Placed
5966,7.6,1,2,2,80.0,4.5,No,Yes,68.0,86.0,NotPlaced
6606,8.6,2,3,2,90.0,4.8,Yes,Yes,67.0,85.0,NotPlaced
7841,7.7,1,1,1,78.0,4.8,No,No,65.0,72.0,NotPlaced
876,7.7,1,1,1,71.0,4.3,Yes,No,57.0,71.0,NotPlaced
1576,7.6,1,3,2,84.0,4.4,Yes,Yes,82.0,85.0,Placed
3059,7.3,1,2,1,70.0,4.0,No,No,55.0,73.0,NotPlaced
7215,7.5,1,1,3,77.0,4.4,No,Yes,55.0,64.0,NotPlaced
2935,7.5,0,2,0,63.0,4.5,Yes,Yes,56.0,62.0,Placed
1936,7.2,2,2,2,79.0,4.4,Yes,Yes,83.0,82.0,Placed
9504,6.8,1,2,1,72.0,4.3,Yes,Yes,55.0,68.0,NotPlaced
4807,7.8,1,3,2,88.0,4.6,Yes,No,76.0,81.0,Placed
4607,6.5,1,2,0,71.0,4.4,No,No,55.0,61.0,NotPlaced
1316,7.3,0,1,0,78.0,4.2,Yes,Yes,60.0,66.0,NotPlaced
7032,7.8,1,1,1,90.0,3.9,No,Yes,81.0,67.0,Placed
1189,8.6,2,3,2,90.0,4.3,Yes,No,78.0,79.0,Placed
6342,7.4,1,2,2,84.0,4.2,Yes,Yes,55.0,86.0,NotPlaced
9639,7.9,2,3,2,83.0,4.5,Yes,Yes,66.0,80.0,Placed
4787,8.3,1,3,2,79.0,4.7,Yes,Yes,76.0,78.0,NotPlaced
175,8.0,2,3,2,90.0,4.8,Yes,Yes,78.0,86.0,Placed
5729,7.8,0,3,0,83.0,4.4,Yes,Yes,81.0,73.0,NotPlaced
5938,7.3,2,3,2,90.0,4.5,Yes,Yes,79.0,84.0,Placed
7616,7.4,1,1,0,74.0,3.9,No,Yes,55.0,69.0,NotPlaced
8871,8.2,2,3,2,83.0,4.6,Yes,Yes,69.0,77.0,Placed
9821,8.2,1,3,2,90.0,4.8,Yes,Yes,81.0,83.0,Placed
3112,8.1,2,3,0,66.0,4.2,Yes,No,63.0,58.0,NotPlaced
1391,7.9,0,3,0,75.0,3.6,Yes,Yes,62.0,70.0,Placed
2412,8.7,1,2,2,74.0,4.1,Yes,Yes,75.0,87.0,Placed
423,6.5,1,1,1,82.0,3.4,No,No,56.0,66.0,NotPlaced
1403,7.6,1,2,0,83.0,4.6,No,No,70.0,68.0,NotPlaced
8464,6.5,2,3,1,76.0,4.3,Yes,No,76.0,77.0,NotPlaced
6287,7.0,1,1,1,70.0,4.0,No,No,60.0,58.0,NotPlaced
1044,6.5,0,1,0,75.0,4.5,No,No,58.0,84.0,NotPlaced
1792,7.5,1,1,1,76.0,4.5,Yes,No,59.0,59.0,NotPlaced
5544,8.6,2,3,1,85.0,4.3,Yes,Yes,79.0,80.0,Placed
8518,7.7,1,2,0,75.0,4.4,No,No,60.0,73.0,NotPlaced
2693,8.4,1,3,2,86.0,4.7,Yes,Yes,80.0,84.0,Placed
2735,6.5,1,1,1,72.0,3.3,No,Yes,55.0,62.0,NotPlaced
9840,6.8,0,2,0,70.0,4.2,Yes,No,55.0,69.0,NotPlaced
1761,7.4,1,2,1,69.0,4.1,No,Yes,58.0,70.0,NotPlaced
1289,7.8,2,3,0,83.0,4.6,Yes,Yes,79.0,69.0,Placed
7989,8.7,2,2,2,90.0,4.8,Yes,Yes,74.0,84.0,Placed
7124,8.6,2,3,2,90.0,4.8,Yes,Yes,80.0,82.0,Placed
4676,7.7,0,2,0,70.0,4.0,No,Yes,55.0,66.0,NotPlaced
5473,8.1,1,3,2,90.0,4.8,Yes,Yes,83.0,88.0,Placed
8258,8.7,1,3,2,90.0,4.8,Yes,Yes,68.0,81.0,Placed
6918,8.6,2,3,2,87.0,4.8,Yes,Yes,69.0,81.0,Placed
2076,7.9,2,3,2,90.0,4.5,Yes,No,84.0,82.0,Placed
4847,8.7,2,3,3,89.0,4.5,Yes,Yes,72.0,87.0,Placed
5667,7.4,1,1,1,60.0,4.3,Yes,Yes,80.0,75.0,NotPlaced
8128,8.2,2,3,2,90.0,4.8,Yes,Yes,70.0,86.0,NotPlaced
3365,6.6,1,3,2,90.0,4.3,Yes,Yes,82.0,80.0,Placed
9754,6.7,1,1,0,66.0,4.4,No,No,78.0,68.0,NotPlaced
3544,6.8,0,2,1,71.0,4.0,No,No,58.0,70.0,NotPlaced
1643,6.7,1,1,1,81.0,4.5,No,Yes,55.0,68.0,NotPlaced
8096,7.5,1,1,1,76.0,3.6,No,No,58.0,70.0,NotPlaced
5131,7.7,0,1,0,73.0,4.3,Yes,No,55.0,57.0,Placed
6515,6.5,0,3,0,77.0,4.0,Yes,No,62.0,71.0,NotPlaced
5955,7.4,1,1,0,85.0,4.7,Yes,Yes,70.0,72.0,NotPlaced
5281,8.4,1,2,0,81.0,4.1,No,Yes,81.0,71.0,Placed
7946,8.0,1,3,2,90.0,4.8,Yes,Yes,70.0,84.0,Placed
9747,7.3,0,1,1,72.0,3.6,No,Yes,59.0,67.0,NotPlaced
1361,7.3,1,2,0,76.0,4.5,No,Yes,60.0,68.0,NotPlaced
8286,6.5,1,2,0,81.0,4.1,No,No,55.0,85.0,NotPlaced
1411,7.9,1,3,0,82.0,4.6,Yes,Yes,76.0,82.0,Placed
8944,7.2,1,1,1,74.0,3.9,No,Yes,57.0,69.0,NotPlaced
3278,8.2,1,3,2,90.0,4.7,Yes,Yes,83.0,82.0,Placed
4779,8.2,1,2,0,83.0,4.1,No,Yes,58.0,85.0,NotPlaced
4557,7.7,1,3,0,74.0,4.7,No,Yes,73.0,67.0,Placed
464,8.2,2,2,1,76.0,4.6,Yes,Yes,66.0,65.0,NotPlaced
400,6.9,0,1,0,90.0,4.5,Yes,Yes,81.0,80.0,Placed
9654,8.5,1,0,2,70.0,4.2,Yes,No,63.0,67.0,NotPlaced
4870,8.3,2,3,2,90.0,4.5,Yes,Yes,87.0,86.0,Placed
6101,8.4,2,3,2,90.0,4.6,Yes,Yes,80.0,88.0,Placed
6416,8.2,0,2,1,83.0,4.8,No,Yes,71.0,65.0,NotPlaced
5210,8.6,1,3,2,86.0,4.7,Yes,Yes,81.0,82.0,Placed
9335,8.5,2,3,0,79.0,4.8,Yes,Yes,89.0,85.0,Placed
512,8.3,2,3,2,89.0,4.7,Yes,Yes,80.0,88.0,Placed
9694,7.5,1,1,0,72.0,4.2,No,No,57.0,72.0,NotPlaced
8242,8.3,0,3,1,80.0,4.8,Yes,Yes,75.0,67.0,Placed
6411,7.4,0,2,1,80.0,4.1,No,No,66.0,64.0,NotPlaced
8433,7.0,1,1,1,73.0,4.6,No,No,56.0,62.0,NotPlaced
5829,6.6,0,1,0,81.0,4.5,Yes,Yes,58.0,86.0,NotPlaced
1343,8.4,1,3,2,90.0,4.1,Yes,Yes,77.0,82.0,Placed
6302,7.5,2,3,2,85.0,4.3,Yes,No,78.0,81.0,NotPlaced
5116,7.6,1,1,1,75.0,3.6,No,Yes,65.0,66.0,NotPlaced
3069,8.7,2,3,2,89.0,4.5,Yes,Yes,63.0,87.0,Placed
5883,6.9,1,1,0,76.0,4.0,No,No,55.0,66.0,Placed
4018,7.8,1,2,0,78.0,4.0,Yes,Yes,67.0,72.0,NotPlaced
1312,8.6,2,3,2,89.0,4.8,Yes,Yes,73.0,87.0,Placed
7052,6.5,1,1,0,76.0,3.7,No,No,67.0,65.0,NotPlaced
9986,8.5,2,3,2,90.0,4.8,Yes,Yes,81.0,80.0,Placed
4765,7.4,1,2,0,76.0,4.5,No,No,68.0,73.0,NotPlaced
7933,7.9,1,1,0,71.0,4.4,Yes,Yes,82.0,88.0,Placed
4445,7.7,0,2,1,81.0,4.6,Yes,Yes,59.0,72.0,NotPlaced
1492,7.8,1,2,0,76.0,4.4,Yes,Yes,80.0,63.0,NotPlaced
2065,7.5,2,2,1,75.0,4.2,Yes,Yes,65.0,86.0,NotPlaced
8348,8.4,2,3,1,86.0,4.7,Yes,Yes,90.0,80.0,Placed
1789,6.7,2,1,2,72.0,4.5,No,Yes,77.0,69.0,NotPlaced
9699,6.7,1,1,1,60.0,4.1,No,Yes,55.0,70.0,NotPlaced
919,7.4,2,1,0,77.0,4.3,No,No,66.0,74.0,Placed
1366,6.7,2,0,0,75.0,4.0,Yes,Yes,55.0,69.0,Placed
5218,7.7,0,3,1,82.0,4.1,No,Yes,82.0,88.0,Placed
5828,7.5,1,1,1,78.0,4.2,No,No,76.0,69.0,NotPlaced
3431,7.3,0,1,0,75.0,3.7,No,No,60.0,70.0,NotPlaced
3336,7.6,1,1,1,70.0,4.4,Yes,Yes,78.0,63.0,NotPlaced
1918,7.5,2,3,2,79.0,4.4,Yes,Yes,70.0,80.0,Placed
1820,7.8,2,1,1,75.0,3.8,No,No,65.0,64.0,NotPlaced
6123,7.4,1,1,1,78.0,4.8,Yes,Yes,72.0,61.0,NotPlaced
544,8.3,1,3,1,84.0,4.6,Yes,Yes,75.0,82.0,NotPlaced
3231,8.5,2,3,2,84.0,4.8,Yes,Yes,70.0,85.0,Placed
6516,7.5,2,1,1,80.0,4.3,No,Yes,72.0,64.0,NotPlaced
1793,7.6,1,1,0,60.0,4.2,No,No,62.0,67.0,NotPlaced
9728,7.6,0,1,0,86.0,4.0,Yes,No,67.0,66.0,NotPlaced
1900,6.5,0,1,0,76.0,4.3,No,No,59.0,66.0,NotPlaced
7640,6.5,0,1,1,69.0,3.9,No,No,55.0,62.0,NotPlaced
9569,7.6,1,1,0,81.0,4.2,Yes,Yes,81.0,81.0,NotPlaced
2564,7.6,1,1,2,73.0,4.2,Yes,No,64.0,76.0,NotPlaced
372,6.5,1,3,2,90.0,4.0,Yes,No,85.0,65.0,Placed
6636,8.0,1,2,0,80.0,4.4,No,No,55.0,72.0,NotPlaced
1765,8.3,2,3,2,90.0,4.5,Yes,Yes,74.0,88.0,Placed
1784,8.6,2,3,2,90.0,4.6,Yes,Yes,69.0,86.0,NotPlaced
9046,8.3,2,3,2,90.0,4.3,Yes,Yes,75.0,84.0,NotPlaced
4615,6.7,0,1,0,82.0,3.8,No,No,67.0,63.0,NotPlaced
1626,6.6,1,1,1,69.0,4.3,No,No,58.0,61.0,NotPlaced
4338,8.1,2,3,2,87.0,4.8,Yes,Yes,78.0,80.0,NotPlaced
570,7.4,1,3,0,81.0,4.7,Yes,Yes,76.0,84.0,Placed
5542,6.5,1,1,0,79.0,4.0,Yes,Yes,79.0,74.0,NotPlaced
9366,8.4,2,3,2,90.0,4.8,Yes,Yes,79.0,88.0,Placed
5195,6.5,0,1,2,80.0,4.1,No,Yes,74.0,82.0,NotPlaced
3545,8.4,1,1,2,83.0,4.5,Yes,Yes,68.0,83.0,NotPlaced
3971,8.2,1,3,2,90.0,4.7,Yes,Yes,81.0,88.0,Placed
1541,6.5,0,1,0,78.0,3.5,No,Yes,55.0,67.0,NotPlaced
5920,7.7,0,2,1,75.0,4.8,No,Yes,72.0,68.0,NotPlaced
1337,7.6,1,1,0,74.0,4.6,Yes,Yes,76.0,64.0,NotPlaced
508,6.9,2,1,0,67.0,4.0,Yes,No,59.0,61.0,NotPlaced
8775,8.4,1,2,1,74.0,4.3,No,No,57.0,68.0,NotPlaced
847,6.5,1,1,1,75.0,3.9,No,No,58.0,66.0,NotPlaced
2798,7.5,0,1,1,72.0,3.5,No,Yes,55.0,65.0,NotPlaced
2022,6.9,1,1,2,78.0,4.6,Yes,Yes,65.0,82.0,NotPlaced
5292,8.1,2,3,2,90.0,4.8,Yes,Yes,79.0,83.0,Placed
4076,7.5,0,1,0,72.0,3.6,No,No,56.0,70.0,NotPlaced
3188,8.2,1,1,1,68.0,3.7,Yes,No,68.0,62.0,NotPlaced
8774,7.6,0,1,0,71.0,3.9,No,No,59.0,64.0,NotPlaced
2541,6.8,0,2,2,84.0,4.5,No,No,67.0,70.0,NotPlaced
8540,8.3,1,3,2,87.0,4.7,Yes,Yes,77.0,81.0,Placed
362,7.5,1,1,1,65.0,4.4,No,Yes,55.0,60.0,NotPlaced
2738,7.9,0,1,2,77.0,4.8,Yes,Yes,83.0,82.0,Placed
2505,7.5,1,2,2,72.0,3.9,Yes,Yes,55.0,71.0,NotPlaced
8771,8.2,1,1,1,79.0,4.1,Yes,Yes,58.0,83.0,NotPlaced
1438,8.8,2,3,2,90.0,4.8,Yes,Yes,83.0,67.0,Placed
8586,8.2,2,3,2,88.0,4.8,Yes,Yes,79.0,86.0,Placed
745,8.4,1,1,2,81.0,3.9,Yes,Yes,64.0,84.0,Placed
1533,8.0,2,3,2,90.0,4.1,Yes,No,88.0,79.0,NotPlaced
2617,7.4,2,1,2,90.0,4.7,Yes,Yes,81.0,88.0,NotPlaced
8265,8.3,1,3,2,76.0,4.5,Yes,Yes,76.0,65.0,Placed
6680,8.5,2,3,2,85.0,4.8,Yes,Yes,73.0,83.0,Placed
1538,7.8,2,2,0,69.0,3.7,No,No,70.0,67.0,NotPlaced
8271,7.4,1,3,2,73.0,4.1,Yes,Yes,86.0,78.0,Placed
3696,7.3,1,3,1,78.0,4.5,Yes,Yes,79.0,78.0,NotPlaced
3078,7.7,1,1,1,90.0,4.1,No,Yes,75.0,71.0,Placed
3734,7.2,1,2,1,79.0,3.2,No,No,57.0,72.0,NotPlaced
6049,6.7,0,1,0,65.0,4.3,No,Yes,55.0,58.0,NotPlaced
9061,8.1,1,3,2,75.0,4.7,Yes,Yes,76.0,68.0,NotPlaced
8058,8.3,1,3,2,90.0,4.7,Yes,Yes,69.0,80.0,Placed
8175,7.5,0,2,0,70.0,3.5,Yes,Yes,80.0,76.0,Placed
7088,8.3,2,3,2,90.0,4.8,Yes,Yes,77.0,86.0,Placed
7407,6.7,1,1,2,74.0,4.3,Yes,No,62.0,72.0,Placed
9852,8.3,2,3,2,90.0,4.8,Yes,Yes,67.0,88.0,Placed
1283,8.2,0,1,1,80.0,4.8,Yes,Yes,55.0,85.0,Placed
1042,7.9,1,2,2,88.0,4.8,Yes,Yes,70.0,84.0,Placed
8738,7.3,1,1,0,71.0,4.4,No,No,55.0,74.0,Placed
7431,8.0,1,1,1,80.0,4.2,No,Yes,74.0,68.0,NotPlaced
5853,8.5,1,3,2,90.0,4.8,Yes,Yes,82.0,86.0,Placed
7029,6.5,2,1,2,73.0,4.2,No,No,74.0,59.0,NotPlaced
4084,8.1,1,3,0,90.0,4.4,Yes,Yes,89.0,80.0,Placed
2535,7.2,1,1,1,73.0,3.6,No,No,56.0,65.0,Placed
6167,8.4,2,3,2,90.0,4.6,Yes,Yes,83.0,84.0,Placed
918,7.5,2,2,0,89.0,4.8,Yes,Yes,72.0,79.0,Placed
6249,8.1,2,3,2,89.0,4.5,Yes,Yes,87.0,88.0,Placed
6081,8.9,2,3,2,90.0,4.8,Yes,Yes,83.0,82.0,Placed
8336,8.6,1,3,0,89.0,4.5,Yes,Yes,80.0,72.0,Placed
6651,8.4,1,3,3,75.0,4.7,Yes,Yes,76.0,79.0,NotPlaced
6197,6.5,0,1,0,76.0,4.0,No,No,58.0,67.0,NotPlaced
5420,7.5,0,2,0,79.0,3.7,No,No,78.0,85.0,Placed
820,7.7,1,2,2,90.0,4.8,No,No,62.0,86.0,NotPlaced
3905,8.1,1,2,0,84.0,4.4,Yes,Yes,55.0,71.0,NotPlaced
6102,8.0,1,1,2,82.0,4.6,Yes,Yes,63.0,88.0,NotPlaced
3783,8.2,1,1,0,66.0,3.9,No,No,57.0,66.0,NotPlaced
9473,7.9,1,3,0,82.0,4.4,Yes,Yes,76.0,83.0,Placed
5911,6.7,1,1,1,66.0,3.5,Yes,No,86.0,69.0,NotPlaced
1735,7.7,0,1,1,67.0,4.8,No,No,56.0,66.0,NotPlaced
800,8.3,2,3,2,90.0,4.8,Yes,Yes,77.0,85.0,Placed
2764,8.0,0,3,1,86.0,4.3,Yes,Yes,75.0,66.0,Placed
6131,7.5,0,3,1,77.0,4.8,Yes,Yes,75.0,83.0,NotPlaced
8977,8.3,2,3,2,90.0,4.8,Yes,Yes,81.0,88.0,Placed
8221,8.0,2,1,2,77.0,4.4,Yes,Yes,56.0,75.0,NotPlaced
8156,8.3,1,1,0,86.0,4.2,No,Yes,55.0,71.0,Placed
3366,8.4,2,2,2,83.0,4.5,Yes,Yes,84.0,86.0,Placed
8788,6.8,1,1,1,78.0,3.8,No,No,58.0,68.0,NotPlaced
7487,6.9,1,1,1,61.0,4.6,Yes,Yes,55.0,64.0,NotPlaced
8057,6.6,0,2,0,75.0,3.9,No,Yes,55.0,69.0,Placed
4913,7.6,0,1,0,81.0,4.4,Yes,Yes,84.0,83.0,Placed
9775,8.0,1,0,2,89.0,4.8,Yes,Yes,90.0,80.0,Placed
617,6.9,1,1,1,74.0,4.3,No,Yes,57.0,57.0,NotPlaced
3158,7.4,1,3,1,71.0,4.4,Yes,No,63.0,76.0,NotPlaced
1764,8.5,2,3,2,90.0,4.8,Yes,Yes,79.0,81.0,Placed
8192,6.5,1,2,0,89.0,4.5,No,Yes,61.0,70.0,NotPlaced
8463,8.2,1,3,0,88.0,4.2,Yes,Yes,66.0,88.0,Placed
1593,9.0,1,3,2,78.0,4.8,Yes,Yes,79.0,85.0,Placed
492,8.3,2,3,2,79.0,4.4,Yes,Yes,74.0,80.0,Placed
9305,6.5,1,1,1,77.0,4.2,No,Yes,55.0,71.0,NotPlaced
1418,7.6,0,1,0,71.0,3.9,No,No,55.0,63.0,NotPlaced
9564,7.3,1,2,2,82.0,4.2,No,No,70.0,65.0,NotPlaced
1185,6.9,0,2,1,76.0,3.7,No,No,55.0,64.0,NotPlaced
6230,7.0,1,3,0,74.0,4.6,Yes,Yes,77.0,67.0,NotPlaced
3161,8.1,2,3,2,89.0,4.8,Yes,No,79.0,83.0,Placed
4823,8.4,1,3,2,84.0,4.8,Yes,Yes,80.0,88.0,Placed
1743,8.3,0,1,0,80.0,3.9,Yes,Yes,79.0,68.0,NotPlaced
3563,7.2,0,1,0,66.0,3.3,No,No,55.0,67.0,NotPlaced
2301,8.8,0,3,0,82.0,4.8,Yes,Yes,63.0,78.0,Placed
9229,8.5,2,3,2,90.0,4.8,Yes,Yes,71.0,87.0,Placed
5045,6.5,1,1,1,79.0,4.6,Yes,Yes,56.0,68.0,NotPlaced
6904,8.3,1,3,2,90.0,4.7,Yes,No,71.0,83.0,Placed
2610,7.3,0,3,2,90.0,4.1,Yes,Yes,80.0,80.0,Placed
9837,8.3,1,3,2,90.0,4.8,Yes,Yes,78.0,88.0,Placed
5658,7.3,1,1,0,78.0,3.1,No,No,63.0,62.0,NotPlaced
28,8.3,1,1,1,81.0,4.5,Yes,Yes,64.0,65.0,NotPlaced
7214,7.6,2,1,0,84.0,4.4,Yes,No,55.0,83.0,NotPlaced
8288,7.5,1,1,0,71.0,4.1,No,Yes,66.0,74.0,NotPlaced
7808,7.5,1,2,3,73.0,3.5,No,Yes,55.0,66.0,NotPlaced
2181,7.5,1,2,0,87.0,4.5,No,No,57.0,72.0,NotPlaced
1033,7.8,2,3,1,73.0,4.3,Yes,Yes,82.0,82.0,Placed
9228,7.7,1,1,0,77.0,4.0,No,Yes,55.0,70.0,NotPlaced
659,8.2,1,2,3,85.0,4.5,Yes,Yes,69.0,82.0,NotPlaced
7549,8.3,1,3,2,90.0,4.7,Yes,Yes,76.0,80.0,Placed
6003,8.1,2,3,2,85.0,4.5,Yes,Yes,75.0,67.0,NotPlaced
2628,6.7,2,1,2,77.0,4.1,No,Yes,58.0,57.0,NotPlaced
7857,8.3,1,3,0,84.0,4.4,Yes,Yes,73.0,84.0,NotPlaced
172,6.6,0,3,0,87.0,4.5,No,No,80.0,82.0,NotPlaced
7081,7.8,1,3,0,76.0,4.7,Yes,Yes,57.0,82.0,Placed
545,8.3,1,2,2,85.0,4.6,Yes,Yes,72.0,88.0,Placed
5820,7.1,2,2,1,84.0,3.9,No,No,59.0,68.0,NotPlaced
7208,8.3,1,1,1,70.0,4.3,No,No,58.0,67.0,NotPlaced
9382,7.5,0,1,0,68.0,3.8,No,Yes,55.0,62.0,NotPlaced
7197,8.4,2,3,2,90.0,4.8,Yes,Yes,73.0,88.0,Placed
8666,8.3,1,2,2,86.0,4.8,Yes,Yes,58.0,72.0,Placed
878,6.5,0,1,0,65.0,3.5,No,Yes,55.0,71.0,NotPlaced
9619,8.2,2,3,2,80.0,4.0,Yes,Yes,78.0,83.0,Placed
4989,7.7,1,1,1,68.0,4.6,Yes,No,65.0,65.0,NotPlaced
2363,7.7,1,2,0,74.0,3.8,Yes,Yes,58.0,63.0,NotPlaced
4975,7.7,0,1,1,78.0,4.6,Yes,Yes,74.0,66.0,NotPlaced
3036,8.0,2,3,3,84.0,4.0,Yes,Yes,75.0,60.0,NotPlaced
3836,7.8,2,3,2,87.0,4.8,Yes,No,82.0,78.0,Placed
4418,8.0,2,1,0,90.0,4.3,No,Yes,71.0,83.0,NotPlaced
9391,8.5,1,1,2,90.0,4.6,Yes,Yes,82.0,88.0,Placed
3822,7.1,1,1,2,78.0,4.6,Yes,Yes,72.0,82.0,Placed
700,6.7,0,1,1,69.0,4.4,No,No,76.0,68.0,NotPlaced
6503,6.8,1,1,0,83.0,3.9,No,No,58.0,61.0,NotPlaced
1712,7.6,1,2,1,83.0,4.6,Yes,Yes,86.0,64.0,NotPlaced
4762,7.2,1,2,0,75.0,4.2,Yes,Yes,73.0,70.0,Placed
8675,6.5,1,1,0,77.0,4.2,No,Yes,55.0,70.0,NotPlaced
4154,8.2,2,3,0,90.0,4.5,Yes,Yes,74.0,79.0,Placed
8854,7.6,2,1,0,79.0,4.8,Yes,Yes,55.0,70.0,NotPlaced
5100,8.4,1,3,0,90.0,4.7,Yes,Yes,74.0,83.0,Placed
2913,7.8,2,3,2,83.0,4.8,No,Yes,74.0,83.0,NotPlaced
9855,6.8,1,1,1,85.0,4.5,No,Yes,55.0,72.0,NotPlaced
1521,7.9,1,1,0,82.0,3.7,No,No,55.0,72.0,NotPlaced
6121,8.1,2,3,2,87.0,4.8,No,Yes,76.0,82.0,NotPlaced
9103,6.9,2,1,0,73.0,4.0,No,Yes,84.0,67.0,NotPlaced
4020,7.6,0,1,0,71.0,3.7,No,Yes,55.0,73.0,NotPlaced
9383,8.3,2,3,0,87.0,4.8,Yes,Yes,59.0,84.0,Placed
4571,8.6,0,2,1,79.0,3.8,Yes,Yes,69.0,86.0,Placed
4444,6.8,1,2,1,73.0,4.3,Yes,No,86.0,71.0,NotPlaced
7403,8.1,0,3,2,82.0,4.8,Yes,No,82.0,83.0,Placed
2463,7.9,0,1,0,64.0,4.1,Yes,Yes,63.0,67.0,NotPlaced
3374,7.7,0,1,0,81.0,4.8,Yes,No,55.0,70.0,NotPlaced
9189,8.2,2,3,2,90.0,4.6,Yes,Yes,81.0,79.0,Placed
818,8.4,1,3,2,78.0,4.8,Yes,No,85.0,81.0,NotPlaced
514,7.6,1,2,0,88.0,4.8,No,Yes,57.0,68.0,NotPlaced
8922,8.5,1,3,2,89.0,4.6,Yes,Yes,79.0,82.0,NotPlaced
975,7.7,1,2,1,69.0,4.1,No,Yes,78.0,63.0,NotPlaced
9667,7.4,2,1,0,61.0,3.9,No,No,63.0,68.0,NotPlaced
3448,8.5,0,3,2,90.0,4.8,Yes,Yes,70.0,88.0,Placed
2031,6.8,1,1,0,64.0,4.2,No,Yes,63.0,67.0,NotPlaced
9658,8.2,1,3,1,85.0,4.4,No,Yes,83.0,69.0,NotPlaced
3904,7.6,0,1,2,90.0,4.8,No,Yes,81.0,77.0,Placed
4258,7.5,1,2,2,86.0,4.5,No,Yes,71.0,80.0,NotPlaced
6356,8.2,1,3,2,90.0,4.4,Yes,Yes,82.0,85.0,NotPlaced
826,7.6,1,1,1,68.0,4.2,No,No,56.0,67.0,NotPlaced
2528,7.0,0,1,1,75.0,4.0,No,Yes,58.0,73.0,NotPlaced
1352,8.4,2,3,2,85.0,4.5,No,Yes,86.0,81.0,Placed
9439,8.5,2,1,2,86.0,4.4,Yes,Yes,71.0,84.0,Placed
5497,8.4,2,3,2,85.0,4.7,Yes,Yes,87.0,85.0,NotPlaced
7382,7.5,0,1,1,74.0,4.0,No,Yes,55.0,69.0,NotPlaced
4570,7.5,2,2,1,63.0,4.0,Yes,Yes,55.0,68.0,NotPlaced
30,7.0,0,1,1,63.0,3.9,No,Yes,60.0,61.0,NotPlaced
1627,7.5,1,2,1,79.0,4.7,Yes,Yes,78.0,66.0,NotPlaced
5321,7.9,1,2,0,90.0,4.8,No,Yes,75.0,85.0,NotPlaced
9470,8.3,2,3,2,90.0,4.8,Yes,Yes,90.0,86.0,Placed
1432,6.9,1,3,1,72.0,4.7,Yes,Yes,75.0,74.0,Placed
6648,8.3,1,2,1,77.0,4.2,No,Yes,67.0,84.0,NotPlaced
4730,7.6,0,2,1,81.0,4.4,Yes,Yes,70.0,63.0,Placed
580,7.5,1,2,0,60.0,4.0,No,Yes,56.0,71.0,NotPlaced
27,7.4,2,3,2,78.0,4.3,Yes,Yes,76.0,82.0,NotPlaced
827,6.7,1,3,1,88.0,4.3,Yes,No,87.0,67.0,NotPlaced
9568,7.5,2,2,0,65.0,4.3,No,No,67.0,69.0,NotPlaced
6912,6.7,1,3,2,71.0,3.7,Yes,Yes,87.0,71.0,NotPlaced
5017,8.7,2,3,2,77.0,4.8,Yes,No,89.0,87.0,Placed
2627,6.6,1,1,0,87.0,4.8,No,No,56.0,65.0,NotPlaced
7482,7.6,1,1,0,73.0,4.2,No,No,56.0,66.0,NotPlaced
7985,8.3,1,3,2,82.0,4.8,Yes,Yes,77.0,88.0,Placed
4167,7.5,0,1,0,76.0,4.4,No,Yes,55.0,65.0,NotPlaced
6738,7.7,1,3,2,74.0,3.6,Yes,Yes,78.0,64.0,NotPlaced
4491,7.6,0,2,1,60.0,4.3,No,Yes,55.0,60.0,NotPlaced
6463,8.4,2,3,1,76.0,4.8,Yes,Yes,56.0,80.0,NotPlaced
7624,7.4,1,1,1,73.0,4.2,Yes,No,66.0,87.0,NotPlaced
2104,6.5,1,2,0,77.0,3.5,No,Yes,57.0,68.0,Placed
4655,7.4,1,2,0,74.0,4.1,Yes,Yes,66.0,68.0,NotPlaced
7555,6.7,1,1,0,66.0,4.3,Yes,No,55.0,71.0,NotPlaced
3168,7.8,0,3,0,81.0,4.2,Yes,Yes,67.0,66.0,NotPlaced
3935,7.8,1,2,0,71.0,3.6,Yes,No,72.0,67.0,Placed
5382,8.8,2,3,2,86.0,4.7,Yes,Yes,73.0,88.0,Placed
2197,8.0,1,2,2,74.0,4.1,No,Yes,70.0,84.0,Placed
5447,8.1,1,3,0,78.0,4.0,Yes,Yes,66.0,82.0,NotPlaced
208,8.4,2,3,2,90.0,4.5,Yes,Yes,85.0,79.0,Placed
3749,7.5,2,3,2,90.0,4.8,Yes,Yes,84.0,88.0,Placed
8093,7.6,1,1,0,82.0,3.7,No,Yes,55.0,67.0,NotPlaced
4842,8.0,1,3,0,90.0,4.4,Yes,Yes,77.0,87.0,Placed
7602,7.0,1,2,1,61.0,4.0,No,Yes,70.0,65.0,NotPlaced
307,7.9,0,3,2,90.0,4.8,Yes,Yes,68.0,83.0,Placed
4581,7.8,1,2,0,72.0,3.6,Yes,Yes,60.0,64.0,NotPlaced
3586,7.7,1,2,0,77.0,4.3,No,Yes,55.0,68.0,NotPlaced
1994,7.6,2,1,0,77.0,4.2,No,Yes,72.0,68.0,Placed
1128,6.5,1,1,0,68.0,4.5,No,No,59.0,64.0,NotPlaced
8876,7.8,0,1,2,68.0,4.5,No,No,82.0,85.0,Placed
987,7.5,1,1,0,66.0,3.8,No,No,58.0,63.0,NotPlaced
2965,7.8,1,3,1,90.0,4.4,Yes,Yes,85.0,82.0,Placed
485,6.5,1,1,0,74.0,3.9,No,No,70.0,67.0,NotPlaced
5507,8.2,1,2,1,71.0,3.7,No,Yes,78.0,72.0,NotPlaced
6312,7.7,0,1,1,67.0,3.8,No,No,55.0,63.0,NotPlaced
8698,8.4,0,3,2,69.0,4.5,Yes,Yes,55.0,84.0,Placed
9255,8.0,1,3,3,87.0,4.6,Yes,No,83.0,88.0,Placed
1822,8.4,2,3,2,89.0,4.4,Yes,Yes,75.0,88.0,Placed
4954,7.4,1,2,0,69.0,4.1,No,No,58.0,71.0,NotPlaced
7271,8.2,1,3,0,90.0,4.8,Yes,Yes,82.0,72.0,Placed
81,6.6,1,1,1,69.0,3.6,No,Yes,55.0,72.0,NotPlaced
7513,6.9,1,2,1,74.0,4.0,Yes,Yes,59.0,66.0,NotPlaced
7548,8.6,1,3,2,90.0,4.5,Yes,Yes,72.0,83.0,Placed
4397,7.9,0,3,2,89.0,4.5,No,Yes,79.0,80.0,NotPlaced
4391,8.2,1,3,2,85.0,4.6,Yes,Yes,76.0,85.0,NotPlaced
6571,7.5,1,1,0,74.0,3.4,No,Yes,57.0,73.0,NotPlaced
8363,8.3,1,3,2,89.0,4.7,Yes,Yes,70.0,86.0,Placed
2262,6.5,1,2,0,76.0,4.2,No,Yes,55.0,65.0,NotPlaced
6953,6.7,2,3,0,76.0,4.2,No,Yes,78.0,85.0,NotPlaced
8392,6.7,2,3,0,85.0,4.4,Yes,Yes,84.0,83.0,Placed
1948,8.1,2,3,0,90.0,4.8,Yes,Yes,83.0,88.0,Placed
1106,7.7,1,3,2,90.0,4.7,Yes,Yes,80.0,84.0,Placed
6191,7.5,1,2,0,80.0,4.3,No,No,76.0,71.0,NotPlaced
6883,7.5,1,1,2,80.0,4.5,No,No,64.0,70.0,NotPlaced
9659,7.6,2,2,2,86.0,4.2,Yes,Yes,73.0,83.0,Placed
6625,8.5,1,2,1,60.0,4.8,No,No,66.0,67.0,NotPlaced
7867,6.8,1,1,0,71.0,4.4,No,No,60.0,68.0,NotPlaced
1435,8.5,1,3,0,74.0,4.0,Yes,Yes,80.0,58.0,NotPlaced
243,7.3,1,2,0,71.0,4.4,No,Yes,58.0,67.0,NotPlaced
850,8.3,2,1,0,86.0,4.8,Yes,No,74.0,86.0,NotPlaced
5452,7.4,1,3,1,81.0,4.4,No,Yes,70.0,67.0,NotPlaced
4057,8.6,1,2,0,72.0,4.4,No,Yes,76.0,57.0,NotPlaced
3075,8.7,2,3,2,86.0,4.8,Yes,Yes,81.0,84.0,Placed
3675,7.3,1,1,0,79.0,4.0,No,Yes,67.0,81.0,NotPlaced
2469,7.9,2,3,3,78.0,4.5,Yes,Yes,71.0,87.0,Placed
123,7.7,1,3,2,90.0,4.8,Yes,No,80.0,85.0,Placed
532,7.7,2,1,0,75.0,4.4,Yes,No,81.0,82.0,NotPlaced
6896,8.7,1,3,2,81.0,4.7,Yes,Yes,74.0,74.0,Placed
3080,6.5,1,2,0,73.0,4.5,No,Yes,79.0,63.0,NotPlaced
5942,7.7,1,2,2,82.0,4.8,No,Yes,82.0,76.0,Placed
7446,6.8,1,1,1,64.0,3.3,No,No,55.0,68.0,NotPlaced
6254,7.5,1,2,0,81.0,3.6,Yes,Yes,71.0,87.0,Placed
537,8.1,2,3,2,84.0,4.6,Yes,Yes,78.0,84.0,Placed
5659,8.0,1,3,2,89.0,4.3,Yes,Yes,84.0,88.0,Placed
8121,8.0,1,3,1,89.0,4.8,Yes,No,72.0,81.0,Placed
1829,8.1,2,3,2,74.0,4.2,Yes,Yes,61.0,82.0,Placed
4016,6.5,1,2,1,76.0,4.2,Yes,Yes,59.0,84.0,NotPlaced
2827,6.6,0,1,0,61.0,3.8,No,No,66.0,61.0,NotPlaced
9124,7.0,1,1,1,70.0,3.3,No,Yes,55.0,68.0,NotPlaced
5988,8.1,2,3,0,86.0,4.5,No,Yes,73.0,83.0,Placed
8609,7.4,0,1,0,79.0,3.8,No,No,55.0,67.0,NotPlaced
2959,7.3,1,1,0,77.0,4.3,Yes,Yes,66.0,68.0,NotPlaced
7986,7.3,0,1,3,81.0,4.8,Yes,Yes,76.0,87.0,NotPlaced
2975,6.5,0,2,1,80.0,3.9,No,No,55.0,65.0,NotPlaced
5620,7.9,1,2,2,84.0,4.6,No,Yes,67.0,64.0,NotPlaced
6267,7.6,1,1,0,73.0,3.1,No,Yes,55.0,61.0,NotPlaced
4312,6.5,1,1,0,78.0,4.1,Yes,Yes,75.0,84.0,NotPlaced
8315,8.0,1,3,2,78.0,3.7,No,No,55.0,71.0,NotPlaced
2265,7.6,1,2,0,77.0,4.1,No,Yes,68.0,72.0,Placed
4067,6.5,0,1,0,67.0,3.7,No,No,64.0,66.0,NotPlaced
3091,6.5,1,1,0,74.0,3.6,No,Yes,58.0,67.0,NotPlaced
3907,8.4,2,3,1,89.0,4.8,Yes,Yes,81.0,67.0,Placed
3333,7.4,0,1,0,60.0,3.0,No,No,55.0,70.0,NotPlaced
709,7.7,2,3,2,78.0,4.8,Yes,No,82.0,69.0,NotPlaced
7981,8.3,0,3,0,90.0,4.6,Yes,Yes,81.0,88.0,Placed
746,8.2,2,2,1,74.0,4.5,No,Yes,65.0,84.0,NotPlaced
5020,8.1,2,2,2,85.0,4.5,No,Yes,71.0,83.0,NotPlaced
6424,8.1,1,3,2,82.0,4.3,Yes,Yes,76.0,65.0,Placed
8277,8.6,1,3,2,90.0,4.8,Yes,Yes,85.0,87.0,Placed
1525,8.2,0,1,2,90.0,4.7,No,Yes,73.0,68.0,Placed
2140,6.5,1,0,0,88.0,4.7,Yes,Yes,74.0,67.0,Placed
7462,8.1,0,3,2,90.0,4.8,Yes,Yes,79.0,86.0,Placed
3955,7.4,0,3,0,75.0,4.0,Yes,Yes,60.0,73.0,NotPlaced
2517,8.0,1,3,0,89.0,4.5,Yes,Yes,79.0,78.0,Placed
1732,6.6,1,1,1,60.0,4.0,No,No,55.0,64.0,NotPlaced
2953,8.6,1,3,2,89.0,4.6,Yes,Yes,75.0,83.0,Placed
5176,7.4,1,1,0,77.0,4.1,No,Yes,55.0,68.0,NotPlaced
6118,7.9,1,3,1,67.0,4.4,Yes,No,71.0,77.0,NotPlaced
5597,6.6,1,1,0,70.0,4.5,No,No,59.0,68.0,NotPlaced
9892,7.7,1,3,1,72.0,4.5,Yes,Yes,67.0,85.0,Placed
7102,7.8,0,3,3,71.0,4.8,Yes,Yes,72.0,66.0,Placed
8281,8.7,2,3,2,90.0,4.6,Yes,Yes,81.0,82.0,Placed
2618,6.6,1,1,0,72.0,4.1,Yes,No,58.0,64.0,Placed
2112,7.5,1,3,0,84.0,4.1,Yes,Yes,82.0,82.0,NotPlaced
1166,8.3,1,3,2,76.0,4.8,Yes,Yes,71.0,87.0,Placed
2596,8.2,2,3,2,90.0,4.8,Yes,Yes,85.0,83.0,Placed
816,8.2,2,2,1,90.0,4.8,No,Yes,72.0,62.0,Placed
2606,8.4,2,3,2,90.0,4.8,Yes,Yes,81.0,88.0,Placed
4499,8.0,1,3,0,81.0,4.3,Yes,Yes,72.0,71.0,NotPlaced
9083,7.2,1,1,1,72.0,3.7,No,No,57.0,65.0,NotPlaced
3827,7.5,1,3,3,90.0,4.6,Yes,Yes,86.0,79.0,Placed
482,7.1,1,2,0,80.0,4.3,Yes,Yes,69.0,65.0,NotPlaced
1731,6.9,1,1,1,79.0,3.5,No,No,57.0,64.0,NotPlaced
6011,6.6,0,2,1,74.0,4.6,No,Yes,55.0,66.0,NotPlaced
4323,7.9,1,3,1,71.0,4.6,Yes,Yes,57.0,68.0,NotPlaced
3903,6.6,2,1,0,75.0,4.2,No,Yes,75.0,70.0,NotPlaced
8741,7.3,1,1,0,79.0,4.5,No,Yes,55.0,67.0,NotPlaced
8726,6.5,2,1,0,75.0,4.0,No,No,55.0,70.0,NotPlaced
1264,8.5,1,2,2,78.0,4.8,Yes,Yes,57.0,70.0,NotPlaced
5454,8.2,2,3,0,88.0,4.0,Yes,Yes,75.0,75.0,Placed
8937,7.7,0,2,0,85.0,4.0,No,Yes,55.0,64.0,Placed
9313,8.1,1,1,2,82.0,4.8,Yes,No,70.0,78.0,NotPlaced
4210,6.5,1,1,0,74.0,4.6,No,No,58.0,67.0,NotPlaced
79,8.2,1,3,0,83.0,4.8,Yes,Yes,71.0,84.0,Placed
1074,8.3,2,3,2,90.0,4.7,Yes,Yes,82.0,83.0,NotPlaced
3855,8.4,1,2,0,90.0,4.7,Yes,Yes,55.0,81.0,NotPlaced
5043,8.2,1,3,2,89.0,4.3,Yes,No,84.0,82.0,Placed
1978,7.9,1,2,0,90.0,4.8,Yes,Yes,76.0,80.0,Placed
6661,7.8,1,2,1,67.0,4.4,Yes,Yes,70.0,77.0,NotPlaced
5483,8.6,1,3,2,90.0,4.8,Yes,Yes,70.0,88.0,Placed
3335,6.5,1,2,2,90.0,4.5,Yes,Yes,55.0,70.0,Placed
2268,8.0,1,1,0,77.0,3.9,Yes,Yes,72.0,68.0,Placed
1723,8.5,2,3,2,87.0,4.8,Yes,Yes,74.0,78.0,Placed
656,7.6,0,3,2,85.0,3.8,Yes,No,79.0,83.0,NotPlaced
6112,7.5,2,3,0,87.0,4.6,Yes,No,80.0,81.0,Placed
3264,8.3,2,3,2,90.0,4.6,Yes,Yes,70.0,84.0,Placed
2835,6.6,1,2,0,60.0,4.7,Yes,Yes,55.0,69.0,NotPlaced
4130,6.5,1,2,1,82.0,3.4,Yes,No,72.0,68.0,NotPlaced
3745,7.5,1,3,2,83.0,4.3,Yes,Yes,75.0,81.0,NotPlaced
4083,7.5,1,1,0,60.0,3.3,No,Yes,55.0,72.0,NotPlaced
8264,8.1,2,3,2,90.0,3.8,Yes,Yes,90.0,77.0,Placed
2864,8.5,2,2,2,65.0,4.4,Yes,Yes,57.0,81.0,NotPlaced
5029,8.3,1,3,1,83.0,4.8,Yes,No,65.0,80.0,NotPlaced
4455,8.2,2,3,2,90.0,4.5,Yes,Yes,74.0,81.0,Placed
9841,6.5,1,1,2,85.0,4.6,Yes,Yes,55.0,65.0,Placed
9696,7.8,1,1,0,85.0,4.1,No,Yes,55.0,68.0,NotPlaced
1286,7.4,1,2,1,70.0,3.8,No,Yes,55.0,73.0,NotPlaced
1719,8.5,2,3,2,88.0,4.8,Yes,Yes,83.0,85.0,Placed
7466,6.5,1,1,1,76.0,3.8,No,Yes,60.0,68.0,NotPlaced
8513,7.5,1,2,2,68.0,4.0,Yes,Yes,69.0,68.0,Placed
8150,7.9,1,2,1,85.0,4.8,No,No,81.0,79.0,Placed
5683,7.4,1,2,0,76.0,4.5,No,Yes,55.0,72.0,NotPlaced
5258,6.5,1,1,0,81.0,4.2,No,Yes,67.0,65.0,NotPlaced
6203,8.3,0,3,1,87.0,3.8,Yes,Yes,55.0,66.0,Placed
5885,8.4,0,2,3,90.0,4.3,Yes,Yes,75.0,84.0,Placed
6596,8.1,1,3,2,90.0,4.6,Yes,Yes,75.0,82.0,Placed
2102,8.4,1,2,2,77.0,4.1,No,No,65.0,72.0,NotPlaced
9861,8.3,2,2,1,80.0,4.8,Yes,Yes,79.0,84.0,Placed
2276,7.9,1,1,1,78.0,4.2,No,No,55.0,69.0,NotPlaced
1095,8.8,2,3,2,90.0,4.8,Yes,Yes,72.0,88.0,Placed
237,7.8,1,3,2,75.0,4.3,Yes,Yes,77.0,86.0,NotPlaced
7229,6.5,1,1,1,70.0,4.3,No,No,55.0,75.0,NotPlaced
14,7.7,1,1,1,74.0,4.6,No,Yes,63.0,73.0,NotPlaced
1904,8.4,2,3,2,90.0,4.8,Yes,Yes,79.0,86.0,Placed
4240,6.6,0,3,0,85.0,4.7,Yes,Yes,62.0,86.0,Placed
7259,7.5,1,1,1,72.0,3.8,No,Yes,55.0,68.0,NotPlaced
9913,8.7,2,3,2,83.0,4.8,Yes,Yes,88.0,80.0,NotPlaced
8109,7.8,2,1,0,70.0,3.5,No,No,70.0,66.0,NotPlaced
7672,6.7,2,1,0,78.0,4.4,No,Yes,56.0,62.0,NotPlaced
5674,6.8,2,3,0,82.0,4.7,Yes,Yes,86.0,81.0,Placed
8204,7.6,1,2,1,77.0,4.4,Yes,Yes,76.0,87.0,NotPlaced
105,6.5,1,1,0,68.0,4.1,No,No,61.0,66.0,NotPlaced
1288,8.2,1,2,0,82.0,3.9,Yes,Yes,75.0,86.0,NotPlaced
6513,8.3,1,3,0,90.0,4.8,Yes,Yes,82.0,68.0,Placed
314,8.2,1,3,2,90.0,4.3,No,Yes,77.0,82.0,Placed
8143,7.9,2,3,2,85.0,4.8,Yes,Yes,75.0,81.0,Placed
5332,7.6,1,3,0,80.0,4.6,No,Yes,60.0,73.0,Placed
1945,6.5,0,1,1,81.0,4.0,No,Yes,55.0,67.0,NotPlaced
8574,6.7,1,1,1,75.0,3.7,No,No,63.0,71.0,NotPlaced
4665,8.3,2,3,2,90.0,4.8,Yes,Yes,78.0,83.0,Placed
5190,7.4,0,1,0,80.0,4.3,Yes,Yes,63.0,63.0,NotPlaced
197,8.1,0,1,0,71.0,3.6,Yes,No,69.0,67.0,NotPlaced
9298,8.0,0,2,1,67.0,4.1,Yes,Yes,74.0,75.0,NotPlaced
162,7.9,1,2,1,81.0,4.0,Yes,Yes,60.0,71.0,NotPlaced
2230,8.3,2,3,2,90.0,4.8,Yes,Yes,75.0,80.0,Placed
8520,6.5,1,1,0,73.0,4.1,No,Yes,55.0,66.0,NotPlaced
972,6.7,1,2,0,77.0,4.4,No,Yes,58.0,65.0,NotPlaced
8729,8.5,1,3,2,90.0,4.8,Yes,Yes,76.0,85.0,Placed
7389,8.4,0,1,1,64.0,3.6,Yes,Yes,64.0,65.0,NotPlaced
8556,7.4,1,2,1,71.0,4.7,No,Yes,69.0,73.0,NotPlaced
748,8.3,1,1,2,81.0,4.6,Yes,No,59.0,85.0,NotPlaced
3641,7.5,1,1,0,71.0,4.1,Yes,Yes,55.0,70.0,NotPlaced
7791,7.4,1,1,0,60.0,4.2,No,Yes,55.0,65.0,NotPlaced
2659,7.6,1,2,0,75.0,3.9,Yes,Yes,57.0,62.0,NotPlaced
3751,8.1,1,2,0,79.0,4.5,Yes,Yes,65.0,76.0,NotPlaced
8667,8.0,1,3,1,90.0,4.8,Yes,Yes,79.0,87.0,Placed
9323,7.9,2,3,2,90.0,4.8,Yes,Yes,81.0,87.0,Placed
2705,7.5,1,2,2,72.0,4.1,Yes,Yes,66.0,70.0,NotPlaced
9015,7.6,1,1,0,81.0,4.1,No,Yes,55.0,68.0,NotPlaced
8126,8.4,1,3,2,90.0,4.8,Yes,Yes,82.0,88.0,Placed
3280,8.5,1,3,0,90.0,4.1,Yes,Yes,81.0,85.0,Placed
6959,8.0,0,1,0,82.0,4.3,No,Yes,72.0,65.0,NotPlaced
3450,8.4,2,3,3,90.0,4.7,Yes,Yes,85.0,80.0,Placed
3733,8.3,1,3,2,90.0,4.8,Yes,Yes,71.0,84.0,Placed
505,6.7,2,0,0,69.0,3.9,No,Yes,76.0,71.0,NotPlaced
6337,7.8,1,2,2,90.0,4.8,Yes,Yes,81.0,80.0,Placed
536,8.4,2,2,2,73.0,4.8,Yes,No,78.0,82.0,Placed
9970,8.5,1,3,0,85.0,4.2,Yes,No,79.0,85.0,NotPlaced
7240,8.2,2,3,2,81.0,4.8,Yes,Yes,81.0,83.0,Placed
3181,7.7,1,1,0,69.0,4.4,No,No,55.0,69.0,NotPlaced
7231,8.0,2,2,3,82.0,4.0,Yes,Yes,59.0,82.0,Placed
1091,7.7,1,1,0,70.0,4.3,No,Yes,78.0,72.0,NotPlaced
3871,7.6,1,1,0,68.0,3.6,No,No,56.0,65.0,NotPlaced
5125,7.7,0,1,0,65.0,4.6,No,No,58.0,59.0,NotPlaced
8279,7.8,1,3,2,78.0,4.8,Yes,Yes,78.0,67.0,NotPlaced
3286,7.2,1,1,2,74.0,4.7,No,No,55.0,78.0,NotPlaced
5571,6.8,0,1,0,75.0,4.7,No,Yes,57.0,62.0,NotPlaced
7744,8.4,1,2,0,82.0,4.5,Yes,Yes,76.0,85.0,NotPlaced
7103,8.5,1,1,0,79.0,4.1,Yes,Yes,75.0,66.0,NotPlaced
5802,8.0,0,1,0,75.0,3.8,Yes,No,57.0,64.0,NotPlaced
7877,6.6,0,2,0,68.0,3.8,No,No,66.0,70.0,NotPlaced
9084,8.1,2,2,2,90.0,3.7,Yes,Yes,64.0,82.0,Placed
4871,7.6,0,1,0,90.0,4.1,No,Yes,77.0,79.0,NotPlaced
5044,6.5,1,2,1,78.0,4.1,No,No,78.0,63.0,NotPlaced
3653,8.2,1,1,1,74.0,3.7,No,Yes,60.0,61.0,Placed
2094,6.7,2,3,2,83.0,4.0,No,No,79.0,68.0,Placed
1165,6.5,1,1,0,67.0,3.8,No,Yes,55.0,71.0,NotPlaced
3661,8.4,2,1,2,90.0,4.8,Yes,Yes,79.0,83.0,Placed
669,8.3,2,3,2,90.0,4.8,Yes,Yes,71.0,84.0,Placed
6211,7.4,1,3,0,82.0,4.1,Yes,Yes,77.0,87.0,Placed
8367,7.3,0,1,1,71.0,4.6,No,No,57.0,67.0,NotPlaced
5253,8.1,0,2,1,75.0,4.1,No,Yes,55.0,69.0,Placed
3759,7.7,1,3,3,87.0,3.9,Yes,Yes,80.0,65.0,NotPlaced
7825,6.9,0,1,2,72.0,4.8,Yes,Yes,58.0,85.0,Placed
8842,8.7,2,3,2,90.0,4.8,Yes,Yes,71.0,84.0,Placed
5754,7.1,0,1,0,87.0,4.4,No,Yes,75.0,65.0,Placed
7972,7.7,1,3,0,80.0,4.8,Yes,Yes,76.0,86.0,Placed
1174,7.7,2,3,1,85.0,4.2,Yes,No,83.0,84.0,Placed
308,6.8,0,1,0,77.0,3.3,No,No,64.0,69.0,NotPlaced
2999,8.4,2,3,2,90.0,4.7,Yes,Yes,78.0,83.0,Placed
4362,6.5,1,3,1,76.0,4.8,No,Yes,65.0,65.0,NotPlaced
1114,7.8,2,1,0,84.0,4.2,Yes,Yes,71.0,65.0,Placed
5611,6.9,0,2,1,71.0,3.2,No,No,55.0,65.0,NotPlaced
7904,6.5,0,1,1,68.0,3.5,No,Yes,62.0,69.0,NotPlaced
8913,8.2,1,2,2,90.0,4.8,Yes,No,70.0,85.0,NotPlaced
1172,8.5,1,3,1,83.0,4.7,Yes,Yes,55.0,84.0,Placed
5402,8.2,1,3,0,89.0,4.8,Yes,Yes,80.0,88.0,NotPlaced
9960,7.7,0,1,1,64.0,4.4,Yes,Yes,73.0,60.0,NotPlaced
5719,7.9,2,3,2,87.0,4.8,Yes,Yes,83.0,69.0,Placed
1367,7.6,1,2,0,79.0,4.1,No,Yes,55.0,72.0,NotPlaced
234,7.8,0,1,1,70.0,3.8,No,Yes,73.0,73.0,NotPlaced
1400,8.2,1,1,3,77.0,3.6,Yes,Yes,58.0,72.0,Placed
9664,8.3,2,3,2,90.0,4.8,Yes,Yes,79.0,84.0,Placed
467,6.5,1,2,0,84.0,4.2,Yes,No,74.0,78.0,NotPlaced
1005,8.6,1,1,2,75.0,4.5,Yes,Yes,68.0,82.0,NotPlaced
9276,8.4,2,1,2,90.0,4.5,Yes,Yes,81.0,83.0,Placed
2760,7.5,2,1,1,82.0,4.7,No,No,76.0,68.0,NotPlaced
1511,7.8,1,1,0,74.0,4.5,Yes,No,82.0,69.0,Placed
9363,6.6,1,1,0,70.0,4.6,Yes,No,55.0,69.0,NotPlaced
3007,7.9,1,2,2,83.0,4.5,Yes,No,69.0,87.0,Placed
137,8.2,2,3,2,90.0,4.4,Yes,Yes,90.0,81.0,Placed
8884,7.7,1,2,0,76.0,4.1,Yes,Yes,60.0,72.0,NotPlaced
4885,7.7,1,1,1,73.0,4.4,Yes,Yes,82.0,81.0,NotPlaced
2962,7.5,1,2,1,76.0,3.4,No,No,55.0,65.0,NotPlaced
4933,8.5,1,2,0,75.0,4.5,No,Yes,65.0,73.0,NotPlaced
651,8.1,1,3,0,90.0,4.8,Yes,Yes,83.0,83.0,NotPlaced
2382,8.4,2,3,2,83.0,4.8,Yes,Yes,77.0,86.0,Placed
6818,6.9,1,3,0,81.0,4.5,No,No,72.0,76.0,Placed
1445,8.1,1,3,2,90.0,4.8,Yes,Yes,77.0,87.0,Placed
4001,7.5,0,2,1,70.0,3.7,No,No,80.0,63.0,NotPlaced
5547,7.6,0,1,2,79.0,4.8,Yes,Yes,56.0,85.0,Placed
9807,8.1,2,3,2,77.0,4.8,Yes,No,78.0,78.0,NotPlaced
5377,7.5,1,1,0,76.0,4.0,No,No,68.0,65.0,NotPlaced
7417,8.3,1,3,2,90.0,4.8,Yes,Yes,69.0,88.0,Placed
5901,6.8,1,1,0,85.0,4.3,No,Yes,86.0,83.0,Placed
4993,7.4,2,2,1,81.0,4.4,Yes,Yes,66.0,88.0,Placed
8764,7.9,1,2,0,77.0,3.8,Yes,Yes,58.0,78.0,NotPlaced
4141,8.4,2,3,2,90.0,4.8,Yes,Yes,74.0,86.0,Placed
1230,6.7,1,2,0,71.0,3.8,Yes,Yes,73.0,74.0,NotPlaced
2292,6.5,0,2,0,76.0,3.6,No,Yes,55.0,66.0,NotPlaced
6549,7.1,0,2,2,89.0,4.2,Yes,Yes,61.0,76.0,Placed
5156,7.1,0,1,0,70.0,3.8,No,Yes,59.0,62.0,NotPlaced
4706,7.3,1,2,0,68.0,3.8,No,Yes,59.0,57.0,NotPlaced
2782,8.4,1,3,1,79.0,4.0,Yes,Yes,80.0,83.0,NotPlaced
5465,6.5,1,3,3,84.0,4.5,No,Yes,76.0,72.0,NotPlaced
8942,8.0,2,3,0,84.0,4.6,Yes,Yes,88.0,81.0,NotPlaced
7796,8.5,2,3,2,90.0,4.8,Yes,Yes,83.0,85.0,Placed
4310,6.5,1,1,1,74.0,4.0,No,No,87.0,67.0,NotPlaced
6737,6.6,1,1,0,73.0,4.2,No,No,64.0,70.0,NotPlaced
9107,8.3,2,3,2,90.0,4.8,Yes,Yes,80.0,81.0,Placed
9669,7.7,1,1,1,78.0,3.2,No,No,58.0,64.0,NotPlaced
5893,7.8,1,3,2,90.0,4.8,Yes,Yes,80.0,88.0,Placed
3577,8.1,1,3,0,77.0,4.3,No,Yes,71.0,69.0,NotPlaced
2550,7.6,1,2,0,86.0,4.2,No,Yes,58.0,65.0,NotPlaced
7385,8.6,2,3,2,90.0,4.8,Yes,Yes,81.0,87.0,Placed
3169,7.7,1,2,0,82.0,4.1,No,No,55.0,65.0,NotPlaced
8434,7.5,0,1,0,89.0,4.5,No,No,71.0,62.0,NotPlaced
7472,7.6,1,2,0,70.0,3.6,No,Yes,56.0,66.0,NotPlaced
6920,7.3,0,1,1,69.0,3.7,No,Yes,59.0,59.0,NotPlaced
7846,7.5,0,1,1,83.0,4.4,No,Yes,59.0,66.0,NotPlaced
5166,6.6,1,3,2,85.0,4.7,Yes,Yes,77.0,84.0,Placed
6473,7.8,2,3,3,80.0,4.4,Yes,Yes,61.0,84.0,Placed
6937,7.6,1,2,0,63.0,4.1,No,Yes,55.0,64.0,NotPlaced
2452,7.8,2,1,0,86.0,4.3,No,Yes,78.0,80.0,Placed
538,6.5,1,2,0,78.0,4.6,No,Yes,62.0,57.0,NotPlaced
2890,8.1,1,3,2,78.0,4.7,Yes,Yes,75.0,88.0,NotPlaced
4383,8.5,1,3,3,70.0,3.8,Yes,Yes,72.0,85.0,Placed
3081,7.9,1,3,2,82.0,4.4,Yes,Yes,80.0,88.0,NotPlaced
1871,8.0,2,3,0,77.0,4.8,Yes,Yes,77.0,85.0,NotPlaced
6022,7.2,0,2,0,77.0,3.7,No,Yes,55.0,63.0,NotPlaced
8758,8.4,0,2,0,71.0,3.8,Yes,Yes,56.0,63.0,NotPlaced
9516,8.4,2,3,2,89.0,4.5,Yes,Yes,76.0,82.0,NotPlaced
5355,6.9,1,3,2,65.0,4.0,No,Yes,79.0,60.0,NotPlaced
2666,7.6,1,3,0,72.0,4.0,Yes,No,66.0,74.0,NotPlaced
8211,8.1,2,3,0,84.0,4.8,Yes,Yes,83.0,82.0,Placed
4897,6.7,1,1,1,67.0,4.2,No,No,72.0,73.0,NotPlaced
7412,8.1,2,3,2,90.0,4.7,Yes,Yes,79.0,88.0,Placed
6023,7.6,1,1,0,72.0,4.2,No,Yes,74.0,69.0,NotPlaced
2101,6.7,1,2,0,74.0,4.0,No,Yes,56.0,66.0,NotPlaced
5570,8.5,2,3,2,84.0,4.6,Yes,Yes,85.0,82.0,Placed
3710,8.4,2,3,0,89.0,4.1,Yes,Yes,88.0,71.0,Placed
2149,8.2,1,3,0,77.0,4.5,Yes,Yes,75.0,88.0,Placed
2859,8.1,2,3,2,90.0,4.7,Yes,Yes,82.0,85.0,Placed
4120,7.6,1,1,0,62.0,4.4,No,Yes,55.0,74.0,NotPlaced
9334,7.9,0,2,0,75.0,4.3,No,No,79.0,63.0,NotPlaced
4182,7.9,2,3,2,90.0,4.8,Yes,Yes,82.0,88.0,Placed
375,8.7,0,3,0,75.0,3.7,Yes,Yes,62.0,74.0,NotPlaced
6461,8.5,1,2,3,80.0,4.3,Yes,Yes,55.0,86.0,NotPlaced
7968,8.7,1,3,2,90.0,4.7,Yes,Yes,79.0,80.0,Placed
6982,7.9,2,1,0,73.0,4.4,Yes,No,66.0,57.0,Placed
9741,6.5,1,1,1,62.0,3.9,No,No,57.0,70.0,NotPlaced
1413,7.4,1,1,3,61.0,4.0,No,No,55.0,70.0,NotPlaced
5895,6.9,1,1,0,76.0,3.3,No,Yes,71.0,66.0,NotPlaced
4987,6.5,1,1,1,84.0,4.4,Yes,Yes,72.0,87.0,Placed
4813,8.4,1,1,1,70.0,3.7,Yes,Yes,55.0,63.0,NotPlaced
8329,6.5,1,1,1,66.0,3.3,No,No,55.0,60.0,NotPlaced
3397,6.5,0,1,1,70.0,4.2,No,No,70.0,65.0,NotPlaced
2512,8.1,0,2,0,81.0,4.8,No,Yes,88.0,82.0,NotPlaced
129,7.4,1,1,1,64.0,4.3,No,Yes,73.0,73.0,NotPlaced
9098,7.6,1,2,0,72.0,4.4,No,Yes,57.0,64.0,NotPlaced
4251,7.8,1,2,1,82.0,4.4,Yes,Yes,55.0,67.0,NotPlaced
1253,8.2,2,3,2,90.0,4.8,Yes,Yes,81.0,88.0,Placed
1301,8.3,2,3,2,80.0,4.2,Yes,Yes,76.0,87.0,Placed
3738,7.0,1,1,1,75.0,4.2,Yes,Yes,61.0,64.0,NotPlaced
4833,6.5,1,3,2,73.0,4.3,Yes,Yes,55.0,68.0,Placed
7026,6.8,1,1,0,60.0,3.7,No,No,64.0,64.0,NotPlaced
1710,8.1,2,3,2,90.0,4.7,Yes,Yes,66.0,85.0,Placed
2879,7.6,0,1,0,88.0,4.3,No,Yes,56.0,62.0,NotPlaced
6241,8.6,2,2,2,81.0,4.6,Yes,Yes,83.0,84.0,Placed
2231,8.0,1,3,0,83.0,4.8,No,Yes,75.0,83.0,NotPlaced
9125,8.7,1,2,2,77.0,4.5,Yes,Yes,75.0,68.0,Placed
4389,7.6,1,1,0,70.0,4.5,No,No,69.0,74.0,NotPlaced
8407,8.5,2,3,2,82.0,4.4,Yes,Yes,76.0,65.0,Placed
9929,8.3,2,3,2,90.0,4.8,Yes,Yes,82.0,84.0,Placed
2167,8.0,1,2,2,80.0,4.7,Yes,No,72.0,80.0,NotPlaced
8268,7.5,0,1,1,75.0,4.3,No,No,80.0,82.0,NotPlaced
1125,8.5,0,3,3,87.0,4.7,Yes,Yes,73.0,85.0,NotPlaced
2150,6.5,1,1,0,77.0,4.3,No,No,66.0,60.0,NotPlaced
7789,6.5,0,1,3,76.0,4.4,Yes,No,64.0,70.0,NotPlaced
2923,8.4,1,3,0,82.0,4.8,Yes,Yes,75.0,81.0,Placed
1249,7.3,0,2,0,69.0,3.8,No,Yes,55.0,63.0,NotPlaced
6144,8.3,1,3,2,88.0,4.7,Yes,Yes,85.0,80.0,Placed
2821,8.1,2,3,2,90.0,4.8,Yes,Yes,81.0,87.0,Placed
4490,8.3,2,2,0,81.0,4.0,Yes,No,75.0,82.0,Placed
1146,8.5,0,3,2,90.0,4.8,Yes,Yes,87.0,85.0,Placed
8778,7.6,0,3,2,82.0,4.5,No,No,78.0,64.0,Placed
2939,7.9,0,1,1,73.0,4.1,No,Yes,79.0,80.0,NotPlaced
2109,7.5,1,1,0,70.0,4.4,No,Yes,70.0,64.0,NotPlaced
6984,8.6,1,3,2,90.0,4.8,Yes,Yes,71.0,79.0,Placed
2439,7.4,0,2,0,76.0,4.5,No,Yes,72.0,85.0,NotPlaced
1837,7.9,1,1,0,76.0,4.2,Yes,Yes,70.0,60.0,NotPlaced
7096,7.1,1,1,2,73.0,4.2,Yes,No,78.0,62.0,NotPlaced
1457,8.3,1,1,1,70.0,4.8,Yes,Yes,64.0,86.0,NotPlaced
3139,8.3,1,2,0,78.0,4.5,No,Yes,63.0,60.0,NotPlaced
9814,8.9,2,3,2,85.0,4.6,Yes,Yes,75.0,84.0,Placed
2092,7.6,1,1,1,77.0,4.0,No,Yes,55.0,74.0,Placed
3378,7.6,0,3,0,90.0,4.8,Yes,Yes,85.0,83.0,Placed
8222,6.8,1,3,0,61.0,4.3,No,No,59.0,68.0,NotPlaced
2832,8.0,2,3,1,73.0,4.4,Yes,Yes,81.0,68.0,NotPlaced
2945,8.2,2,3,2,83.0,3.8,Yes,Yes,73.0,69.0,NotPlaced
7583,6.5,2,1,0,69.0,3.7,No,No,55.0,68.0,NotPlaced
5455,8.4,2,3,2,87.0,4.8,Yes,No,87.0,87.0,Placed
450,8.3,2,3,2,87.0,4.8,Yes,Yes,74.0,80.0,NotPlaced
1220,7.7,2,1,1,64.0,4.2,No,Yes,55.0,78.0,NotPlaced
6332,8.6,1,3,3,81.0,3.9,Yes,Yes,75.0,84.0,Placed
6639,8.2,1,3,1,82.0,4.0,Yes,Yes,55.0,66.0,NotPlaced
8810,8.7,2,3,0,87.0,4.8,Yes,Yes,76.0,88.0,Placed
3291,7.7,0,2,0,70.0,3.6,No,Yes,57.0,66.0,NotPlaced
5648,8.5,1,3,1,84.0,3.9,Yes,Yes,72.0,82.0,Placed
3867,6.5,1,2,1,65.0,4.7,No,No,55.0,59.0,NotPlaced
3873,6.8,1,3,0,90.0,4.8,Yes,Yes,69.0,86.0,Placed
3686,7.4,0,1,2,79.0,4.4,Yes,No,55.0,68.0,Placed
3252,7.4,2,2,0,81.0,4.7,Yes,Yes,74.0,65.0,NotPlaced
6610,7.0,1,1,0,69.0,4.1,No,No,65.0,57.0,NotPlaced
9037,6.9,1,1,1,84.0,4.7,Yes,No,55.0,73.0,NotPlaced
3297,8.3,1,3,2,85.0,4.2,Yes,Yes,73.0,83.0,Placed
5242,8.4,1,3,0,90.0,4.6,Yes,Yes,78.0,87.0,Placed
2133,8.1,1,1,0,62.0,3.0,No,No,55.0,67.0,NotPlaced
3956,6.5,1,3,3,79.0,4.3,Yes,Yes,63.0,87.0,Placed
2335,7.6,1,3,2,90.0,4.3,Yes,Yes,55.0,86.0,Placed
7769,7.4,1,3,0,75.0,4.6,No,No,78.0,86.0,NotPlaced
5617,8.2,2,3,3,88.0,4.8,Yes,Yes,74.0,86.0,Placed
6756,8.2,2,3,2,90.0,4.8,Yes,Yes,84.0,88.0,Placed
5994,8.3,1,3,2,90.0,4.8,Yes,Yes,83.0,83.0,Placed
1594,7.5,0,3,0,78.0,4.2,No,Yes,79.0,69.0,Placed
9842,8.0,0,3,1,78.0,4.5,Yes,Yes,81.0,78.0,NotPlaced
8945,6.7,1,1,0,75.0,3.7,No,No,58.0,66.0,NotPlaced
7818,7.4,1,3,1,87.0,4.6,No,No,69.0,83.0,NotPlaced
5373,7.3,1,1,2,75.0,3.8,Yes,Yes,55.0,69.0,NotPlaced
3185,6.8,1,2,0,80.0,3.8,No,Yes,77.0,80.0,Placed
3490,6.7,1,1,0,81.0,4.1,No,No,55.0,64.0,NotPlaced
9430,8.3,1,2,0,81.0,4.1,No,Yes,59.0,64.0,NotPlaced
6997,8.6,2,3,2,90.0,4.8,Yes,Yes,84.0,85.0,NotPlaced
3048,8.3,1,2,2,78.0,4.4,Yes,Yes,76.0,85.0,Placed
5807,8.4,1,3,2,79.0,4.5,Yes,Yes,86.0,87.0,Placed
7522,6.5,1,1,0,82.0,4.3,No,Yes,57.0,70.0,NotPlaced
6868,7.5,1,2,1,90.0,4.8,Yes,Yes,61.0,82.0,Placed
3344,7.7,1,2,0,77.0,4.3,Yes,Yes,61.0,83.0,Placed
6557,7.1,1,2,2,74.0,4.3,Yes,Yes,55.0,66.0,NotPlaced
1639,7.6,1,2,1,69.0,3.9,No,No,55.0,63.0,NotPlaced
359,7.5,1,3,0,70.0,4.2,No,Yes,60.0,68.0,NotPlaced
9168,7.6,0,3,2,72.0,4.6,Yes,Yes,89.0,85.0,NotPlaced
1056,7.7,0,2,0,73.0,4.2,Yes,Yes,82.0,87.0,Placed
8029,8.1,2,2,0,83.0,4.7,Yes,Yes,78.0,86.0,Placed
530,8.1,1,3,2,90.0,4.5,Yes,Yes,77.0,81.0,Placed
5898,8.2,2,2,2,73.0,4.6,Yes,Yes,83.0,87.0,NotPlaced
7779,8.4,1,1,1,74.0,3.8,Yes,No,69.0,76.0,NotPlaced
9953,8.1,2,3,2,90.0,4.8,Yes,Yes,74.0,86.0,Placed
5599,8.5,2,3,2,89.0,4.8,Yes,Yes,81.0,78.0,Placed
5586,6.5,1,1,0,72.0,4.5,No,No,55.0,66.0,NotPlaced
1338,7.5,2,3,1,90.0,4.4,No,Yes,81.0,81.0,NotPlaced
1707,8.1,1,3,2,90.0,4.8,Yes,Yes,81.0,88.0,Placed
7581,6.5,0,3,2,73.0,4.5,Yes,Yes,74.0,84.0,Placed
3498,6.5,0,1,0,81.0,4.2,No,No,55.0,69.0,NotPlaced
2689,8.4,1,3,2,77.0,4.5,Yes,Yes,82.0,80.0,Placed
752,8.2,2,3,1,79.0,4.8,Yes,Yes,79.0,86.0,Placed
9735,7.8,1,2,0,80.0,4.5,Yes,Yes,60.0,69.0,Placed
2650,7.9,2,1,3,70.0,4.0,Yes,Yes,67.0,81.0,Placed
4751,6.7,1,1,0,71.0,4.5,No,No,58.0,59.0,NotPlaced
5877,7.5,0,2,0,81.0,4.3,Yes,Yes,63.0,61.0,NotPlaced
8496,8.2,2,2,2,87.0,4.8,Yes,Yes,88.0,85.0,Placed
660,8.4,0,3,2,87.0,4.0,Yes,No,79.0,80.0,Placed
1401,8.4,2,3,2,90.0,4.8,Yes,Yes,79.0,85.0,Placed
6495,7.6,1,2,2,73.0,4.7,Yes,Yes,61.0,75.0,NotPlaced
2577,7.4,1,3,2,87.0,4.4,No,Yes,78.0,72.0,NotPlaced
3612,8.3,2,3,0,90.0,4.6,Yes,Yes,75.0,71.0,NotPlaced
1489,8.3,0,3,0,76.0,3.9,No,No,57.0,61.0,NotPlaced
2922,7.6,1,2,2,65.0,4.8,Yes,No,58.0,72.0,NotPlaced
5864,6.6,0,2,0,83.0,4.8,Yes,Yes,82.0,88.0,Placed
2168,7.9,0,1,2,87.0,4.7,Yes,Yes,89.0,85.0,NotPlaced
9531,7.7,1,1,1,84.0,4.4,Yes,Yes,72.0,71.0,NotPlaced
5384,7.7,2,3,0,77.0,4.6,Yes,Yes,70.0,69.0,NotPlaced
5271,6.9,1,3,0,90.0,3.8,Yes,Yes,80.0,78.0,Placed
8177,7.9,0,3,2,80.0,4.7,Yes,Yes,77.0,83.0,Placed
7553,7.5,0,2,0,81.0,3.6,No,Yes,55.0,68.0,Placed
4116,8.2,2,3,2,82.0,4.8,No,Yes,83.0,82.0,Placed
9691,8.1,0,1,1,71.0,4.4,No,No,85.0,66.0,NotPlaced
5005,8.6,1,2,1,73.0,4.7,Yes,Yes,76.0,66.0,NotPlaced
3050,7.8,2,3,2,90.0,4.5,Yes,Yes,82.0,82.0,Placed
2488,6.5,1,2,1,82.0,4.0,No,Yes,55.0,62.0,NotPlaced
2023,8.1,2,1,0,82.0,4.4,No,No,55.0,73.0,NotPlaced
5358,7.3,1,2,0,72.0,4.3,No,Yes,56.0,66.0,NotPlaced
2126,7.7,1,3,0,86.0,4.8,Yes,Yes,79.0,84.0,Placed
930,7.7,0,1,0,69.0,3.9,No,Yes,56.0,62.0,NotPlaced
558,6.5,1,2,1,60.0,3.5,No,No,60.0,65.0,NotPlaced
6572,7.4,1,3,1,82.0,4.4,Yes,No,56.0,83.0,NotPlaced
5101,6.6,1,1,1,60.0,3.9,No,Yes,56.0,58.0,NotPlaced
9478,7.3,1,1,1,62.0,4.0,No,Yes,55.0,65.0,NotPlaced
1742,8.2,0,3,0,86.0,4.3,Yes,No,78.0,72.0,Placed
6147,8.4,2,3,0,90.0,4.8,Yes,Yes,58.0,88.0,Placed
4426,6.5,1,2,0,76.0,4.1,Yes,Yes,81.0,83.0,Placed
6056,7.6,1,3,1,79.0,3.9,Yes,Yes,70.0,85.0,Placed
6655,8.3,1,3,2,83.0,4.7,Yes,No,77.0,87.0,Placed
6866,8.8,2,3,2,90.0,4.8,Yes,Yes,70.0,83.0,Placed
3487,7.0,1,1,2,75.0,4.4,Yes,No,59.0,68.0,NotPlaced
7736,6.6,0,1,1,64.0,4.6,Yes,Yes,64.0,71.0,NotPlaced
251,8.4,2,3,1,76.0,4.1,Yes,Yes,68.0,64.0,NotPlaced
6640,7.5,1,2,0,65.0,4.4,No,No,55.0,62.0,NotPlaced
6236,7.8,1,2,0,81.0,4.1,No,Yes,55.0,79.0,Placed
6727,7.6,1,2,1,75.0,4.2,No,Yes,70.0,81.0,NotPlaced
7134,8.2,2,2,2,90.0,4.6,Yes,Yes,68.0,87.0,Placed
1237,8.4,0,3,2,74.0,4.5,Yes,Yes,81.0,68.0,Placed
3885,7.8,1,2,2,90.0,4.8,Yes,Yes,74.0,84.0,Placed
7934,8.0,0,2,0,60.0,4.2,No,No,55.0,70.0,NotPlaced
8554,8.1,0,3,2,90.0,4.8,Yes,Yes,78.0,86.0,Placed
5589,8.2,1,2,0,78.0,3.8,No,Yes,55.0,80.0,NotPlaced
796,8.6,1,3,0,81.0,4.8,Yes,Yes,79.0,71.0,Placed
1920,8.2,0,3,2,90.0,4.8,Yes,Yes,70.0,84.0,Placed
374,7.6,1,2,0,64.0,4.5,No,Yes,62.0,63.0,NotPlaced
180,7.4,1,1,0,60.0,3.4,No,No,58.0,62.0,NotPlaced
5743,6.5,1,3,2,77.0,4.2,Yes,Yes,78.0,81.0,NotPlaced
8097,7.4,1,1,1,79.0,4.3,No,No,61.0,76.0,NotPlaced
3620,7.6,1,1,1,79.0,4.3,No,Yes,55.0,58.0,NotPlaced
4133,8.5,1,3,2,90.0,4.7,No,Yes,85.0,84.0,NotPlaced
6774,8.4,0,1,3,72.0,4.2,Yes,Yes,74.0,82.0,NotPlaced
2793,8.5,1,2,0,87.0,4.7,No,Yes,55.0,70.0,Placed
7098,6.8,0,1,0,86.0,4.0,No,No,55.0,71.0,NotPlaced
1059,7.5,1,1,0,77.0,3.9,No,Yes,55.0,69.0,NotPlaced
1512,7.5,1,2,1,77.0,4.4,Yes,Yes,83.0,71.0,Placed
909,7.8,2,3,1,86.0,4.4,Yes,Yes,76.0,80.0,NotPlaced
5419,7.3,1,1,0,75.0,4.4,No,No,55.0,67.0,NotPlaced
2077,8.4,0,3,2,90.0,4.7,Yes,Yes,82.0,87.0,Placed
8019,6.7,1,2,0,67.0,3.9,No,No,59.0,69.0,NotPlaced
1167,8.3,0,3,1,71.0,3.4,Yes,Yes,77.0,71.0,NotPlaced
5854,8.4,1,3,2,85.0,4.8,Yes,Yes,82.0,76.0,Placed
167,7.3,1,1,1,71.0,3.6,No,No,65.0,64.0,NotPlaced
8115,6.5,0,1,0,73.0,3.7,No,No,57.0,67.0,NotPlaced
9614,7.2,1,3,2,81.0,4.8,Yes,Yes,62.0,65.0,NotPlaced
1980,8.3,2,3,0,88.0,4.8,Yes,Yes,82.0,72.0,NotPlaced
166,6.5,0,1,1,79.0,3.9,No,No,55.0,66.0,NotPlaced
9879,7.6,2,3,1,79.0,4.8,No,Yes,67.0,85.0,Placed
5803,7.7,1,2,1,70.0,4.0,Yes,Yes,55.0,67.0,NotPlaced
8746,7.0,1,1,1,73.0,4.3,Yes,No,74.0,81.0,NotPlaced
3294,7.5,1,1,1,64.0,4.3,No,No,55.0,71.0,NotPlaced
6217,7.4,0,1,0,65.0,4.2,No,No,64.0,67.0,NotPlaced
2459,8.4,2,3,3,83.0,4.7,Yes,No,69.0,83.0,NotPlaced
5023,8.3,1,3,2,86.0,4.8,Yes,Yes,80.0,84.0,Placed
9864,8.4,1,2,1,83.0,3.7,No,Yes,55.0,66.0,NotPlaced
4398,8.3,2,3,2,90.0,4.8,Yes,Yes,81.0,81.0,Placed
661,7.4,1,1,1,73.0,3.7,No,No,55.0,63.0,NotPlaced
6907,7.3,1,1,0,73.0,4.0,No,Yes,66.0,66.0,NotPlaced
1456,7.4,2,1,0,79.0,4.8,No,Yes,60.0,68.0,NotPlaced
6820,7.8,2,3,2,83.0,4.5,Yes,No,90.0,83.0,NotPlaced
4040,7.6,1,3,3,75.0,4.8,Yes,Yes,78.0,84.0,Placed
4912,7.1,1,2,1,73.0,3.9,No,Yes,79.0,72.0,Placed
184,7.7,1,1,0,71.0,4.7,No,Yes,57.0,69.0,NotPlaced
6465,7.4,1,1,0,70.0,3.1,No,No,68.0,64.0,NotPlaced
4197,8.3,2,3,2,81.0,4.7,Yes,Yes,84.0,85.0,NotPlaced
8084,7.9,1,1,0,75.0,4.3,No,No,75.0,75.0,Placed
5185,8.1,2,2,2,76.0,4.3,Yes,Yes,72.0,87.0,Placed
8581,8.5,0,1,0,71.0,4.0,Yes,No,73.0,69.0,NotPlaced
6880,7.3,0,3,0,70.0,4.3,No,No,55.0,70.0,Placed
3748,8.2,2,3,2,90.0,4.8,Yes,Yes,77.0,83.0,Placed
8640,7.4,0,2,1,71.0,4.7,No,Yes,79.0,67.0,NotPlaced
5565,8.0,2,1,2,88.0,3.8,Yes,No,82.0,82.0,NotPlaced
7520,7.8,1,1,1,85.0,4.8,Yes,Yes,82.0,83.0,Placed
708,8.5,1,1,2,82.0,3.4,Yes,No,76.0,85.0,NotPlaced
4535,8.5,2,3,2,90.0,4.8,Yes,Yes,72.0,85.0,Placed
1182,6.5,1,1,0,81.0,4.3,No,Yes,55.0,63.0,NotPlaced
6879,6.5,1,2,0,70.0,4.0,No,Yes,68.0,66.0,NotPlaced
9369,8.2,1,2,1,70.0,3.9,No,Yes,55.0,71.0,NotPlaced
6186,7.6,1,3,0,70.0,3.9,Yes,Yes,85.0,67.0,NotPlaced
1076,7.5,1,2,2,71.0,4.1,No,Yes,72.0,83.0,Placed
8465,7.1,0,1,0,73.0,4.1,No,Yes,55.0,64.0,NotPlaced
1853,7.6,1,2,0,69.0,4.4,No,Yes,60.0,68.0,NotPlaced
407,7.8,2,3,0,89.0,4.6,No,Yes,71.0,68.0,NotPlaced
8010,7.9,1,3,1,82.0,4.3,Yes,Yes,76.0,81.0,Placed
1691,8.2,2,3,2,90.0,4.8,Yes,No,75.0,80.0,Placed
5801,7.0,0,1,1,85.0,4.8,Yes,No,55.0,63.0,NotPlaced
3293,6.5,1,2,0,83.0,4.5,No,No,69.0,71.0,NotPlaced
2223,7.4,1,2,0,65.0,3.9,No,No,74.0,66.0,NotPlaced
2709,8.5,2,1,2,83.0,4.3,Yes,Yes,65.0,84.0,NotPlaced
3030,7.6,1,3,0,75.0,4.0,No,Yes,55.0,73.0,NotPlaced
2527,8.2,0,2,1,68.0,4.3,Yes,Yes,62.0,68.0,Placed
3251,8.3,1,3,2,90.0,4.8,Yes,Yes,75.0,80.0,Placed
7094,7.5,1,1,0,87.0,4.6,No,No,58.0,65.0,Placed
6856,8.3,2,3,1,83.0,4.5,Yes,Yes,80.0,84.0,Placed
9831,6.8,1,1,1,89.0,4.6,No,Yes,56.0,70.0,NotPlaced
6394,7.4,1,1,0,67.0,4.4,No,Yes,60.0,61.0,NotPlaced
834,6.5,1,1,1,67.0,4.3,No,No,55.0,67.0,NotPlaced
8185,8.6,1,2,1,90.0,4.2,No,Yes,71.0,68.0,Placed
7731,7.7,1,1,2,79.0,3.9,No,Yes,56.0,66.0,NotPlaced
8349,7.2,2,3,2,90.0,4.7,Yes,Yes,83.0,86.0,Placed
9094,7.6,2,1,1,74.0,3.8,Yes,Yes,61.0,83.0,NotPlaced
9621,8.0,0,3,2,90.0,4.8,Yes,Yes,74.0,71.0,Placed
8131,7.4,2,2,2,86.0,4.0,No,Yes,74.0,68.0,NotPlaced
9252,6.5,1,2,1,79.0,4.2,Yes,Yes,81.0,64.0,Placed
1811,8.4,1,3,2,87.0,4.8,Yes,Yes,75.0,88.0,Placed
3404,8.7,1,3,0,77.0,3.5,Yes,Yes,56.0,58.0,Placed
8708,6.7,2,1,2,71.0,4.0,No,Yes,55.0,65.0,NotPlaced
2186,6.9,1,1,0,76.0,4.3,No,Yes,60.0,64.0,NotPlaced
9181,7.6,0,1,0,82.0,3.8,No,No,80.0,70.0,NotPlaced
8390,8.3,1,3,2,90.0,4.7,Yes,Yes,80.0,85.0,Placed
3248,8.4,1,3,0,76.0,4.7,Yes,Yes,72.0,74.0,Placed
4854,8.4,1,3,2,90.0,4.8,Yes,Yes,77.0,79.0,Placed
1031,8.2,1,2,0,83.0,4.8,Yes,No,65.0,71.0,Placed
8032,6.9,0,1,1,65.0,4.1,Yes,Yes,70.0,61.0,Placed
2791,8.4,1,3,2,85.0,4.2,Yes,Yes,89.0,88.0,Placed
6720,7.5,2,2,2,78.0,4.2,No,No,59.0,71.0,NotPlaced
8963,8.5,1,2,0,73.0,4.2,No,Yes,55.0,61.0,NotPlaced
6088,7.7,1,1,0,64.0,4.1,No,No,55.0,59.0,NotPlaced
2903,8.2,1,3,3,82.0,4.0,Yes,Yes,80.0,84.0,NotPlaced
4726,8.3,1,2,2,76.0,4.5,No,Yes,74.0,70.0,Placed
8827,8.1,2,2,0,80.0,4.8,Yes,No,55.0,82.0,Placed
1389,7.8,1,3,2,89.0,4.6,Yes,Yes,72.0,81.0,Placed
8938,8.5,1,2,2,82.0,4.0,Yes,No,55.0,74.0,Placed
9557,8.1,1,3,2,88.0,4.8,Yes,Yes,81.0,85.0,Placed
3113,7.6,1,1,1,62.0,3.8,No,Yes,74.0,68.0,NotPlaced
6264,7.8,2,1,1,71.0,4.3,Yes,Yes,69.0,68.0,Placed
4250,8.1,2,3,2,87.0,4.7,Yes,No,73.0,87.0,Placed
1615,7.5,1,1,0,78.0,4.1,No,No,55.0,67.0,NotPlaced
2182,8.3,2,3,2,90.0,4.7,Yes,No,83.0,80.0,Placed
4658,8.0,0,3,2,82.0,4.8,Yes,No,73.0,82.0,Placed
227,8.0,2,2,2,87.0,3.8,Yes,Yes,79.0,78.0,Placed
3123,7.6,1,2,0,80.0,3.8,Yes,Yes,55.0,66.0,NotPlaced
3655,8.3,2,3,1,83.0,4.1,Yes,Yes,81.0,66.0,NotPlaced
1635,8.1,2,3,2,90.0,4.7,Yes,Yes,81.0,83.0,Placed
7669,7.5,0,2,0,70.0,4.1,No,Yes,55.0,67.0,NotPlaced
8510,8.4,1,3,0,75.0,4.6,Yes,Yes,81.0,84.0,NotPlaced
3919,8.4,0,3,2,90.0,4.8,Yes,Yes,80.0,86.0,Placed
3285,6.6,0,1,0,88.0,4.3,No,Yes,55.0,72.0,NotPlaced
9030,7.7,1,1,2,76.0,4.6,No,Yes,76.0,66.0,NotPlaced
8159,7.0,1,1,0,79.0,4.3,No,No,55.0,70.0,NotPlaced
1642,7.5,1,2,0,76.0,4.5,Yes,Yes,69.0,83.0,Placed
3962,6.5,1,1,0,67.0,4.2,No,No,57.0,61.0,NotPlaced
9105,7.5,1,1,1,63.0,3.7,No,Yes,57.0,66.0,NotPlaced
2180,6.5,1,1,1,61.0,3.1,No,No,68.0,74.0,NotPlaced
5724,8.4,2,3,2,90.0,4.8,Yes,Yes,84.0,83.0,Placed
447,7.7,1,3,1,75.0,4.6,Yes,Yes,74.0,63.0,NotPlaced
4504,7.5,1,3,1,89.0,4.8,Yes,Yes,80.0,86.0,NotPlaced
3587,7.5,1,2,1,73.0,4.2,Yes,Yes,76.0,71.0,NotPlaced
874,8.6,2,3,2,90.0,4.8,Yes,Yes,84.0,85.0,Placed
6223,8.4,2,3,2,89.0,4.5,Yes,Yes,82.0,83.0,Placed
4621,8.0,1,1,0,81.0,4.4,Yes,Yes,70.0,71.0,NotPlaced
5723,7.7,1,0,0,75.0,3.6,Yes,Yes,55.0,82.0,Placed
1809,7.7,0,1,2,78.0,4.6,No,Yes,55.0,85.0,Placed
2024,8.3,2,3,0,90.0,4.8,Yes,Yes,68.0,83.0,Placed
7322,8.3,1,3,2,82.0,4.3,Yes,Yes,61.0,66.0,NotPlaced
9712,8.1,2,3,1,82.0,4.2,No,No,74.0,62.0,NotPlaced
620,7.7,1,1,0,73.0,3.9,No,Yes,59.0,67.0,Placed
7561,7.5,1,1,1,69.0,3.9,No,Yes,59.0,66.0,NotPlaced
1830,6.5,1,2,1,85.0,4.0,Yes,Yes,71.0,82.0,Placed
4360,7.6,1,3,1,86.0,4.6,Yes,Yes,79.0,82.0,NotPlaced
616,8.0,2,3,2,90.0,4.8,Yes,Yes,75.0,88.0,Placed
7405,6.5,1,1,2,68.0,4.2,No,No,68.0,64.0,NotPlaced
4220,7.1,1,1,1,69.0,3.3,No,No,65.0,61.0,NotPlaced
3542,6.5,0,1,0,61.0,3.7,No,No,55.0,75.0,NotPlaced
1384,8.4,2,3,0,74.0,3.6,Yes,Yes,64.0,69.0,NotPlaced
3519,7.2,1,1,0,70.0,3.7,No,No,55.0,58.0,NotPlaced
2886,6.6,1,1,0,75.0,4.8,No,No,62.0,65.0,NotPlaced
32,7.4,1,2,1,76.0,4.7,No,Yes,66.0,69.0,NotPlaced
593,7.7,0,3,1,80.0,4.3,No,No,55.0,71.0,NotPlaced
7241,8.3,2,3,2,90.0,4.7,Yes,Yes,63.0,87.0,Placed
2399,6.7,1,1,1,69.0,4.0,No,No,55.0,67.0,NotPlaced
8147,7.7,1,1,2,76.0,4.0,No,Yes,59.0,62.0,Placed
4183,8.2,1,3,2,90.0,4.7,Yes,Yes,83.0,80.0,Placed
5792,6.7,0,1,0,75.0,4.2,No,No,60.0,81.0,NotPlaced
2298,7.5,1,1,1,73.0,4.2,Yes,Yes,64.0,72.0,NotPlaced
6778,7.6,0,1,0,79.0,4.0,No,No,55.0,63.0,NotPlaced
8522,7.4,1,1,3,70.0,4.5,No,Yes,55.0,65.0,NotPlaced
3570,8.3,2,3,2,90.0,4.8,Yes,Yes,81.0,86.0,Placed
506,7.3,0,3,2,77.0,4.6,Yes,Yes,72.0,88.0,Placed
7939,8.3,1,2,0,76.0,4.5,No,Yes,83.0,81.0,Placed
3524,7.8,2,3,2,90.0,4.8,Yes,Yes,84.0,87.0,Placed
9079,7.3,1,1,1,80.0,3.8,No,No,71.0,71.0,NotPlaced
2581,8.0,0,1,1,67.0,4.1,Yes,Yes,62.0,61.0,Placed
4892,8.3,2,3,2,82.0,4.3,No,Yes,74.0,60.0,Placed
5361,8.0,1,3,0,79.0,4.8,Yes,Yes,77.0,74.0,NotPlaced
2343,8.7,2,2,1,72.0,4.6,Yes,Yes,77.0,77.0,NotPlaced
2196,8.3,1,3,2,79.0,4.4,Yes,Yes,78.0,83.0,Placed
3047,7.6,0,1,0,71.0,4.0,No,Yes,58.0,66.0,NotPlaced
6742,8.4,0,3,2,90.0,4.8,Yes,Yes,81.0,86.0,Placed
3761,8.4,2,3,2,90.0,4.8,Yes,Yes,71.0,85.0,Placed
2571,7.1,1,1,0,74.0,4.7,Yes,No,78.0,70.0,NotPlaced
7895,8.9,2,3,2,88.0,4.8,Yes,Yes,73.0,83.0,NotPlaced
6831,7.7,0,1,2,84.0,3.9,No,Yes,60.0,65.0,NotPlaced
8287,8.4,2,3,2,90.0,4.3,Yes,Yes,87.0,85.0,Placed
1774,8.5,1,3,1,72.0,4.5,Yes,Yes,57.0,84.0,NotPlaced
9314,8.5,2,3,2,90.0,4.7,Yes,Yes,77.0,86.0,Placed
8335,6.5,2,3,0,81.0,3.5,No,Yes,55.0,62.0,NotPlaced
8400,8.2,2,3,2,90.0,4.8,Yes,Yes,80.0,88.0,Placed
7721,8.5,1,0,2,77.0,4.6,Yes,Yes,73.0,83.0,Placed
5797,7.0,1,3,2,85.0,4.3,No,Yes,74.0,72.0,Placed
4034,6.5,0,1,1,68.0,4.1,No,No,55.0,65.0,NotPlaced
4330,8.5,2,3,2,90.0,4.2,Yes,No,73.0,83.0,Placed
5477,6.6,1,1,2,76.0,4.0,Yes,Yes,71.0,85.0,NotPlaced
7634,7.6,0,2,0,70.0,3.8,No,Yes,63.0,69.0,NotPlaced
9698,8.0,2,3,3,86.0,4.8,Yes,Yes,77.0,82.0,Placed
9033,7.3,1,1,0,77.0,3.7,No,No,55.0,65.0,NotPlaced
322,8.5,2,3,1,85.0,4.3,Yes,Yes,88.0,80.0,Placed
680,7.6,1,3,0,69.0,4.3,No,Yes,73.0,72.0,Placed
4047,7.6,1,1,1,69.0,3.6,No,No,62.0,63.0,NotPlaced
3522,7.8,1,1,2,65.0,4.1,No,No,55.0,66.0,NotPlaced
7143,8.2,0,2,0,67.0,3.6,No,No,64.0,70.0,NotPlaced
8886,8.0,1,2,1,77.0,4.5,No,No,61.0,70.0,NotPlaced
5030,6.5,0,1,1,87.0,4.8,No,No,55.0,72.0,NotPlaced
3024,8.8,2,3,2,90.0,4.8,Yes,Yes,84.0,88.0,Placed
841,7.7,0,1,1,65.0,4.0,No,No,57.0,66.0,NotPlaced
5682,8.5,1,3,0,88.0,4.8,Yes,Yes,82.0,65.0,Placed
1317,6.5,1,2,0,76.0,4.4,No,No,55.0,59.0,NotPlaced
9267,8.6,2,3,3,90.0,4.8,Yes,Yes,66.0,83.0,Placed
6484,6.5,0,1,1,60.0,4.1,No,No,55.0,66.0,NotPlaced
5411,6.5,0,1,1,64.0,4.1,No,No,63.0,69.0,NotPlaced
8717,7.1,0,1,0,70.0,4.4,No,No,77.0,67.0,NotPlaced
7120,7.5,1,1,0,65.0,3.3,Yes,Yes,55.0,64.0,NotPlaced
3057,6.5,1,1,1,76.0,3.9,Yes,Yes,68.0,62.0,NotPlaced
1468,6.6,1,1,1,71.0,4.2,Yes,Yes,55.0,71.0,NotPlaced
142,7.6,1,1,0,73.0,4.3,No,Yes,55.0,76.0,Placed
6392,8.2,1,3,2,87.0,4.6,Yes,Yes,65.0,85.0,Placed
2553,6.9,2,3,3,80.0,4.8,Yes,No,82.0,86.0,Placed
2414,8.0,2,3,2,90.0,4.8,Yes,Yes,76.0,86.0,Placed
7957,6.7,0,1,1,77.0,3.7,No,No,63.0,67.0,NotPlaced
319,7.6,1,1,1,88.0,4.5,Yes,Yes,83.0,86.0,Placed
9176,7.8,1,3,2,83.0,4.5,Yes,Yes,68.0,86.0,Placed
1141,7.7,2,1,1,79.0,4.6,Yes,Yes,89.0,87.0,Placed
9416,8.6,2,3,1,82.0,4.5,Yes,Yes,77.0,82.0,Placed
5636,6.6,0,2,0,64.0,3.3,No,Yes,57.0,65.0,NotPlaced
3051,8.2,1,1,1,76.0,3.5,No,Yes,85.0,63.0,Placed
4039,8.0,2,2,0,87.0,4.2,Yes,Yes,65.0,83.0,NotPlaced
3968,6.5,1,1,1,84.0,4.6,No,No,85.0,73.0,NotPlaced
8408,8.2,1,3,2,88.0,4.8,Yes,Yes,85.0,80.0,Placed
6375,8.2,1,3,2,90.0,4.8,Yes,Yes,78.0,83.0,Placed
4451,7.6,2,3,1,74.0,4.2,Yes,Yes,81.0,63.0,NotPlaced
6586,8.4,1,3,0,63.0,4.3,Yes,Yes,55.0,68.0,NotPlaced
2477,7.6,1,1,2,67.0,3.8,No,Yes,57.0,70.0,Placed
8636,7.3,0,1,0,75.0,4.7,Yes,Yes,67.0,72.0,Placed
8318,6.7,0,1,0,74.0,4.0,No,No,60.0,63.0,NotPlaced
559,8.6,1,3,2,90.0,4.8,Yes,Yes,90.0,88.0,Placed
7783,7.4,0,1,1,80.0,4.2,No,No,55.0,69.0,NotPlaced
1219,8.7,0,1,3,72.0,4.8,Yes,Yes,85.0,68.0,Placed
6357,7.6,0,1,1,70.0,3.9,No,No,71.0,63.0,Placed
7070,7.8,1,1,1,74.0,3.4,Yes,Yes,65.0,66.0,NotPlaced
3996,7.5,1,1,1,79.0,4.7,Yes,Yes,55.0,71.0,NotPlaced
5857,6.5,0,3,1,70.0,3.3,Yes,Yes,68.0,66.0,Placed
6877,6.5,1,1,0,79.0,4.2,No,Yes,61.0,59.0,NotPlaced
5494,7.8,2,3,2,85.0,4.7,Yes,Yes,87.0,85.0,Placed
103,6.5,1,1,1,62.0,3.8,No,Yes,58.0,65.0,NotPlaced
1013,6.8,1,2,1,81.0,4.0,Yes,Yes,56.0,82.0,NotPlaced
4374,8.3,0,3,2,87.0,4.7,Yes,Yes,77.0,83.0,Placed
4349,8.0,2,3,2,90.0,4.6,Yes,Yes,81.0,88.0,Placed
9637,6.5,1,3,0,83.0,4.3,Yes,Yes,74.0,62.0,NotPlaced
7801,8.6,2,3,2,90.0,4.8,Yes,Yes,72.0,86.0,Placed
7221,6.5,1,1,0,84.0,4.0,No,Yes,62.0,75.0,NotPlaced
5388,8.1,0,3,2,88.0,4.8,Yes,Yes,75.0,81.0,Placed
4589,7.4,1,2,0,85.0,4.6,No,Yes,60.0,68.0,Placed
5601,8.4,1,3,2,72.0,4.6,Yes,No,70.0,70.0,Placed
2144,6.6,1,2,2,73.0,3.3,Yes,Yes,64.0,83.0,Placed
1803,8.7,2,3,2,88.0,4.8,Yes,Yes,79.0,83.0,NotPlaced
5923,7.9,1,2,0,76.0,4.7,Yes,No,78.0,61.0,NotPlaced
6599,7.9,1,1,0,81.0,4.2,No,Yes,72.0,69.0,NotPlaced
2320,7.4,0,1,1,90.0,4.8,Yes,Yes,71.0,69.0,NotPlaced
3517,7.7,0,1,0,81.0,4.3,Yes,Yes,76.0,71.0,NotPlaced
317,7.5,1,2,1,85.0,4.1,No,Yes,71.0,84.0,NotPlaced
9644,6.6,0,2,2,84.0,3.8,No,No,66.0,67.0,NotPlaced
2288,7.5,1,2,1,67.0,3.3,No,Yes,55.0,67.0,NotPlaced
3260,6.5,1,1,0,75.0,3.5,No,No,55.0,67.0,NotPlaced
2235,8.5,1,3,2,86.0,4.6,Yes,Yes,64.0,83.0,Placed
2446,8.7,0,3,2,81.0,4.5,Yes,Yes,80.0,66.0,Placed
7459,8.9,1,2,1,84.0,4.1,Yes,Yes,68.0,62.0,NotPlaced
2069,7.5,1,3,0,83.0,4.8,Yes,Yes,73.0,87.0,Placed
3998,7.6,1,2,0,75.0,3.8,No,Yes,61.0,68.0,NotPlaced
7136,7.4,1,1,1,79.0,4.3,Yes,Yes,61.0,68.0,NotPlaced
9802,6.8,2,3,2,90.0,4.3,Yes,Yes,81.0,79.0,NotPlaced
6012,7.5,0,1,0,80.0,4.1,No,Yes,62.0,73.0,NotPlaced
8079,8.1,2,3,2,87.0,4.6,No,Yes,73.0,85.0,Placed
