aptitudetestscore,ssc_marks,hsc_marks,extracurricularactivities,placementtraining,cgpa,internships,projects,certifications,softskillsrating,placementstatus
1.295,-0.018,-1.295,1,1,8.400,2,3,2,4.800,1
1.050,-0.401,1.507,0,1,7.700,1,1,2,4.200,1
1.295,1.323,0.835,1,1,8.900,2,3,2,4.800,1
1.050,0.844,-0.847,1,1,8.600,1,3,0,4.500,0
-0.052,1.227,0.835,1,1,7.700,1,2,2,4.800,0
-0.296,1.131,1.171,1,1,8.500,2,3,2,4.500,1
1.295,-0.975,-0.959,1,0,8.400,0,3,0,4.300,1
-1.765,-1.359,-1.407,0,0,6.700,1,1,1,3.800,0
1.295,1.993,0.947,1,1,8.300,2,3,3,4.800,1
0.438,0.748,1.171,1,1,8.200,1,3,2,4.400,1
1.172,-1.359,-0.847,0,1,7.600,2,1,1,3.900,0
1.295,1.419,1.395,1,1,8.600,2,3,2,4.700,1
-0.908,-1.359,-1.632,0,0,7.600,1,3,2,4.200,0
0.316,0.748,-0.286,1,1,7.400,1,2,2,4.300,0
0.193,1.227,1.283,1,1,8.200,1,2,1,4.300,1
-1.520,1.131,0.274,1,1,8.300,0,2,0,4.400,0
-0.908,-0.975,-1.632,0,1,6.500,0,2,1,3.900,0
-1.765,0.174,-0.174,1,1,8.200,0,3,0,4.200,0
0.438,0.078,-0.398,0,1,8.500,2,1,0,4.700,0
-1.276,1.036,-0.623,0,1,6.500,1,2,0,4.700,0
0.683,-1.167,-0.735,1,1,7.400,1,2,2,3.500,1
-1.031,0.461,0.947,1,1,8.500,2,3,2,4.600,1
-0.786,-0.975,-0.623,0,1,7.100,1,2,1,4.300,0
0.071,1.514,1.059,1,1,7.900,2,1,1,4.700,1
-2.377,-1.359,-0.623,1,1,6.600,1,2,0,4.700,0
0.683,1.131,0.498,1,1,8.900,2,3,2,4.800,1
0.071,-1.359,-0.735,0,1,7.700,0,2,0,4.300,0
0.193,0.652,-1.183,0,1,7.300,1,2,3,3.800,0
1.295,1.419,0.835,1,0,7.900,2,3,2,4.500,1
-1.153,0.078,-0.959,1,1,7.800,0,3,0,4.600,1
1.295,-0.114,-0.062,0,1,7.600,2,1,0,4.800,0
0.438,0.748,-0.623,0,1,7.600,0,1,2,4.700,1
0.071,-1.263,-1.071,0,0,7.700,2,1,1,4.700,0
1.295,0.844,1.395,1,1,8.500,2,3,2,4.800,1
-0.664,-1.359,-0.735,1,1,6.700,0,1,0,4.200,0
0.193,0.461,1.171,1,1,8.600,0,3,1,4.600,1
-1.765,-1.359,-1.407,0,0,7.400,0,1,0,3.400,0
-0.296,-1.359,0.835,1,1,7.600,1,2,0,4.200,0
-0.908,-0.209,0.386,1,1,7.700,2,1,3,4.600,1
0.071,0.174,1.395,0,1,7.800,1,3,1,4.200,0
-0.664,0.748,-1.295,0,1,7.300,1,2,0,3.600,0
0.438,-1.359,-0.174,1,1,8.000,1,3,2,4.700,1
-1.276,-1.359,-0.735,0,1,7.300,1,2,0,3.700,0
0.438,1.323,1.171,1,1,8.100,2,3,2,4.600,1
0.071,0.174,0.386,1,1,8.700,2,3,0,4.100,1
0.438,0.748,-0.735,1,1,7.800,1,2,0,4.800,1
1.295,0.844,0.835,1,1,8.900,0,3,2,4.000,1
-0.296,-1.167,-0.959,0,0,6.600,1,1,1,4.000,0
-0.174,0.269,1.059,1,1,7.600,0,3,0,4.500,0
-0.052,-1.359,-0.511,0,1,7.800,1,1,0,4.000,0
0.071,0.748,-0.623,1,1,7.500,0,2,0,3.800,0
-0.786,-0.209,-1.520,0,1,7.600,1,2,0,3.700,0
0.438,-1.071,-0.511,0,1,8.000,0,1,0,3.300,0
1.172,1.036,0.947,1,1,7.600,2,3,2,4.700,1
-1.153,-0.975,-0.959,0,0,7.500,1,1,1,4.600,0
0.316,1.610,0.723,0,1,7.800,2,3,2,4.600,1
0.683,1.036,1.507,1,1,8.500,0,3,2,4.800,1
-0.052,-1.359,0.050,0,0,7.200,1,1,1,4.300,0
1.295,0.557,0.947,1,1,8.600,2,3,1,4.800,1
-2.132,-0.018,-0.511,0,1,6.500,1,1,1,3.400,0
0.683,1.610,0.723,0,1,8.400,2,3,2,4.500,1
1.295,1.419,1.283,1,1,8.700,1,3,2,4.800,1
1.050,1.131,0.611,1,0,7.900,2,3,2,4.700,1
-1.643,-0.497,-0.623,0,0,6.600,1,2,1,4.800,0
-0.786,1.610,-0.062,1,1,7.500,2,2,0,4.400,1
0.438,-1.359,-0.511,0,1,7.500,1,1,0,4.400,0
1.295,1.897,1.283,1,1,7.900,2,3,0,4.800,1
-0.419,-0.497,-0.511,1,0,6.500,0,1,3,4.400,0
-1.888,0.078,-0.623,1,1,7.700,1,2,0,4.200,0
0.071,-1.359,-1.183,1,1,7.300,1,2,0,4.500,1
0.193,-1.359,-1.295,0,1,8.500,0,2,0,3.200,0
0.928,1.036,1.283,1,1,8.600,1,3,2,4.100,1
-1.031,-0.497,-0.847,1,0,7.600,1,3,0,4.700,0
-0.664,-0.018,-0.511,1,1,7.700,2,1,0,3.600,0
1.295,0.844,1.507,1,1,8.500,1,3,2,4.800,1
-1.520,0.844,-1.856,0,0,8.400,0,1,1,4.100,1
1.295,1.227,1.507,1,1,8.500,1,3,2,4.800,1
1.295,-0.880,1.395,1,1,7.700,0,2,2,4.800,1
1.295,0.652,1.059,1,1,8.300,2,3,2,4.800,1
0.560,1.610,1.507,1,1,8.500,2,3,2,4.800,1
0.683,0.174,1.171,1,1,8.100,2,3,1,4.800,1
0.683,1.227,1.059,1,1,7.700,2,2,2,4.300,1
1.295,1.227,1.171,1,1,8.300,2,3,2,4.800,1
-0.174,1.323,1.171,1,0,7.700,1,3,2,4.400,0
-0.419,0.940,0.723,1,1,8.100,1,2,2,4.500,1
-0.664,-1.359,-0.959,1,0,7.700,1,2,0,3.800,0
-1.888,-1.359,-1.856,0,0,7.600,0,1,1,4.100,0
1.050,1.706,1.059,0,0,8.700,0,3,2,4.800,0
-1.153,-0.975,-0.959,0,1,6.500,1,2,0,3.800,0
-1.398,-0.401,-1.407,0,0,7.700,2,1,0,4.600,0
0.560,1.514,0.835,1,1,8.500,2,3,2,4.600,1
1.295,1.036,0.386,1,1,7.700,1,3,0,4.300,1
1.295,1.897,1.059,1,1,8.600,2,3,2,4.800,1
1.295,1.419,0.947,1,1,8.300,2,3,2,4.700,1
-1.031,-1.167,-0.959,0,0,7.400,0,1,0,4.400,0
1.295,1.227,1.283,1,1,8.000,2,3,2,4.700,1
-1.398,-0.497,-0.398,1,1,7.600,1,1,1,4.300,0
0.071,-1.359,-1.295,0,1,6.700,0,1,0,3.100,0
-0.052,1.323,1.395,1,1,6.500,2,2,2,4.500,1
1.295,0.748,0.386,1,1,8.500,2,3,2,4.100,1
1.295,0.748,1.171,1,1,8.800,2,3,2,4.800,1
-0.419,-0.975,-1.183,0,1,7.700,1,2,1,3.800,0
-1.643,0.844,-1.407,0,0,6.500,1,1,0,4.200,0
1.295,0.365,0.835,1,1,7.900,1,1,0,4.500,1
0.683,-1.167,0.835,1,0,8.100,2,3,3,4.800,0
-2.377,-1.359,-0.511,0,0,7.400,0,1,0,3.000,0
0.683,1.706,0.947,1,1,8.300,1,0,0,4.300,1
1.295,0.748,0.723,1,1,8.100,2,3,2,4.600,1
1.295,1.036,0.835,0,0,6.700,1,1,0,4.300,1
-0.174,-1.263,1.171,0,0,6.500,1,2,0,3.800,0
-1.765,-0.975,-0.623,0,0,6.500,0,1,0,4.500,0
1.295,0.174,0.723,1,1,8.600,2,3,2,4.800,1
-0.174,1.036,-0.398,1,1,7.600,0,2,2,4.400,0
1.050,0.365,1.059,1,1,8.400,1,3,2,4.800,0
-1.520,1.610,-1.407,0,0,7.500,1,1,0,4.600,0
0.193,-1.167,-1.071,1,1,7.600,1,2,2,4.700,1
0.560,1.131,1.171,1,1,8.600,2,3,2,4.500,1
1.295,0.269,1.059,1,1,8.200,2,3,2,4.700,1
0.438,0.269,0.835,0,1,7.500,1,3,2,4.800,0
-0.419,-0.114,0.050,0,1,8.000,1,2,1,4.500,0
0.928,-1.359,-0.959,1,1,8.300,0,3,1,3.800,1
0.071,1.036,0.050,0,1,8.300,1,1,0,3.600,0
0.316,0.844,-0.847,0,0,7.100,1,2,2,4.300,0
-0.052,0.940,1.283,1,1,8.200,2,3,1,4.800,1
-1.031,-0.305,0.611,1,1,6.500,2,3,2,3.800,1
0.928,-0.018,1.283,1,0,8.200,1,1,2,4.300,0
-0.908,-1.263,-0.735,0,0,6.500,0,1,0,4.100,0
0.928,0.748,-0.398,1,1,8.500,2,3,2,4.400,1
-0.052,1.514,-0.735,1,1,8.100,1,2,0,4.100,1
-1.276,-1.359,-0.847,0,0,6.700,1,1,1,4.000,0
1.050,0.557,1.507,1,1,8.100,1,3,2,4.200,0
0.438,0.269,1.283,1,1,8.200,0,3,2,4.700,0
-0.541,1.323,-0.847,1,1,7.400,1,3,1,4.500,1
-1.031,1.610,-0.174,1,1,7.400,2,3,0,4.800,0
-0.052,-0.305,-0.847,1,0,8.000,1,1,1,4.600,0
0.928,1.706,1.395,1,0,8.400,2,3,2,4.800,1
1.295,1.131,1.395,1,1,8.000,2,3,2,4.800,1
1.295,0.748,1.059,1,1,8.400,2,3,2,4.700,1
0.071,-0.497,-0.511,0,0,7.500,1,1,2,4.500,0
-1.398,-1.263,-0.959,0,0,6.600,1,2,1,4.700,0
1.295,0.078,0.611,1,1,7.600,1,3,1,4.500,0
-0.786,-0.305,-0.959,0,1,7.300,1,1,0,4.000,0
-0.419,-0.975,-0.735,0,1,6.500,0,1,0,4.700,0
-0.419,1.227,-1.183,1,0,6.500,0,1,1,4.700,0
-0.664,-1.359,-1.407,0,0,7.800,1,1,0,4.500,0
0.928,1.131,1.283,1,1,7.500,1,3,1,4.600,1
-1.765,-0.592,-0.398,0,0,7.200,1,1,0,3.700,0
1.295,0.940,0.274,1,0,7.800,1,3,2,4.800,0
0.560,1.131,-0.735,1,0,6.500,2,3,2,4.500,0
-1.520,-0.305,-1.744,0,0,7.500,1,1,0,3.800,0
0.805,1.419,1.171,1,0,8.000,1,3,2,4.800,1
-1.765,-0.592,-0.623,0,1,7.500,1,2,0,4.700,0
-0.908,1.993,0.611,1,0,7.500,1,3,1,4.200,0
0.316,0.940,-0.735,1,1,7.400,1,1,0,4.500,0
1.295,0.078,0.386,1,1,8.400,2,3,3,4.600,1
0.683,1.610,0.947,0,1,6.800,1,1,0,4.300,1
1.050,0.078,0.611,1,1,7.900,0,3,2,4.600,0
0.193,1.802,0.835,0,1,8.100,0,2,0,4.800,0
1.295,0.461,1.171,1,1,8.400,2,3,2,4.600,1
-1.276,0.748,0.835,1,0,7.500,1,1,2,4.300,0
-1.276,-1.167,-1.407,0,0,7.600,1,1,0,4.500,0
1.295,0.557,1.395,1,1,8.400,1,3,2,4.800,1
1.295,0.461,1.507,1,1,8.400,2,3,2,4.800,1
-0.174,-0.305,0.050,0,0,7.800,1,1,0,4.000,0
0.316,-1.359,-0.286,0,0,7.900,1,1,0,3.700,0
0.805,0.174,1.059,1,1,8.500,2,1,2,4.400,1
1.172,1.610,0.947,1,0,8.000,2,3,2,4.800,1
1.295,-0.114,1.283,1,1,8.200,2,3,2,4.800,1
-0.052,-0.880,-0.735,0,1,7.400,2,1,0,4.800,0
-1.765,0.844,0.947,1,1,8.200,2,3,0,4.300,1
-0.052,-1.359,-0.511,1,0,7.400,1,1,1,4.000,1
-0.174,0.652,-0.847,1,1,7.500,0,1,2,4.500,0
-0.174,-0.784,-0.174,1,1,6.700,1,1,0,4.200,1
-1.153,-0.592,-1.295,0,1,6.500,1,2,0,3.900,0
-0.419,-0.688,-0.735,0,1,6.500,1,2,0,3.800,0
0.193,-0.401,-1.071,1,1,7.500,2,3,0,3.900,0
0.560,0.365,0.835,1,1,6.900,2,1,2,4.700,0
-1.520,-0.688,-1.071,0,0,7.600,1,1,1,4.400,0
0.683,1.610,0.162,1,1,7.900,2,3,2,4.400,1
1.050,0.652,1.507,1,1,6.500,0,1,0,4.300,1
1.295,0.174,1.507,1,1,8.000,0,3,2,4.700,1
0.316,-1.359,-0.062,1,0,8.500,1,2,2,4.000,1
-1.153,0.940,0.723,1,1,8.400,1,3,0,4.800,1
-1.153,-1.359,-1.407,0,0,6.500,1,1,1,3.900,0
1.295,0.365,1.507,1,1,8.500,2,3,2,4.800,1
-2.010,-1.359,-0.174,1,1,7.000,1,1,1,3.700,0
-0.664,-0.305,-1.407,0,1,6.900,0,1,1,4.800,0
-0.419,1.131,1.171,0,1,6.500,1,2,2,4.800,0
-0.908,-0.592,-0.623,1,0,7.500,1,2,0,4.200,0
1.295,1.227,1.395,1,1,8.500,2,3,2,4.800,1
1.295,0.652,0.386,1,0,8.700,2,3,0,4.800,1
0.438,0.461,0.498,1,1,7.600,1,1,1,4.500,0
-0.908,0.748,-0.623,0,1,7.500,1,2,0,4.400,1
-0.786,0.844,-0.847,1,1,8.100,0,2,0,4.700,0
-1.765,1.802,0.498,1,0,7.700,2,1,0,3.800,0
0.805,-0.975,-0.623,0,1,7.800,1,1,0,4.600,0
-1.031,-0.209,-1.856,0,0,7.600,0,2,0,4.300,0
-1.153,0.174,-0.286,1,0,8.100,1,3,0,4.800,0
-0.541,-1.359,-0.623,0,1,8.100,0,2,1,4.100,1
-0.786,-0.209,-0.511,0,0,6.500,0,1,0,3.600,0
-1.398,-0.401,-1.071,1,0,7.700,1,1,1,4.600,0
-0.664,1.323,-0.623,1,1,6.800,0,3,1,4.500,1
-0.174,1.036,0.835,1,0,8.600,2,2,1,4.800,0
1.295,1.131,1.507,1,1,8.400,1,3,2,4.800,0
0.928,1.036,0.050,0,1,7.900,1,1,2,4.200,0
0.071,0.940,1.171,1,1,8.300,0,3,2,4.700,0
-1.888,-0.592,0.162,0,1,7.600,1,2,1,3.700,1
0.683,0.365,1.395,1,1,8.300,2,3,0,4.700,0
-0.908,0.461,-0.174,0,0,7.600,1,2,1,4.400,0
1.295,0.078,1.507,1,1,8.600,1,3,2,4.800,1
-1.153,-1.359,-0.735,0,1,7.700,0,1,1,3.600,0
-0.174,0.652,0.835,1,1,7.400,2,3,2,4.300,0
0.316,0.652,-0.511,0,0,7.500,1,1,0,4.100,0
-0.664,1.227,-1.407,0,1,7.500,2,2,1,4.400,0
-2.255,-1.359,-0.398,0,1,7.500,1,1,1,4.400,0
0.193,-0.784,0.947,1,1,7.600,0,1,0,3.900,1
0.316,0.269,-0.735,1,0,6.500,1,2,1,3.400,0
-0.174,-1.167,-0.847,1,1,6.700,2,2,2,4.500,0
-0.541,-1.359,-0.623,1,1,7.300,1,1,2,3.800,0
0.560,-0.114,-1.295,1,1,8.200,1,2,2,4.500,1
0.071,-0.880,0.050,1,1,8.700,1,1,2,3.800,0
1.295,1.706,1.171,1,1,8.400,2,3,2,4.300,1
1.172,0.940,0.611,1,0,8.200,1,2,2,4.300,1
0.560,-0.018,0.947,1,1,6.500,2,3,2,4.600,0
0.071,-0.114,1.395,1,1,8.200,1,2,2,4.400,1
-1.031,-1.359,-0.623,1,0,7.900,2,2,0,4.400,0
-1.031,-1.359,-0.174,1,1,8.200,0,2,2,4.400,1
0.071,-0.497,-0.511,0,1,6.800,1,1,1,3.500,0
-0.786,-0.497,0.947,1,1,7.500,0,2,2,4.800,1
0.071,-1.263,0.835,0,0,7.500,1,1,0,4.700,1
-1.398,0.652,1.171,1,1,8.100,2,3,2,4.500,0
1.295,1.227,-0.735,0,1,7.400,0,3,1,3.800,0
1.050,-0.880,1.059,1,0,6.700,0,3,1,4.100,0
-1.031,-1.167,-0.398,0,1,7.100,1,1,2,4.200,0
0.316,0.365,1.283,1,1,6.900,0,2,1,4.200,1
0.193,1.514,1.507,1,1,8.400,1,3,0,4.800,1
1.295,0.652,1.507,1,1,8.100,2,3,2,4.700,1
1.295,1.227,0.835,1,0,8.400,2,3,2,4.800,1
-0.541,0.174,0.947,0,1,7.700,2,2,2,4.200,0
1.295,1.993,1.059,1,1,8.200,2,3,2,4.800,1
-0.786,-1.359,-0.286,0,0,7.400,0,1,0,4.400,0
0.071,-0.688,1.171,1,1,8.400,0,1,2,4.000,1
-0.541,-0.784,-0.623,0,0,7.600,1,2,0,4.800,0
1.295,0.269,1.059,1,1,8.900,2,3,2,4.800,1
1.295,-0.497,-0.398,0,1,6.500,0,1,1,3.700,0
-1.031,-1.359,-1.744,1,0,8.300,1,1,1,3.900,0
0.438,-1.359,-1.407,1,1,7.600,1,2,1,4.800,0
-1.031,-1.359,-0.286,0,1,6.500,0,2,1,3.800,0
-0.908,0.748,1.283,1,1,7.500,2,2,0,4.200,1
-0.052,0.174,0.498,1,0,8.600,2,3,0,4.700,0
-0.174,-0.497,-0.959,0,0,7.500,1,1,0,3.800,0
0.683,0.269,1.059,1,1,8.800,2,1,2,4.800,1
-1.153,-0.880,-1.856,0,0,7.000,1,1,1,4.000,0
1.295,0.844,1.171,1,1,8.800,0,3,0,4.400,0
0.071,0.940,1.059,1,1,7.700,1,2,0,3.500,0
0.438,1.227,0.723,0,1,8.100,1,2,1,4.600,0
-0.174,0.652,1.059,1,1,8.500,1,3,2,4.800,1
0.193,1.036,-0.959,1,1,8.700,0,3,2,4.500,1
-0.174,-1.359,-0.735,0,1,6.500,0,2,0,4.500,1
0.193,0.461,0.611,0,1,7.900,1,3,2,4.800,1
1.172,0.557,-0.623,1,1,8.200,2,2,0,4.600,0
0.560,-1.167,-0.959,1,1,6.500,1,2,0,4.600,0
-0.786,0.078,1.171,1,1,8.300,1,0,0,4.600,1
1.295,-1.263,-0.398,1,1,8.300,1,3,2,4.500,1
0.560,0.940,0.835,0,1,7.400,2,2,0,4.300,0
0.928,0.461,-0.735,1,1,8.000,1,1,2,4.100,1
1.295,1.131,1.283,1,1,7.700,1,3,2,4.500,1
0.805,1.036,-0.735,1,0,8.000,2,3,2,4.800,0
-0.174,-1.359,0.611,0,0,7.400,1,1,0,3.900,0
-0.174,-1.359,-1.407,0,1,7.500,1,2,1,4.800,0
-0.786,0.269,-0.847,0,0,6.500,0,1,0,3.700,0
1.172,0.844,1.507,1,1,8.300,2,3,2,3.900,0
-1.398,-0.018,-0.959,1,0,6.500,1,1,0,4.000,0
1.050,-1.359,-1.183,1,1,7.700,1,2,0,4.100,0
0.928,0.269,-1.295,0,0,8.700,0,1,1,4.100,0
0.683,1.802,1.507,1,1,8.500,1,2,2,4.800,1
0.071,-0.784,0.723,1,0,7.800,1,3,1,4.800,0
-0.908,-1.359,-0.174,0,1,7.200,1,1,0,4.100,0
-0.052,0.844,0.835,1,1,8.400,1,3,1,4.400,1
-2.255,0.269,-1.520,1,1,7.700,1,2,2,3.800,0
1.295,0.174,1.395,1,1,8.200,1,1,2,4.800,1
-0.052,0.652,-1.295,0,1,6.800,1,2,0,3.400,0
1.050,0.078,1.059,1,1,7.500,1,3,2,4.500,1
0.928,1.323,0.723,1,1,8.000,0,3,2,4.500,1
-0.419,-0.305,1.171,0,1,8.500,2,3,3,4.700,1
1.172,1.514,1.171,1,1,7.500,1,3,3,4.400,1
-0.052,-0.305,-0.286,1,1,7.700,1,2,0,4.100,0
-1.031,-0.688,-0.735,0,0,8.200,0,1,0,4.800,0
-1.643,0.365,-0.735,0,0,7.400,0,2,1,3.700,0
0.805,0.365,-0.174,1,1,8.200,1,2,2,4.200,0
-1.398,-0.018,-1.407,0,0,6.600,1,1,1,4.000,0
-0.052,0.844,0.611,1,1,8.700,2,3,2,4.400,1
0.071,-1.359,-0.959,1,1,6.800,1,1,1,4.300,1
1.295,0.174,-0.847,1,1,7.500,2,1,1,4.100,0
0.193,-0.018,0.835,1,1,7.500,1,2,0,4.400,0
1.295,0.844,1.395,1,1,8.300,2,3,2,4.800,1
0.316,-0.114,-0.959,1,0,7.600,1,2,1,4.300,0
-2.377,-0.688,-0.623,0,1,6.700,1,1,1,3.300,1
0.928,0.844,1.171,0,1,8.100,1,3,0,4.100,1
0.071,1.036,-0.062,1,1,8.700,2,3,0,4.700,1
-1.153,-1.359,-0.847,0,1,7.500,0,2,0,4.100,0
-0.664,-1.263,-0.174,0,1,6.600,2,1,0,4.300,0
1.172,1.036,1.507,1,1,8.200,1,3,0,4.800,0
0.316,1.610,-0.623,0,1,7.400,1,1,1,4.300,0
-0.296,1.323,0.835,1,1,8.800,0,3,2,4.500,1
0.316,0.844,1.395,1,1,8.200,0,2,1,4.500,1
1.295,0.940,0.947,1,1,7.800,1,3,2,4.800,1
0.438,1.227,-0.398,1,1,7.400,0,2,2,4.500,0
0.560,0.557,0.835,1,1,7.100,1,2,1,4.300,0
-2.132,1.131,-0.623,0,1,7.500,0,2,0,4.300,0
0.560,-0.018,1.283,1,1,7.600,0,2,0,4.500,1
1.295,-0.401,1.395,1,1,8.200,0,3,3,4.700,1
-1.520,-0.880,-0.623,0,0,7.600,0,1,0,3.800,0
0.683,1.897,0.498,1,1,8.500,2,3,1,4.100,1
-0.541,-1.359,-0.847,0,0,6.500,1,1,0,3.500,0
0.928,1.036,0.835,1,1,7.700,2,3,2,4.800,1
0.928,0.557,0.050,0,1,7.900,0,1,0,4.500,1
-0.908,0.940,-0.623,0,1,8.200,1,1,2,4.100,0
1.172,0.365,0.947,1,1,8.100,2,3,2,4.600,0
-1.520,-0.975,-1.295,0,0,7.200,1,1,1,3.800,0
0.683,-1.071,-0.286,1,1,6.600,2,2,0,3.700,1
-0.786,0.269,0.835,1,1,6.800,2,3,0,4.400,1
-0.174,-1.359,0.162,0,1,7.500,1,1,0,3.800,0
-0.541,-0.497,-1.520,1,1,7.700,1,3,0,4.500,0
0.193,0.174,0.835,1,1,8.600,1,3,2,4.800,1
0.438,0.174,1.171,1,1,7.600,2,2,2,4.800,1
1.295,0.269,-0.398,1,1,7.600,1,3,2,4.800,1
1.295,-0.114,1.171,1,1,8.900,1,3,2,4.800,1
-0.052,0.365,-0.398,1,1,6.900,1,3,1,4.200,0
1.295,1.323,1.171,1,1,8.700,2,3,2,4.800,1
1.295,0.748,0.947,1,1,8.400,2,2,3,4.600,1
0.316,-0.880,-1.071,0,0,6.800,1,1,0,3.800,0
-0.174,0.844,-0.959,0,1,7.800,1,1,1,4.500,0
0.560,0.461,0.835,1,1,8.200,1,0,0,4.800,1
0.071,0.269,0.611,1,0,8.000,1,2,2,4.700,0
0.193,-1.359,-1.295,1,0,7.900,2,1,1,4.800,1
-0.296,-0.209,1.059,0,1,8.300,1,2,1,4.200,0
0.316,0.940,0.835,1,1,8.300,2,3,2,4.700,1
0.683,1.897,1.507,1,1,8.400,1,3,2,4.200,1
0.805,1.706,0.723,1,1,8.000,1,3,2,4.600,1
0.683,-1.167,-0.847,0,0,7.400,1,1,0,3.700,0
1.295,1.419,1.283,1,1,8.100,0,3,2,4.800,1
1.172,0.748,-0.511,1,1,8.500,1,3,2,4.300,1
1.172,-1.359,0.835,0,1,6.700,1,2,0,4.700,0
-1.276,-0.114,-1.295,1,1,8.200,1,2,0,3.900,0
-0.296,-0.401,-0.623,0,0,7.700,0,2,0,4.100,0
-0.419,-0.880,-0.735,0,1,6.500,1,1,1,3.800,0
-0.786,-1.359,0.835,1,0,8.600,2,1,2,4.600,0
1.295,0.940,0.723,1,1,8.300,1,1,2,4.500,1
-0.664,-1.359,-0.735,1,1,6.700,1,2,0,4.600,1
-0.174,-0.497,-0.062,1,1,7.500,1,2,1,4.400,0
-0.664,-1.359,-0.511,0,1,7.400,1,1,0,3.800,0
-1.153,-0.975,-1.856,0,0,7.500,1,1,1,3.300,0
0.560,1.514,-0.174,0,0,6.500,1,1,1,4.600,0
-0.052,-0.497,0.611,0,1,8.100,1,3,2,4.600,1
0.071,-1.359,-0.959,0,1,7.500,1,2,1,3.700,0
1.295,0.078,1.059,1,1,8.200,0,3,2,4.800,1
-0.541,1.036,0.723,1,1,7.900,1,3,1,4.600,0
0.071,1.323,0.611,1,1,7.400,1,2,0,4.200,1
0.683,0.748,0.050,0,1,6.800,1,1,0,4.300,0
-1.276,0.461,0.723,1,1,8.600,2,1,2,3.800,1
-1.031,-1.359,-0.174,0,1,6.500,0,2,0,3.400,0
0.560,-0.209,-0.511,0,0,6.800,0,2,2,4.500,0
-1.888,-0.497,-1.295,1,1,6.500,0,1,0,4.300,0
0.193,0.269,0.835,0,0,6.500,1,3,2,4.500,1
1.295,1.131,0.835,1,0,7.800,2,2,2,4.800,1
1.295,1.323,1.395,1,1,8.200,2,3,2,4.800,1
1.050,-1.359,-1.520,0,0,8.100,0,1,0,4.300,0
0.071,0.940,-1.407,0,1,7.400,2,3,0,4.000,0
-1.153,-0.114,-1.632,0,0,8.700,1,1,1,4.100,0
-0.174,1.323,-0.286,0,1,7.300,0,2,1,4.800,0
0.316,-0.975,1.395,0,1,6.600,1,3,1,4.600,0
-0.419,-0.114,0.611,1,1,8.600,2,3,2,4.800,0
0.438,-0.018,-0.398,0,0,6.500,1,2,0,4.500,0
1.050,0.365,0.723,1,1,7.900,0,1,0,4.300,0
-0.174,-0.784,1.395,0,0,7.700,2,1,0,4.000,0
0.438,1.227,1.283,1,1,8.300,2,1,1,4.500,0
-1.276,-1.359,-0.511,0,1,8.100,1,1,0,4.000,0
-0.419,0.365,-1.856,0,1,7.800,1,2,2,4.000,0
0.560,0.174,1.507,1,1,8.100,2,3,0,4.800,1
-1.520,-0.975,-0.847,0,0,7.500,1,2,0,4.100,0
1.295,1.610,1.283,1,1,8.200,2,3,2,4.800,1
-0.174,-1.359,-0.735,1,1,7.000,1,2,1,4.800,0
-0.174,0.365,0.498,0,1,8.400,1,1,2,4.100,0
0.805,0.078,1.283,1,1,8.500,1,3,0,4.800,1
0.071,-1.359,-0.398,1,0,7.400,2,1,1,4.100,0
0.560,-1.359,1.283,0,0,7.600,1,1,0,4.100,0
1.295,0.269,0.947,1,1,8.500,2,3,2,4.800,1
0.928,0.461,0.386,1,1,8.500,2,3,2,4.800,1
0.316,0.652,0.947,1,1,7.800,1,3,1,4.800,1
-0.052,0.365,1.507,1,1,8.500,1,3,0,4.500,0
-2.132,-1.359,0.611,0,1,7.600,1,1,0,4.200,0
0.193,1.036,0.498,1,0,8.200,2,3,2,4.800,1
-0.908,-0.209,1.171,1,1,7.700,1,3,1,4.500,1
1.295,0.844,0.947,1,1,7.800,2,3,0,4.800,1
-0.541,0.461,0.835,1,1,6.800,2,1,2,4.600,0
0.683,-0.592,-0.623,1,1,8.400,0,3,3,4.800,1
1.295,0.844,0.947,1,1,8.100,2,3,2,4.800,1
-1.276,0.652,-1.295,1,1,7.900,0,1,1,3.600,0
1.295,1.514,1.507,1,1,8.500,2,3,2,4.500,1
-0.908,-1.359,-1.520,0,0,7.500,1,1,0,3.400,0
-0.052,0.269,0.947,1,1,8.100,0,3,2,4.300,1
0.438,0.748,0.835,0,1,8.100,1,2,2,4.500,0
0.193,1.131,0.835,1,1,7.700,1,2,1,4.800,1
1.295,0.557,0.723,1,1,8.200,1,3,2,4.800,1
-0.174,-0.497,-0.847,0,0,6.500,0,1,0,3.900,0
1.295,0.652,1.283,1,1,8.100,1,3,2,4.600,0
1.172,0.174,0.611,1,1,8.100,1,3,2,4.700,0
-1.153,-1.359,-0.959,0,1,6.600,1,1,1,4.600,1
-1.398,-1.359,-0.174,0,1,6.500,1,1,1,3.900,0
-0.174,0.748,-0.623,0,1,6.500,1,1,1,4.300,0
-2.377,-1.359,-0.286,0,1,7.500,1,1,0,3.300,0
-0.052,-1.359,-0.511,1,1,8.200,1,2,1,3.800,0
0.928,1.227,1.507,1,1,8.600,1,3,2,4.800,1
1.295,0.461,1.283,1,1,8.800,2,3,2,4.700,1
0.560,0.748,0.947,1,1,8.100,1,2,1,4.300,0
-0.419,-0.880,-1.968,0,1,7.400,1,1,1,4.600,0
1.295,1.419,0.947,1,1,8.800,2,3,2,4.800,1
1.295,1.131,0.835,1,1,8.600,0,3,2,4.800,1
-0.908,-1.359,-1.071,0,1,7.100,1,1,1,4.300,0
1.295,0.748,1.059,1,1,8.100,2,3,2,4.700,1
0.805,1.514,0.611,1,1,7.600,0,3,0,3.700,1
0.071,-1.359,-0.735,0,1,6.500,1,1,0,4.400,0
1.050,0.748,1.395,1,1,7.800,1,3,0,4.800,1
0.928,-1.263,-1.071,0,0,6.600,1,1,0,4.800,0
1.295,1.227,0.611,1,1,8.300,1,2,0,4.500,1
1.295,0.844,-0.398,1,1,8.200,1,2,1,4.800,1
1.295,1.036,1.059,1,1,7.900,1,3,2,4.400,1
1.295,1.131,0.835,1,1,7.700,1,3,1,4.600,1
-0.541,-1.263,-1.071,1,1,7.700,0,1,1,3.600,0
-0.296,-1.263,-1.407,0,0,8.400,1,2,0,4.100,0
1.295,1.036,1.171,1,1,8.500,0,3,2,4.300,1
-1.888,0.748,-0.511,0,1,7.700,2,1,1,3.700,0
0.071,-1.071,-0.174,0,1,8.700,1,1,2,3.600,1
1.295,0.940,1.283,1,1,8.400,2,3,2,4.800,1
-1.031,-0.688,0.498,1,1,7.600,1,1,1,4.100,0
-1.643,-1.167,-0.847,1,1,6.600,1,1,1,3.900,0
-0.174,0.365,-1.407,1,1,6.900,1,1,0,3.900,0
1.050,-0.784,1.283,1,1,8.200,2,1,3,4.200,1
-1.153,0.652,-0.623,1,1,8.100,1,1,0,4.300,0
1.172,0.174,0.835,1,1,7.600,1,2,0,4.500,0
-0.786,-1.359,-0.959,1,1,8.200,0,1,0,4.800,1
-1.031,-1.359,-0.174,0,1,7.600,0,1,0,3.700,0
-2.255,-0.114,-0.286,1,1,7.300,1,2,1,4.700,0
1.172,1.131,-0.511,0,1,7.900,1,1,1,4.000,0
0.683,1.993,-0.959,0,1,6.500,1,2,0,4.100,0
1.172,1.131,-0.847,1,0,8.100,2,3,0,4.100,0
-0.419,0.844,0.611,1,1,8.300,1,2,1,4.200,0
1.050,0.748,1.395,0,1,8.100,1,3,1,4.400,1
-1.031,0.940,1.283,1,1,8.600,2,3,0,4.200,1
1.295,1.036,1.059,1,1,8.700,2,3,2,4.800,1
-0.052,1.036,0.947,1,1,8.400,1,3,1,4.000,0
-1.520,-1.359,-0.847,1,1,8.600,1,2,1,4.000,0
1.295,1.323,1.283,1,1,8.400,2,3,2,4.500,1
0.316,0.748,1.059,1,1,8.800,1,3,2,4.800,0
-0.541,-1.359,-0.959,1,1,7.600,0,1,0,4.300,0
1.295,0.557,1.283,1,1,7.600,2,3,2,4.800,1
0.805,0.940,0.835,1,1,7.600,1,3,1,4.600,0
-1.031,-0.497,-0.398,0,0,7.600,1,1,1,4.200,0
-0.174,-0.018,1.059,1,1,8.600,1,1,1,4.300,0
-1.765,-1.359,-0.511,0,0,7.800,1,1,1,3.900,0
-0.296,-0.975,-1.295,0,1,7.400,1,2,0,3.800,0
1.295,0.652,0.611,1,1,8.200,1,2,1,4.700,1
-1.888,0.174,-0.511,1,1,7.700,0,2,1,4.400,0
-1.153,-1.359,-1.407,0,1,6.500,0,1,1,4.400,0
0.683,0.940,1.059,1,1,8.000,1,3,3,4.700,0
1.295,0.557,1.283,1,1,8.500,1,3,2,4.700,1
0.805,0.940,1.171,1,1,8.200,2,3,2,4.400,1
-2.010,-1.263,-1.183,0,0,6.500,1,1,0,3.500,0
-1.765,-1.359,-1.407,0,0,7.000,1,1,1,3.000,0
0.683,-0.497,-1.407,1,0,6.600,0,3,0,4.000,1
-0.541,1.227,-0.511,0,1,6.500,0,2,0,4.300,0
-1.031,0.365,0.162,1,1,8.700,0,3,1,4.500,1
1.050,1.036,1.283,1,1,8.200,2,2,2,4.200,0
-0.052,1.419,-1.071,1,1,7.700,1,1,1,4.000,0
1.295,0.461,0.611,1,1,7.900,2,3,2,4.800,1
-0.419,1.036,-1.295,1,1,7.800,1,2,0,4.400,0
1.295,0.557,1.171,1,0,8.500,2,3,2,4.800,1
0.193,-0.688,-1.295,0,1,6.500,1,2,0,3.500,1
-0.296,-0.592,-1.071,0,1,7.500,1,1,1,3.800,0
0.316,-1.359,-0.623,0,1,6.500,1,2,1,4.400,0
-0.541,-0.114,0.835,1,1,8.600,1,1,2,4.500,0
0.316,-1.359,-1.407,0,1,6.700,0,2,0,4.300,0
-0.174,-0.880,-0.959,0,0,6.700,0,1,1,4.300,0
0.928,-1.359,-0.062,0,0,6.500,1,1,0,4.300,0
1.172,1.036,1.395,1,1,8.000,2,3,2,4.600,1
-0.052,1.323,-0.062,1,1,6.500,0,1,0,4.200,1
1.295,0.844,1.507,1,1,7.600,2,3,0,4.800,1
-0.664,-0.497,0.162,0,1,6.600,1,1,0,3.800,1
1.295,1.227,0.723,1,1,8.000,2,3,2,4.800,1
-0.664,-1.359,-1.183,1,1,7.700,1,3,2,4.500,0
-0.052,0.174,1.059,1,1,6.600,0,2,1,4.200,0
-1.398,-1.167,0.947,1,1,7.700,0,2,1,4.000,1
1.295,0.174,0.498,1,1,8.600,1,3,2,4.800,1
1.172,0.844,0.723,1,1,7.900,1,1,0,4.500,1
0.316,-1.359,-1.071,1,0,7.300,1,2,0,4.400,0
1.295,1.514,1.171,1,1,7.800,2,3,2,4.800,1
-1.031,-0.975,0.947,1,1,8.500,1,1,1,4.000,0
1.295,1.419,1.283,1,1,8.700,2,3,2,4.300,1
1.295,0.940,0.611,1,1,8.200,0,3,2,4.800,1
0.316,-1.359,-1.071,0,1,6.700,1,1,1,4.300,0
-0.419,-1.071,-0.959,1,1,6.900,1,1,1,4.800,0
1.295,1.514,0.947,1,1,8.000,2,3,2,4.800,1
-0.174,1.323,-0.174,0,0,7.500,1,3,1,4.000,0
-0.052,-0.114,0.835,1,1,8.600,1,3,2,4.500,1
1.172,1.036,0.947,1,1,7.700,1,3,0,4.600,1
0.316,1.131,-1.632,0,0,7.300,1,1,0,3.900,0
-0.419,-0.018,-1.183,1,0,7.700,1,3,0,4.500,1
1.172,0.652,1.507,1,1,8.100,1,3,1,4.400,1
1.050,0.940,-0.511,1,1,7.700,1,3,2,4.500,0
0.805,-0.880,1.171,1,1,8.500,2,3,0,4.200,1
1.295,0.557,1.395,1,1,8.200,1,3,0,3.900,0
0.683,0.461,-0.286,0,1,7.000,1,3,2,4.300,1
-1.520,-1.359,-0.398,0,1,6.600,1,3,1,3.900,0
0.316,-0.018,1.059,0,1,6.500,1,2,1,4.100,0
0.928,1.610,0.947,1,1,7.500,2,3,2,4.700,1
1.295,1.323,0.835,1,1,7.900,1,3,2,4.700,1
1.295,0.078,-0.286,0,1,8.500,1,2,3,4.800,0
1.295,0.174,0.947,1,1,8.300,2,2,2,4.800,1
0.560,0.365,1.059,1,0,8.300,2,3,2,4.500,1
-0.296,-1.359,0.835,0,1,8.500,1,1,2,4.600,1
-1.031,0.365,1.395,1,1,8.200,1,2,2,4.400,1
-1.520,-1.167,-1.632,0,0,7.500,1,1,0,4.200,0
0.193,-0.688,-1.071,1,1,7.200,1,3,2,4.800,0
-1.398,-1.167,-1.856,0,0,7.500,0,1,0,4.100,0
-1.643,-0.592,-0.174,0,0,7.400,0,1,0,4.200,0
0.560,-1.359,-0.623,0,1,7.300,1,1,0,3.900,0
-2.377,-1.359,-1.856,0,1,6.700,0,1,0,3.900,0
0.316,-0.880,-1.071,0,0,7.400,1,1,1,4.100,0
-1.031,-0.018,-0.735,1,1,7.800,2,1,1,4.300,1
0.560,1.323,-1.856,1,1,8.400,2,1,0,4.400,0
0.683,0.461,-0.623,0,0,6.600,2,3,1,4.100,0
-1.153,-1.359,-0.735,0,1,8.600,1,2,1,4.100,0
0.928,-0.401,0.835,1,1,8.700,1,3,0,4.800,0
-0.296,-0.688,-0.398,0,0,6.500,1,2,1,4.200,0
-1.153,-1.359,-1.407,0,1,7.500,2,2,0,4.400,0
-1.276,-1.359,-0.623,0,0,7.700,1,1,0,4.000,0
-1.398,-1.263,-1.071,1,1,6.900,1,2,1,4.500,0
0.438,1.610,-1.183,1,1,7.600,1,2,1,4.600,0
0.193,0.748,0.386,1,1,8.600,2,3,0,4.700,1
-1.031,-1.359,-0.959,0,0,7.800,0,1,0,4.300,0
0.193,-0.209,-0.511,1,1,7.400,1,1,0,4.300,0
-0.908,0.461,0.498,1,1,8.300,0,2,2,4.000,0
0.928,0.365,1.395,1,1,8.200,0,3,2,4.800,1
1.172,0.557,0.947,1,1,8.300,1,2,2,4.800,1
-0.052,-0.497,-0.511,0,0,7.500,1,2,0,3.800,0
0.438,-1.359,-0.959,0,0,8.000,1,1,0,4.700,0
-1.643,-1.359,-1.071,0,0,7.700,1,1,1,3.900,0
1.172,0.844,0.050,1,1,7.500,1,2,2,4.800,1
-1.031,-0.592,-0.623,0,0,6.800,1,1,0,4.500,0
0.928,1.610,1.171,1,1,8.500,2,3,0,4.600,1
-0.296,0.365,-0.062,1,1,7.600,0,3,0,4.800,1
-0.786,0.748,1.507,1,1,7.800,0,1,1,4.800,1
-0.174,-1.263,-0.511,0,1,8.200,1,1,1,4.000,0
-0.296,1.036,-0.398,1,1,8.100,2,3,0,4.800,1
-0.908,-1.167,1.059,1,1,8.500,1,3,1,4.500,0
-1.398,-0.305,-0.511,0,0,6.600,0,2,0,3.800,0
-1.031,-1.167,1.395,0,0,7.500,1,2,0,4.700,0
-0.786,-1.263,-0.623,0,0,6.600,1,1,0,3.400,0
-0.541,-0.209,-0.286,1,1,7.300,0,1,0,4.700,1
-1.031,0.748,0.947,1,1,8.000,2,3,2,4.100,0
-0.052,-1.359,-0.623,1,1,7.800,1,2,0,4.000,0
1.172,-0.401,-1.856,0,1,6.700,1,2,1,4.400,0
-1.031,-1.359,-1.856,1,1,6.800,1,2,1,4.700,0
0.805,0.748,0.723,1,1,8.700,1,3,0,4.500,1
0.805,1.227,0.947,0,1,7.500,2,1,2,4.600,1
0.805,0.365,0.947,1,1,8.500,1,3,2,4.700,1
0.560,-1.359,-0.623,0,1,7.600,0,2,0,4.400,0
-1.153,-1.263,-1.407,0,0,7.000,1,1,0,4.100,0
-1.520,-1.167,-1.968,0,0,7.100,0,2,0,3.200,0
0.193,0.078,1.171,1,1,8.300,2,3,2,4.800,1
1.295,1.706,0.947,1,1,8.400,1,3,2,4.800,1
-0.541,0.940,-1.295,0,0,7.900,0,2,0,4.300,0
1.172,1.323,0.835,1,0,7.000,1,2,0,4.600,0
0.071,0.748,0.723,1,1,8.400,2,3,2,4.700,1
0.193,-0.592,0.274,1,0,8.200,0,1,0,4.400,1
-0.174,-0.784,-1.071,0,1,6.800,1,1,0,3.700,1
-1.520,-1.359,-0.847,0,0,7.400,1,1,1,4.500,0
-1.031,0.269,-0.398,1,0,7.100,2,1,3,4.800,0
-0.296,1.036,1.395,1,1,8.100,1,2,0,4.800,1
1.295,0.940,1.395,1,1,8.000,1,3,1,4.800,1
-0.541,0.269,0.723,1,1,7.800,2,3,0,4.500,1
-2.132,0.174,-0.286,0,0,7.500,1,2,0,3.900,0
1.172,-0.114,1.395,1,1,8.300,2,3,2,4.800,1
-0.419,0.461,-1.407,1,1,8.300,1,2,2,4.000,0
0.560,0.269,1.283,1,1,7.900,2,3,2,4.700,1
0.438,0.078,0.947,1,1,8.300,0,2,2,4.300,1
-1.276,-1.359,-0.847,0,1,6.500,1,2,0,3.400,1
0.193,0.365,-0.286,0,0,6.600,1,1,1,4.000,0
-1.153,-0.975,-0.735,0,1,6.500,1,1,0,3.800,1
1.295,0.269,1.059,1,1,8.300,2,3,2,4.800,0
1.295,0.844,0.947,0,1,8.600,1,3,2,4.800,0
0.438,1.419,0.498,1,0,7.400,1,3,2,4.500,1
-0.786,1.514,-1.183,0,0,6.500,0,1,1,3.500,0
-1.276,-1.167,-0.511,0,1,7.400,1,1,2,4.500,0
1.295,0.748,1.059,1,1,7.400,1,2,0,4.700,1
-0.174,-1.263,-0.847,0,0,6.500,2,1,0,3.100,0
-0.664,-1.359,0.386,0,1,6.500,1,1,0,4.200,0
0.316,-0.497,-0.398,0,1,7.600,1,2,0,4.300,0
-1.765,-1.359,-1.407,0,0,6.500,1,1,0,3.700,0
-1.031,-1.359,-0.847,0,0,6.700,1,1,1,4.500,0
1.295,0.652,0.611,1,1,8.300,1,3,2,4.700,1
-0.786,-0.975,-1.407,0,0,7.600,2,2,1,4.700,0
1.295,1.036,1.171,1,0,7.700,1,3,2,4.800,1
-0.296,-0.975,-1.968,0,0,6.500,2,2,0,3.800,1
0.805,1.131,0.835,1,1,7.200,2,3,0,4.800,1
1.295,1.131,0.611,1,1,8.700,1,3,2,4.700,1
0.071,0.269,-0.174,1,1,8.400,1,3,2,4.500,1
-0.174,0.174,-0.511,1,1,8.200,0,2,0,4.800,1
-0.052,-0.305,-1.071,1,1,7.400,1,1,1,4.400,0
0.193,1.514,0.498,1,1,8.700,2,3,2,4.700,1
0.316,0.269,-0.511,0,0,7.500,0,1,1,4.700,0
-0.541,-0.209,-0.735,1,1,7.600,0,2,0,3.800,0
1.172,0.461,-1.520,1,1,8.600,1,3,0,4.800,1
-0.908,-1.071,-1.071,0,1,7.800,1,1,0,3.600,0
-0.296,-1.359,-1.183,0,0,7.400,1,1,1,4.100,0
-1.153,0.174,0.835,1,1,8.500,1,3,0,3.700,0
0.683,1.036,0.723,1,1,7.800,0,3,3,4.800,1
0.560,0.269,-1.520,0,1,7.700,1,2,0,4.700,0
-0.174,-1.359,-0.062,0,0,7.700,1,1,1,3.300,0
-1.153,-1.359,-1.407,0,0,8.200,1,1,0,4.200,0
-0.174,0.269,1.283,1,1,6.900,2,3,0,4.200,1
0.438,0.844,1.059,1,1,7.700,0,1,0,4.700,0
-0.296,1.706,1.507,1,1,7.300,0,3,0,4.600,0
1.295,-0.018,1.507,1,1,8.400,2,3,2,4.700,1
0.805,0.461,1.507,1,1,8.300,1,2,2,4.500,1
1.295,0.365,1.059,1,1,8.300,2,3,2,4.800,1
0.316,1.227,-0.847,0,1,7.900,0,3,1,4.000,1
0.560,-1.359,-1.407,0,0,7.800,1,2,0,4.500,0
-1.276,-0.975,-1.744,0,1,7.300,0,1,1,3.700,0
-0.174,-0.688,-1.071,0,1,7.500,0,2,0,4.400,0
0.683,-1.359,0.386,0,1,8.600,0,3,2,4.600,1
-2.132,-1.359,-0.062,0,1,7.600,1,1,0,4.400,0
1.295,1.227,-0.174,1,1,7.700,1,3,3,4.800,0
-0.786,-1.359,-1.071,0,1,6.800,1,1,0,3.700,0
0.193,1.419,-1.520,1,0,7.900,0,2,2,4.300,0
1.295,0.461,1.507,1,1,7.900,2,3,2,4.800,1
-2.255,-1.359,0.050,0,0,6.500,0,1,0,3.700,0
0.560,1.036,1.059,1,1,8.300,0,3,2,4.800,1
-1.398,-1.359,-1.071,0,0,6.500,0,1,1,4.100,0
1.295,1.323,1.507,1,1,8.200,2,3,2,4.600,1
-1.398,-0.975,-1.295,0,1,7.500,1,1,1,4.500,0
-0.786,-1.359,-1.744,1,0,7.600,0,1,0,3.800,1
0.560,-0.880,-0.623,1,1,7.600,1,0,0,4.800,1
-0.786,-1.359,0.162,0,1,7.600,1,1,0,4.300,1
1.295,1.323,1.283,1,1,8.100,0,3,2,4.800,1
-0.296,0.557,0.723,1,1,8.200,1,2,2,4.400,1
0.438,0.365,-1.071,1,1,6.500,1,2,0,4.600,0
0.560,0.748,-0.847,1,1,8.200,1,3,0,4.100,1
-1.031,-0.592,-1.183,0,0,7.500,1,1,0,4.000,0
1.295,-0.114,1.395,1,1,7.800,2,3,2,4.800,1
-1.276,0.365,-0.286,0,1,7.600,1,3,0,4.300,1
-1.031,-1.359,-0.511,0,0,7.600,1,1,0,3.800,0
0.316,1.036,-0.511,1,1,8.500,1,3,1,4.700,1
-1.153,-1.359,-0.623,1,0,6.800,0,2,0,4.200,0
0.560,0.557,1.059,1,1,8.100,1,2,2,4.300,0
1.295,1.419,1.059,1,1,8.300,2,3,3,4.800,1
0.316,-0.018,0.835,1,1,8.100,2,2,2,4.700,0
1.295,1.227,1.059,1,1,8.700,2,3,2,4.800,1
-1.398,-1.167,-0.959,1,1,7.200,1,2,0,4.200,0
-0.052,-1.071,-0.511,0,0,8.000,1,1,2,4.600,0
-1.153,-1.359,-1.295,0,1,7.800,1,2,1,4.100,0
0.683,1.227,0.723,1,1,7.500,0,1,0,3.900,0
-0.786,1.036,-1.968,0,0,7.600,0,1,0,4.700,0
-1.153,0.844,1.395,1,1,7.500,0,2,1,3.800,1
0.805,-0.497,-0.735,1,1,7.700,0,1,2,4.500,0
-0.419,-1.359,-0.062,0,1,7.300,1,1,1,4.500,0
-0.052,-1.263,-1.520,1,0,8.200,1,1,0,4.600,0
0.928,0.174,1.283,1,1,6.900,1,3,2,4.800,1
1.295,0.844,1.283,1,1,8.400,1,2,0,4.800,1
-0.419,-0.305,1.283,1,1,8.200,1,3,2,4.400,0
0.316,0.174,-0.511,1,1,7.300,1,2,0,4.600,0
-0.786,1.323,1.395,0,1,8.100,1,2,1,4.200,0
-1.276,-0.975,-1.183,0,0,7.600,1,1,0,3.900,0
1.295,0.940,0.835,1,1,8.300,1,3,2,4.800,1
0.193,-0.018,-0.062,1,1,7.400,1,3,0,3.700,0
-0.664,0.940,1.283,1,1,7.600,1,2,3,3.700,1
0.683,0.365,1.059,1,1,8.500,0,3,1,3.800,1
0.071,0.652,1.283,1,1,6.500,2,3,2,4.100,1
-0.052,1.227,0.947,0,1,6.700,1,2,1,3.900,0
0.683,1.897,0.498,1,1,8.400,2,3,2,4.500,1
1.295,0.174,1.507,1,1,8.200,2,3,2,4.800,1
-2.377,-0.497,-1.295,0,0,6.600,0,1,1,3.900,0
-1.153,0.078,-1.071,0,0,6.500,0,1,1,4.200,0
-0.786,-1.359,-0.847,0,0,7.600,1,1,1,4.100,0
-2.377,-0.784,-0.398,1,1,6.700,1,1,0,4.700,0
-0.664,-1.167,-0.623,0,1,7.200,1,1,1,3.900,0
-1.520,-1.167,0.835,1,1,7.000,0,3,1,3.600,0
1.295,0.844,1.283,0,1,8.100,2,3,0,4.400,1
1.295,1.419,1.171,1,1,8.200,2,3,2,4.800,1
1.172,1.323,0.611,1,1,8.500,0,3,0,4.700,1
0.560,0.652,-0.398,1,1,8.400,1,2,2,4.700,0
-0.174,-1.359,-0.959,0,1,8.400,0,1,0,4.500,0
1.295,0.940,0.611,0,1,7.700,1,1,0,4.800,1
-1.398,-0.784,-0.511,0,0,7.400,1,1,0,3.500,0
-2.010,-1.359,-0.286,0,0,7.700,1,2,0,4.300,0
-0.541,-0.688,-0.735,0,0,6.600,0,1,1,3.200,0
1.295,0.365,1.395,1,1,8.200,1,3,2,4.500,1
-0.541,0.652,-0.959,0,0,7.800,1,2,0,4.100,0
-1.765,-1.359,-1.295,1,1,6.800,2,1,0,4.600,0
0.560,0.940,0.611,1,1,8.200,2,2,3,4.800,0
-1.398,-1.071,1.283,0,0,8.100,1,1,0,4.400,1
-1.643,-0.784,-0.286,0,1,7.500,1,1,1,4.000,0
0.316,0.844,-1.744,0,1,6.900,0,2,1,3.900,0
-1.031,0.940,0.723,1,1,7.700,2,2,0,4.300,1
-1.153,-1.359,-1.744,0,0,6.500,1,1,0,4.200,0
-0.052,0.557,-1.407,1,1,7.500,1,2,2,4.200,1
1.295,-0.114,1.507,1,1,7.900,1,0,3,4.800,0
0.071,-0.880,-0.623,1,1,7.800,1,2,0,4.500,1
1.295,0.078,1.059,1,1,8.400,1,3,2,4.800,0
1.172,1.131,0.611,1,1,8.500,2,3,0,4.500,1
-0.419,0.844,-0.398,0,1,7.100,1,1,1,4.300,0
-0.052,-0.784,-1.968,0,0,6.500,1,2,0,4.500,0
0.071,-0.209,-1.183,0,0,7.300,1,3,0,4.200,0
-0.908,-1.167,-1.183,0,1,7.600,1,2,0,4.400,0
-0.174,1.897,1.283,1,1,7.900,1,3,2,4.300,1
-1.643,-0.880,-1.295,0,1,7.900,1,2,0,4.500,0
-0.174,1.036,0.498,0,0,7.600,1,2,0,4.400,0
1.295,0.557,0.835,1,1,8.800,1,3,2,4.800,1
1.172,0.844,1.059,1,1,8.400,2,3,2,4.400,0
-0.052,0.940,1.059,0,1,8.300,1,2,0,4.300,1
-1.031,-1.359,-0.959,0,1,7.400,1,1,1,4.100,0
0.071,-1.359,-0.959,1,1,7.600,1,2,0,3.800,0
-0.908,-1.359,1.395,0,1,7.500,0,1,0,4.000,0
0.193,0.174,-0.623,0,1,7.400,1,2,0,4.300,0
-2.010,-0.880,-1.520,0,1,7.000,0,1,1,3.900,0
-0.052,0.174,-0.735,0,1,8.200,1,3,0,4.600,0
0.805,1.131,1.507,1,1,8.200,1,3,0,4.700,1
-0.419,-0.880,-0.847,1,1,6.700,1,1,0,3.800,0
-1.153,-0.784,-0.511,0,0,7.400,0,1,1,4.200,0
1.172,-0.592,-1.520,0,1,6.800,0,2,1,3.900,1
-0.052,0.844,-0.511,0,0,8.200,1,1,2,4.200,0
0.071,0.078,1.507,1,1,8.700,1,3,2,4.100,1
-1.153,-1.359,0.050,0,0,6.500,1,1,1,4.300,0
-0.174,-0.209,-1.071,1,0,8.300,1,2,3,3.800,0
0.438,0.174,1.059,1,1,8.200,1,3,0,4.800,1
0.805,-1.359,-0.062,0,1,8.000,0,1,1,4.000,0
0.193,-0.114,0.723,1,1,8.400,1,2,2,4.600,0
0.193,-0.688,-0.286,0,1,7.800,1,1,2,3.900,0
1.295,1.323,1.507,1,1,7.400,0,3,2,4.700,1
-0.296,-1.359,-1.295,0,1,8.400,0,1,0,3.500,0
-1.153,-1.359,-0.735,0,0,7.800,0,2,0,4.300,0
-0.052,-1.071,0.274,1,0,8.200,1,3,0,4.300,0
-1.153,0.940,1.059,1,1,8.300,1,1,0,4.600,0
-1.398,-0.880,-0.959,1,0,6.500,1,1,0,4.300,0
-0.786,-1.359,-1.183,0,1,6.700,1,1,0,3.800,0
-1.031,-1.071,-0.511,0,0,7.300,1,3,0,4.500,0
-0.296,-1.359,-0.286,0,1,6.600,1,2,0,4.100,0
0.683,0.844,-0.959,0,1,8.200,2,3,1,4.600,1
-1.520,-1.359,-0.735,0,0,7.700,1,1,1,3.700,0
0.193,-1.359,0.050,0,1,8.100,1,3,0,3.700,0
1.050,-0.305,1.507,1,1,8.200,1,3,0,4.200,1
-1.276,-1.359,-0.286,1,0,7.300,1,2,1,4.300,0
1.295,0.652,1.059,1,1,7.700,0,3,2,4.800,1
-1.765,-1.167,-1.968,0,0,7.400,1,1,1,3.700,0
0.438,-0.975,0.723,0,1,8.000,0,3,1,3.700,0
1.295,0.269,-0.623,1,1,8.400,1,1,3,4.500,1
1.172,1.036,1.507,1,1,8.300,2,3,2,4.700,1
1.172,0.844,1.171,1,1,8.300,2,2,2,4.000,1
-1.643,-0.592,-1.407,0,0,7.900,1,1,0,4.500,0
1.295,1.131,1.059,1,1,8.200,2,3,2,4.800,1
1.295,0.269,1.283,1,1,8.500,2,3,2,4.800,1
-0.541,-0.880,-1.183,0,0,6.500,1,3,1,4.500,0
0.805,-0.401,1.507,0,1,7.700,1,3,2,4.500,0
1.295,1.036,0.947,1,1,7.500,2,3,2,4.700,1
-0.052,-0.114,0.835,1,1,7.500,2,1,2,3.900,0
0.071,-1.359,-0.847,0,0,7.600,1,1,0,3.600,0
0.071,0.557,0.498,1,1,8.400,2,3,1,4.600,0
-1.643,-1.359,-0.847,1,1,7.600,0,1,1,4.200,0
-0.908,-0.401,1.283,1,1,7.500,1,3,2,4.500,0
-2.010,-0.975,-1.856,0,1,7.500,1,1,0,4.500,0
-0.052,-1.071,0.386,0,1,8.100,0,2,1,4.300,0
-0.541,-1.359,-0.847,0,0,7.300,1,1,0,4.400,0
1.295,1.802,1.395,1,1,8.700,2,3,2,4.800,1
-0.174,-0.114,1.059,1,1,8.500,2,3,2,4.800,1
1.295,0.365,1.507,1,1,8.200,1,0,2,4.700,1
-0.296,-0.114,-0.735,0,1,7.900,2,2,0,4.400,1
0.928,0.269,-0.735,0,1,8.400,0,2,1,4.400,1
0.071,0.557,1.171,1,1,8.100,1,3,1,4.000,0
1.295,1.993,0.498,1,1,7.800,2,3,2,4.800,1
1.295,0.557,0.835,1,1,8.300,2,3,2,4.300,0
-1.765,-1.263,-1.295,0,1,6.500,1,1,0,3.600,0
-1.153,-1.359,-1.295,0,1,6.500,0,1,1,4.200,0
1.172,0.269,0.723,1,1,7.800,1,3,2,4.600,1
1.172,0.748,0.947,1,1,8.200,1,3,2,4.800,1
0.560,0.652,-1.295,0,0,7.600,2,1,1,4.500,0
0.316,1.419,-0.511,1,1,7.700,1,2,0,4.200,1
-1.520,-1.359,-0.735,0,0,7.300,1,1,1,3.400,0
0.683,0.748,-1.071,1,1,8.700,0,3,0,4.500,1
1.050,0.365,-0.959,0,0,7.900,2,1,2,3.600,0
1.295,0.461,1.283,1,1,8.500,0,3,2,4.800,1
-1.031,0.748,-0.735,1,1,8.200,1,1,0,4.400,0
-0.296,0.844,0.386,1,0,8.100,2,3,2,4.800,0
-0.541,0.174,-0.959,0,1,8.300,2,2,2,3.800,0
1.295,0.461,0.498,1,1,8.200,2,3,0,4.500,1
0.438,-1.359,-0.735,1,1,7.400,0,2,1,4.500,1
0.316,0.365,1.395,0,1,7.600,1,3,0,4.300,0
-0.908,0.748,-1.632,1,1,8.400,1,1,0,4.600,1
-0.174,-1.359,-0.847,0,1,6.600,1,1,0,4.600,0
-0.541,-0.975,-1.183,1,1,6.500,1,3,1,4.500,0
-0.786,-1.359,-1.295,1,1,7.700,1,2,0,4.800,1
-0.541,0.557,1.059,1,1,8.500,1,3,2,4.500,0
-0.786,-1.359,-0.623,0,1,7.200,0,1,0,4.100,1
1.295,0.461,1.059,1,1,8.100,1,3,0,4.800,1
-1.520,-0.688,-1.520,1,1,8.000,0,1,1,4.100,1
-1.031,-1.071,-1.071,0,1,7.500,1,2,1,4.100,0
-0.174,-1.359,-0.398,0,1,7.500,2,1,1,4.300,0
-1.276,-1.359,-1.520,0,1,7.200,1,2,0,4.000,0
0.071,0.652,0.050,0,0,7.500,2,1,2,4.000,0
0.316,-1.167,0.050,1,1,8.400,0,2,1,4.700,0
0.071,1.131,1.283,1,1,8.100,0,1,2,4.300,0
-1.276,0.078,0.835,1,0,6.800,2,2,0,4.800,0
0.928,0.365,1.507,1,1,8.900,0,3,3,4.800,1
-0.908,-0.114,-0.062,1,0,7.400,0,1,0,3.700,0
-0.052,0.652,0.723,1,1,8.200,1,3,2,4.800,1
-0.908,0.269,-0.511,1,1,7.500,2,2,0,4.500,0
-1.031,0.461,-1.183,0,0,7.400,1,2,1,3.500,0
0.316,1.227,0.947,1,1,8.600,1,2,2,4.300,1
-0.419,0.940,-1.071,1,0,6.700,1,1,0,4.600,1
-0.296,-0.975,-1.968,0,0,6.500,1,1,0,4.100,0
-2.132,-1.167,-0.286,0,1,7.000,0,1,0,4.700,0
0.683,-0.401,-0.959,1,0,8.200,1,3,0,4.400,0
1.172,1.706,1.059,1,1,8.400,2,3,2,4.600,1
-1.643,-1.359,-0.735,0,1,7.600,1,1,1,4.500,0
-0.541,-0.497,-1.183,1,1,7.400,1,1,1,4.200,0
0.928,-1.263,-0.959,0,1,8.000,1,3,1,3.900,0
-1.765,-0.688,-0.847,0,0,7.400,1,1,0,4.000,0
0.193,0.652,-0.398,1,1,8.100,2,3,2,4.500,1
0.438,1.036,1.059,1,1,8.300,2,3,1,4.500,1
1.295,1.131,1.507,1,1,8.500,2,3,2,4.800,1
0.438,-1.263,-1.183,1,1,7.400,1,2,2,4.400,1
0.560,0.844,-0.174,1,1,6.600,0,3,0,4.800,1
-1.888,0.748,-1.071,1,1,7.400,1,2,0,4.700,0
-1.153,-0.592,-0.511,0,0,6.600,0,1,0,4.600,0
0.071,0.940,-0.735,1,1,8.300,0,1,0,3.900,0
-1.276,-1.359,-1.071,0,0,7.900,0,2,0,4.100,0
1.295,1.706,-0.511,1,1,8.000,1,3,2,4.500,1
-1.398,-1.167,-1.295,0,0,7.500,1,1,0,3.700,0
0.193,0.174,-0.623,0,0,6.500,0,1,1,4.100,0
-0.419,-0.975,-1.407,0,1,7.700,1,1,2,4.000,1
1.050,1.514,0.835,1,1,8.700,0,3,2,4.700,1
-0.786,-1.071,-0.511,0,0,7.400,0,2,1,3.800,0
1.295,0.844,0.947,1,1,8.200,1,3,0,4.700,1
-0.296,1.036,0.723,1,1,8.500,1,1,2,4.300,1
-1.276,-1.359,-0.847,0,1,7.600,1,2,0,4.200,0
0.193,1.419,1.283,1,0,7.600,1,2,2,3.800,1
-0.664,0.269,0.723,1,1,7.600,1,3,1,4.000,0
0.193,-0.497,-1.071,1,1,8.300,1,1,1,4.500,0
0.683,0.940,-1.295,0,0,6.500,1,1,1,3.900,0
0.316,0.652,1.059,1,1,8.200,1,3,0,4.700,0
0.438,0.844,0.723,1,1,7.600,0,1,2,4.800,1
-0.052,-1.359,-1.520,0,1,7.700,1,1,1,3.900,0
-0.052,-0.018,-0.398,0,1,7.600,1,1,0,4.800,0
-0.541,-0.401,-1.183,0,0,7.800,2,1,1,3.800,0
1.295,0.461,1.395,1,1,8.000,2,3,2,4.700,0
1.295,0.844,0.947,1,1,8.600,2,2,2,4.800,1
-0.908,-1.263,-0.398,0,0,7.500,0,2,0,4.300,0
1.295,0.461,1.283,1,1,8.400,2,3,2,4.800,1
-0.541,0.269,-0.735,0,1,7.700,0,2,1,4.800,0
-1.765,0.078,-1.520,1,1,6.900,0,1,1,4.100,1
0.193,-1.359,-0.174,0,0,8.000,0,1,1,4.000,0
0.071,0.461,-0.735,0,1,8.000,1,1,1,4.200,0
0.560,1.227,0.723,1,1,8.300,1,2,0,4.200,1
0.071,-1.167,-0.062,0,1,7.100,1,2,1,4.700,1
-0.174,-0.592,-0.398,0,0,8.000,2,1,0,4.600,1
0.438,-1.359,-1.520,1,1,7.400,1,3,1,4.300,1
-1.153,1.706,1.171,1,1,8.300,1,2,1,4.800,1
1.172,-0.497,1.059,1,1,8.200,1,3,2,4.700,0
-2.377,-1.359,-0.062,0,0,6.500,1,1,1,4.000,0
0.805,-0.592,1.171,1,1,8.300,2,3,2,3.900,1
-1.153,-1.071,-0.511,0,0,7.400,1,3,2,4.400,0
-0.541,1.036,-0.847,1,1,7.600,1,2,1,4.300,1
-2.377,-1.359,-1.632,0,1,7.600,0,2,1,4.300,0
1.295,0.940,1.059,1,1,8.300,1,3,2,4.800,1
0.193,-0.401,-1.071,1,1,8.400,0,2,0,3.800,1
0.805,-0.018,0.835,1,1,7.900,2,3,2,4.700,1
-0.174,1.802,0.498,1,1,7.700,1,3,0,4.700,1
1.295,1.514,0.611,1,1,8.200,2,3,2,4.800,1
1.295,1.610,1.171,1,1,8.000,1,3,2,4.800,1
-1.276,-1.167,-0.398,0,1,7.100,0,1,0,4.200,1
-0.908,1.227,-0.398,1,1,6.500,1,2,1,4.600,0
0.193,-1.359,-0.623,0,1,8.100,1,1,0,4.700,0
0.316,-0.880,1.283,1,0,7.800,1,3,0,4.200,1
-1.153,0.748,-0.847,0,0,7.100,0,1,0,4.400,0
-1.520,-1.359,-1.295,0,0,7.400,1,0,1,3.600,0
1.295,1.227,1.283,1,1,8.100,0,3,2,4.700,1
0.805,-0.401,0.835,1,0,6.500,2,1,2,4.700,1
0.316,-1.167,-0.511,0,1,6.500,1,1,0,4.300,0
-1.398,-0.880,-0.623,1,0,7.400,1,1,1,4.300,1
-0.419,1.036,-0.735,0,1,7.300,1,1,1,4.100,0
-0.664,1.131,-0.286,1,1,7.600,0,2,1,4.800,1
1.295,0.652,1.283,1,1,8.300,2,3,2,4.800,1
-0.786,1.323,1.395,1,1,8.200,2,2,2,4.600,0
1.172,0.269,1.171,1,1,8.600,1,3,2,4.700,1
-0.908,-0.401,-0.735,1,1,6.500,1,2,0,4.300,1
-1.888,-0.784,-0.174,0,1,6.500,1,1,0,4.400,0
-1.398,-0.880,-0.062,1,1,7.400,1,3,1,3.400,0
0.193,-0.497,-0.735,1,1,7.500,1,1,1,4.500,0
1.295,0.174,0.611,1,1,8.200,2,3,2,4.800,1
0.560,0.269,-0.398,1,1,7.700,1,1,1,4.400,0
-1.643,-0.401,-1.632,1,1,7.600,1,1,0,3.700,0
1.295,1.323,1.171,1,1,7.500,2,3,2,4.700,1
0.193,-1.167,-0.847,0,1,7.700,1,2,2,4.000,1
-1.520,-0.975,-0.398,1,1,6.900,1,1,2,3.800,0
-2.377,-0.880,-0.847,1,0,6.500,0,2,1,3.100,0
-0.541,-1.263,-1.295,0,1,6.500,0,2,1,3.900,0
1.172,0.940,1.283,0,1,8.300,2,3,2,4.600,0
0.071,0.844,1.059,0,1,7.700,1,2,2,4.500,1
-1.398,-0.305,-0.062,0,0,6.500,0,1,0,4.500,0
0.805,0.557,0.498,1,1,8.300,1,3,0,4.400,1
1.295,0.078,0.498,1,1,8.800,2,3,2,4.800,1
0.805,0.748,-1.856,1,1,7.700,1,3,0,4.100,0
-0.664,-1.071,-0.062,0,1,7.600,1,2,0,3.700,1
0.928,-0.114,1.059,1,1,8.700,1,3,3,4.700,1
0.316,-0.209,-0.959,0,1,7.900,1,2,1,4.500,0
0.805,0.748,0.835,1,1,8.000,2,3,3,4.800,1
0.928,-0.209,1.507,1,1,7.800,1,3,2,4.800,1
0.316,0.365,0.723,1,1,8.300,0,3,0,4.500,1
1.295,0.365,0.947,1,1,8.300,1,3,2,4.800,1
-0.296,1.610,1.507,1,1,7.500,1,2,1,4.700,1
-1.643,-1.359,-0.623,0,0,7.800,1,1,1,3.400,1
-0.664,-1.359,-0.735,0,1,7.800,0,2,0,4.200,0
0.560,-1.359,-0.959,0,0,7.500,1,2,0,4.500,0
-0.296,-0.784,-1.520,1,1,7.200,2,1,0,4.400,1
1.295,-0.305,1.395,0,1,8.400,1,1,2,4.800,1
-2.010,-0.688,-0.847,0,0,6.600,1,1,0,3.300,0
-0.296,1.323,0.162,1,1,7.800,0,3,2,4.200,0
-0.296,-0.305,-0.174,0,1,7.000,1,2,0,4.100,0
0.071,-1.359,0.611,1,0,8.300,2,3,1,4.600,0
1.295,0.365,1.059,1,1,8.400,2,3,2,4.800,1
-0.664,-1.359,-0.959,1,1,8.300,1,1,2,4.100,0
1.295,0.748,0.498,0,1,7.600,0,1,0,4.100,0
0.438,0.844,0.611,1,1,7.800,1,2,0,4.800,1
0.683,0.940,0.611,1,1,8.600,2,3,1,4.300,1
0.071,-1.263,1.171,1,1,7.700,2,1,1,4.700,1
-0.908,-1.359,-0.847,0,1,6.900,0,1,0,4.600,0
1.295,1.227,0.947,1,1,8.300,2,3,1,4.200,1
-0.664,-1.359,-1.520,1,1,7.600,1,1,0,4.600,0
0.438,1.514,-1.632,0,0,8.100,1,2,0,3.900,0
1.295,1.131,0.611,1,0,8.100,2,3,2,4.400,0
1.295,0.365,-0.511,1,0,8.200,2,1,2,4.800,0
-2.377,-1.359,-0.959,0,1,7.500,1,1,1,3.400,0
-0.664,-1.359,-0.398,0,1,6.500,0,1,0,3.500,1
-1.153,-1.359,-0.623,0,1,7.400,0,1,1,4.300,0
1.295,1.131,1.171,1,1,8.500,2,3,2,4.800,1
0.805,1.036,-0.847,0,1,8.300,1,3,1,4.800,0
-0.541,0.652,-0.623,1,0,8.100,1,2,1,4.200,0
1.295,-0.305,0.947,1,1,8.600,2,3,3,4.800,1
-1.398,-1.071,-0.286,0,0,7.500,1,1,3,3.600,0
0.928,0.844,1.283,1,1,7.700,1,3,2,4.800,1
-0.296,0.940,-1.520,0,0,7.700,0,1,0,4.600,0
1.172,1.419,1.283,1,1,8.200,2,3,2,4.800,1
0.316,0.557,1.507,1,1,8.600,0,3,0,4.600,1
0.071,0.269,-0.847,1,1,6.500,1,2,1,4.500,0
0.193,-1.359,-1.407,0,0,7.500,2,2,1,4.400,0
1.050,1.131,1.395,1,1,8.000,2,3,2,4.600,1
1.295,0.652,1.507,1,1,8.300,2,3,2,4.700,1
1.295,1.227,1.059,1,1,8.400,2,3,2,4.800,1
-0.541,-1.359,-1.183,0,1,7.500,1,1,0,3.900,0
1.295,1.131,-0.174,0,1,7.600,1,1,2,4.400,0
1.050,1.419,1.283,1,1,8.500,1,3,2,4.600,1
-1.765,-1.263,-1.744,0,0,7.600,1,3,1,3.700,0
-1.520,-1.167,-1.520,0,0,6.500,1,1,0,4.200,0
0.560,-0.018,1.171,1,1,8.300,2,1,2,4.800,1
-1.276,-1.071,-1.183,0,1,8.200,0,2,1,3.500,0
-0.174,-0.688,-1.968,0,1,6.500,1,2,0,4.600,0
0.560,-0.114,-0.286,1,1,6.500,0,3,2,4.400,1
1.172,0.461,0.947,1,1,8.500,2,3,2,4.800,1
1.172,1.706,0.947,1,1,8.400,2,3,2,4.800,1
1.172,1.610,0.498,1,1,7.700,2,3,2,4.800,1
1.295,1.131,1.171,1,0,7.400,2,2,2,4.100,1
0.316,1.036,1.507,1,1,7.900,1,3,2,4.400,0
-0.908,-0.497,-0.623,1,0,7.900,1,1,2,4.800,1
0.071,-1.359,-0.398,0,0,6.900,1,2,0,3.400,0
-0.296,0.557,-0.174,1,1,7.500,0,2,1,3.800,0
-1.276,-0.880,-0.398,0,1,7.400,0,1,1,4.000,0
-0.174,0.844,1.507,1,1,8.300,1,1,2,4.500,1
1.050,-1.359,-1.520,0,1,7.700,1,1,0,4.700,0
-1.398,-0.209,-0.959,0,1,7.500,1,1,0,3.600,0
1.295,1.036,1.507,1,1,8.100,2,3,2,4.500,1
-1.520,-1.359,-0.398,0,1,6.500,1,1,0,3.800,0
1.295,0.557,1.283,1,1,7.700,2,3,0,4.600,0
0.928,-0.305,1.059,0,1,7.600,1,3,0,3.900,0
-0.419,-0.880,-0.511,0,0,7.400,0,1,0,4.000,0
-0.541,0.652,-1.520,1,1,8.600,1,2,0,3.900,1
1.050,1.802,1.283,1,0,8.100,0,3,0,4.700,1
1.295,1.227,0.723,1,1,7.700,2,3,2,4.800,1
0.071,0.461,0.611,1,1,8.400,1,3,1,4.400,0
-0.419,1.323,1.171,1,1,8.200,0,3,2,4.700,0
0.193,0.557,1.507,1,1,7.600,1,2,1,4.400,1
-1.031,0.652,-1.295,0,1,7.400,1,2,1,4.000,1
0.071,-1.359,-0.174,0,0,7.600,0,1,0,4.200,0
1.295,0.078,1.171,1,1,8.400,2,3,2,4.800,1
1.295,0.461,1.507,1,1,8.300,2,3,2,4.800,1
-0.419,-1.359,-1.744,0,0,6.500,1,2,0,4.400,0
0.928,0.557,-0.959,0,0,8.600,2,3,0,4.800,0
0.560,0.461,0.947,1,1,8.500,2,3,2,4.600,1
0.193,0.461,-1.071,0,1,7.900,1,2,1,4.800,0
-0.419,1.131,0.274,1,0,7.900,1,1,0,3.300,0
-1.031,0.365,-0.511,1,1,8.200,1,3,2,4.800,0
-0.908,-0.114,1.059,1,1,7.600,1,1,0,4.600,0
0.805,0.365,-0.623,0,1,8.100,1,1,1,4.500,0
1.295,0.748,1.059,1,1,8.400,0,3,0,4.800,1
1.295,1.514,0.498,1,1,8.400,2,3,2,4.500,1
-1.398,-1.167,-0.511,1,1,7.500,1,1,2,3.700,0
1.295,1.227,1.283,1,0,8.200,0,3,2,4.700,1
0.683,0.461,0.947,1,1,8.500,2,3,2,4.400,0
0.560,1.036,0.947,1,1,7.700,1,3,2,4.600,1
0.438,-1.359,-0.847,1,0,8.600,2,3,2,4.800,0
0.438,-1.359,-0.735,1,1,6.500,2,1,3,4.500,0
1.050,-1.071,1.395,1,1,8.300,2,3,1,3.800,1
-1.031,-1.359,-1.520,0,0,7.100,0,1,0,3.800,0
1.050,1.227,0.835,1,0,8.000,2,1,2,3.800,0
1.295,1.036,1.283,1,1,8.400,2,3,0,4.800,1
-0.786,-1.071,-1.520,0,0,6.600,1,1,0,3.100,0
-0.541,-0.975,-0.735,1,0,7.000,1,1,2,4.400,0
-0.419,0.461,1.059,1,1,6.600,1,3,2,4.500,1
1.295,0.557,1.395,1,1,7.900,2,3,2,4.800,1
-0.174,0.844,0.498,0,1,7.600,0,3,2,4.800,1
-0.786,1.323,0.723,1,0,8.000,0,2,2,4.800,0
0.683,0.940,1.283,1,1,6.500,1,3,2,3.700,1
-1.276,-1.071,-0.286,0,1,8.600,1,1,0,4.700,0
-1.031,1.514,-0.398,1,1,7.400,1,2,3,4.800,0
1.295,1.897,0.611,1,1,8.000,2,3,0,4.800,1
-0.052,-1.263,-1.071,0,0,7.700,1,1,1,4.300,0
1.295,0.365,1.507,1,1,8.200,2,3,2,4.800,1
0.193,0.461,-0.959,1,1,8.100,0,1,2,4.100,1
1.295,1.514,1.507,1,1,8.200,1,3,2,4.800,1
-0.052,0.078,1.507,1,1,7.100,2,3,0,4.800,1
0.438,-1.359,-0.398,0,0,6.500,1,1,1,4.700,0
-0.664,-1.167,1.395,1,1,8.000,0,2,1,4.100,1
-0.052,-1.359,-0.847,1,1,7.500,1,1,1,4.400,0
-0.541,0.269,0.050,0,1,7.700,1,1,1,4.600,0
-0.174,0.557,1.283,1,1,7.800,0,2,0,4.800,1
-1.643,-1.071,-1.295,0,0,7.500,1,1,0,3.800,0
0.560,1.323,0.835,1,1,8.100,2,3,0,4.800,1
0.805,0.269,1.395,1,1,7.500,1,2,0,4.700,0
-0.908,-1.359,-0.959,0,1,6.500,1,1,1,3.800,0
0.438,0.174,-0.286,0,1,8.200,1,2,1,4.700,1
-0.052,1.323,1.395,0,1,8.400,1,3,1,4.100,1
0.928,-1.359,-0.511,0,0,7.400,1,1,0,4.600,0
1.295,0.940,1.507,1,1,7.800,2,3,2,4.600,1
0.193,-0.114,1.171,1,1,7.400,1,1,2,4.600,1
-0.174,-0.018,0.162,1,1,7.700,1,2,2,4.200,1
-1.031,-1.359,-0.959,0,0,6.600,1,3,0,4.200,0
1.050,1.323,1.283,1,1,8.700,1,3,2,4.800,1
-0.174,-0.497,-1.520,0,0,7.500,1,1,0,3.300,0
-0.419,-1.071,-0.959,0,0,7.700,0,1,1,3.900,0
1.295,1.610,-0.511,1,1,7.800,1,3,2,4.800,1
0.805,1.897,0.274,1,1,8.500,1,3,2,4.500,1
1.295,0.365,-1.071,1,1,6.600,1,3,2,4.600,0
1.295,1.036,0.947,1,1,8.100,2,3,3,4.800,1
-1.765,-0.497,-0.847,0,0,7.400,0,1,0,4.200,0
1.295,1.897,1.283,0,1,7.500,0,3,2,4.300,1
-0.664,0.269,1.059,1,1,7.600,1,1,1,4.600,0
0.683,-0.305,-0.398,0,1,8.000,1,2,1,4.500,0
-0.786,-0.688,-1.407,0,0,6.900,0,1,0,3.000,0
0.560,1.802,-0.623,1,1,8.200,0,1,3,4.800,1
1.295,1.036,1.059,1,1,7.900,2,3,2,4.800,0
1.295,0.652,0.723,1,1,8.300,1,3,2,4.500,1
0.683,0.365,1.507,1,1,8.500,1,1,0,4.500,0
0.071,0.557,-1.071,1,1,7.400,1,1,1,4.200,1
0.928,1.514,1.283,1,1,7.800,0,2,2,4.600,1
-0.664,0.652,-0.398,1,1,7.500,0,3,1,4.800,0
-0.908,-0.880,1.171,0,0,7.300,1,1,0,3.700,0
1.295,0.269,1.059,0,1,7.000,1,3,0,4.200,1
-0.052,-1.359,-1.407,1,1,7.400,1,2,1,4.400,1
-1.031,-0.880,-0.735,0,0,6.700,1,1,0,4.100,0
0.928,1.323,0.723,1,1,7.500,1,2,0,4.600,1
-0.174,-1.359,-0.174,0,1,6.600,0,1,1,4.400,0
1.295,0.748,0.723,0,1,8.300,1,3,2,4.500,0
-1.643,-1.359,-0.847,0,0,7.200,0,1,0,3.300,0
-1.643,-1.071,-0.623,0,1,7.600,1,1,0,4.100,0
1.295,0.940,0.835,1,1,8.500,2,3,2,4.800,1
1.050,-1.263,-0.959,0,1,7.500,1,1,1,4.800,1
1.050,-1.359,-0.286,0,1,6.600,0,1,0,4.300,0
0.928,0.652,0.835,1,1,7.600,2,3,2,4.300,1
0.805,-0.880,-1.071,0,0,6.600,1,3,0,4.400,0
-0.664,0.748,1.171,0,1,7.600,1,2,1,4.700,0
1.295,1.323,1.507,1,1,8.700,1,3,1,4.700,1
-0.419,-1.359,-0.959,0,1,7.800,1,1,1,3.800,0
1.295,0.557,1.283,1,1,8.300,1,2,3,4.800,1
1.295,-1.359,0.611,1,0,8.300,2,3,1,4.800,1
0.560,0.078,0.947,1,1,8.200,1,3,2,4.400,1
-1.153,0.461,-0.286,0,1,6.500,1,1,0,4.400,0
-2.377,-1.359,-1.295,0,0,7.500,0,1,0,3.500,0
-1.153,-0.305,-0.847,1,1,7.700,2,1,1,3.500,1
1.295,0.940,1.395,1,1,8.400,2,3,2,4.700,1
-0.052,0.940,1.171,1,1,8.100,2,2,2,4.600,0
-0.664,-0.688,1.171,1,1,7.600,1,2,1,4.000,0
-0.786,-0.975,-0.623,0,0,6.500,0,2,0,4.100,0
-0.664,-0.688,0.386,1,1,7.500,1,1,1,4.500,0
0.805,0.461,0.723,1,1,8.400,2,3,2,4.800,1
1.295,1.227,1.395,1,1,8.900,2,3,2,4.800,1
-1.643,-0.784,-0.398,0,1,7.500,0,2,1,4.500,1
0.071,-1.359,-1.295,0,0,8.400,1,2,0,3.300,0
-0.908,-1.359,-0.623,0,0,7.500,0,1,0,4.100,0
-0.052,-1.359,-1.183,0,1,6.500,1,1,0,3.600,0
-0.419,1.514,-0.174,1,1,6.800,0,3,2,3.900,0
1.295,1.897,0.947,1,1,8.100,2,3,2,4.800,1
1.295,1.993,1.059,1,1,8.300,2,3,2,4.400,1
0.316,-1.071,-0.398,0,0,7.700,0,1,0,4.100,0
1.172,-1.359,0.835,0,1,8.200,0,2,0,4.100,0
-0.296,-1.359,-1.071,0,0,7.400,1,1,0,3.600,0
-0.174,1.227,0.723,1,1,8.600,2,3,2,4.800,0
1.295,0.269,0.947,1,1,8.600,1,3,2,4.500,1
1.295,0.748,1.283,1,1,8.200,2,3,2,4.800,0
1.295,1.131,1.507,1,1,8.300,0,3,0,4.600,1
0.193,-1.359,-1.183,0,0,6.700,1,1,0,4.100,0
-0.908,-0.688,-1.071,0,0,7.700,1,1,0,4.100,1
0.193,-0.209,-0.286,0,1,6.600,0,1,2,4.300,0
-1.276,-1.359,-0.735,0,1,6.500,1,1,0,4.300,0
-0.908,-1.359,-1.295,0,1,7.500,1,1,0,4.100,0
-2.377,-1.263,-1.183,0,0,7.600,1,1,0,4.000,0
0.683,-0.784,1.059,0,1,7.500,1,2,1,4.800,0
0.193,1.036,-0.398,1,1,8.000,1,3,0,4.300,0
-1.643,-0.497,-0.398,0,0,7.600,2,1,1,3.700,0
0.805,0.557,0.611,1,1,6.700,1,3,1,4.800,1
1.295,0.461,1.171,1,1,8.200,1,3,2,4.600,1
1.295,0.461,0.611,1,1,8.100,1,3,1,4.800,1
-1.888,-1.263,-0.735,0,1,7.900,1,1,2,4.200,1
-0.908,1.706,-0.847,1,0,8.000,1,2,0,4.800,0
0.683,0.078,-0.286,1,1,7.400,1,1,0,4.700,0
1.295,1.514,1.171,1,1,8.200,2,3,2,4.600,1
-1.153,-1.359,-0.959,0,0,7.500,0,1,1,4.400,0
-1.398,-1.071,-1.295,0,0,6.500,1,1,1,4.600,0
-1.276,-1.359,-0.959,0,0,6.500,1,2,0,3.700,0
-0.419,-1.263,-1.295,0,0,8.400,2,1,2,4.100,0
-0.541,-0.497,-0.847,1,1,7.600,1,2,1,4.100,0
-0.786,-0.784,-1.856,0,0,8.400,0,1,0,4.400,0
0.316,0.461,-0.959,1,1,8.200,1,2,0,4.500,0
-0.174,0.461,-0.959,1,1,7.700,0,1,1,4.600,0
1.295,0.078,1.059,1,1,8.600,0,3,3,4.800,1
0.560,1.131,-0.847,1,1,7.700,0,3,0,4.300,1
1.295,0.461,1.171,1,1,8.200,2,3,2,4.800,1
1.295,1.323,1.059,1,1,8.300,0,3,2,4.800,1
0.805,0.461,0.835,1,0,7.800,2,3,0,4.800,1
-0.296,0.748,1.283,1,1,6.900,1,2,2,4.200,0
0.438,-1.359,0.611,1,1,6.500,0,1,0,4.100,0
1.295,0.940,1.171,1,1,8.200,2,3,1,4.700,1
0.683,-1.167,-1.520,1,1,8.500,1,1,2,4.300,0
0.928,0.365,1.171,0,1,8.100,2,3,2,4.600,1
-1.031,-0.018,-0.286,0,1,7.300,1,1,1,4.400,0
1.295,0.078,0.162,1,1,8.100,1,3,2,4.600,1
-0.296,-0.688,-0.623,1,1,7.200,1,1,1,4.700,1
1.295,1.323,1.059,1,1,8.400,2,3,2,4.600,1
1.295,1.227,1.283,1,1,7.500,1,2,1,3.800,1
-0.664,-1.167,-1.520,0,0,7.000,1,1,0,4.500,0
-1.520,-0.401,-0.174,0,0,7.800,1,1,1,4.300,0
-2.377,-0.209,-1.520,0,0,6.800,0,1,0,3.900,0
0.438,-0.784,-1.183,0,0,7.300,1,2,1,4.200,0
0.438,0.940,1.395,1,1,8.000,2,3,2,4.500,1
1.295,0.078,1.283,1,1,8.500,2,3,2,4.800,1
1.295,1.897,1.395,1,1,8.200,2,3,2,4.800,1
-0.664,-0.975,-0.847,0,1,6.800,1,1,0,4.300,1
-0.786,-1.359,-0.511,0,0,7.600,1,1,1,4.700,0
-1.643,-1.359,-1.520,0,1,6.700,0,1,1,3.900,0
0.683,1.227,0.611,1,1,8.400,1,3,0,4.600,1
0.928,0.174,-0.398,1,1,7.600,1,3,0,4.400,1
-0.541,-0.688,-0.174,0,1,7.900,1,2,0,3.900,0
0.438,1.036,1.395,1,1,7.800,2,3,0,4.200,1
-1.153,-1.359,-0.511,0,0,7.300,0,3,0,4.300,1
0.805,-0.401,0.835,0,1,8.200,1,3,1,4.500,1
1.295,0.269,1.395,1,1,8.200,1,3,2,4.400,1
-0.419,-1.359,1.283,0,1,7.500,0,1,0,4.000,0
-0.908,-1.359,-0.847,0,1,7.300,1,1,1,3.500,0
1.295,0.461,-1.632,1,1,7.000,1,3,1,4.700,0
-0.908,1.036,-0.959,0,1,6.600,0,1,1,3.500,0
0.316,-0.880,-0.847,1,1,7.000,1,3,0,4.700,1
0.193,1.897,0.947,1,0,8.300,2,1,2,4.800,0
0.193,-1.359,0.947,0,1,7.600,1,2,3,4.000,0
-0.419,0.365,1.059,0,1,8.100,1,3,1,4.200,1
0.438,-0.018,0.274,1,1,8.200,2,3,2,4.600,1
-1.398,0.269,0.947,1,1,7.600,1,3,1,4.600,1
0.316,0.269,0.835,1,1,8.100,2,3,2,4.200,0
1.050,1.323,1.283,1,1,8.300,2,3,2,4.800,1
0.193,-1.359,1.171,0,0,6.500,1,2,0,4.100,0
-0.419,0.174,-0.398,0,1,8.100,1,1,2,4.000,0
-0.174,-1.359,-1.183,0,0,7.500,1,1,1,3.900,0
-0.174,0.461,-1.632,1,1,8.300,1,2,0,4.600,0
-0.908,-0.880,-0.623,0,0,6.500,1,2,1,4.500,0
1.050,0.748,1.171,1,1,8.500,2,3,2,4.800,0
-1.031,-1.359,-1.071,0,0,6.500,1,1,0,3.600,0
-0.908,-0.209,-0.847,0,0,8.000,0,1,0,4.200,0
1.295,1.993,1.283,1,1,8.100,2,3,2,4.800,1
-2.132,-1.359,-1.071,0,0,7.500,0,1,1,3.700,0
0.193,1.227,1.059,1,1,8.200,1,3,2,4.300,1
-1.888,-1.263,-0.959,0,0,7.500,1,1,0,3.400,0
-1.031,-1.071,-0.959,0,1,7.600,0,1,0,4.000,0
-1.276,-1.071,-0.511,0,0,7.600,1,1,1,4.300,0
1.295,1.514,0.835,1,1,8.500,2,3,2,4.700,1
1.295,1.514,0.498,1,1,8.000,2,3,0,4.500,1
-0.174,0.078,-0.062,1,1,7.200,1,2,3,4.500,0
-1.520,0.652,-0.959,1,1,6.500,0,1,0,3.900,0
-1.153,-0.784,-0.286,0,1,7.400,1,1,0,3.700,0
-1.765,-0.688,-1.295,0,0,7.000,1,1,0,3.800,0
-1.765,1.323,-0.286,0,0,6.600,1,2,0,4.200,0
1.295,1.323,0.947,1,1,8.300,1,3,2,4.800,1
-1.520,-0.688,-1.183,0,0,7.400,0,1,1,3.400,0
0.316,-1.359,1.171,0,1,7.300,0,1,0,3.800,0
-1.765,-1.263,-0.847,1,0,7.800,0,2,1,4.300,1
-0.664,1.227,0.835,1,1,8.300,1,3,2,4.400,1
0.071,-0.880,-0.398,0,0,7.600,0,1,0,3.900,0
1.295,1.131,0.947,1,1,8.100,2,3,2,4.700,1
0.560,0.174,1.171,1,1,7.900,1,1,1,4.500,1
0.928,1.036,0.835,1,1,8.400,2,3,1,4.700,1
-0.664,-1.359,-0.623,1,1,6.700,1,1,0,4.400,0
0.193,0.557,0.835,0,1,6.500,1,2,1,3.900,0
-0.664,-1.359,-0.286,0,0,7.200,1,2,1,3.700,0
-1.643,-1.071,0.162,0,1,7.500,1,2,1,4.000,0
1.295,1.036,1.283,1,1,7.700,1,3,2,4.000,1
0.193,0.748,-0.847,0,1,8.100,0,3,0,4.500,1
0.438,0.748,0.947,1,1,8.200,2,3,0,4.500,1
0.683,0.461,0.835,1,1,7.700,2,3,1,4.200,0
0.683,-1.359,-0.174,0,1,8.100,1,3,2,4.800,1
1.172,0.174,1.507,1,1,6.600,1,3,2,4.500,1
1.172,0.940,0.611,1,1,8.500,2,3,0,4.800,1
1.295,1.036,1.507,1,1,8.400,2,3,2,4.600,1
-0.908,0.269,-0.847,0,0,7.600,1,1,0,3.800,0
0.193,1.514,0.611,1,0,8.200,2,3,0,4.800,1
0.071,-1.359,-0.847,0,0,7.300,1,1,1,4.700,0
1.172,1.131,0.947,0,1,8.000,2,3,2,3.700,1
-0.174,-0.688,-0.735,0,1,6.500,1,2,1,3.900,0
1.295,1.993,1.059,1,0,8.300,0,3,2,4.800,1
0.438,1.323,0.498,1,1,8.000,0,3,1,4.400,1
1.295,0.269,1.395,1,1,8.500,2,3,2,4.800,1
1.295,1.323,0.835,1,1,8.300,1,3,0,4.800,1
-0.052,0.748,-0.286,0,1,7.500,0,1,0,3.600,0
0.683,1.993,1.059,1,1,7.900,2,3,2,4.700,1
-0.908,0.461,-1.071,0,1,7.000,1,1,0,4.400,0
-1.153,-0.688,-1.183,0,0,8.000,1,1,0,4.300,0
-0.664,0.461,1.171,0,1,7.600,1,2,1,4.600,1
-0.908,-1.359,-0.735,0,0,6.500,1,1,0,3.800,0
0.928,1.323,1.395,1,0,8.400,2,3,2,4.600,1
0.805,1.036,1.283,1,1,8.100,2,3,2,4.500,0
1.295,-0.209,0.162,0,0,8.100,2,3,2,4.700,0
1.295,1.323,1.171,1,1,8.300,2,3,2,4.800,1
-0.908,0.269,1.171,0,1,8.300,2,3,0,3.600,0
-1.153,0.461,1.171,1,1,6.500,1,2,1,3.900,0
-1.520,-1.167,-0.398,0,1,6.500,1,2,0,4.100,0
0.438,-1.167,-1.183,0,0,6.800,1,2,0,4.300,0
-0.174,-1.263,-0.511,0,0,7.300,0,1,0,3.600,0
1.050,0.748,-0.735,1,1,8.300,1,3,2,4.800,1
-0.908,0.748,-0.623,0,1,6.700,2,1,2,4.500,0
0.928,1.131,1.507,1,1,8.300,1,2,2,4.300,1
-0.664,1.227,-0.511,1,1,6.500,0,2,2,4.300,0
-0.052,0.748,0.723,0,1,8.200,1,3,1,4.400,0
1.295,0.940,0.947,1,1,7.700,2,2,2,4.800,1
-2.255,-1.167,-1.407,1,1,6.800,0,1,1,3.500,0
-0.174,0.078,0.835,1,1,8.200,1,2,2,4.100,0
1.295,1.036,1.507,1,1,7.800,1,3,2,4.800,1
-0.296,-1.359,-0.959,1,1,7.300,1,3,0,4.500,0
-0.664,-0.784,-1.520,0,1,7.600,1,1,0,4.200,0
0.193,0.174,1.507,1,1,7.500,1,2,0,4.000,1
0.683,0.940,1.171,1,1,6.600,2,3,2,4.800,1
0.438,0.269,-0.286,1,0,6.500,1,1,1,3.800,1
-0.296,-1.071,-1.295,1,1,7.500,1,2,0,4.200,0
0.193,-1.359,-1.183,0,1,6.500,1,1,1,4.800,0
-1.276,0.652,-1.071,1,1,7.000,1,1,1,4.000,0
0.071,0.652,1.283,1,1,7.700,1,3,0,4.800,1
1.295,0.269,0.835,1,1,8.200,2,3,2,4.800,1
-0.786,-0.114,-1.183,0,1,7.600,1,1,0,4.300,0
1.172,0.844,1.395,1,1,8.500,2,3,0,4.200,1
-1.031,-1.359,-1.071,1,1,8.200,1,1,0,3.600,0
-1.765,-1.359,-1.407,0,0,7.600,0,1,1,4.100,0
-0.296,0.940,1.395,1,1,7.800,2,3,0,4.800,0
-0.052,0.557,1.283,1,1,8.600,2,3,2,4.800,1
1.295,0.748,1.507,1,1,8.500,2,3,2,4.800,1
-1.153,-1.167,-0.286,0,0,7.100,1,2,0,4.000,0
0.316,0.461,1.283,0,1,8.400,1,3,0,4.100,0
0.805,0.174,-0.062,1,1,7.700,2,3,2,4.400,1
-1.398,0.844,-0.623,1,1,7.500,1,3,2,3.600,1
-0.786,0.269,-0.174,1,0,7.600,1,3,1,3.900,1
0.683,0.461,0.723,1,1,7.600,0,2,1,4.300,1
-0.786,-1.263,-0.959,0,1,7.600,1,2,0,4.400,1
1.295,0.557,0.611,1,1,8.400,2,3,2,4.500,1
1.172,0.078,0.947,1,1,8.500,0,2,0,4.500,0
0.438,-1.263,-0.735,0,1,7.300,1,1,1,3.800,0
-0.786,-1.071,-1.183,0,1,7.700,1,1,1,3.700,0
1.295,0.461,1.507,1,1,8.800,2,3,2,4.800,1
-0.419,-0.784,0.947,1,1,7.700,1,3,2,4.400,0
0.438,0.748,0.498,1,1,8.400,2,3,1,4.400,0
0.438,-0.401,0.611,1,0,8.300,1,3,1,4.800,0
1.050,-0.114,0.274,0,1,8.200,1,1,1,4.800,1
1.295,0.461,1.507,1,1,8.400,2,3,2,4.400,1
0.560,0.652,0.611,1,1,7.800,2,3,2,4.100,1
-1.153,-0.592,-0.174,0,1,7.500,1,1,1,3.800,0
1.295,0.748,0.611,1,1,8.300,1,1,0,4.300,0
0.316,1.706,-0.735,1,1,8.600,1,3,0,4.800,0
0.560,1.419,0.162,1,1,7.400,1,3,3,4.600,1
0.560,0.365,1.171,1,1,8.600,1,3,3,4.500,1
0.193,-0.114,1.171,1,1,8.200,0,3,0,4.200,1
-0.419,-0.401,-1.295,0,0,6.600,1,1,1,4.500,1
1.050,1.419,0.162,1,1,8.400,2,3,2,4.600,1
0.928,0.461,0.611,1,1,8.300,2,3,2,4.800,0
0.438,-1.071,-0.062,0,0,7.500,1,2,2,3.100,0
0.683,0.844,0.611,1,1,8.600,0,3,2,4.700,1
-1.520,-0.209,-1.071,1,0,6.900,0,1,0,3.900,0
0.316,0.365,1.059,0,0,7.500,1,2,0,3.700,0
1.050,0.078,1.507,1,0,8.200,2,3,2,4.300,1
-2.377,-1.167,-0.511,0,0,7.700,1,1,0,4.300,0
1.295,1.514,1.171,0,1,6.900,2,2,2,4.800,1
-1.398,-1.359,-0.847,1,1,7.500,1,1,0,4.100,0
0.193,-0.497,-0.511,0,0,7.800,1,3,0,4.300,0
-0.541,1.227,1.395,1,1,7.600,0,3,3,4.300,1
1.050,0.557,0.947,1,1,8.500,1,3,3,4.400,1
1.295,1.323,1.507,1,1,8.100,2,3,3,4.500,1
1.295,1.131,1.507,1,1,8.100,1,3,2,4.600,1
0.193,-1.359,-0.511,0,1,8.200,1,2,0,4.800,0
1.295,0.940,0.723,1,1,8.500,2,3,2,4.600,1
-1.888,0.078,-1.183,0,1,7.500,1,2,1,4.200,0
-0.664,-0.209,-0.735,1,1,7.400,2,1,0,4.500,0
-1.153,-0.592,-0.847,1,0,8.500,1,0,2,4.200,0
-0.174,-1.359,-1.407,0,0,6.500,1,2,1,3.800,0
-1.276,-1.167,-0.398,0,0,7.800,0,1,1,4.200,0
-0.664,-1.359,-0.735,0,1,6.700,1,1,0,4.100,0
-1.520,-1.359,-0.847,0,1,7.500,1,2,1,3.300,0
-0.296,-0.592,0.498,1,0,8.400,0,3,2,4.600,1
-0.908,0.174,-0.286,0,1,7.600,0,1,1,3.700,0
-0.541,0.652,-0.511,1,1,8.300,1,3,0,4.600,1
-0.296,-1.359,-1.520,0,0,7.600,1,1,1,3.900,0
1.295,1.419,0.498,1,1,8.400,2,3,2,4.800,1
0.071,1.419,-0.847,1,1,7.600,1,3,0,4.300,0
-1.276,0.269,-1.295,0,1,7.700,1,1,2,4.700,0
-0.541,-0.975,-1.407,0,1,7.600,1,1,1,3.600,0
1.295,0.078,1.507,1,1,8.400,2,3,0,4.800,1
1.295,1.706,1.507,1,1,8.200,2,3,2,4.800,1
1.295,1.036,0.835,1,1,8.500,2,3,2,4.800,1
0.438,-0.975,0.723,1,1,7.400,1,2,3,4.700,1
1.295,0.748,1.283,1,1,8.700,2,3,2,4.800,1
-2.377,-1.359,-0.623,0,0,7.500,1,1,0,3.900,0
0.805,0.844,1.283,1,1,9.000,0,2,2,4.500,1
-0.174,0.652,0.274,1,1,7.600,0,1,0,4.300,1
0.316,-0.305,-0.398,1,1,7.500,0,2,1,4.800,1
0.805,-0.688,0.947,1,1,8.000,2,3,2,4.800,1
0.071,-1.359,-1.183,1,0,6.800,0,2,0,4.300,1
0.560,-1.359,-1.071,0,1,8.700,2,3,0,4.200,0
1.295,1.993,1.171,1,1,8.100,1,3,2,4.800,1
0.438,0.940,-0.735,0,0,6.700,2,3,2,4.000,1
0.560,-0.401,1.507,1,1,8.700,1,2,0,4.400,1
1.295,1.036,1.283,1,1,8.300,1,3,2,4.800,1
-0.786,1.323,1.395,1,1,7.600,2,2,0,4.400,1
-1.765,-1.263,-0.735,1,0,8.100,2,2,1,4.800,0
-2.255,-0.688,-1.183,0,0,7.400,0,1,1,3.800,0
0.438,0.748,0.947,1,1,8.700,2,3,2,4.000,1
1.295,1.897,0.947,1,1,8.700,0,3,1,4.600,1
-0.541,1.036,-0.398,0,1,7.300,1,2,0,3.900,0
-0.174,-1.167,-0.511,1,1,8.500,1,2,2,4.800,0
-1.888,-0.975,-1.295,1,0,6.600,0,2,0,4.600,0
-0.296,-1.359,-1.183,0,1,6.900,1,2,2,4.000,0
-0.296,0.269,-0.735,1,1,8.300,2,1,1,4.100,0
1.050,1.706,1.507,1,1,8.500,1,3,2,4.200,1
-0.052,0.652,-0.286,0,1,7.600,0,2,0,4.600,0
-1.031,-0.497,-0.286,0,1,7.600,1,1,0,3.300,0
-0.174,0.174,-1.183,0,1,7.600,0,1,0,4.300,0
-0.541,-0.784,-0.286,0,0,6.600,1,1,1,3.600,1
-1.398,-0.880,-1.632,1,0,6.500,1,1,1,4.400,0
-1.520,-1.359,-1.632,1,0,7.500,0,1,1,3.600,0
-1.398,-0.880,-1.071,0,0,6.600,0,1,2,4.100,0
1.295,0.748,1.507,1,1,8.700,2,3,2,4.700,1
1.295,1.227,-0.174,1,1,7.700,1,3,2,4.700,1
-0.541,0.844,1.283,0,0,7.400,1,3,0,4.600,0
1.295,1.323,1.507,1,1,8.100,2,3,0,4.800,1
-1.153,-1.263,-0.398,0,0,7.400,1,1,1,3.800,0
-1.520,-1.167,-0.847,0,0,7.500,1,1,0,4.100,0
-0.174,0.652,-0.623,0,0,7.500,1,1,1,4.200,0
-0.419,-0.784,-0.847,0,0,6.900,0,1,1,3.800,0
0.193,1.897,1.283,1,0,7.900,2,3,0,3.600,1
-1.643,-1.359,-0.959,0,1,6.700,0,1,0,3.700,1
-0.296,-1.359,-1.071,0,1,7.600,1,1,1,4.000,0
0.071,0.365,0.611,1,1,8.600,1,2,2,4.800,0
-0.664,-1.359,-1.744,0,1,6.500,1,2,0,4.100,0
-1.276,-1.359,0.050,0,0,6.500,0,1,1,3.900,0
1.295,1.036,0.947,1,1,7.700,2,3,2,4.800,1
0.438,-0.401,1.059,1,1,8.500,2,1,2,4.300,0
-0.419,-1.359,-1.071,1,1,6.500,1,1,0,4.500,1
0.928,1.036,0.947,1,1,8.600,2,2,2,4.800,1
-2.132,-1.071,-1.071,0,1,6.500,1,1,1,3.800,0
-0.296,-0.688,-1.632,1,1,7.100,1,3,1,4.200,0
-1.520,-1.359,-1.183,0,0,7.600,1,1,0,3.800,0
0.928,1.227,0.947,1,0,8.000,2,2,2,4.800,1
0.071,0.844,1.283,1,1,8.000,2,3,3,4.800,0
-0.541,-0.880,-1.183,0,0,7.400,1,1,0,4.300,0
0.928,1.131,0.947,1,1,8.400,0,3,2,4.800,1
-0.786,-0.592,-0.847,0,1,7.800,1,2,0,3.500,0
1.295,0.557,1.283,1,0,7.900,0,3,0,4.400,1
0.193,1.227,0.947,1,1,7.600,1,2,0,4.700,0
-0.664,0.844,-0.623,1,1,8.100,1,1,1,4.500,0
-0.786,-0.401,0.050,0,1,7.700,1,2,0,4.000,1
1.295,0.940,1.283,1,1,8.400,2,3,2,4.800,1
-1.520,-0.880,-0.174,0,1,7.400,1,1,0,4.100,0
0.193,-0.592,-0.398,0,0,7.800,1,2,0,3.900,0
-2.132,-1.071,-1.407,0,1,6.600,1,2,1,3.400,0
-1.153,-0.592,-0.623,0,1,7.600,0,2,0,3.800,0
-0.052,1.323,1.171,1,1,8.300,2,3,2,4.400,1
-0.052,0.078,0.835,1,1,7.600,1,2,2,4.300,1
-1.888,-1.359,-0.398,0,0,7.500,1,1,1,4.300,0
1.295,0.174,1.171,0,1,8.200,2,2,0,4.200,1
0.805,0.557,1.059,1,1,8.200,0,3,2,3.900,0
0.683,-0.880,0.274,0,1,6.500,0,1,1,4.200,1
0.316,1.419,0.611,1,0,7.600,0,3,0,4.400,0
-2.377,-1.359,-1.295,0,0,7.400,1,1,0,3.800,0
-1.276,-1.167,-0.398,0,1,6.800,1,2,0,3.700,0
0.928,-0.784,1.171,1,1,7.600,1,2,1,3.800,0
-1.031,-0.880,-0.286,0,0,7.500,0,1,0,4.100,0
0.071,0.652,0.611,1,1,8.400,0,2,2,3.900,1
-0.908,-0.975,-1.407,0,0,8.400,1,1,0,3.800,0
0.071,-0.880,-0.959,1,1,6.500,0,1,1,3.400,0
0.193,-1.359,-0.623,1,1,6.500,0,2,1,4.800,0
0.071,0.174,-1.071,0,0,8.400,1,1,2,4.800,1
-2.255,-1.359,-1.183,0,0,7.900,0,1,1,4.400,0
0.805,0.365,0.835,1,1,6.900,2,3,3,4.800,1
-1.520,-1.359,-0.735,0,1,7.500,1,2,1,3.800,0
0.316,0.365,1.283,1,1,8.700,0,1,2,4.500,1
-0.664,0.269,1.507,1,1,7.700,1,1,1,4.500,1
0.193,0.078,1.171,1,1,6.600,1,2,0,4.800,0
0.316,0.557,-0.398,0,1,7.800,1,1,0,4.200,0
0.316,1.227,0.947,1,0,8.100,0,3,2,4.800,1
-1.031,-1.263,-0.959,0,1,8.200,1,1,0,4.000,0
0.316,0.365,0.835,1,0,8.000,0,3,2,4.800,1
-0.419,1.227,0.835,0,1,8.200,1,1,0,4.800,1
0.683,0.844,-0.623,1,0,8.400,2,3,2,4.100,1
0.438,0.174,0.723,1,1,8.400,1,3,2,4.800,0
-0.296,0.174,-0.847,0,0,7.400,1,1,0,4.000,0
-0.908,-1.071,-0.398,1,1,6.900,2,2,2,3.700,0
-0.664,-0.880,-0.735,0,1,7.600,1,1,0,4.000,0
1.295,0.557,-0.398,0,1,7.700,1,1,1,4.100,1
-0.296,-1.167,-0.623,1,0,7.800,2,2,2,4.200,0
-1.153,-0.784,1.171,1,1,6.700,0,1,0,4.700,1
1.050,0.365,0.947,1,1,8.900,2,3,2,4.800,0
1.172,1.610,1.171,1,1,8.800,2,2,2,4.800,0
-0.908,1.706,0.611,1,1,6.500,0,3,2,4.100,1
0.683,0.940,1.283,1,1,8.200,1,3,2,4.600,1
1.295,1.419,1.507,1,1,8.300,2,3,2,4.800,1
0.928,0.078,-0.623,1,1,8.000,1,2,2,4.600,1
0.560,0.652,0.947,1,1,8.000,2,3,0,4.600,1
1.050,0.748,0.723,1,1,8.300,2,3,0,4.800,0
0.805,-1.167,0.835,1,1,8.400,2,1,0,4.600,0
0.928,1.514,0.947,1,1,8.500,2,3,2,4.100,1
-1.398,-0.784,-0.735,0,1,7.600,1,1,1,4.000,0
-1.398,-0.975,-0.735,0,1,8.100,1,3,1,4.700,0
1.295,1.323,1.395,1,1,8.200,2,3,2,4.800,1
0.805,0.844,0.947,1,0,8.100,2,1,3,4.700,1
1.295,0.078,0.947,1,1,7.900,2,3,2,4.800,1
-1.276,-1.359,-1.071,0,1,6.500,1,1,0,4.000,0
-0.419,0.461,0.835,1,1,7.600,1,2,1,4.300,1
-0.296,-1.167,-0.959,1,1,8.500,1,1,1,4.500,0
1.295,1.036,-0.623,1,1,8.000,2,3,0,4.800,1
1.295,0.940,1.395,1,1,7.800,2,3,2,4.800,1
1.172,0.269,1.059,0,1,7.800,1,3,0,4.000,1
-0.419,-0.305,-0.623,0,1,7.600,1,1,0,4.300,0
-0.419,-0.401,-0.847,0,0,6.500,1,1,0,4.400,0
-2.377,-0.497,-0.959,0,0,6.500,0,1,0,3.900,0
-1.153,-1.167,-0.959,0,1,7.700,0,2,0,3.600,0
0.316,-1.071,-1.407,0,0,7.400,1,2,1,4.000,0
0.071,-0.688,-1.071,0,1,7.300,0,1,1,3.600,0
1.295,0.461,1.059,1,1,8.400,2,3,2,4.700,1
1.295,0.652,0.947,1,1,8.200,2,3,0,4.800,1
-0.664,-1.359,-1.295,0,0,7.500,2,1,0,4.600,0
-1.153,-0.018,0.835,1,1,8.200,1,2,1,4.400,1
-0.296,-1.359,-0.398,0,1,8.000,1,1,1,4.700,0
0.683,1.323,1.283,1,1,8.700,1,3,2,4.100,0
-1.276,-0.784,-1.183,0,1,6.600,1,1,0,3.800,0
-0.174,-1.359,-1.071,0,0,6.700,0,1,0,3.000,0
1.295,1.419,1.507,1,1,8.100,1,3,2,4.800,1
0.560,0.844,1.059,1,1,8.100,2,3,2,4.600,1
-2.010,-0.305,-0.959,0,0,7.200,0,1,0,3.800,0
-1.031,-0.688,0.611,1,1,8.400,2,2,2,3.800,1
1.050,0.461,1.507,1,1,8.500,1,3,2,4.700,1
1.295,0.078,1.171,1,0,8.200,1,2,2,4.800,0
0.683,1.706,0.498,1,0,8.100,0,3,2,4.700,0
-0.174,0.844,-0.959,0,1,8.300,0,2,0,4.500,1
-1.276,-0.880,0.947,1,1,7.400,1,1,0,4.300,1
-1.398,0.174,-0.959,1,1,7.700,0,2,0,4.400,0
-0.419,-1.359,-0.959,0,0,7.500,1,1,1,3.900,0
-1.888,-1.359,-1.744,0,0,7.600,1,1,0,3.400,0
1.295,0.557,1.171,1,1,8.200,2,3,2,4.800,0
-1.276,-1.359,-0.623,0,0,7.600,0,1,1,3.900,0
1.050,0.748,-0.623,1,1,6.500,1,2,2,4.700,1
-0.296,-1.359,-1.183,0,1,7.400,1,2,1,4.300,0
-0.052,-1.071,1.395,1,1,8.300,2,1,2,4.200,1
1.295,0.557,0.835,1,1,8.000,1,3,2,4.800,1
1.295,-0.114,1.395,1,1,8.500,2,3,2,4.800,1
1.295,0.365,0.611,1,1,8.800,2,3,2,4.800,1
1.295,-1.359,-0.847,0,0,6.900,1,1,1,3.900,0
-2.377,-1.359,-0.511,0,0,6.500,1,2,0,4.300,0
-0.908,-1.359,-0.735,0,0,7.900,1,1,0,3.600,0
0.071,1.131,0.947,1,1,7.700,1,1,2,4.500,0
0.560,-1.359,0.050,0,1,7.300,1,1,0,4.500,0
0.683,1.514,0.947,1,0,8.500,2,3,2,4.700,1
1.050,0.940,1.283,1,1,7.600,2,2,1,4.600,0
0.928,0.748,0.947,1,1,8.200,0,3,0,4.800,1
-1.153,-1.359,-0.735,0,1,7.000,1,1,1,3.300,0
0.193,-0.880,-0.735,0,1,6.500,0,2,0,3.700,1
-2.255,-0.688,-0.623,1,1,7.400,1,2,1,4.400,1
0.438,1.802,0.611,1,1,8.700,2,3,2,4.800,0
0.438,0.940,-0.174,1,0,8.500,0,1,2,4.200,1
-0.908,-0.592,-0.286,0,1,7.400,1,1,0,3.600,0
0.071,-0.975,0.050,0,1,7.600,1,1,1,3.600,0
1.295,0.940,0.835,1,1,8.500,0,3,0,4.800,1
-2.255,-1.263,-0.735,0,0,7.800,0,1,0,4.000,0
0.071,0.940,1.059,1,1,8.200,2,3,2,4.800,1
1.172,1.514,1.059,1,1,8.300,0,3,2,4.500,1
0.316,1.610,0.723,1,1,6.800,2,3,0,4.700,1
1.295,0.557,0.835,1,1,8.100,1,3,2,4.600,1
0.805,0.748,1.283,1,1,8.600,2,3,2,4.300,1
0.438,0.940,-0.398,0,1,7.400,2,3,2,4.200,0
0.193,-1.359,-1.407,0,1,8.200,1,2,0,4.400,0
-0.174,1.131,0.386,1,1,8.100,0,2,3,4.100,1
0.560,-1.359,1.283,1,1,8.300,2,3,0,3.900,1
-0.419,1.227,-0.623,1,1,6.600,1,2,1,4.100,0
0.316,-1.071,-0.623,1,1,7.500,0,1,0,4.100,0
-0.052,-0.592,-0.174,0,0,7.400,0,1,0,4.300,0
0.560,1.610,-1.071,0,0,8.100,0,3,0,3.300,0
-0.541,-0.018,-1.407,0,0,6.500,0,3,1,4.300,1
-0.419,-1.359,-0.286,0,1,7.400,1,2,0,4.500,0
1.295,-1.359,0.611,1,1,8.400,2,3,2,4.600,1
1.295,1.131,1.283,1,1,8.700,2,3,2,4.800,1
1.050,0.557,0.611,0,0,8.000,2,2,2,4.400,0
-0.296,-0.401,-0.847,1,1,7.800,1,2,1,4.200,0
-0.419,-0.401,-1.407,0,1,8.300,1,1,1,4.200,0
-0.174,0.174,1.059,1,1,7.700,1,2,3,4.200,0
0.805,1.227,-1.407,1,1,7.900,1,2,1,4.600,1
0.805,0.269,0.947,1,1,8.400,2,2,2,4.800,1
-0.174,0.940,-0.623,0,1,7.500,0,3,0,4.200,1
-0.174,-1.359,-0.847,0,0,7.500,1,1,0,4.100,0
0.193,-0.305,1.507,1,1,7.400,2,2,1,4.400,1
1.295,0.940,0.611,1,1,8.700,1,3,2,4.700,1
0.438,-0.018,0.947,1,0,8.400,1,1,1,4.800,1
1.295,0.269,1.171,1,1,8.400,1,3,2,4.800,0
0.316,1.514,1.283,1,1,8.600,1,3,2,4.800,1
-1.031,-0.114,0.723,1,1,8.400,1,2,0,4.500,1
1.050,-0.114,0.835,1,1,8.300,2,3,2,4.800,1
0.193,0.461,-1.071,1,1,7.400,2,2,0,4.700,0
-0.174,0.557,-1.071,0,1,7.700,1,2,0,4.500,0
-1.031,-0.975,-1.968,0,0,7.300,1,2,1,4.700,0
-0.664,1.419,-0.847,0,0,7.700,1,1,0,4.500,0
0.438,-1.359,1.507,1,1,8.300,1,2,2,4.200,1
0.805,1.993,0.611,1,1,8.400,2,3,1,4.700,1
-1.398,0.940,-0.511,1,0,6.700,1,2,2,4.100,0
-0.664,-1.263,-0.174,0,0,6.500,1,1,1,4.000,0
-0.174,0.940,1.283,0,1,7.300,0,1,0,3.700,0
-0.296,-1.359,-0.062,0,0,7.500,1,2,0,4.300,0
0.560,0.174,0.611,1,1,8.300,1,3,0,4.600,1
-0.174,-1.359,-0.623,1,1,7.600,1,1,1,4.000,0
-0.908,-1.359,-0.623,0,0,6.800,0,1,0,4.200,0
-0.296,-0.880,-0.286,0,1,7.700,0,1,1,4.300,0
1.172,1.610,1.171,1,1,8.300,0,3,2,4.800,1
-0.052,-1.071,-0.286,0,0,7.700,0,2,0,4.000,0
1.295,1.897,0.386,1,1,8.200,2,3,2,4.700,1
1.295,0.365,0.723,1,0,7.600,1,3,2,4.400,1
1.295,1.610,0.723,1,1,8.200,2,3,2,4.500,1
-1.276,-1.359,-1.295,0,0,6.800,1,1,0,4.000,0
1.295,-0.018,-0.174,1,0,8.200,2,3,2,4.800,1
-0.174,-0.784,-0.847,0,1,6.500,2,1,1,3.500,0
0.805,-1.359,-0.398,0,1,8.300,1,1,0,4.200,1
-0.664,0.940,1.283,1,1,8.100,1,2,2,4.400,1
-1.520,-1.359,-0.847,0,0,6.600,1,1,2,4.000,0
-0.174,-0.688,-0.847,1,1,8.100,2,1,3,4.200,1
0.805,0.174,1.507,1,1,8.900,2,3,2,4.700,1
0.193,1.131,1.283,1,1,8.000,1,3,2,4.000,1
-1.276,-1.167,-1.071,0,1,7.000,1,2,0,4.700,1
0.316,-0.592,-1.295,0,0,7.500,1,2,1,4.000,0
1.295,0.652,0.274,1,1,8.200,0,3,1,3.800,0
1.295,1.802,0.947,1,1,7.900,0,3,2,4.400,1
-2.010,0.557,-0.959,0,1,7.500,0,2,1,3.500,0
-1.153,-1.263,-1.295,0,0,8.000,0,1,0,3.600,0
-0.052,0.940,-0.398,0,1,7.400,1,2,0,4.200,1
-1.031,-1.359,-0.398,1,1,6.600,1,1,1,4.200,0
1.172,-0.114,0.947,1,1,8.500,2,2,2,4.800,1
0.805,0.940,1.507,1,1,8.600,1,3,2,4.500,1
1.295,1.323,1.171,1,1,8.500,2,3,2,4.800,1
-0.174,0.940,1.171,1,1,9.000,1,3,2,4.800,1
-0.908,0.461,0.274,1,0,7.600,2,3,3,4.000,0
-0.052,0.269,-0.511,0,1,6.500,0,2,0,3.600,0
-0.296,0.174,0.611,1,1,8.200,1,2,1,4.500,0
-0.174,0.557,0.835,1,1,7.500,1,3,0,4.500,0
-0.541,-0.975,-0.398,0,1,7.700,1,1,0,3.600,0
-0.664,0.174,0.611,1,1,7.500,0,1,0,4.500,0
0.438,0.557,0.050,1,1,8.100,1,2,0,4.600,0
0.316,-0.018,0.947,1,1,8.100,1,3,0,4.400,0
-0.786,-0.592,-1.407,0,1,6.700,0,2,1,4.200,0
-0.296,0.461,-1.520,1,1,7.700,1,1,1,4.100,0
-1.153,-1.263,-0.735,0,1,6.700,1,1,0,3.700,0
-1.276,-1.071,-1.632,1,1,7.300,1,1,0,3.900,0
0.071,-1.359,-0.847,0,0,7.700,1,1,0,3.300,0
-0.052,-1.071,-0.511,0,0,7.500,1,1,0,4.300,0
-0.174,0.269,1.283,1,1,7.500,1,3,2,4.600,1
0.683,-0.975,-1.183,1,1,7.900,1,2,0,4.100,0
-1.153,-1.359,-0.174,1,1,7.700,1,1,0,4.800,0
-1.153,0.174,-0.847,1,1,7.500,2,2,3,4.200,1
-1.153,-1.071,-1.295,0,1,7.400,1,2,0,4.400,0
-0.664,-0.880,-0.174,1,0,8.400,2,2,0,4.300,1
-1.643,-0.880,0.611,0,1,7.700,1,2,1,3.400,0
-0.052,-0.114,-0.959,0,0,8.100,0,2,1,4.400,1
0.928,1.131,1.507,1,1,7.200,1,3,2,4.800,1
0.928,0.844,-0.511,0,0,8.400,1,1,2,4.100,0
1.295,0.652,1.171,1,1,8.200,0,3,2,4.700,1
0.560,-1.359,-0.959,1,1,8.500,1,3,1,4.300,0
-0.174,-1.071,-0.174,0,1,8.500,1,1,2,4.500,0
1.295,0.365,1.507,1,1,8.400,2,3,2,4.700,1
-0.052,0.557,-0.286,0,1,7.600,1,2,1,4.300,0
-0.908,-1.167,-1.071,0,1,7.500,0,1,0,3.700,0
1.172,-0.592,1.395,1,1,8.700,2,3,2,4.500,1
-1.153,-0.114,-1.183,0,0,7.400,1,1,0,3.100,0
1.295,-0.114,0.835,1,1,8.300,1,3,2,4.500,1
1.295,1.036,1.507,1,1,8.200,2,3,2,4.800,1
1.295,1.227,1.059,1,1,7.900,2,3,2,4.800,1
0.560,-0.114,0.723,1,1,6.500,1,1,1,4.000,1
0.071,0.461,1.283,1,1,7.900,1,1,0,4.400,0
0.560,-0.688,0.386,1,1,8.600,0,3,0,4.800,1
0.193,0.652,0.947,1,1,8.300,2,1,0,4.100,0
1.295,1.514,1.507,0,1,8.000,1,3,2,4.800,1
-0.908,-0.880,-0.398,0,0,8.300,0,1,1,3.500,0
-1.398,-0.688,-0.623,1,0,7.500,1,1,1,4.400,0
1.295,0.365,-1.968,0,1,6.800,1,1,0,4.500,0
1.295,1.514,1.283,1,1,8.300,1,3,2,4.800,1
-0.541,0.844,-1.407,1,0,6.500,1,3,2,4.700,0
0.683,-0.401,0.835,1,1,8.300,1,3,1,4.300,0
-0.296,-0.880,0.274,0,0,6.800,2,1,0,4.000,0
-1.031,-1.359,-1.520,1,1,8.300,1,2,1,4.000,0
-0.664,-0.975,-0.735,0,0,6.500,1,2,1,3.200,0
-0.052,0.748,0.723,1,0,8.400,1,2,2,4.200,0
0.438,0.652,-0.847,1,1,8.300,1,1,2,4.000,1
-0.908,-0.975,-1.071,0,1,7.600,1,2,0,4.200,1
0.928,1.993,0.947,1,0,7.800,2,3,2,4.800,0
0.193,0.652,1.283,1,1,8.300,1,3,2,4.700,0
-0.541,0.174,1.171,1,1,7.900,1,2,2,4.600,0
-0.052,-0.401,-0.511,1,1,7.800,0,2,0,4.300,1
-1.888,1.227,-1.183,0,1,6.700,1,2,1,3.800,0
1.295,0.078,1.059,1,1,8.200,2,3,2,4.800,1
1.295,1.131,0.498,1,1,7.900,1,3,0,4.600,1
-0.419,0.844,-1.520,1,1,8.000,2,3,3,4.100,0
1.295,1.036,0.611,1,1,7.300,0,3,2,4.100,1
-1.398,-1.359,-1.183,0,0,6.500,1,1,1,3.700,0
0.316,-1.167,-0.511,0,1,6.500,1,1,1,3.900,0
0.438,0.652,1.283,1,1,8.300,2,3,2,4.200,0
0.193,0.269,-0.398,1,1,8.000,1,3,0,4.300,0
-1.398,-1.167,-0.286,0,0,6.600,1,1,0,4.600,0
-0.052,0.652,0.498,1,1,8.200,0,2,2,4.000,1
0.805,-1.359,-0.511,1,1,7.200,0,2,1,4.200,0
-0.908,-1.359,-0.286,0,1,6.700,0,1,1,4.500,1
-1.031,-0.114,-0.959,1,1,7.400,1,1,1,4.400,0
-0.174,0.269,1.059,0,1,7.500,1,3,0,3.600,0
1.050,0.844,0.947,1,1,8.000,0,3,0,4.400,0
-0.541,-0.497,-0.511,0,0,7.000,1,1,1,4.800,0
0.928,1.993,0.947,1,0,8.100,0,3,2,4.800,1
0.071,-0.497,-0.623,0,1,6.500,1,1,0,3.800,0
-2.377,-0.688,-0.847,0,0,7.600,1,1,0,4.200,0
-0.664,0.940,1.395,1,1,7.700,1,1,0,4.000,1
0.193,1.897,1.171,1,0,8.300,2,3,2,4.700,1
1.295,-1.071,0.386,1,1,7.800,1,3,2,4.800,1
-1.398,-0.497,-1.183,0,0,6.900,2,3,1,3.700,0
1.295,-0.114,0.835,1,1,8.200,2,3,0,4.800,1
0.683,0.557,1.507,1,1,8.400,2,3,2,4.700,0
-2.255,0.078,-1.071,0,1,7.000,1,2,1,4.000,0
-2.255,-0.880,-0.398,0,0,7.800,0,1,0,3.800,0
1.295,0.652,1.507,1,1,8.100,2,2,0,4.800,0
-0.541,1.131,-0.959,1,1,7.600,1,3,1,3.900,1
-0.664,-1.071,-0.847,1,1,7.500,1,1,0,3.700,1
0.071,0.557,-0.847,0,1,6.800,1,3,0,4.400,0
0.193,-0.880,-0.511,1,1,8.200,1,1,0,4.300,1
-1.398,-1.359,-0.062,0,1,7.400,0,1,1,4.100,0
1.050,1.036,0.723,1,1,8.600,1,3,1,4.800,1
1.172,0.748,0.947,1,1,8.700,2,3,2,4.800,1
-1.031,-1.263,-0.174,0,1,7.000,1,1,0,4.100,0
-1.643,-1.359,-0.511,0,1,7.400,1,1,1,3.500,0
0.928,-0.497,-0.286,1,1,7.000,1,3,2,3.900,0
1.050,1.514,0.947,1,1,8.600,0,3,2,4.800,1
0.683,-1.359,-0.174,0,0,6.500,2,3,0,4.000,0
0.805,-0.209,-0.174,1,1,6.700,0,3,2,4.800,1
-1.643,-0.209,-0.847,1,0,7.200,1,1,1,3.800,0
1.050,0.365,1.283,0,0,8.500,2,3,2,4.300,0
-0.541,-0.114,1.059,1,1,8.200,2,1,1,3.700,0
-0.174,-1.359,-1.407,1,1,7.700,0,0,1,3.700,0
1.295,-1.071,-0.398,1,1,8.600,2,3,1,4.800,1
-1.153,-1.359,-0.398,0,0,7.300,0,1,1,3.900,0
0.683,-0.688,-0.735,0,1,7.400,1,1,0,3.900,0
0.193,0.748,0.835,1,1,8.400,2,1,2,4.700,0
1.295,1.131,0.723,1,1,8.400,2,3,2,4.800,1
-1.153,1.227,-0.735,1,1,8.300,2,3,2,4.200,0
1.295,1.897,1.059,1,1,8.200,2,2,2,4.800,1
-0.174,1.419,-0.959,1,0,7.800,1,3,2,4.800,0
-1.765,-1.359,-1.520,1,1,7.500,1,1,1,3.700,0
-0.174,0.844,1.171,1,0,8.000,1,3,2,4.200,0
0.438,0.174,-0.959,1,0,8.400,2,2,0,4.800,1
-0.664,-1.263,-0.511,1,1,7.900,1,1,0,4.500,1
-0.419,-0.975,-1.632,0,1,7.600,1,1,3,3.800,0
-1.520,1.036,-1.632,0,1,7.500,0,1,1,4.400,0
-0.174,0.174,-0.735,0,0,7.700,1,2,3,4.400,0
0.805,0.652,0.611,1,1,7.800,2,3,1,4.400,0
-1.520,0.269,-0.174,0,0,6.700,1,1,1,4.200,0
-0.419,0.078,-1.632,1,1,7.900,1,1,0,4.200,0
-0.174,0.461,0.498,0,0,7.800,0,3,0,4.400,1
-0.174,-0.305,-0.735,0,0,7.500,1,2,0,3.900,0
-0.664,-0.880,0.723,0,1,7.800,1,1,2,3.800,0
0.316,0.652,0.835,1,1,7.900,1,3,0,4.600,1
-0.296,-0.497,-1.744,0,0,6.600,1,1,0,4.200,0
1.295,0.365,1.507,1,1,8.200,2,3,2,4.800,1
0.805,-0.018,1.171,1,1,8.500,2,3,0,4.600,1
-1.643,-0.975,-1.183,0,1,6.500,1,2,0,4.200,0
0.683,0.652,1.395,1,0,8.100,1,3,2,4.500,0
1.295,0.078,1.507,1,1,8.300,2,3,3,4.500,1
1.295,0.748,1.283,1,1,8.500,2,3,2,4.700,1
1.295,0.844,0.947,1,1,8.400,2,3,2,4.100,1
1.295,-0.688,-0.623,1,1,8.900,2,1,2,3.700,1
0.683,0.652,1.507,1,1,8.100,2,3,2,4.500,1
1.295,0.269,1.395,1,1,8.400,1,3,2,4.800,1
-1.153,-0.497,0.723,1,0,6.500,0,1,0,4.200,0
0.683,0.748,0.835,1,1,7.900,2,3,2,4.400,1
-0.052,-1.359,-0.511,0,0,6.500,1,1,0,4.000,0
0.193,0.365,-0.286,0,1,7.600,1,1,0,3.800,0
-1.153,0.269,1.171,1,1,8.500,1,3,3,3.800,1
0.683,0.652,1.171,1,1,8.200,1,3,2,4.600,0
0.438,-0.688,-0.623,0,1,7.500,1,2,1,4.600,0
1.295,0.652,1.395,1,1,8.400,2,3,1,4.800,1
-0.419,0.365,0.835,1,1,8.200,2,3,2,4.500,0
1.295,1.802,0.498,0,0,8.100,2,2,2,4.600,0
1.295,1.131,0.947,1,1,8.200,1,3,2,4.800,1
-0.541,-1.359,-0.062,0,0,7.500,1,1,1,4.000,0
-1.643,-1.359,0.386,0,0,6.800,1,1,1,4.100,0
1.050,0.461,1.059,1,1,8.100,2,3,1,4.200,1
1.295,0.557,0.835,1,1,8.300,0,2,0,4.600,1
0.193,-1.359,-0.735,0,1,7.600,1,1,0,4.100,0
1.172,-0.114,-0.062,1,1,8.500,1,3,2,4.000,0
-0.664,0.940,-1.183,0,0,8.200,2,1,2,3.900,0
-1.888,-1.359,-0.286,0,1,6.800,1,2,0,3.400,0
0.805,0.557,0.611,1,1,8.600,1,3,2,4.400,1
-0.296,1.131,0.947,0,0,7.800,1,2,2,4.300,0
0.928,-1.071,0.947,1,0,7.900,1,2,1,4.400,0
-0.419,-0.209,1.059,1,0,8.600,2,2,2,4.700,1
1.295,0.461,1.283,0,1,8.100,1,2,2,4.000,0
0.071,-0.784,0.498,1,1,8.400,1,3,2,4.400,0
-0.419,1.706,0.723,1,1,7.000,0,3,3,4.500,1
-1.031,-0.592,-0.735,0,0,7.400,1,2,0,4.600,0
0.683,-1.359,-0.959,0,0,6.600,1,1,1,3.400,1
-1.765,-1.359,-1.183,1,1,7.500,1,1,0,3.300,0
-0.052,1.036,0.723,1,0,7.800,0,2,0,4.500,0
-1.888,-1.359,-1.183,0,1,6.500,1,1,0,4.500,0
1.295,1.323,0.835,1,1,8.200,2,3,2,4.500,1
0.438,0.557,0.723,1,1,7.500,1,3,2,4.300,0
1.172,1.323,0.611,1,1,8.400,2,3,2,4.100,1
-0.419,-1.263,-0.959,1,1,7.700,1,2,0,4.600,0
1.295,0.844,-0.286,1,1,8.400,1,3,3,4.700,1
-1.276,-1.359,-0.286,0,1,6.500,1,1,0,3.500,0
-0.664,-0.880,-1.520,0,1,8.200,1,1,1,3.700,1
-1.276,-0.401,-1.520,0,0,7.100,1,1,1,3.300,0
-0.174,-1.359,-0.398,0,1,7.400,1,3,1,3.900,0
0.193,1.227,-0.735,0,0,8.200,0,3,2,4.700,0
-0.296,-1.359,-0.286,0,1,7.700,0,1,0,3.400,1
1.295,1.419,-0.847,0,0,7.400,0,1,0,4.800,1
0.071,0.269,0.947,1,1,8.200,1,2,2,4.400,1
-0.419,0.940,1.059,1,0,8.600,1,2,2,4.400,0
-0.541,-1.359,-0.847,1,1,6.700,1,1,0,3.100,0
0.316,-1.359,-0.511,0,1,7.600,1,1,1,3.900,0
-1.153,0.557,-0.959,0,1,7.500,1,1,0,3.500,0
0.560,-1.359,-0.174,1,0,6.900,1,1,1,4.700,0
0.193,1.227,0.498,1,0,8.300,2,3,2,4.100,1
-1.153,-1.359,-1.071,0,1,7.400,1,1,3,4.500,0
-0.174,0.365,0.386,1,1,7.700,1,2,0,4.600,1
0.683,0.557,0.723,1,1,7.800,0,3,2,4.600,0
-0.664,-0.688,0.723,1,1,8.900,1,3,1,4.500,1
-0.052,-0.688,-0.847,0,0,6.700,0,1,0,4.200,0
-0.174,-1.071,-0.174,0,1,6.500,1,1,0,3.500,0
1.295,0.174,0.835,1,1,8.600,2,3,1,4.300,1
0.071,-1.359,-1.071,0,0,7.700,2,2,0,4.000,0
-0.419,0.174,0.947,1,0,8.200,2,3,2,4.800,0
-0.419,-1.359,-0.623,0,1,7.100,2,2,0,4.000,1
-0.174,-1.359,-0.398,0,0,7.000,1,2,1,4.000,0
-0.296,-1.071,-0.398,0,1,6.600,1,2,0,4.400,0
0.805,1.610,0.498,1,1,8.400,1,2,2,4.500,1
0.193,0.461,1.507,1,1,8.200,2,3,2,4.500,1
1.295,0.461,-0.398,1,1,8.000,0,3,2,4.800,1
0.071,0.461,-0.959,1,1,8.200,2,3,0,4.300,0
0.560,0.748,1.395,0,1,7.500,1,1,0,3.700,0
-0.541,-1.167,-0.847,0,1,7.400,0,2,0,4.400,0
-0.174,-0.592,-0.959,0,0,7.400,0,2,1,4.400,0
-0.296,0.365,1.395,1,1,8.100,1,1,2,4.800,1
0.438,-0.401,-0.511,0,0,7.700,1,2,1,4.500,1
0.560,-0.114,-0.398,0,1,8.400,1,1,0,4.500,0
-0.541,-1.359,1.171,0,1,7.400,1,2,1,4.300,0
-0.296,0.365,-0.623,1,1,8.000,1,1,1,3.700,0
0.438,0.652,1.059,1,1,8.300,0,3,2,4.300,1
0.805,-1.359,-0.511,0,0,7.600,1,2,1,4.200,0
0.683,0.461,0.386,1,1,8.300,1,3,2,4.700,0
1.295,1.323,1.171,1,1,8.200,2,3,2,4.800,1
1.050,0.365,1.059,1,1,8.500,1,3,2,4.600,0
-1.643,-1.263,-1.295,0,0,6.600,0,1,1,3.700,0
0.805,-0.880,-0.847,0,1,7.500,1,2,3,4.800,0
1.295,0.557,1.395,1,1,8.700,2,3,2,4.800,1
0.683,1.706,0.611,1,1,8.300,2,3,2,4.500,1
1.295,0.940,1.059,1,1,8.200,2,3,2,4.800,1
1.295,0.269,1.507,0,1,8.100,1,3,2,4.700,1
-0.664,-1.359,-0.847,0,1,6.800,1,2,0,4.300,0
0.316,-0.784,-1.071,0,1,8.400,0,1,1,3.600,1
-2.377,1.131,-1.071,0,1,6.500,1,1,1,3.800,0
0.928,1.419,1.283,1,0,8.100,2,3,2,4.800,1
-0.786,-0.592,-0.735,0,0,6.800,1,1,0,4.300,0
-1.276,-0.497,-0.062,0,1,7.400,1,1,0,4.000,0
-0.786,-0.784,-1.295,1,0,8.200,0,1,0,4.100,0
1.050,0.269,1.171,1,1,8.400,1,3,0,4.700,1
1.295,1.993,1.283,1,1,8.500,2,3,2,4.700,1
-1.765,-1.359,-0.398,1,0,7.700,1,0,0,3.900,0
0.071,-0.975,-0.174,0,0,6.700,1,2,0,3.500,0
0.683,-0.975,-1.071,0,1,6.500,1,1,0,4.600,0
-0.664,-1.359,-1.407,0,0,7.700,1,1,1,4.500,0
-0.908,-0.592,-1.407,0,1,7.500,1,1,1,4.000,0
0.193,0.652,-1.071,0,1,6.600,1,3,0,4.400,0
1.295,-1.359,-1.071,0,1,8.400,0,1,0,4.800,1
-1.398,-1.071,0.162,0,1,7.400,1,2,1,3.500,0
0.683,0.365,0.274,1,1,8.300,1,2,0,4.600,0
1.295,1.419,1.171,1,1,8.400,2,3,2,4.500,0
-0.174,0.365,1.395,1,1,7.500,1,1,0,4.700,0
-0.664,0.748,-0.174,1,1,7.500,0,2,1,4.500,1
1.295,1.419,1.395,1,1,8.500,2,3,2,4.700,1
-0.908,1.514,-0.847,1,0,7.700,0,2,2,4.800,0
1.295,-1.359,1.283,1,1,8.500,0,3,0,4.800,1
0.683,1.323,1.507,1,0,8.300,2,3,2,4.800,0
0.438,0.557,0.611,1,1,7.500,1,3,0,4.200,0
1.050,1.514,0.835,1,1,8.400,2,3,2,4.800,1
1.295,-1.359,1.283,1,1,7.600,1,3,2,4.300,1
1.295,1.419,1.507,1,1,7.500,2,3,2,4.800,1
-0.296,0.557,1.059,1,1,6.700,1,2,1,4.500,0
0.438,0.844,1.507,1,1,7.500,0,3,2,4.400,1
-0.664,0.078,-0.959,0,1,7.600,1,1,0,4.500,0
-1.031,-1.359,-0.174,0,1,6.600,1,1,1,4.500,0
-1.398,-0.880,-1.407,1,0,6.600,1,1,1,3.300,0
-0.419,1.323,0.723,0,1,8.300,1,2,0,4.500,1
-0.664,1.036,-1.183,0,1,6.500,1,2,0,4.000,1
-0.664,1.610,-1.295,0,0,6.900,1,1,1,4.400,0
0.560,0.269,-0.847,1,1,7.500,1,3,1,4.800,1
0.560,1.706,1.171,1,1,8.100,2,3,2,4.100,1
1.295,1.036,0.498,1,1,8.500,2,3,2,4.800,1
0.928,0.269,1.171,1,1,7.400,1,3,0,4.800,1
0.316,0.461,-1.407,0,0,8.100,2,3,1,4.200,0
0.193,1.131,1.059,1,1,8.300,1,2,0,3.600,0
0.438,-1.359,-1.407,0,0,7.300,1,1,0,3.700,0
0.071,-1.167,-0.623,0,0,7.300,1,2,0,4.200,0
-1.888,-1.359,-0.623,1,0,6.600,1,1,1,4.100,0
0.928,-0.209,1.059,1,1,8.100,0,3,2,4.200,1
-0.908,-1.263,-0.398,0,1,6.500,1,1,0,4.000,0
-0.664,-0.880,-0.062,0,0,8.200,2,2,0,4.100,0
0.438,-0.114,-0.623,1,1,7.700,1,2,0,4.000,0
-0.052,-1.071,-0.062,0,1,6.500,1,2,0,4.400,1
0.805,-0.688,0.723,0,1,7.000,0,1,3,4.200,0
1.295,-0.497,-1.520,1,1,8.000,0,3,1,4.100,1
-0.052,-0.784,0.723,1,1,8.400,1,2,2,4.800,0
0.438,1.323,0.835,1,1,8.200,1,2,1,4.700,1
0.560,-0.401,-1.295,1,1,8.300,1,3,1,4.600,1
-1.398,-0.401,-0.623,0,0,6.700,0,1,1,3.400,0
0.683,1.419,-0.511,0,1,7.200,1,1,0,3.500,0
0.683,-1.359,-0.623,0,0,6.500,0,1,0,3.900,0
0.438,-0.209,-0.398,0,1,7.500,1,2,1,4.000,0
-0.174,1.227,-0.623,1,0,7.700,2,3,2,4.800,0
-1.153,-1.263,-1.295,1,1,7.500,1,1,1,4.100,0
1.295,0.078,0.835,1,1,8.300,1,3,2,4.800,1
0.438,0.078,1.059,1,1,7.300,1,3,2,4.700,1
-0.174,-0.975,-0.398,0,1,7.600,1,3,0,3.900,1
1.050,-0.018,0.611,1,1,8.300,0,3,1,4.700,0
1.050,0.557,-1.856,1,0,8.200,0,1,2,4.600,1
0.071,-1.167,-0.735,0,1,7.700,1,2,0,4.600,0
1.172,0.174,0.947,1,1,8.900,2,3,2,4.600,1
1.295,0.748,0.723,1,1,8.100,1,3,2,4.500,1
-0.296,0.940,0.835,1,1,8.300,0,1,1,4.700,1
0.928,1.131,0.274,1,1,8.000,1,3,0,4.300,1
1.172,1.036,1.283,1,1,7.500,1,3,1,4.800,0
1.295,0.174,1.059,1,1,8.300,1,3,1,4.800,0
-0.296,-1.359,-1.295,0,0,7.900,1,2,1,4.300,1
-1.153,0.461,1.283,1,1,7.400,1,3,2,4.700,0
1.295,0.940,1.395,1,1,8.700,1,3,3,4.500,1
0.193,1.227,1.059,1,1,8.600,0,3,2,4.800,1
-0.419,-1.167,-1.407,0,0,6.600,1,1,0,4.400,0
-1.031,0.844,-0.623,1,1,8.500,1,2,1,3.800,0
0.805,0.748,1.171,1,0,8.600,2,3,1,4.800,1
1.172,0.461,-0.062,1,1,8.300,0,3,3,4.800,1
0.560,1.227,1.171,1,1,7.600,1,3,2,4.400,1
-1.520,-0.592,-0.959,0,0,7.300,1,2,2,4.500,0
-0.174,-1.167,-0.062,0,1,7.800,1,2,0,4.800,0
-2.132,0.557,-1.632,0,0,6.500,0,1,0,4.100,0
-0.296,-0.114,-0.623,0,1,7.300,1,1,1,3.800,0
1.295,1.419,1.507,1,1,8.100,0,3,0,4.800,1
-0.052,-1.071,-1.520,0,1,7.400,0,1,0,3.300,0
0.438,1.131,-0.959,0,1,6.500,1,1,1,4.100,1
0.928,-1.359,-0.398,0,1,8.000,0,1,1,3.800,0
1.172,0.365,-0.511,1,1,8.200,1,2,2,4.800,1
0.805,-0.209,1.283,1,1,8.700,1,3,2,4.700,0
-0.664,-0.209,-1.407,0,1,7.400,1,1,0,3.500,0
-0.419,-0.305,0.386,1,1,7.700,1,2,2,4.100,0
-0.908,1.514,-1.407,0,0,8.100,1,1,0,4.000,0
1.295,-0.018,1.059,1,1,8.100,0,3,2,4.800,0
1.295,0.461,1.283,1,1,8.100,2,3,2,4.800,1
-0.664,0.844,-1.407,1,1,8.500,1,3,0,4.300,1
0.928,1.131,-0.623,1,0,6.700,1,3,0,4.600,0
0.683,0.174,-0.847,0,1,8.600,1,2,0,4.200,1
-0.419,-1.167,0.835,1,1,7.800,1,3,0,4.700,1
-0.786,1.610,0.723,1,0,6.500,2,1,1,4.300,0
-0.541,1.323,0.947,1,0,7.700,2,3,2,4.400,1
1.295,0.940,1.507,1,1,7.900,0,3,2,4.600,1
0.683,1.419,0.947,1,1,6.500,2,2,2,4.400,1
0.683,0.365,-0.735,0,1,7.300,0,1,0,4.200,0
-1.398,-0.497,-0.847,0,0,6.600,0,1,1,3.800,0
-0.052,0.557,1.507,1,1,7.600,1,3,2,3.800,1
1.295,1.993,0.386,1,1,7.800,2,3,2,4.800,1
0.805,-0.018,0.274,1,1,8.600,1,2,0,4.800,1
1.295,1.419,0.498,1,1,8.600,2,3,2,4.800,1
-0.541,-0.401,-0.959,0,1,7.600,1,1,1,3.600,0
-0.296,-0.018,-1.071,0,1,7.600,2,2,0,4.500,0
1.295,0.844,0.611,1,1,8.300,2,3,2,4.800,1
-0.664,0.078,1.059,1,1,8.300,0,3,2,4.700,0
1.295,1.131,0.835,1,1,8.700,2,3,2,4.600,1
1.295,1.514,1.059,1,1,8.100,2,3,2,4.800,1
1.295,1.706,1.395,1,1,7.800,2,3,2,4.800,1
0.316,0.940,0.611,1,0,7.300,1,2,2,4.800,0
-0.296,1.036,1.059,1,1,8.600,1,2,0,4.500,1
1.295,-0.209,1.059,1,1,8.000,1,3,3,4.800,1
-1.765,-0.880,-0.623,0,0,7.700,1,1,1,3.500,0
1.295,0.557,1.171,1,1,8.300,2,3,2,4.800,1
-1.276,-0.784,-0.623,0,0,7.000,1,1,0,3.700,0
-1.153,-0.018,-0.062,0,0,7.600,1,1,0,4.500,0
0.438,0.557,1.059,1,1,8.000,2,3,2,4.800,1
1.172,0.940,0.723,1,1,8.300,1,3,2,4.800,1
-0.664,-1.359,-0.511,0,1,7.400,1,1,1,3.600,0
0.071,0.461,0.947,1,1,7.400,1,3,2,4.700,1
-1.520,-1.263,-0.735,0,1,7.600,1,1,0,3.600,0
1.295,1.419,1.507,1,0,7.900,1,3,2,4.800,1
-0.052,0.557,1.171,1,1,8.300,2,3,1,4.400,0
-0.174,-0.018,-0.286,1,1,7.300,1,1,1,4.200,0
1.295,0.461,0.723,1,1,8.200,2,3,2,4.500,1
0.683,0.748,-0.511,0,1,7.600,1,1,1,4.300,0
-1.031,-1.167,-0.398,1,0,7.700,1,1,1,4.300,0
-2.255,-0.880,-0.735,0,0,7.600,0,1,1,4.300,0
-0.908,-0.497,-0.847,0,1,7.700,0,1,1,3.500,0
-0.296,-0.018,-1.520,1,1,7.000,1,2,1,4.300,1
-0.419,-0.018,-0.174,0,1,7.400,0,2,1,4.000,0
-0.786,-1.167,-0.959,0,1,7.400,1,2,0,3.300,0
0.316,1.131,-0.847,0,1,8.300,0,2,2,4.400,0
0.193,-0.592,-1.968,0,1,6.500,1,3,0,3.800,0
0.071,1.323,-0.062,1,1,7.600,0,3,0,4.400,0
1.295,0.652,0.274,1,1,8.300,2,3,3,4.800,1
-1.031,0.078,-0.959,0,0,6.600,1,1,1,4.300,0
-1.765,-1.167,-1.407,1,0,6.500,0,2,1,4.200,0
-0.908,-0.784,-0.511,0,1,7.300,1,1,1,4.100,0
0.805,0.461,0.947,1,1,8.200,1,2,1,4.500,1
-2.377,-1.359,-1.183,0,0,7.500,1,1,1,4.100,0
1.295,0.174,0.498,1,0,8.800,2,2,2,4.700,1
0.438,0.844,-0.623,1,1,6.500,1,3,1,4.800,0
1.295,1.323,0.611,1,1,7.900,2,3,2,4.600,1
1.172,0.269,1.171,1,1,8.600,1,3,0,4.700,1
0.193,-1.359,1.059,0,1,7.400,1,1,1,3.800,0
-0.786,-1.359,-0.959,0,0,6.700,1,1,2,4.500,1
1.295,1.131,1.507,1,1,8.300,2,3,2,4.800,1
0.438,1.323,0.498,1,1,8.100,2,3,2,4.300,1
-0.419,-0.688,-1.071,0,0,6.700,1,1,1,3.900,0
-0.541,0.748,0.947,1,0,7.600,0,1,2,4.200,0
1.295,0.269,1.395,1,1,8.900,1,3,1,4.700,0
-0.052,-0.880,-1.632,0,1,6.500,1,2,1,4.100,0
1.295,1.036,1.283,1,1,8.500,1,2,2,4.800,1
-0.052,0.748,1.171,1,1,7.600,1,2,1,4.800,0
-0.419,-0.114,-1.407,1,1,6.500,1,1,1,3.900,0
-0.296,0.174,1.283,1,1,8.900,1,2,0,4.500,0
-0.052,-1.359,-0.511,0,1,6.500,1,2,1,3.900,0
-0.296,-1.359,-1.183,0,1,7.500,1,1,3,4.400,0
-0.786,-0.401,-0.735,0,1,6.500,1,2,1,4.100,0
0.071,-0.305,-0.959,0,1,6.500,1,2,1,4.100,0
0.560,-1.167,-0.174,0,0,7.600,1,3,0,4.100,0
-0.052,-1.359,-0.735,0,1,7.600,1,1,1,4.100,1
-2.010,-1.359,-0.623,0,1,7.100,1,1,0,4.200,0
-1.643,-0.688,-0.174,0,1,7.600,1,1,0,4.100,0
1.295,1.131,0.723,1,1,8.300,2,2,0,4.600,1
0.316,0.461,-0.511,1,1,8.300,2,3,0,4.500,0
0.805,-1.359,-0.398,1,1,7.500,1,2,0,4.800,0
-0.174,0.844,1.059,1,1,8.100,1,3,2,4.800,0
0.683,0.940,0.723,1,1,8.000,2,2,2,4.500,0
-1.643,-0.880,-0.174,0,0,7.300,1,1,0,3.800,0
-0.786,-1.359,0.835,0,0,7.900,1,1,1,4.300,0
0.683,-1.359,-0.623,0,0,7.500,2,3,0,4.300,1
-0.052,1.323,0.835,1,1,7.200,2,2,2,4.400,1
-0.419,1.227,0.835,1,1,7.900,0,2,1,4.700,0
-0.419,-0.688,-1.632,0,1,7.400,1,2,0,3.500,0
-0.296,0.940,-0.398,1,1,8.000,1,3,2,4.500,0
-1.398,0.652,-1.520,0,0,6.500,1,1,2,3.500,0
-0.908,-0.784,-1.744,0,0,6.900,1,1,1,3.600,0
-0.419,-0.784,-0.959,1,1,8.000,1,1,2,3.400,0
-0.296,0.269,1.171,0,1,7.800,1,3,1,3.700,0
1.295,0.269,0.835,1,1,8.400,2,1,0,4.400,1
-2.255,-1.071,-0.174,0,0,7.400,1,3,1,4.800,0
-1.765,-1.359,-0.286,0,1,7.500,1,1,1,3.900,0
-0.541,-0.688,0.611,1,1,8.600,1,2,2,4.300,1
1.295,-1.263,-0.174,1,1,7.700,2,1,1,4.500,1
-1.276,-1.359,-0.959,0,0,6.900,0,1,0,3.400,0
-1.888,-0.114,-0.959,0,0,6.900,1,1,1,3.500,0
0.928,-0.114,1.059,1,1,7.400,2,1,1,4.500,0
-0.541,-0.114,-0.511,1,1,7.700,1,2,1,4.600,0
0.438,0.652,1.395,1,1,8.500,1,3,2,4.800,1
0.683,0.365,1.059,1,1,8.500,1,1,2,4.800,1
0.683,0.557,-0.174,0,1,7.500,0,3,2,4.500,1
0.193,-1.359,-1.407,0,1,7.800,1,2,0,4.800,0
1.295,0.078,0.835,1,1,8.400,2,3,2,4.800,1
-0.174,0.078,-0.847,0,0,7.500,1,2,0,3.700,0
-1.153,-0.497,0.723,0,1,7.900,1,1,0,4.200,0
0.316,0.652,0.723,1,0,6.800,2,3,2,3.900,1
-1.643,-1.359,-0.062,0,0,7.200,1,1,1,3.500,0
-0.664,1.993,1.059,1,1,7.700,0,2,3,4.000,0
1.295,0.940,0.498,1,1,8.600,2,3,0,4.700,1
-0.419,-0.305,-1.071,1,1,8.200,2,2,1,4.600,0
1.295,1.323,1.171,1,1,8.400,0,3,2,4.800,1
0.438,-1.263,-1.520,1,1,7.700,0,1,2,4.400,1
0.438,-0.688,0.947,0,1,7.500,1,2,0,4.700,1
1.295,0.748,0.947,1,1,8.000,2,3,2,4.800,1
1.295,1.706,1.507,1,1,8.700,2,3,2,4.800,1
-1.765,-0.209,-0.623,0,0,7.500,2,2,0,4.300,0
0.805,1.323,-0.847,1,1,7.900,1,2,1,4.400,0
-1.398,-1.167,0.050,1,1,7.500,1,2,0,4.200,0
-0.786,-1.359,-0.511,0,0,7.700,1,2,0,3.700,0
-0.908,-0.592,-0.623,0,1,7.400,1,1,0,4.000,0
0.560,0.078,1.283,1,1,7.600,0,2,0,4.000,1
-1.153,-1.359,-0.174,0,0,7.300,1,2,1,4.000,0
-1.276,-0.975,-0.398,0,1,7.500,1,1,1,3.400,0
1.295,-0.114,0.947,1,1,8.300,2,3,0,4.800,1
0.438,-1.359,-0.511,0,1,6.500,1,1,0,3.600,0
1.295,0.748,1.171,1,1,8.800,0,3,1,4.800,1
1.295,0.174,0.947,1,1,8.400,0,3,0,4.500,1
0.193,0.078,-0.511,1,1,8.400,1,1,2,4.600,1
1.295,1.227,1.507,1,1,7.900,2,3,2,4.800,1
0.683,-0.401,0.723,1,0,6.500,0,3,2,4.700,1
0.560,1.131,1.059,1,1,8.400,1,3,2,4.800,0
0.928,0.748,1.059,0,1,8.400,1,3,2,4.800,1
0.560,1.036,-0.623,0,1,6.500,1,2,0,4.300,0
-1.153,-1.359,-0.847,1,1,8.400,1,1,1,3.800,0
0.193,0.078,-1.295,1,1,7.700,1,2,1,3.600,1
-1.153,-1.263,-0.062,0,0,7.600,1,2,0,4.200,0
-0.296,1.227,-0.062,1,1,7.500,1,1,0,4.200,0
-0.052,-0.114,-0.398,1,1,7.500,2,3,1,4.400,1
0.316,-0.784,1.395,0,1,8.000,1,3,2,4.800,1
0.683,0.748,1.059,1,1,6.600,1,3,2,4.700,1
-0.541,0.652,0.835,1,0,8.000,0,2,2,3.800,0
-1.398,-0.688,-0.959,0,1,6.500,1,1,0,4.800,0
0.193,0.461,-0.959,0,1,8.400,1,3,2,4.300,1
0.928,0.365,1.171,1,1,8.300,1,3,2,4.800,1
-1.276,-1.167,-1.071,0,0,7.700,1,1,0,3.800,0
0.805,0.557,1.283,1,1,8.100,2,3,2,4.800,1
0.193,0.269,0.611,1,1,7.500,1,3,1,4.600,0
0.438,-1.359,1.059,1,1,8.500,1,3,1,4.700,1
-0.296,-0.688,-0.511,0,0,6.600,1,1,0,4.500,0
1.295,0.365,-0.623,1,1,8.200,2,3,2,4.100,1
0.683,0.844,0.723,1,0,7.500,2,3,2,4.300,0
-0.296,-0.784,-0.735,1,1,7.100,2,1,2,4.100,0
0.928,1.131,-0.511,1,1,7.500,1,2,2,3.900,0
-0.296,0.748,1.171,1,1,8.000,2,3,0,4.800,0
1.172,0.748,0.386,1,0,8.900,0,3,0,4.800,1
-2.377,-0.975,-1.071,0,0,7.300,1,1,1,4.100,0
-0.052,1.610,1.395,1,1,8.400,1,3,2,4.500,1
-0.664,-1.167,-1.968,0,1,6.900,1,1,1,4.300,0
-1.398,-1.263,-0.847,0,1,7.400,1,2,0,4.300,0
-1.520,-0.592,-1.295,0,0,6.500,1,1,0,3.500,0
-0.419,-1.359,-0.511,0,0,7.300,1,1,2,4.300,1
0.071,0.652,1.395,1,1,8.300,2,3,2,4.200,1
-1.153,-0.497,-0.511,0,1,7.600,0,1,0,3.500,0
1.050,0.174,-0.623,1,1,8.200,1,2,0,4.800,1
0.805,0.748,-0.286,1,1,8.200,0,2,0,4.500,1
-2.255,-1.359,-1.183,1,1,6.900,1,1,1,4.600,0
-0.664,-0.592,-1.295,0,1,6.600,0,1,0,3.900,0
-0.908,0.461,-0.623,0,1,7.600,1,1,0,4.200,0
-0.908,-1.359,-0.174,0,1,7.600,0,1,0,4.000,0
-0.786,-0.497,-1.183,1,1,7.500,1,1,0,4.400,0
-0.541,-0.688,-1.071,0,1,7.900,1,3,1,3.700,0
-2.132,-0.018,0.274,1,1,7.000,1,1,0,4.200,0
-1.520,0.461,0.050,0,1,7.600,1,2,0,4.200,0
-0.786,-1.359,-1.407,0,1,7.600,1,3,1,4.400,0
-0.541,0.174,-0.959,0,0,7.700,1,1,1,3.500,1
-0.664,-0.880,-1.520,0,0,7.800,1,1,0,4.100,0
-1.520,-1.359,-0.959,0,0,7.700,1,1,1,3.900,0
0.683,-0.975,-0.286,1,1,7.700,2,1,0,3.500,0
0.193,-0.114,0.611,1,1,7.600,2,3,0,3.900,1
-0.541,-0.975,-0.286,1,1,8.100,2,3,1,4.800,0
-1.888,-1.359,-1.071,0,0,7.700,1,1,1,4.500,0
-0.419,-1.359,-1.183,0,0,6.500,1,1,1,3.800,0
1.295,0.365,1.059,1,1,8.700,2,3,2,4.800,1
-0.908,0.078,-0.847,1,1,8.400,1,2,2,4.600,0
-1.031,-1.359,-0.847,0,0,6.700,2,2,1,4.400,0
-0.296,-0.497,-0.511,0,1,7.600,1,1,1,4.100,0
1.295,1.131,0.611,1,1,8.600,2,1,2,4.800,1
0.193,-0.018,-1.295,1,1,7.700,0,1,0,4.800,1
-0.419,0.557,0.947,0,1,8.100,1,1,0,4.200,1
0.438,0.461,0.835,0,0,8.100,2,2,0,4.400,0
1.295,1.036,1.283,1,1,8.100,2,3,2,4.800,1
0.438,0.844,1.283,1,1,8.100,2,2,0,4.700,1
1.172,1.514,1.059,1,0,8.200,0,3,2,4.300,1
1.295,1.706,1.059,0,1,7.700,1,3,2,4.400,1
-0.664,-0.305,-0.847,1,1,6.500,1,1,2,4.700,0
0.193,0.269,1.507,1,1,8.100,2,3,0,4.800,0
0.683,1.610,0.050,1,1,8.000,1,3,0,4.800,0
0.193,0.078,0.947,1,0,8.200,1,3,2,4.500,1
-1.765,-1.359,-0.847,0,0,6.900,0,2,0,3.600,0
1.295,1.514,0.947,1,1,8.200,2,3,2,4.800,1
1.295,1.706,1.507,1,1,8.300,0,3,1,4.600,1
-0.174,1.131,1.283,1,1,7.500,0,3,2,4.200,0
0.683,-0.592,-0.623,1,1,8.000,1,1,2,4.500,1
1.295,0.652,1.283,1,1,8.200,1,3,2,4.700,1
-0.052,-1.071,-0.847,1,1,7.500,1,3,1,3.800,0
-0.052,0.174,-0.398,1,0,6.900,1,1,0,4.700,0
1.295,0.365,-0.623,1,1,8.500,2,2,2,4.700,0
0.928,-1.359,0.050,1,1,8.400,2,3,2,4.700,1
-1.520,0.078,0.274,1,1,7.800,1,2,1,4.400,0
1.172,1.131,-1.407,1,1,8.300,1,2,2,4.800,1
-1.031,-0.209,-1.407,0,0,8.200,1,1,0,3.800,0
-1.398,-1.359,-0.735,0,0,6.800,1,1,0,3.100,0
0.071,0.174,-0.398,0,0,7.300,1,1,1,3.800,0
1.050,0.461,1.507,1,1,8.300,1,3,2,4.800,1
-1.398,-1.167,-1.183,0,0,8.200,1,2,0,4.200,0
-1.643,-1.359,-1.407,0,0,7.700,1,1,1,3.300,0
-1.398,-1.167,-1.295,0,0,7.600,1,1,1,4.000,0
1.295,1.993,1.059,1,1,8.000,2,2,2,4.800,1
1.295,1.036,0.947,1,1,8.300,2,2,2,4.600,1
-1.153,-1.263,-1.071,0,1,7.000,1,1,1,4.000,0
1.050,-0.018,1.283,1,1,8.300,0,3,1,4.200,1
-0.419,-1.359,-1.407,0,1,8.200,1,1,0,4.200,0
1.050,0.652,1.283,1,1,8.300,1,3,2,4.800,1
-1.520,-1.167,-1.520,0,0,6.800,1,1,0,4.100,0
-1.031,-0.880,-0.623,0,1,7.500,2,2,1,3.800,0
-1.765,-1.359,-0.174,0,0,7.400,1,1,1,4.500,0
0.805,-0.975,1.283,1,1,6.700,1,2,1,4.800,1
1.295,-0.018,1.059,1,1,8.200,1,3,2,4.700,1
-0.052,0.557,-0.286,0,1,6.500,1,3,1,3.500,0
0.193,-1.359,-1.295,0,1,6.500,1,1,0,4.300,0
0.316,-0.305,-0.735,1,1,8.300,1,3,2,4.700,1
-0.541,-0.497,0.723,0,0,8.400,2,3,0,4.800,1
-0.296,0.078,-0.623,1,1,7.700,2,3,0,4.600,0
0.683,-0.497,-0.511,1,1,7.400,1,3,1,3.700,1
-0.541,0.652,-0.735,1,1,8.100,1,3,2,4.700,0
-0.296,-1.359,0.835,1,1,7.600,0,1,2,4.000,0
0.560,0.748,1.171,1,1,8.400,2,3,2,4.700,1
1.295,1.514,1.171,1,1,8.300,0,3,2,4.800,1
0.071,0.748,1.507,0,1,7.400,1,2,2,3.900,1
-0.664,-0.975,-1.744,1,1,6.900,1,2,1,4.000,0
-1.398,0.078,-0.959,0,1,8.200,1,1,1,3.900,1
-1.643,0.844,-0.735,0,0,6.700,1,1,0,4.400,0
0.071,-0.975,-1.407,0,1,6.700,1,2,1,4.500,0
-0.786,-0.114,0.947,1,0,7.500,0,3,0,4.500,0
-1.153,-0.592,-1.071,0,1,7.800,1,1,0,4.200,0
0.560,-0.784,-0.959,1,0,7.300,1,3,0,4.600,0
-0.052,-1.359,0.498,1,1,7.600,0,1,1,4.200,0
-0.052,0.365,-1.071,0,0,7.600,1,3,0,4.500,0
-0.908,-1.263,-0.959,1,1,7.600,1,1,1,4.600,1
1.050,0.940,-1.407,0,0,6.500,2,3,0,4.500,0
0.805,-0.209,0.723,1,1,8.300,1,3,2,4.800,0
0.683,-1.263,-0.286,0,1,7.700,1,2,0,3.700,0
1.295,1.227,1.059,1,0,8.300,1,3,2,4.800,1
-1.153,-1.359,-1.407,0,0,6.500,1,1,1,3.800,0
1.295,1.131,0.835,1,1,7.800,0,3,2,4.700,1
-1.398,-0.497,-1.407,1,0,6.500,0,3,0,4.200,1
-0.419,0.365,1.507,1,1,8.300,1,3,0,4.300,0
-0.052,-1.359,-1.295,0,0,7.600,0,1,0,4.000,0
-0.664,-1.359,-1.071,1,1,8.000,1,1,0,4.500,0
0.560,0.844,0.723,1,1,8.800,2,3,2,4.800,1
-1.398,-0.592,-0.623,0,1,7.500,1,1,0,4.800,0
1.295,0.174,1.059,1,1,8.800,2,3,2,4.800,1
1.295,1.419,1.283,1,1,8.400,2,3,2,4.800,1
1.295,0.269,0.835,1,1,8.000,1,3,2,4.400,1
-0.541,-0.305,-0.398,1,1,8.400,1,2,3,3.800,0
1.295,1.419,0.835,1,1,8.200,2,3,2,4.800,1
0.316,-1.167,-0.286,1,0,7.900,1,3,0,4.700,0
0.683,1.036,0.274,1,1,8.500,1,1,2,4.700,1
-1.520,0.652,-0.847,0,1,7.600,0,2,2,4.000,0
1.295,-1.359,-0.959,1,1,7.900,1,2,0,4.200,0
1.295,0.557,1.283,1,1,8.700,2,3,2,4.600,1
-1.153,-1.359,-1.295,1,1,8.400,1,1,1,3.700,0
-1.031,0.557,-0.511,1,1,7.700,1,1,0,4.100,0
-0.908,-0.018,0.162,0,1,7.600,0,1,1,4.400,0
-2.255,-0.975,-1.183,1,0,8.000,1,2,0,3.600,0
-0.786,-0.688,-1.968,1,1,7.000,1,1,1,4.300,0
0.805,-1.263,-0.174,0,1,7.800,0,2,0,4.300,0
0.071,1.419,-1.183,1,0,7.500,0,1,1,4.200,0
1.295,1.419,0.947,1,1,8.000,2,3,2,4.800,1
-1.153,0.365,-0.174,0,1,7.800,0,1,1,3.800,0
1.295,-1.359,0.835,1,1,7.000,1,2,2,4.500,1
-1.888,-1.359,-0.398,0,0,8.300,1,1,1,4.100,0
-0.541,-1.359,-1.520,0,0,7.400,1,1,0,4.300,0
-1.031,-1.359,-0.174,0,1,7.400,0,2,0,4.000,1
0.193,1.610,-0.623,1,1,7.600,2,3,2,4.300,1
1.295,1.227,1.395,1,1,7.900,2,2,1,4.800,1
0.193,1.323,0.835,1,1,8.200,2,3,2,4.800,1
-0.296,1.323,0.835,1,1,7.900,0,1,2,4.800,1
1.172,1.514,1.059,1,1,7.500,1,2,0,4.700,1
-1.031,-1.359,-0.174,0,1,6.500,1,1,1,4.300,0
-0.174,1.419,1.395,1,1,8.600,1,2,2,4.800,1
-1.643,0.078,-1.744,1,0,8.700,2,1,0,4.800,0
1.172,0.557,-0.286,1,1,8.300,1,2,0,4.500,0
-2.010,-1.263,-0.511,0,1,7.800,0,1,0,4.200,0
-0.296,-1.359,-1.183,0,1,7.800,1,3,1,3.600,0
1.295,0.940,0.947,1,1,7.400,1,3,2,4.800,1
1.295,1.706,1.395,1,0,8.300,2,3,2,4.700,1
-0.664,0.748,1.059,1,0,6.800,1,1,2,4.200,0
-1.276,-0.784,-1.071,0,0,6.500,0,1,0,4.000,0
-0.052,0.652,0.386,1,1,8.300,1,3,2,4.700,0
-0.786,1.419,0.050,1,1,8.000,1,2,1,4.400,1
-1.888,-0.688,-1.295,0,0,7.700,1,1,0,4.400,0
-2.377,0.557,-0.511,1,1,7.500,1,1,1,4.800,0
-0.052,-0.880,-0.174,0,1,6.500,1,1,0,4.300,0
-0.419,-1.263,-0.511,1,0,6.500,1,2,1,4.100,0
0.805,0.844,-0.174,1,1,8.500,1,3,3,4.800,1
0.560,0.461,1.283,1,1,8.100,0,3,2,4.800,0
-0.296,-1.359,-1.968,0,0,7.800,1,1,0,3.800,0
1.172,0.748,1.395,1,1,8.800,0,3,2,4.500,1
-1.153,0.844,1.507,1,0,7.900,2,3,1,4.500,0
-1.031,-0.880,-1.744,1,1,6.800,1,2,0,4.300,0
-0.786,-1.359,-0.735,1,1,6.500,1,3,2,4.300,1
0.438,0.748,-0.286,0,1,6.500,1,2,1,4.100,0
-0.541,-1.263,-1.183,0,0,6.700,1,1,0,4.200,0
-1.643,0.461,-0.623,0,0,7.900,1,1,1,4.500,0
0.683,0.461,1.395,1,1,7.800,2,3,2,4.600,0
-0.296,0.269,-0.735,1,1,8.000,1,1,0,3.900,1
0.438,-0.688,-0.735,0,0,6.700,0,1,0,4.400,0
1.295,0.365,1.283,1,1,8.100,1,3,1,4.600,1
0.928,1.323,1.059,1,1,8.200,2,3,0,4.300,1
0.805,0.844,0.723,1,0,7.600,0,3,1,4.700,1
0.316,-1.167,-0.959,0,0,6.500,0,3,1,4.600,0
-1.276,-1.167,-0.623,0,1,7.500,1,2,1,3.800,0
0.683,1.036,-0.959,0,1,6.900,1,1,1,4.200,0
-1.153,-0.401,-0.286,0,0,6.900,1,1,1,4.500,0
-0.174,0.557,-1.071,1,1,7.800,1,2,0,4.800,1
-0.174,0.078,1.507,0,1,7.300,2,3,2,4.700,0
0.071,0.940,1.059,1,1,8.300,2,2,1,4.800,1
1.050,0.940,1.283,1,1,8.300,1,3,1,4.800,1
-1.276,-0.592,-1.632,1,0,7.400,2,0,0,4.400,0
-0.296,-0.975,-0.398,0,1,7.600,1,1,1,4.200,0
1.295,1.036,1.283,1,1,8.200,2,3,3,4.500,0
1.295,0.078,1.171,1,1,8.200,2,3,2,4.800,1
0.683,0.557,1.171,1,1,8.700,1,3,2,4.800,1
-1.398,0.652,-0.062,1,1,8.100,1,2,1,4.800,1
1.295,0.174,1.395,1,1,7.900,1,3,2,4.800,1
0.683,1.897,-1.295,1,0,7.800,0,3,2,4.300,0
1.295,1.131,1.507,1,1,8.400,2,3,2,4.800,1
0.928,-1.167,-0.398,1,1,8.400,0,3,0,4.600,1
1.295,1.993,1.395,1,1,8.000,2,3,2,4.800,1
1.295,0.365,1.059,1,1,7.900,1,1,2,4.800,0
0.560,1.706,1.059,1,1,8.500,2,3,1,4.400,1
1.295,1.131,1.283,1,1,8.100,2,3,2,4.800,1
0.928,1.706,1.283,1,0,8.200,2,3,2,4.600,1
1.050,1.323,0.611,1,1,8.600,2,3,2,4.800,1
-0.908,-0.305,-0.062,1,0,7.600,1,3,0,4.000,0
1.295,1.419,0.611,1,0,8.000,0,3,0,3.800,1
1.050,0.365,1.283,1,1,7.600,1,2,1,4.200,1
-1.153,-0.209,0.723,1,1,7.900,2,1,3,4.000,1
1.050,-1.359,-0.062,1,1,7.400,1,3,0,4.200,0
0.805,-1.167,-1.071,1,1,8.100,2,2,1,4.400,1
0.193,-1.359,-1.407,1,0,7.400,1,1,1,4.100,0
0.560,-1.359,0.947,1,0,7.600,2,1,0,4.400,0
0.683,0.557,1.059,1,1,8.900,2,3,2,4.600,1
-0.052,-1.359,-1.856,0,0,7.500,1,1,0,3.700,0
0.683,-1.071,-1.856,0,0,6.900,0,3,0,4.800,0
1.295,0.748,0.274,1,1,8.400,2,3,2,4.800,0
1.050,0.461,1.283,1,1,8.200,2,3,3,4.800,1
-0.664,-1.359,0.611,1,1,8.700,1,2,1,4.200,1
-0.541,-1.263,-1.295,0,1,7.300,0,1,1,3.200,0
-1.153,0.365,1.059,0,1,7.600,1,2,2,4.800,1
-1.031,-1.359,-0.511,0,1,6.500,1,2,0,4.300,0
-1.031,-1.263,-1.071,0,0,7.700,0,1,0,3.500,0
1.050,1.227,1.395,1,1,8.500,2,3,2,4.800,1
1.295,-1.359,0.723,1,1,7.600,1,2,0,4.800,0
0.928,-1.359,-1.295,0,0,7.500,1,2,0,3.900,0
1.295,0.748,0.835,0,1,8.200,1,3,2,4.300,1
0.683,1.131,0.498,0,0,7.900,1,2,1,4.800,1
-1.398,-0.688,-1.071,1,0,8.000,1,2,0,4.500,0
-1.153,-0.114,-0.174,0,1,7.300,1,1,1,4.500,0
-0.664,0.652,0.611,1,0,7.500,1,2,1,4.200,0
1.172,0.940,0.611,1,1,8.000,2,3,2,4.800,0
-0.786,0.844,-0.398,0,1,7.700,1,2,0,4.800,0
0.805,-0.018,1.507,1,1,7.700,1,3,2,4.700,1
1.295,1.323,1.059,1,1,8.100,2,3,2,4.800,1
1.295,0.365,1.171,1,1,8.800,0,3,0,4.100,1
1.295,1.227,0.611,1,1,6.600,1,3,2,4.300,1
1.295,-0.114,0.947,1,1,7.800,2,3,2,4.800,1
0.438,0.748,1.171,1,1,7.900,1,2,2,4.800,1
-0.664,-1.359,-0.959,0,0,8.600,1,2,0,4.400,1
-0.174,-1.359,0.611,0,1,8.200,1,2,0,3.800,0
-1.276,-1.167,-0.847,0,1,7.400,1,2,2,3.800,0
0.438,0.748,1.171,1,1,8.400,1,3,0,4.800,1
-0.052,1.897,1.395,1,1,7.700,2,1,1,4.600,1
-0.908,0.557,-0.062,0,1,6.800,1,1,3,4.300,0
-1.765,-1.359,-1.407,0,1,6.800,1,1,1,4.500,0
-0.541,-1.263,1.171,1,1,8.600,1,2,3,4.500,1
0.316,0.365,1.171,1,1,8.000,1,3,1,4.400,0
-1.153,-1.359,-0.062,1,1,7.600,1,1,1,3.600,1
-2.377,-0.784,-0.959,1,0,6.600,2,1,0,4.100,0
-0.541,-1.359,-1.071,0,0,6.500,1,1,1,4.500,0
0.560,1.993,1.283,1,1,8.000,1,3,2,4.700,1
0.928,-1.167,0.274,1,1,8.100,2,3,2,3.900,0
0.560,1.036,0.050,1,1,7.400,1,1,2,4.700,1
-0.908,-1.263,-1.407,1,1,7.000,0,1,2,4.000,0
1.172,0.844,0.723,1,1,8.300,2,3,2,4.800,1
0.438,-0.592,0.835,1,1,7.700,0,2,2,4.500,1
0.560,1.131,0.835,0,0,8.400,2,3,2,3.700,0
1.295,0.461,1.059,1,1,8.000,1,3,2,4.700,1
-1.153,0.748,-1.183,0,1,7.600,0,1,0,4.600,1
0.071,0.844,0.947,1,1,8.200,2,3,2,4.000,1
-0.419,0.652,-1.071,1,1,8.300,1,3,2,4.500,1
-0.296,0.461,-1.968,1,1,8.300,1,3,0,4.800,0
-1.153,-0.592,-0.398,1,1,7.600,1,2,0,3.700,1
-2.132,-1.359,-0.847,0,0,8.100,1,1,0,3.000,0
0.683,-1.359,-0.286,0,1,6.800,1,1,1,4.500,0
0.438,1.131,-0.174,1,1,7.800,0,3,0,4.400,0
1.295,0.844,1.059,1,1,8.700,2,3,2,4.800,1
-1.153,-0.209,1.059,1,0,8.400,1,1,1,4.800,0
0.805,0.940,0.723,0,1,8.100,2,3,2,4.800,1
-0.174,-1.359,-0.959,0,0,7.500,1,2,1,4.700,0
-2.377,-1.359,-1.407,0,0,7.300,0,1,0,3.200,0
-1.031,-1.167,-0.735,0,0,7.500,1,1,1,4.300,0
1.295,0.844,1.059,1,1,8.200,2,3,2,4.700,1
0.560,1.514,1.059,1,0,8.400,0,3,2,4.500,1
0.560,-1.071,0.611,0,0,8.100,1,2,0,4.300,1
-0.664,-1.359,-0.623,0,0,7.800,0,1,0,4.500,0
0.438,-0.018,1.171,0,1,7.400,1,3,0,3.800,0
-0.296,-1.359,-0.511,0,1,7.700,1,1,0,4.000,0
0.683,1.323,0.835,1,1,7.700,2,2,2,4.700,1
-1.398,-1.071,-1.183,0,0,7.500,1,1,1,4.700,0
1.295,-0.592,0.835,1,1,8.400,2,1,0,4.800,0
-0.908,-1.359,-1.968,0,0,7.600,1,1,0,4.500,0
1.172,1.802,0.947,1,1,7.700,1,3,1,4.800,1
1.172,-0.114,1.283,0,1,8.600,2,3,3,4.700,1
1.295,1.419,1.507,1,1,8.300,1,1,1,4.800,1
-2.010,-0.688,-0.286,0,1,7.400,1,1,2,3.600,0
-1.031,-1.071,-0.959,0,1,8.300,2,1,1,3.900,0
-0.541,0.844,0.947,1,1,8.000,1,1,0,3.600,1
0.560,-1.071,-0.623,0,0,6.500,1,3,2,4.700,0
-0.296,0.365,0.498,1,1,7.600,1,3,1,4.600,0
-0.908,-0.784,-0.174,0,1,8.200,1,3,1,3.900,0
1.295,1.419,1.507,1,1,8.500,2,3,2,4.800,1
0.560,0.269,1.059,1,1,7.000,1,3,0,4.800,1
-0.541,0.557,-0.735,1,1,7.900,2,3,2,3.900,1
0.683,0.652,0.835,1,1,8.400,1,3,2,4.800,1
-2.010,-0.784,-0.511,0,0,6.600,0,1,0,4.200,0
0.193,0.461,0.050,1,1,6.600,1,1,0,4.400,0
0.683,1.419,1.059,0,1,8.200,2,2,0,4.100,1
0.560,1.323,1.059,1,1,8.300,2,3,2,4.400,1
1.295,0.078,1.283,1,1,8.500,0,3,2,4.700,1
-0.664,-1.167,-1.968,0,1,7.600,1,2,0,3.400,0
1.295,0.652,0.947,1,1,8.400,2,3,2,4.800,1
0.683,1.323,1.059,1,1,8.100,2,3,2,4.800,1
-1.153,-0.114,-0.959,1,1,6.500,0,3,1,3.300,1
0.071,-0.209,-0.735,0,1,6.500,0,1,1,3.700,1
0.438,0.461,0.947,1,1,8.200,1,1,3,4.000,1
0.071,-1.263,-1.071,0,1,7.600,1,2,1,4.100,0
0.071,-0.401,-1.856,0,1,7.200,1,2,0,4.600,0
-0.052,1.227,0.162,1,1,8.300,1,1,2,3.700,1
-0.419,0.461,0.723,1,0,8.500,0,3,2,4.800,1
0.928,0.940,-1.183,1,0,6.500,0,3,2,4.800,0
-0.296,-1.359,-0.959,0,0,6.500,1,1,0,4.300,0
0.071,-1.167,1.059,1,1,6.600,2,2,0,4.800,0
0.928,0.844,0.835,1,1,8.400,2,3,2,4.700,1
1.295,0.365,0.947,1,0,8.500,2,3,2,4.200,1
-0.541,0.940,-0.735,1,1,8.400,1,3,1,4.800,0
1.050,0.269,1.171,0,0,8.100,1,3,0,4.300,0
1.172,0.269,1.171,1,1,8.100,0,3,2,4.800,1
1.295,0.269,-1.407,0,1,8.200,2,2,1,4.800,1
1.172,0.940,0.947,1,0,8.100,2,3,2,4.800,1
0.438,-1.071,0.723,1,0,7.500,2,1,0,4.600,0
-1.276,-1.071,-1.295,1,0,8.200,1,2,2,4.000,0
-0.664,0.844,-1.071,0,0,7.400,1,1,0,3.700,0
-1.153,-0.975,-1.407,0,0,6.500,1,3,1,4.100,0
0.438,-1.359,-0.959,0,1,6.700,0,2,0,4.000,0
-0.296,-0.688,0.723,0,0,8.100,0,3,2,4.800,0
1.295,1.802,1.395,1,1,8.600,2,3,2,4.800,1
0.928,1.323,0.835,1,0,8.000,1,3,2,4.600,1
0.560,0.269,1.171,1,1,7.600,2,3,2,4.600,1
-0.174,1.227,-0.062,1,1,7.600,1,2,2,4.400,0
-0.419,-0.688,-1.520,0,0,7.600,1,2,0,4.000,0
-0.541,1.323,0.611,1,1,7.800,1,3,1,4.600,1
1.295,1.036,1.283,1,1,8.800,2,3,2,4.700,1
-0.052,-1.359,1.059,0,0,7.600,1,2,0,4.200,0
0.071,-1.167,-0.511,1,1,7.600,2,3,1,4.300,0
-0.786,-1.359,-0.623,0,1,6.900,0,1,0,4.100,1
-0.052,-1.167,-1.968,0,0,6.700,1,1,0,4.000,0
-0.174,-1.359,-1.183,0,1,7.400,1,1,1,3.700,1
1.295,-0.018,1.171,1,1,8.000,1,3,2,4.800,0
0.928,-0.018,0.723,1,1,8.600,2,3,2,4.800,1
-0.174,0.748,-0.174,1,1,6.500,1,2,1,4.400,0
1.295,1.323,1.059,1,0,8.100,0,3,0,4.700,1
1.295,0.174,1.059,1,1,7.800,2,3,2,4.800,1
1.295,0.748,0.835,1,1,8.600,2,3,2,4.800,1
-1.276,-0.784,-0.623,0,1,7.500,1,1,1,4.000,0
1.295,1.514,0.947,1,1,7.000,2,3,2,4.600,1
1.295,0.078,0.947,1,1,7.100,2,3,2,4.700,1
-0.786,1.802,1.395,1,1,8.100,0,3,2,4.200,1
-0.174,-0.688,-0.623,1,1,7.700,1,1,0,4.300,1
-1.520,-0.688,-0.511,0,1,7.300,1,1,1,4.200,0
-0.052,-1.359,-0.847,1,1,7.500,0,3,1,4.400,0
1.295,1.610,0.162,1,1,8.200,2,3,2,4.800,1
0.193,1.227,-1.183,1,1,7.700,0,1,0,3.800,0
-0.786,-0.784,0.498,0,1,8.300,1,2,1,3.900,0
1.050,1.227,-0.623,0,1,8.200,1,3,3,4.800,1
0.683,1.131,-0.959,1,0,8.200,0,1,1,4.700,0
1.050,0.461,-0.735,1,1,8.200,0,2,2,3.300,1
1.050,0.557,0.723,1,1,8.100,0,3,2,4.800,1
-1.765,-1.359,-0.735,1,1,8.000,1,3,0,4.400,0
-1.765,-1.359,0.162,0,0,6.500,1,1,0,3.600,0
-0.174,-1.359,-0.959,1,1,7.500,2,1,0,4.200,0
-1.398,-0.784,-1.295,0,0,7.800,1,2,1,3.900,0
-1.643,-1.359,-1.071,0,0,7.400,1,1,0,4.400,0
0.560,0.652,-0.286,0,1,6.500,1,3,3,4.500,0
-1.520,-1.359,-0.062,0,1,6.500,1,1,0,4.600,0
1.295,0.844,-0.959,1,1,8.400,0,3,0,4.800,1
1.295,1.610,1.283,0,1,7.700,0,3,2,4.500,1
-0.296,0.652,0.611,1,0,8.000,2,2,2,4.800,0
1.295,1.802,1.395,1,1,8.300,2,3,2,4.800,1
-0.786,-1.359,-1.407,0,1,7.600,1,2,1,3.700,0
1.172,0.940,1.171,1,0,8.000,0,3,0,4.400,1
-0.296,-1.359,-1.183,0,0,7.700,1,1,0,3.700,0
1.050,0.269,0.947,0,1,8.600,1,3,2,4.600,1
1.295,0.078,1.395,1,1,8.000,2,3,2,4.700,1
-1.153,0.461,-0.847,1,1,7.800,1,2,0,4.800,0
-1.031,0.269,0.947,0,1,7.500,1,2,2,4.100,1
-1.520,-1.359,-0.959,0,1,6.600,0,2,1,4.200,0
0.316,1.131,0.835,0,1,8.200,0,3,2,4.700,1
0.683,1.131,-0.959,1,1,8.400,2,1,2,4.100,1
1.295,0.940,1.395,1,1,8.400,1,3,2,4.800,1
0.560,1.802,1.171,1,1,7.200,1,3,2,4.400,0
-2.010,1.227,0.835,0,0,6.500,1,2,0,4.300,0
-1.153,0.365,-0.735,1,1,7.900,1,1,0,4.300,0
-0.541,0.461,0.835,1,1,7.100,1,1,3,4.400,0
1.295,0.461,0.947,1,1,8.400,1,3,0,4.700,1
1.295,1.131,1.395,1,1,8.900,2,3,2,4.700,1
1.172,0.844,0.835,1,1,8.400,2,3,2,4.500,1
0.193,-1.359,-1.071,0,0,7.300,1,1,0,4.400,0
-0.052,1.706,1.059,1,0,7.400,2,3,2,4.700,1
1.295,1.036,1.171,0,1,7.800,0,2,2,4.800,1
0.560,-0.975,-1.071,1,0,7.700,1,3,1,4.700,0
1.295,0.269,1.283,1,1,8.600,2,3,2,4.800,1
0.928,1.610,0.947,1,1,8.100,2,3,2,4.400,1
0.683,0.365,-0.847,1,1,6.500,1,1,2,4.500,1
-2.010,-1.359,-1.071,0,1,6.700,1,1,0,4.000,0
-1.153,-1.359,-1.856,0,0,7.200,1,1,0,3.700,0
-1.765,-1.359,-0.959,0,0,7.800,1,1,2,4.100,0
-1.398,-1.359,-1.520,0,0,7.300,1,1,1,4.200,0
0.683,0.365,1.283,1,0,8.600,1,3,1,4.800,0
-0.541,1.036,-1.295,1,1,8.200,1,3,2,4.500,0
0.071,0.365,0.947,1,1,8.300,1,2,0,4.800,1
-0.296,0.940,-1.071,1,1,8.200,1,1,0,4.100,0
1.050,0.269,0.835,1,1,8.100,0,2,1,3.800,0
-1.888,-1.359,-0.847,0,0,7.500,1,2,0,3.800,0
0.316,-1.071,-0.847,1,0,8.100,1,0,1,3.400,0
-1.888,-1.359,-0.286,1,1,7.400,1,1,0,4.700,0
-0.419,0.844,-1.520,1,0,7.900,1,2,0,4.700,0
1.172,0.940,1.059,1,1,8.300,1,2,2,4.600,1
-0.052,0.269,1.395,1,1,8.300,1,3,1,4.500,1
-1.276,-1.359,-0.511,0,1,7.500,1,1,0,3.700,0
-1.520,-0.975,-1.407,0,0,6.800,0,1,1,3.500,0
1.295,0.748,1.171,1,1,8.300,2,3,2,4.800,1
-0.296,-0.497,-0.286,0,1,7.800,0,2,2,3.600,1
0.193,1.323,1.059,0,1,7.200,1,3,2,4.800,1
0.438,0.652,0.947,1,1,8.500,2,3,2,4.800,1
0.438,1.419,0.947,1,1,8.500,1,3,2,4.400,1
-0.419,-1.359,-1.071,1,1,8.400,1,2,0,4.700,0
1.172,-0.018,0.498,1,1,8.600,2,3,2,4.700,1
1.295,1.036,0.947,1,1,8.700,2,3,2,4.800,1
1.295,0.748,1.507,1,1,8.000,2,3,2,4.500,1
-1.276,-1.359,-1.183,0,1,7.400,1,1,1,3.800,1
0.316,1.802,-0.959,1,1,7.400,0,2,2,4.800,1
1.295,1.036,1.171,1,1,8.000,0,3,2,4.800,1
0.193,-0.880,1.059,1,1,7.900,1,3,3,4.500,1
1.295,0.078,1.283,1,1,7.900,2,3,2,4.800,1
1.172,1.131,-0.398,0,1,6.500,1,3,2,4.600,0
-1.398,0.652,-1.183,0,0,7.100,1,2,1,4.200,0
-1.520,-1.263,-1.183,0,0,7.700,1,1,1,4.400,0
-0.664,-1.071,-0.735,0,0,7.300,0,2,1,3.700,0
1.295,-0.975,1.059,1,1,7.500,1,2,1,4.300,1
-0.664,-1.359,1.059,1,1,7.700,1,3,2,4.200,0
0.805,-1.167,1.507,1,1,6.600,1,3,2,4.400,1
0.928,-1.167,-0.286,0,0,7.500,1,2,0,4.500,0
0.928,0.461,1.507,1,1,8.200,1,3,0,3.700,1
-0.174,1.802,1.059,0,1,8.200,0,3,2,4.500,1
-0.296,-1.359,-1.856,0,1,6.800,1,1,1,3.300,0
-0.052,-0.688,-1.295,1,1,7.500,1,3,1,3.800,1
0.560,0.844,0.835,1,1,7.700,2,2,1,4.700,1
-0.296,-0.114,1.059,0,1,6.500,0,2,0,4.400,0
0.071,-0.975,-0.959,0,1,7.900,1,2,0,4.500,0
0.316,-0.209,-1.295,1,1,7.900,1,2,1,4.500,0
0.928,0.748,0.723,1,1,8.700,2,3,2,4.600,1
0.193,-0.880,-0.511,0,0,7.700,1,1,0,4.300,1
1.295,1.227,1.395,1,1,8.500,2,3,2,4.800,1
-1.153,-1.359,-1.632,0,0,6.800,0,1,1,3.000,0
-1.398,-0.497,0.947,1,0,8.000,0,3,0,4.200,1
0.193,-1.071,0.274,0,1,6.500,1,1,1,4.800,0
-0.052,-0.975,1.171,1,0,8.300,2,3,0,4.500,0
-0.052,-0.784,-1.071,0,1,7.500,1,1,1,3.200,0
-0.052,0.365,1.059,1,1,8.200,1,3,1,4.600,0
-1.643,-0.018,-1.520,0,0,7.500,1,1,1,4.400,0
-1.398,-1.263,-0.847,0,0,7.600,1,1,1,4.200,0
0.193,-0.018,-0.398,0,0,8.000,2,2,2,4.500,0
1.050,0.078,1.395,1,1,7.600,2,1,2,4.600,1
0.560,1.993,1.059,1,1,6.500,0,3,2,4.600,1
1.295,1.131,1.283,1,1,8.400,0,3,2,4.800,1
-1.153,-0.880,-0.398,1,1,8.500,2,3,1,3.900,0
-0.174,-1.359,-0.623,0,1,7.800,1,2,1,4.800,0
-0.052,1.323,-0.847,0,1,7.200,0,1,1,4.100,1
0.805,0.940,0.386,1,0,8.500,1,3,0,4.500,1
0.560,1.036,0.835,1,1,8.500,1,3,1,4.300,1
-0.786,-0.975,-1.071,0,0,7.200,1,1,0,3.800,0
-0.786,-1.071,-1.520,0,0,7.800,1,1,1,4.000,0
0.560,-0.784,-0.735,0,1,6.500,1,2,0,4.700,0
0.316,0.461,0.947,1,1,8.200,1,2,3,4.600,0
-1.153,-1.359,-0.623,1,0,6.600,1,1,0,4.600,0
0.683,-1.359,-0.511,0,0,6.500,0,3,0,4.300,0
0.805,1.227,1.171,1,1,8.600,1,3,2,4.700,1
-0.296,-0.880,-1.071,0,0,6.900,1,1,0,3.400,0
-2.377,-0.880,-0.623,0,0,7.500,1,1,1,3.000,0
-0.296,-1.263,-0.735,0,0,7.700,0,1,1,3.300,0
-1.398,-0.401,-0.398,1,1,8.000,1,1,0,4.000,0
-0.419,0.557,1.059,1,1,8.800,1,3,0,4.700,1
0.193,1.131,-0.735,1,1,6.900,1,1,2,4.500,1
-0.296,1.514,1.395,1,1,7.800,1,2,2,4.800,1
1.172,-0.975,1.059,1,1,7.900,1,3,0,4.500,1
-1.153,-0.784,-0.847,1,1,6.800,0,3,0,3.900,0
0.071,1.323,-0.623,0,1,7.900,0,1,0,4.800,0
0.316,0.652,1.171,1,1,8.300,2,3,2,4.600,1
-1.765,-1.071,-0.286,1,0,7.600,1,2,2,4.800,0
0.438,0.940,0.835,1,0,8.400,2,3,2,4.800,0
1.172,0.078,1.059,1,1,8.400,0,3,2,4.100,1
-0.419,-1.359,-1.295,1,1,6.800,1,2,2,3.700,0
0.193,0.940,-0.286,1,1,7.800,1,3,0,4.500,1
-0.419,-1.359,-0.511,0,1,6.700,0,1,0,4.000,0
1.295,0.748,0.723,1,1,8.800,2,3,2,4.800,1
-1.031,-1.359,-0.511,0,1,6.500,1,2,1,4.300,0
-0.419,0.461,-0.511,0,1,8.300,1,2,2,4.500,1
-0.052,-1.359,-0.847,0,0,7.400,0,1,0,3.800,0
0.928,1.036,-1.071,1,1,7.700,1,3,3,3.900,0
-0.174,-0.401,0.835,1,1,6.900,1,1,2,4.600,0
-1.031,-1.167,-0.735,0,0,7.600,1,1,1,4.200,0
1.172,0.748,1.507,1,1,7.800,1,3,0,4.600,1
0.071,-1.359,-0.511,0,1,7.500,0,2,2,4.800,1
0.438,-0.305,-0.511,0,0,8.700,1,1,0,4.300,1
0.683,0.557,-0.847,1,0,7.400,1,1,2,4.400,1
1.295,0.940,1.059,1,1,8.400,2,3,2,4.800,1
-0.786,0.940,-1.295,0,1,6.500,1,2,0,4.500,0
1.172,0.269,-0.398,0,1,7.500,1,3,1,4.200,0
1.295,1.036,-0.286,1,1,7.600,0,3,1,4.600,1
1.295,1.706,-0.398,1,0,7.600,1,3,2,4.500,1
-0.664,0.844,-0.511,1,0,7.100,1,1,0,4.700,0
0.193,-0.401,0.498,0,1,7.800,2,3,2,4.800,0
-1.153,-0.592,-1.183,0,0,6.600,0,1,0,4.300,0
0.071,1.706,0.386,1,1,8.400,0,1,0,4.500,0
0.928,-1.359,-1.968,0,1,8.400,1,2,1,3.600,0
0.316,0.557,-1.632,1,1,7.900,0,2,0,4.200,1
-0.419,-1.359,-0.174,1,1,7.500,0,2,0,4.200,0
1.295,0.461,1.395,1,1,8.600,1,3,2,4.800,1
-0.052,1.514,-0.398,0,0,6.500,1,1,1,4.200,0
1.295,0.365,0.274,0,1,7.600,0,3,0,4.700,0
1.295,0.461,0.947,1,1,8.500,1,3,0,4.500,1
-1.520,-0.880,-1.071,0,0,7.500,1,2,1,4.700,0
0.316,-0.688,-0.735,1,1,7.700,0,1,0,4.700,0
1.050,-1.359,-1.183,0,0,7.500,0,2,0,4.200,1
0.071,-0.114,0.835,0,0,8.700,2,1,2,3.900,0
-0.541,1.419,-0.735,1,1,8.500,1,1,0,4.500,0
0.071,-0.975,-0.847,0,0,7.700,1,1,1,3.900,0
-0.296,-0.305,-1.632,0,0,6.500,1,1,0,4.300,0
0.560,0.652,1.059,1,0,8.000,1,1,2,4.600,1
-0.174,-1.359,1.171,0,1,7.700,0,1,2,4.600,1
-1.031,0.269,-0.847,1,0,7.800,1,2,0,3.600,1
-1.031,-0.401,-1.407,0,0,6.600,1,1,0,3.000,0
-1.031,0.844,0.947,1,1,8.100,2,2,0,4.400,1
-0.786,0.365,1.171,1,0,8.600,0,3,2,4.200,1
-1.520,-1.359,-1.520,0,0,7.700,0,1,0,3.500,0
0.560,-1.263,-0.511,0,0,7.600,1,1,0,3.700,0
-2.010,-1.167,-1.520,1,1,7.400,1,2,1,3.600,0
0.683,1.131,-0.286,1,1,8.400,2,3,0,4.600,0
0.560,0.844,0.386,1,1,8.400,2,3,2,4.500,1
-0.296,1.419,-1.183,1,1,8.300,2,3,0,4.100,0
-1.643,-1.359,-0.847,0,1,7.400,1,1,1,4.000,0
1.295,0.269,1.507,1,1,8.000,1,3,0,4.800,1
-1.153,-1.359,-0.398,1,1,6.500,0,2,0,4.400,0
-0.786,-0.975,-0.398,0,1,8.300,0,1,1,4.300,1
-0.296,1.419,-1.183,1,1,7.900,1,2,1,4.200,1
-0.541,-1.359,-1.520,0,0,7.300,1,1,0,3.900,0
1.050,0.940,0.947,1,1,8.700,2,3,2,4.800,0
0.928,0.174,1.171,1,1,8.000,2,3,2,4.500,1
-1.276,1.323,0.498,1,0,8.200,2,1,1,4.500,0
-1.031,-1.071,-0.847,0,1,7.600,1,2,0,4.800,0
-0.052,1.993,-0.847,1,1,7.500,0,2,2,4.600,1
1.295,0.174,0.947,1,1,8.000,0,3,2,4.800,1
-0.541,0.652,1.059,1,1,8.000,1,3,1,4.200,0
-0.052,-1.359,0.274,1,0,7.500,1,2,1,4.400,1
0.560,0.940,1.507,1,1,8.300,1,3,2,4.400,1
1.295,0.269,1.171,1,1,8.500,2,3,2,4.800,1
-0.664,-1.359,0.050,0,1,6.600,1,1,0,4.600,0
-1.643,-1.359,-1.071,0,1,7.500,1,2,0,4.200,0
-0.296,-1.167,-1.183,0,1,6.800,0,1,2,3.600,0
1.050,0.461,0.835,1,1,8.400,0,1,2,4.800,1
-1.520,-0.401,-0.735,0,0,6.500,1,1,0,3.100,0
1.295,1.131,0.723,1,1,8.200,2,3,2,4.800,1
-0.541,-0.688,-0.062,1,1,8.700,0,3,0,3.700,0
0.316,0.652,0.723,1,1,7.900,1,3,1,4.300,1
-0.541,-1.359,-0.959,0,1,7.300,1,1,1,3.600,0
-0.541,-0.018,-0.623,1,0,7.100,2,3,0,3.500,0
0.560,-1.359,-0.847,1,1,6.800,1,2,2,4.100,1
-0.296,-1.263,0.050,1,1,8.000,2,1,2,4.400,0
0.316,1.227,-1.183,0,0,6.800,1,1,0,3.900,0
-0.664,0.940,0.723,1,1,7.400,1,3,2,4.100,1
-0.174,0.557,0.947,1,1,8.600,2,3,3,4.700,1
0.193,0.940,0.835,1,1,8.200,0,3,2,4.500,0
1.295,1.036,1.171,1,1,8.200,2,3,2,4.800,1
1.050,0.557,0.835,1,1,8.200,1,3,2,4.800,1
1.050,1.706,-0.847,1,0,6.700,1,3,1,4.300,0
1.295,0.844,1.171,1,1,8.700,2,3,2,4.800,1
-0.541,0.652,0.162,1,0,7.600,1,3,0,4.200,1
-1.031,-1.167,-0.735,1,1,7.900,1,3,1,4.600,0
-0.664,0.365,-0.847,0,1,7.700,1,3,0,4.700,1
-0.052,0.557,-1.071,0,0,8.300,0,2,0,4.300,1
1.295,1.131,0.947,1,1,8.000,0,3,2,4.800,1
-0.541,-1.359,-1.407,0,0,9.100,1,1,0,3.800,1
-0.786,1.131,-1.295,1,0,8.400,1,2,1,4.000,0
0.805,0.652,1.171,1,1,8.000,2,2,2,4.500,1
1.295,0.557,1.171,1,1,8.000,2,2,2,4.800,1
-0.664,-1.359,-1.295,0,1,7.700,2,2,1,4.100,0
0.316,-1.359,-0.847,1,1,7.800,1,2,1,4.400,0
1.295,1.419,1.395,1,1,7.800,2,3,2,4.800,1
1.172,1.802,0.835,1,0,7.400,2,3,2,4.800,0
0.071,-0.784,-1.856,0,1,7.600,1,1,1,3.700,0
-1.031,0.269,-0.959,1,1,7.800,0,3,3,4.800,1
-0.052,-0.114,0.835,1,0,7.900,2,3,2,4.300,1
-0.908,-1.359,0.050,0,1,7.400,0,1,0,4.500,0
-1.031,-0.880,-0.398,0,0,7.700,0,1,0,4.200,0
0.928,0.365,1.171,1,1,8.500,0,3,3,4.700,0
-1.888,-0.975,-0.623,0,0,7.500,1,1,0,4.300,0
1.172,1.897,1.283,1,1,7.900,2,3,2,4.400,1
-0.296,-0.497,-0.511,0,1,6.500,1,2,0,4.600,0
0.683,-0.880,1.395,0,1,7.600,1,1,2,4.300,1
0.438,-0.975,-0.735,0,0,7.200,1,1,1,4.400,0
-0.786,-1.263,1.283,0,0,6.900,1,3,0,4.500,0
-1.765,-0.592,-0.511,0,1,7.300,1,1,0,4.000,0
0.071,-1.359,0.723,1,1,8.400,1,1,0,3.700,0
-0.419,0.748,-0.398,0,1,7.400,1,2,1,4.300,0
1.050,1.036,-0.735,0,1,7.600,2,3,0,4.400,1
-1.031,0.652,1.507,1,1,8.200,0,3,0,4.700,1
-0.419,-0.784,-1.520,0,1,6.700,1,2,2,3.800,0
0.316,-0.114,-1.183,1,1,7.500,0,2,0,4.800,1
0.316,0.652,1.171,1,1,8.400,1,2,0,4.500,0
1.295,1.227,1.507,1,1,8.400,2,3,2,4.800,1
0.193,-1.359,-1.183,0,1,6.800,1,1,1,4.200,0
-0.296,-1.071,-1.071,0,1,6.700,1,2,0,4.400,0
-0.419,-1.359,-1.183,0,0,6.900,0,2,1,3.700,0
1.295,1.802,0.611,1,1,8.400,2,3,0,4.800,1
0.438,0.461,-0.959,1,1,7.300,1,2,1,3.900,1
-1.765,0.940,1.059,1,1,7.500,0,3,0,4.300,0
1.295,1.131,0.723,1,1,8.300,2,3,2,4.800,1
-1.643,-0.209,-0.847,0,0,6.500,0,1,1,4.100,0
-0.052,-1.167,-0.398,0,0,6.500,0,2,1,4.300,0
-1.643,-1.167,1.059,1,1,6.900,1,2,0,4.400,1
-1.765,-0.114,-0.174,0,0,7.500,1,2,1,4.100,0
1.295,-0.209,1.507,1,1,8.200,0,3,2,4.400,1
0.560,0.748,1.171,1,1,7.900,1,3,1,3.900,0
0.928,0.557,-0.735,0,1,7.600,1,2,1,4.200,0
0.193,-0.784,-0.398,1,1,7.600,0,3,1,4.600,0
-1.520,-1.167,-0.959,0,1,7.700,0,1,0,3.800,0
0.071,-0.305,-1.183,0,0,7.400,0,2,1,4.100,0
-2.132,-0.880,-0.398,0,0,7.500,1,2,0,4.400,0
-1.276,-0.975,-1.071,0,1,7.600,1,1,0,4.000,0
-0.052,-1.359,-1.071,0,1,7.400,0,2,1,3.600,0
-0.786,1.323,0.050,1,1,7.800,1,2,0,4.500,0
-0.664,-1.359,-0.286,0,1,7.500,0,1,2,4.000,0
0.071,0.269,1.283,1,1,6.500,2,3,2,4.000,1
-0.664,-1.263,-1.407,0,1,6.500,1,2,0,4.600,1
-1.398,0.365,-0.286,0,1,7.100,0,1,0,3.600,1
-0.541,-0.401,-0.847,0,1,6.700,1,1,1,4.300,0
-1.031,-0.018,1.059,1,1,7.500,1,1,0,3.700,0
-0.296,-1.359,-0.735,0,1,7.600,0,1,1,4.600,0
-1.520,-0.975,0.611,0,0,7.300,1,2,1,4.600,0
0.193,1.131,0.723,1,1,7.600,1,1,0,4.200,0
-0.052,0.844,-0.959,1,1,7.500,1,2,1,4.700,0
1.295,1.323,1.171,1,1,8.500,2,3,2,4.800,1
-1.398,-0.018,-0.735,0,0,7.400,1,1,1,4.500,0
-2.010,-0.209,-0.959,0,0,6.700,1,1,0,4.600,0
-0.296,0.365,-0.398,1,1,8.100,1,2,2,3.300,0
0.193,-0.592,-0.847,0,1,7.600,1,1,1,4.500,0
-1.031,-1.359,-0.174,0,1,7.400,1,1,1,4.300,0
0.316,-1.359,-1.407,0,1,6.500,1,2,1,4.000,0
0.071,-0.497,-1.632,0,1,7.800,1,2,0,3.800,1
0.683,-1.359,-1.183,0,1,7.700,0,2,0,4.000,1
-0.052,0.844,-0.847,0,0,6.700,0,2,1,4.100,0
0.071,0.078,-0.511,0,0,7.400,0,1,0,3.400,0
1.295,1.036,1.395,1,1,8.600,1,2,2,4.800,1
-0.908,0.652,-0.062,0,1,7.400,1,1,0,4.100,0
-0.541,0.461,-1.295,1,1,7.700,1,3,1,4.600,0
-0.052,-0.688,0.835,0,1,6.800,1,2,0,4.100,1
1.295,1.514,-0.735,1,1,8.400,1,3,2,4.800,1
0.438,-0.880,-0.623,0,0,7.300,0,2,0,4.500,0
-1.276,-1.167,-1.071,1,0,6.500,1,1,2,4.200,0
0.316,0.174,0.947,1,1,8.400,1,2,0,4.400,0
0.805,-1.167,0.611,1,1,8.400,2,3,1,4.400,1
-0.908,-0.784,-0.623,0,0,7.800,0,1,1,4.000,0
1.050,-0.592,0.723,1,1,8.200,1,3,1,4.800,1
0.438,1.993,1.507,0,1,7.400,1,2,1,4.100,0
1.172,1.131,0.723,1,1,8.100,2,3,2,4.500,0
1.295,0.078,1.283,1,1,8.400,2,3,2,4.800,1
1.050,-0.209,1.283,1,1,8.200,2,3,2,4.800,0
-0.664,-0.497,-0.286,0,0,7.300,0,1,1,4.100,0
1.295,0.748,0.498,1,1,8.700,1,3,2,4.800,1
-0.419,-1.359,-0.286,0,1,7.300,2,2,1,3.800,1
-1.520,-1.359,-1.071,0,0,7.600,1,2,1,3.900,0
-1.031,-0.784,-1.183,1,0,7.300,1,1,0,3.800,0
1.295,0.940,1.507,1,1,8.500,1,3,0,4.800,1
-1.765,-1.359,-0.735,0,1,6.500,1,1,0,4.500,0
0.683,0.940,-0.511,1,1,7.900,2,1,1,4.200,1
0.316,0.652,-0.174,1,1,8.700,2,1,3,4.500,1
-1.153,-1.167,-0.735,1,1,7.600,1,3,1,4.500,0
-0.296,-0.305,1.283,0,1,7.400,1,2,0,4.500,0
1.295,0.365,1.395,1,1,8.800,2,3,3,4.800,1
1.295,1.227,1.059,1,1,8.200,0,3,1,4.800,1
1.295,1.993,1.507,1,1,8.600,1,3,2,4.800,1
-2.010,-0.975,-0.511,0,0,6.500,0,1,2,3.900,0
-0.052,-0.592,-0.623,0,1,6.500,1,2,1,3.100,1
-0.174,0.844,-0.398,1,1,8.800,0,2,1,4.500,0
-0.296,-0.018,0.162,1,1,8.000,1,2,1,4.600,0
0.805,0.174,1.059,1,1,7.900,2,3,2,4.800,0
1.295,1.897,1.283,1,1,8.400,2,3,2,4.700,1
1.050,-0.401,0.947,1,1,8.200,2,3,2,4.800,1
-1.888,-1.359,-1.744,0,0,7.700,1,1,0,4.100,0
1.295,0.940,1.395,0,1,8.300,1,3,2,4.800,1
-1.520,-1.359,-0.847,0,0,7.700,1,1,1,3.000,0
0.193,-1.359,-0.735,0,1,6.700,1,1,1,4.500,0
0.071,0.461,0.723,1,1,8.400,1,3,1,4.600,1
-0.296,0.748,1.059,1,0,7.900,2,1,0,4.300,0
0.438,-1.071,-1.183,0,1,7.400,1,2,1,3.900,0
1.295,-0.018,1.395,1,1,8.400,1,3,2,4.800,1
1.295,1.131,0.611,1,1,8.500,2,3,2,4.800,1
-0.052,-1.071,-1.520,1,1,7.800,1,1,0,3.800,0
1.295,1.897,1.507,1,1,8.000,2,3,2,4.800,1
-1.153,-1.359,-0.847,0,0,7.500,1,1,0,4.500,0
1.295,1.514,-1.071,1,0,6.500,1,3,2,4.000,1
-0.908,-0.975,-1.520,0,0,7.600,0,2,0,4.400,1
-1.031,-1.359,0.050,1,1,6.500,0,1,1,4.400,0
-0.908,-0.880,-1.632,1,1,7.800,1,1,1,4.600,0
1.295,0.461,-0.286,0,1,8.500,0,3,2,4.600,1
0.438,-0.114,1.507,0,1,7.400,1,3,2,4.800,1
-0.296,0.652,-1.071,1,1,7.600,0,2,1,4.700,0
-1.398,-0.784,1.059,1,1,8.300,2,2,2,4.800,1
-0.664,1.036,0.835,1,0,6.600,0,1,0,4.300,1
-2.377,-0.975,-1.407,0,0,7.700,0,1,1,4.700,0
-0.296,1.227,0.947,1,1,8.600,0,3,1,4.800,0
1.295,1.419,1.395,1,1,8.000,2,2,2,4.800,1
0.805,0.940,0.162,1,0,8.400,1,3,2,4.400,0
-1.031,-1.263,-1.183,0,1,7.700,1,1,2,4.000,0
-0.908,0.748,0.947,1,1,7.400,1,1,1,4.600,0
0.193,-1.359,-1.744,0,1,8.400,1,2,0,4.000,1
-1.153,-1.167,-1.071,0,0,7.300,0,1,1,3.500,0
-1.153,0.940,-0.735,0,1,6.900,0,1,0,3.900,1
1.295,-0.018,1.507,1,1,8.700,1,3,2,4.800,1
1.295,0.461,0.611,1,1,8.400,2,3,2,4.600,0
-1.153,-0.975,-1.407,0,1,7.100,0,1,0,3.800,0
-1.276,-0.688,-1.632,0,1,7.500,1,1,0,3.800,0
0.560,-1.359,-0.398,0,1,6.500,1,3,2,4.600,1
1.295,1.610,1.507,1,1,8.000,2,3,2,4.800,1
0.805,0.844,0.611,0,1,7.800,2,1,0,4.300,1
-1.643,-0.880,-0.174,0,1,6.500,1,1,1,4.000,0
0.316,0.652,1.171,1,0,8.500,1,1,2,3.400,0
0.683,0.748,0.835,1,0,8.000,2,3,2,4.800,1
-0.419,0.174,0.723,1,1,8.100,2,2,1,4.800,0
-0.296,-1.359,-1.744,0,1,7.500,1,2,0,4.800,0
0.560,-1.359,-0.847,0,1,7.500,1,1,1,4.300,0
-1.643,-1.071,0.611,0,0,7.800,1,1,0,4.600,0
0.683,-0.305,-1.295,0,0,8.000,2,1,1,4.500,1
0.683,-1.263,-0.847,0,1,7.900,1,1,0,4.700,0
0.071,0.844,-0.174,1,1,7.900,1,2,3,4.700,0
-1.398,-1.071,-0.959,0,0,7.200,1,1,1,4.000,0
0.438,1.323,-1.520,0,0,7.500,1,1,0,4.400,0
-0.664,1.036,-0.847,0,1,8.000,2,1,0,4.100,1
1.295,0.940,1.171,1,1,8.700,2,3,2,4.800,1
-1.765,-1.359,-0.735,0,0,7.600,0,1,0,4.100,0
1.172,1.227,-0.511,1,1,8.500,2,3,0,4.800,1
-0.174,-0.018,-0.511,1,1,8.400,1,2,0,4.200,0
-1.153,-0.784,-1.183,0,0,7.300,1,1,0,3.900,0
-1.765,0.940,-1.632,0,1,6.900,1,3,2,4.000,0
-1.031,1.036,1.507,0,0,6.500,1,3,2,4.200,0
0.928,1.323,1.171,1,1,8.100,1,3,0,4.700,1
0.193,-1.359,-0.735,0,1,7.500,0,2,0,3.600,1
-0.541,0.461,-0.511,1,1,7.900,1,1,1,4.400,0
1.295,1.323,1.283,1,1,7.200,2,3,2,4.700,1
1.295,1.610,1.283,1,1,8.200,1,3,2,4.600,1
0.928,-0.114,-1.071,0,1,7.400,1,1,1,4.600,0
-0.419,-1.263,-0.735,0,0,7.700,0,1,1,4.200,0
-0.419,-1.359,-0.959,0,1,6.500,0,2,0,3.600,0
1.295,-0.305,1.171,1,1,8.100,2,3,2,4.700,1
0.193,-0.880,-0.398,1,1,7.900,1,2,1,4.000,0
-0.541,0.557,0.723,1,1,8.200,2,3,2,4.200,1
-1.153,-1.167,-1.520,0,1,7.400,1,1,1,3.500,0
0.071,1.227,0.498,1,1,8.700,0,2,1,4.800,1
1.295,1.610,1.283,1,1,8.000,2,3,2,4.800,1
-0.541,-0.784,-0.735,0,1,6.500,0,2,1,3.500,0
-2.377,-1.359,-0.847,0,1,7.500,1,2,0,3.600,0
-1.153,-0.784,-0.398,0,1,7.600,0,1,1,3.900,0
1.295,1.514,0.723,1,1,8.400,2,3,2,4.800,1
-1.520,1.131,-1.295,1,0,6.500,0,1,0,4.300,1
-0.908,0.269,-1.183,0,1,8.200,2,2,0,4.800,0
0.316,1.227,0.611,1,0,8.300,2,3,0,3.500,0
-1.031,1.706,-1.183,0,1,7.400,1,3,1,4.100,1
-0.541,-0.401,-1.744,1,0,6.500,0,2,2,4.500,0
1.050,1.227,0.723,1,0,7.600,0,3,0,4.600,1
-1.276,-1.359,-0.735,0,0,6.500,2,1,0,3.700,0
-2.377,-1.359,-0.511,0,0,8.000,0,2,0,4.200,0
-1.520,-0.305,1.059,1,0,7.500,1,2,0,4.400,0
-0.296,0.557,-0.511,0,1,7.900,1,1,0,4.700,0
-0.296,-1.359,-0.959,0,1,6.900,0,1,0,3.700,0
-0.052,-1.071,-0.959,1,0,7.300,2,1,1,4.800,0
-0.664,0.748,0.723,1,1,7.800,0,2,0,4.700,1
-0.664,0.844,-1.183,1,1,7.700,1,3,2,3.600,0
-2.377,-1.263,-0.623,0,1,7.600,1,1,1,4.400,0
-0.052,-1.263,-0.959,0,1,7.700,1,1,2,3.900,0
0.560,-1.359,0.835,1,1,8.400,0,2,3,4.400,1
-1.153,-0.401,-0.286,0,0,6.500,1,1,0,4.100,0
-0.174,0.557,-1.071,0,1,6.500,2,1,0,4.400,0
-0.052,0.652,1.507,1,1,8.700,1,3,2,4.600,0
1.295,1.993,0.274,1,1,8.100,2,3,2,3.800,1
-0.786,1.323,1.171,1,1,8.100,2,1,0,3.600,0
-0.296,-0.688,-0.847,0,1,7.500,1,1,0,4.000,0
0.683,0.461,0.835,1,1,6.500,1,3,2,4.800,0
0.193,1.227,0.947,1,1,8.500,0,3,0,4.400,0
-1.153,-0.880,-1.183,0,1,7.600,1,2,0,4.700,1
0.193,0.940,1.507,1,1,8.500,2,2,2,4.800,1
-2.255,-0.592,-0.735,0,0,7.400,2,1,0,3.900,0
-1.153,-1.359,-0.847,0,1,7.400,1,1,0,4.000,0
-1.520,-1.359,-0.511,0,0,7.500,0,2,0,3.100,0
1.295,0.365,-0.735,1,1,8.200,2,3,1,4.800,1
1.050,1.227,0.274,1,0,8.500,2,2,0,4.800,0
-0.296,-1.263,-1.071,0,1,6.500,0,2,1,4.800,0
0.071,-1.071,-0.847,0,0,7.500,0,1,0,4.500,0
1.295,0.174,1.171,1,1,8.400,2,3,2,4.800,1
0.683,1.036,1.507,1,1,8.300,2,3,2,4.800,1
-0.174,0.461,1.395,1,1,7.600,2,3,0,4.800,1
1.050,1.802,-0.847,1,1,8.100,2,2,1,4.800,0
-0.786,-1.359,-1.520,0,1,8.500,1,2,0,4.200,0
0.193,0.269,-0.174,1,1,7.400,0,2,0,3.800,0
-1.398,-1.359,-0.959,0,1,7.400,1,1,1,4.700,0
1.295,0.748,0.611,1,1,8.600,1,3,2,4.700,1
-0.052,-1.359,-0.847,0,0,6.600,1,2,0,3.600,0
-0.296,-0.784,-0.623,0,1,7.500,0,1,0,4.300,0
1.295,0.174,1.059,1,1,8.900,2,3,0,4.800,1
-1.276,-0.784,-0.735,0,1,6.500,1,2,1,4.500,0
-0.786,1.036,-0.511,0,1,7.600,1,3,1,4.100,0
0.805,0.078,1.171,0,1,6.900,2,3,0,4.600,0
-2.010,-0.975,-0.623,0,0,6.500,1,1,1,4.500,0
-1.153,-1.359,-1.407,1,1,6.600,1,2,0,4.100,0
-0.541,-0.018,-0.847,0,1,7.500,1,1,2,3.500,0
0.071,-0.018,-1.744,0,0,7.000,1,1,2,4.100,1
0.928,1.993,0.162,1,1,7.600,1,2,2,4.800,0
-0.296,-0.401,-0.735,0,1,8.300,1,2,1,3.500,0
-0.296,-0.401,-0.286,0,0,8.400,1,2,2,4.100,0
-0.174,0.365,1.171,0,1,8.400,1,3,0,3.700,1
0.683,1.706,1.171,1,1,7.800,2,3,2,4.700,1
0.438,-0.305,1.283,1,1,8.200,1,2,0,4.600,1
0.071,0.557,-0.735,0,1,7.400,1,1,0,4.100,0
0.683,0.365,1.283,1,1,8.500,1,2,1,4.100,1
-0.664,0.269,0.723,0,1,7.100,1,3,1,4.300,1
0.071,0.557,-0.286,0,1,6.500,2,3,2,4.200,0
-0.419,0.844,-0.623,0,1,6.600,0,1,0,3.900,1
1.295,0.940,1.507,1,1,7.700,1,3,2,4.800,1
-2.377,-0.688,-0.623,0,0,6.500,1,1,1,4.000,0
-2.010,-1.359,-0.847,0,1,7.800,1,1,1,4.100,0
-0.786,1.131,0.947,1,0,8.800,0,2,1,4.800,0
1.295,1.227,1.171,1,1,8.100,2,3,2,4.700,1
-1.888,-1.359,-1.407,0,0,7.400,1,1,1,4.000,0
-0.296,0.748,-0.398,0,1,7.700,0,1,0,4.100,1
1.295,0.461,0.723,1,1,8.000,2,1,2,4.800,0
1.295,1.036,1.171,1,1,8.400,2,3,2,4.800,1
1.295,-0.018,1.283,1,1,8.500,1,3,2,4.700,1
-0.174,0.844,-1.071,0,0,7.400,1,2,0,4.600,0
-1.031,-1.359,-1.744,0,1,7.400,1,1,0,3.900,0
1.295,0.174,1.283,1,1,8.100,2,3,2,4.800,1
1.172,1.227,0.947,1,1,8.400,2,3,2,4.500,1
0.928,-1.071,-0.511,0,1,7.900,1,1,0,4.400,1
1.295,1.514,0.723,1,1,8.200,2,3,2,4.800,1
1.295,-0.018,0.947,1,1,8.400,2,3,2,4.800,1
0.316,-0.592,1.507,1,1,8.000,1,1,2,4.600,0
-1.398,-0.592,-0.735,0,0,6.700,0,1,0,3.500,0
-0.541,-1.359,-0.847,0,1,6.800,1,2,0,4.300,0
-0.052,-0.018,1.283,1,1,8.600,0,2,1,3.800,1
0.683,0.269,-0.735,0,1,6.500,2,1,0,4.800,0
-0.908,0.844,-0.959,0,1,7.600,1,1,1,4.600,0
-0.296,-0.114,1.171,1,1,8.000,1,2,2,4.700,1
-0.296,-0.209,-0.398,1,0,6.500,1,1,0,3.900,0
-1.520,-1.359,-1.071,0,0,6.500,1,1,1,3.600,0
1.050,0.269,1.283,1,1,7.500,2,3,0,4.600,0
-1.520,0.557,-0.847,1,0,7.000,0,2,1,3.800,0
0.683,1.610,1.283,1,0,8.800,2,3,2,4.700,1
1.295,0.844,0.947,1,1,7.800,2,3,2,4.500,1
-1.398,0.940,0.947,1,0,8.200,0,1,1,3.800,1
-0.296,0.557,0.611,1,1,8.200,2,3,0,3.500,0
1.295,0.652,1.395,1,1,8.200,2,3,2,4.600,1
-1.398,-0.975,-1.407,0,0,7.500,2,2,1,3.700,0
-1.398,-1.359,-1.071,0,1,7.900,0,1,0,4.100,0
1.295,0.748,0.386,1,1,7.900,1,2,0,4.100,1
-1.031,-1.071,-0.735,1,1,7.200,1,3,1,4.400,0
-0.908,-1.359,-0.959,0,1,6.500,2,1,1,4.400,0
1.295,1.514,0.274,1,1,7.600,0,2,2,4.600,1
0.071,-1.167,-0.623,1,1,8.300,0,2,1,3.900,0
-0.174,0.078,0.386,0,1,7.800,1,2,1,4.400,0
-0.786,-1.359,1.395,1,1,7.800,1,2,1,4.000,0
1.295,0.940,1.059,1,1,7.300,2,3,2,4.500,1
-1.276,-1.359,-1.071,0,1,7.500,1,2,1,3.200,0
0.193,-1.263,-0.174,0,1,7.400,1,2,1,4.200,0
-1.888,-1.359,-0.398,0,1,7.500,0,1,0,3.700,1
1.295,0.461,1.507,1,1,8.400,2,3,2,4.600,1
-1.276,-0.401,0.723,1,1,8.700,1,2,0,4.600,1
-1.765,-1.071,-0.623,0,0,6.500,1,1,0,4.300,0
-1.031,-0.497,-0.511,1,1,6.600,1,1,0,4.500,1
-0.052,0.078,0.835,1,1,8.100,2,3,0,4.800,0
-1.031,0.748,-0.847,1,1,7.800,1,1,0,4.100,1
0.438,0.844,0.947,1,1,8.300,2,1,2,4.800,1
-0.541,-0.018,-0.174,1,1,6.500,2,1,0,4.300,0
1.295,0.461,1.395,1,0,7.400,2,3,2,4.600,1
-1.276,1.227,-0.623,0,0,8.100,1,3,0,3.900,0
0.560,0.365,-1.071,1,1,8.500,0,3,0,4.500,1
0.560,-1.359,-1.632,0,1,6.500,1,2,0,4.700,0
-0.908,-0.688,-1.295,1,0,7.500,1,1,1,4.600,0
-1.031,-0.114,-0.623,0,0,7.300,0,2,1,4.400,0
1.295,-0.209,0.947,1,1,8.100,1,3,3,4.800,1
1.295,0.174,1.171,0,1,8.600,2,3,2,4.800,1
1.295,0.940,1.507,1,1,8.200,2,3,2,4.800,1
-1.520,0.557,-1.632,0,1,7.700,1,2,1,3.800,0
-1.765,-1.071,-1.744,0,0,7.700,0,1,0,4.600,0
-1.031,-1.359,-0.623,0,0,7.200,1,2,0,3.200,0
1.295,1.227,1.283,1,1,6.500,0,3,2,4.800,1
1.295,1.706,0.723,1,1,8.000,1,3,2,4.400,1
-0.908,-0.880,-0.623,0,1,7.500,1,1,1,4.400,0
0.316,1.227,-0.511,1,1,6.700,2,1,2,4.600,0
-2.255,-0.784,-0.623,0,1,6.500,1,1,0,3.500,0
1.295,0.652,1.059,1,1,8.100,2,3,2,4.800,1
-1.643,-0.688,0.050,1,1,6.500,1,1,1,3.800,0
-0.174,-1.359,-0.959,0,1,8.300,1,1,0,3.700,0
0.805,0.652,-1.071,1,1,8.200,1,3,2,4.400,1
-0.052,0.461,0.498,0,0,8.000,2,3,2,4.800,1
1.295,1.323,1.283,1,1,8.000,2,3,2,4.800,1
0.316,0.557,-1.295,1,0,7.800,1,3,0,3.700,0
-0.052,-1.263,1.171,1,1,7.600,0,1,2,4.800,1
1.295,0.844,0.498,1,0,8.600,2,3,2,4.300,1
0.316,-1.359,-0.286,0,1,7.400,1,1,0,3.800,1
-0.052,-1.359,-1.520,0,1,8.200,1,1,1,4.600,0
-1.031,-1.167,0.386,0,0,7.500,1,1,0,4.300,1
1.172,-0.688,-0.286,0,0,7.400,1,2,0,3.600,0
0.438,-0.018,1.395,1,0,7.900,1,2,2,4.500,1
-1.153,-1.359,-0.174,0,1,7.400,1,2,1,3.800,0
1.295,0.940,1.507,1,1,8.500,2,3,2,4.800,1
0.438,-0.209,0.947,1,1,8.000,2,3,0,4.100,0
1.295,0.748,-1.183,0,1,7.500,1,2,0,4.200,1
1.050,0.078,-0.511,1,1,8.400,0,3,2,4.700,1
-0.174,-0.305,-0.959,1,1,7.500,0,3,1,4.700,1
1.295,0.078,0.723,1,1,8.100,2,3,2,4.800,1
0.683,0.940,0.835,0,1,7.200,2,3,0,4.800,0
-0.419,-1.359,-0.847,1,0,6.500,1,3,0,4.400,0
1.295,1.610,1.395,1,1,8.500,1,3,2,4.700,1
0.560,0.365,1.283,1,1,8.600,1,3,2,4.800,1
1.295,1.323,1.395,1,1,8.000,2,3,2,4.800,1
1.295,1.323,0.835,1,0,8.200,2,3,2,4.800,1
-1.765,-0.497,-1.520,0,1,6.700,1,1,1,4.000,0
-1.398,-0.305,-0.735,0,1,7.600,1,1,0,4.300,0
-0.908,-0.688,-1.407,0,0,6.800,0,2,1,4.400,0
0.805,-0.497,-0.735,1,1,7.600,1,2,1,4.400,1
-0.541,-0.114,0.947,0,0,7.400,1,1,1,3.500,0
-0.541,-1.071,-1.632,0,0,7.400,1,1,0,3.900,0
-0.786,-0.880,0.498,0,1,6.700,1,1,0,4.500,1
1.295,1.610,1.507,1,1,8.800,2,3,2,4.800,1
-0.052,0.269,-0.623,0,1,7.300,1,3,1,3.300,0
0.316,-0.401,-1.295,0,1,6.800,0,1,0,4.000,1
-1.276,-1.359,-1.632,0,1,7.500,0,2,1,4.500,0
-0.419,-1.071,-0.847,0,1,7.700,0,2,0,3.700,0
-0.786,-0.018,-1.295,0,1,6.900,0,1,1,3.500,0
-0.419,-1.359,-1.856,0,1,6.500,1,1,1,4.100,0
-1.153,-0.497,-1.183,1,0,8.300,2,1,2,4.300,0
-0.419,-1.167,0.498,1,0,6.500,1,1,1,4.800,0
-1.153,0.078,1.507,1,1,8.200,1,3,2,4.600,1
-0.052,-0.688,-0.623,0,1,6.600,1,3,1,3.200,0
1.295,-1.359,-0.511,1,1,6.500,1,2,2,4.500,1
1.295,0.748,0.947,1,1,8.000,1,3,2,4.800,0
1.295,1.036,-1.183,1,1,7.800,1,2,2,4.500,1
-0.419,-1.167,-1.520,0,0,8.300,0,3,0,3.900,0
1.295,1.610,0.611,1,1,8.600,1,3,0,4.800,1
0.683,1.897,0.947,1,1,8.600,2,3,0,4.800,1
0.560,-0.497,-0.286,1,1,7.800,1,3,3,3.900,0
0.683,0.652,0.723,1,1,7.700,1,3,2,4.500,0
-0.052,-0.784,-0.959,1,1,7.900,0,2,1,4.800,0
-0.052,-0.401,-0.623,1,1,7.600,1,1,2,4.400,1
1.295,1.802,0.835,1,1,8.400,2,3,2,4.800,1
1.295,0.652,1.507,1,1,8.200,0,3,2,4.700,1
-0.296,-0.880,-0.623,0,1,8.400,2,1,1,4.400,0
0.071,-0.592,-1.295,1,1,7.400,0,1,0,4.300,0
-1.398,0.269,-1.520,1,1,8.400,1,3,2,3.600,1
-0.908,-1.359,-0.959,0,1,7.700,0,2,0,3.600,0
-0.052,-0.688,-1.295,0,1,8.200,0,1,1,3.900,0
0.193,-0.209,-0.959,1,1,7.800,0,3,0,4.200,0
-0.052,1.610,0.947,1,1,7.400,1,2,0,4.700,0
1.295,0.844,-0.959,1,1,8.300,2,3,2,4.800,1
0.316,1.419,1.395,1,1,7.400,1,1,0,4.700,0
-0.174,0.078,-0.847,1,1,8.600,1,2,1,4.300,1
-0.541,-0.209,0.723,1,1,6.500,0,1,1,4.500,0
-1.031,-1.359,-0.847,0,0,6.600,1,2,0,4.600,0
1.050,1.131,0.274,1,1,7.500,1,3,2,4.800,1
-0.419,-1.071,-1.407,0,0,6.600,1,2,0,3.800,0
1.295,0.652,1.171,1,1,8.600,2,3,2,4.600,1
0.683,-0.114,1.395,1,1,8.800,1,2,2,4.800,1
-0.052,0.652,0.947,1,1,8.700,2,3,2,4.400,1
0.071,-1.359,-1.071,0,0,6.500,1,2,1,4.200,0
-0.174,0.365,-0.398,1,1,6.500,0,2,0,4.300,1
0.438,0.078,1.171,1,1,8.600,0,2,2,3.900,0
0.438,-1.359,-0.623,0,1,7.700,0,1,1,3.700,0
0.316,1.323,0.835,1,1,7.900,1,3,2,4.700,1
0.928,-0.592,-0.735,0,0,6.500,1,2,0,4.300,0
-1.520,-0.688,-0.959,0,1,6.900,1,1,1,3.900,0
1.295,-0.305,1.171,1,1,8.000,1,3,2,4.300,1
0.805,1.610,0.835,1,1,6.700,1,3,2,4.100,1
-1.031,0.940,-0.847,0,1,7.400,0,2,1,4.700,0
0.316,1.227,0.162,0,1,7.700,1,2,2,4.800,1
-1.888,-1.359,-1.632,0,1,6.700,1,1,0,3.700,0
-0.541,-0.497,-0.959,1,0,7.400,2,1,2,4.400,0
-0.664,-1.359,-1.071,0,0,7.600,1,1,1,4.500,0
-0.174,-0.880,-0.398,0,1,7.600,1,2,1,4.300,0
1.295,0.557,1.507,1,1,8.600,2,3,2,4.800,1
0.683,0.269,0.611,1,1,8.200,2,3,2,4.400,1
-0.419,-0.880,-0.286,1,1,7.800,1,1,0,4.600,0
0.193,-0.401,-1.071,0,1,7.600,1,1,1,4.000,0
0.316,0.365,0.386,1,0,6.600,1,1,0,3.900,0
0.805,0.174,-0.847,0,1,7.300,2,1,2,3.800,0
-1.031,0.174,-1.744,0,0,7.700,1,1,1,4.200,0
1.295,1.131,1.171,1,1,8.200,0,3,2,4.500,1
0.560,0.269,1.283,1,1,7.600,1,2,0,4.400,1
-1.520,-1.167,-1.183,0,1,6.700,1,1,0,4.600,0
-0.908,-1.359,-1.295,0,1,6.700,1,1,1,4.200,0
-0.296,0.557,-0.735,1,1,8.700,1,2,2,4.500,1
1.295,-0.018,1.171,1,1,8.900,2,3,2,4.800,1
-0.664,-0.497,-0.398,0,0,7.400,1,1,0,4.500,1
-0.541,0.557,-1.407,0,1,8.500,1,1,2,4.800,1
-1.153,0.557,-0.511,1,1,7.700,1,1,1,4.300,0
0.071,0.461,0.050,0,1,7.300,2,1,1,4.600,0
0.193,-0.592,-1.183,0,0,7.500,0,2,0,4.100,0
0.071,-1.167,-0.623,0,0,7.500,1,2,0,3.600,0
1.295,0.940,0.835,1,1,8.600,2,3,2,4.800,1
-0.296,1.227,-1.183,0,0,7.600,1,1,1,4.500,0
0.438,0.748,0.947,1,1,8.000,1,3,1,4.700,0
0.928,-0.401,0.947,1,1,8.000,2,2,0,4.200,0
-0.786,-0.784,0.050,1,1,7.600,1,2,2,4.700,0
-0.296,0.461,-0.959,0,1,7.100,1,1,0,4.100,0
1.295,1.227,0.947,1,1,8.500,2,3,2,4.800,1
0.805,0.365,1.507,1,1,8.800,2,3,2,4.700,1
0.071,-1.359,-0.959,1,1,6.500,1,1,0,4.400,0
-1.153,0.940,-1.183,0,1,6.500,1,1,0,4.700,0
-0.664,-1.359,-0.623,0,1,7.400,2,2,1,3.800,0
1.295,0.652,1.507,1,1,8.400,2,3,2,4.800,1
0.805,-1.167,-1.183,0,0,7.600,1,1,1,4.100,0
1.295,1.514,0.611,1,1,8.400,2,3,3,4.700,1
1.295,1.227,0.050,1,1,7.900,2,3,1,4.000,1
-0.664,1.036,1.395,1,1,8.500,1,3,0,4.300,0
1.295,0.748,0.947,1,1,8.200,2,3,2,4.800,1
0.071,1.419,1.395,1,1,8.500,1,3,2,4.800,1
0.683,-0.975,1.283,1,1,6.900,1,3,0,4.400,1
1.295,1.131,1.283,1,1,7.400,1,2,1,4.400,0
1.295,1.131,1.507,1,1,7.800,2,3,2,4.800,1
1.295,0.652,0.947,1,1,9.000,2,3,2,4.800,1
1.295,0.940,0.611,1,1,8.500,2,3,2,4.800,1
-0.786,0.078,-0.847,0,1,7.600,0,1,1,4.400,0
-0.052,0.174,1.171,0,1,7.700,1,1,0,4.300,1
-2.377,-1.359,-0.959,0,0,6.500,0,1,1,4.100,0
-1.643,-0.784,-1.968,0,0,7.400,2,1,3,3.900,0
-0.052,0.078,-0.511,0,1,8.300,0,1,0,3.500,1
1.295,0.652,1.507,1,1,7.300,1,3,0,4.700,0
0.928,0.844,-0.174,1,1,8.000,2,2,2,4.800,1
-0.541,1.227,-0.286,1,0,8.200,0,2,1,4.600,0
1.295,1.131,0.611,1,1,7.800,1,2,2,4.800,1
-1.888,-0.497,-0.398,1,1,6.600,0,1,1,4.600,0
1.295,0.557,0.723,1,1,8.500,1,3,2,4.700,1
1.295,1.419,0.611,1,1,8.800,2,3,2,4.800,1
1.295,1.131,0.723,1,1,8.300,2,3,2,4.800,1
1.050,-0.401,0.947,1,1,7.800,0,3,1,4.600,1
-0.541,-1.071,-0.959,0,0,6.700,1,1,0,3.700,0
0.560,-1.263,-0.062,1,1,8.200,0,3,2,4.800,1
1.295,1.131,1.507,1,1,7.900,1,3,2,4.600,1
0.683,0.078,-1.071,1,1,7.800,1,1,0,4.500,0
-0.908,1.036,0.835,1,1,8.500,1,1,2,4.000,1
-1.398,-0.975,-1.183,0,0,6.500,1,1,0,4.500,0
-1.031,-1.359,-1.407,0,0,7.500,0,2,0,3.400,0
-1.153,-0.880,-0.735,0,1,6.600,1,1,0,3.300,0
1.172,0.652,0.835,1,1,8.400,2,3,2,4.500,0
-1.031,-1.359,-0.959,1,1,7.400,1,1,0,4.300,0
1.295,1.036,0.386,1,1,7.800,2,3,0,4.700,1
1.295,0.652,0.835,1,1,6.500,1,3,2,4.800,1
-1.398,0.269,0.947,1,1,8.600,1,2,0,3.900,1
1.295,-0.592,-0.959,0,0,8.300,0,1,0,4.100,0
0.560,0.078,1.171,1,1,8.500,2,3,2,4.800,1
-0.541,-1.167,-0.959,0,0,8.000,1,3,0,4.300,0
0.805,0.940,1.395,1,1,8.900,2,3,2,4.800,1
-0.296,-0.784,0.947,1,1,7.700,1,2,0,4.300,1
0.928,1.036,1.507,1,1,7.600,1,3,0,4.400,0
0.316,0.269,1.395,1,0,7.900,2,3,2,4.600,0
1.295,1.610,0.386,1,1,8.200,0,3,0,4.400,1
0.560,-1.071,1.171,1,1,8.500,1,3,0,4.700,1
1.295,0.940,1.507,1,1,7.700,2,3,2,4.700,1
-2.255,-1.263,-1.520,0,0,6.500,1,2,0,4.000,0
0.805,0.940,1.283,1,1,9.000,0,3,2,4.800,1
1.295,0.844,1.507,1,1,8.300,1,3,2,4.800,1
1.050,1.514,1.507,1,1,8.300,1,2,2,4.600,1
0.805,1.036,1.283,1,1,8.500,2,2,0,4.300,1
-0.419,0.365,-1.071,0,0,7.200,1,2,1,4.100,0
1.295,1.227,1.171,1,1,8.500,2,3,2,4.500,1
1.295,0.078,1.283,1,1,7.700,2,3,2,4.800,0
-0.296,-0.880,-0.062,1,1,6.500,1,1,0,3.600,0
0.805,1.419,-0.286,1,1,8.000,2,3,2,4.800,1
0.316,0.557,1.283,1,1,8.200,1,2,0,3.900,0
0.928,1.131,0.611,1,1,8.200,1,2,0,4.200,0
0.071,-1.071,0.723,1,1,7.900,0,1,0,4.500,1
0.683,0.652,-0.847,1,1,8.500,1,3,0,4.800,1
1.295,0.557,1.395,1,1,7.900,2,3,2,4.600,1
1.295,0.461,1.059,1,1,8.700,2,2,2,4.800,1
-1.153,-1.263,-0.735,0,0,6.500,1,2,1,3.900,0
-1.031,0.461,-1.183,0,1,7.000,1,1,1,4.300,0
-0.174,-1.167,1.507,0,1,6.800,0,2,0,4.100,0
1.050,0.078,1.171,1,1,7.700,1,2,0,4.800,1
-1.765,-0.688,-0.174,0,1,7.600,1,2,0,4.800,1
-0.664,-1.359,-0.286,0,1,8.400,1,1,1,3.700,1
-0.296,-1.359,1.171,0,1,8.400,1,2,2,4.500,0
-0.296,0.269,-0.174,1,0,6.800,0,1,2,4.600,0
1.050,1.036,-0.959,0,1,8.600,1,1,1,4.000,1
1.295,1.419,0.611,1,1,6.500,1,3,0,4.600,1
-0.908,-1.359,-1.968,0,0,6.500,1,1,1,4.200,0
1.295,0.844,1.395,1,1,8.000,2,3,2,4.800,1
0.438,-0.401,-0.398,1,0,8.200,1,2,0,4.800,1
1.295,0.557,0.835,1,1,7.600,2,3,2,4.500,1
0.071,0.174,-0.286,0,1,8.400,1,1,0,4.600,1
0.438,0.748,-1.183,1,1,6.800,1,2,2,4.500,1
1.295,1.610,0.723,1,1,8.800,2,3,2,4.700,1
1.295,0.652,1.283,1,1,8.400,2,3,2,4.800,1
-0.908,-1.359,-1.407,0,0,7.600,1,1,0,3.900,0
0.560,1.419,1.059,1,1,8.500,0,3,2,4.100,0
0.316,1.419,-1.407,0,0,7.300,0,3,1,3.800,0
0.560,0.461,-0.623,0,0,7.600,0,2,0,4.200,0
0.805,0.269,1.171,0,1,7.800,0,2,0,3.500,0
-1.031,-1.359,-1.407,0,0,7.400,1,1,1,3.300,0
1.050,-1.071,-0.511,1,1,6.500,1,1,0,4.000,1
-0.908,0.174,0.723,1,1,8.000,0,3,3,4.500,1
-0.541,0.652,-0.286,1,1,7.400,0,3,2,4.800,0
-0.541,-0.880,-0.174,0,0,7.700,1,2,0,4.400,0
1.295,1.036,1.171,1,1,8.400,2,3,2,4.800,1
0.071,0.174,1.059,1,1,7.900,1,3,3,4.100,1
1.295,0.557,1.059,1,1,8.900,1,3,2,4.800,1
1.295,0.844,0.947,1,1,8.400,2,3,2,4.700,1
1.172,1.036,1.171,1,1,8.600,2,3,2,4.800,1
0.560,0.174,-0.735,1,1,7.500,2,3,0,4.500,0
0.560,1.323,0.498,1,1,8.400,2,3,1,4.500,1
1.295,1.802,0.947,1,1,8.400,0,3,2,4.800,1
1.295,1.323,0.947,1,1,8.800,1,3,2,4.600,1
-0.908,-1.263,-0.735,0,0,7.600,0,1,0,4.000,0
1.050,0.844,1.395,1,1,7.500,2,3,0,4.600,1
1.050,1.419,-0.511,1,1,8.000,0,3,0,4.600,1
-0.296,0.269,-0.623,0,1,7.600,1,2,1,4.600,0
-1.153,0.844,1.507,1,1,6.900,1,2,0,4.800,0
-0.052,-1.263,-0.511,0,1,6.700,1,1,0,4.100,0
-1.153,-1.359,-0.847,0,1,7.700,1,1,0,3.900,0
0.560,-0.784,-1.295,0,0,6.500,0,1,1,3.600,0
-1.153,-1.359,-0.959,1,1,6.500,1,1,0,4.700,1
-1.276,1.036,-0.398,0,0,7.600,0,2,1,4.800,0
-0.786,-1.359,-0.623,0,1,7.800,2,2,0,4.200,0
-1.153,-0.975,-1.295,0,1,7.600,1,1,1,3.900,0
-0.664,-1.359,-0.959,0,1,7.600,1,1,2,4.300,1
0.193,0.748,-0.735,1,1,7.700,1,3,0,4.100,1
0.316,0.844,0.611,0,0,8.000,1,1,0,3.300,0
1.295,1.036,1.171,1,1,8.500,1,3,2,4.800,1
-1.031,-0.784,-1.071,0,0,6.500,1,1,0,4.500,0
1.172,0.652,1.059,1,1,8.000,2,3,0,4.500,1
1.050,-0.018,0.723,1,1,7.900,2,3,2,4.600,1
-1.398,0.174,-0.735,0,1,7.900,1,2,1,4.000,0
0.316,0.652,1.059,1,1,7.700,1,3,3,4.400,1
-1.031,-0.975,-0.623,1,1,7.700,0,2,0,4.800,0
-0.908,1.897,1.171,1,1,7.600,0,3,2,4.600,0
-0.786,0.940,-0.286,0,1,7.100,1,2,1,3.900,1
-0.052,-0.880,-0.623,0,1,6.500,1,1,1,3.800,0
0.560,0.461,1.059,0,1,6.500,0,2,1,4.800,1
0.560,0.269,1.059,1,1,8.600,2,2,2,4.000,0
0.560,-0.497,1.059,0,0,7.400,1,3,0,4.600,0
0.071,0.748,-1.520,1,0,8.000,2,1,2,4.600,1
-0.541,-0.592,-0.623,1,1,6.600,1,1,1,3.900,0
0.805,-1.071,0.611,1,1,7.700,1,1,2,4.200,0
0.193,-0.018,-0.847,1,1,8.200,0,1,2,4.200,0
1.295,0.940,1.059,1,1,8.000,1,3,2,4.800,1
0.316,1.227,-0.174,1,1,6.700,1,1,1,4.400,0
0.683,0.174,-0.623,1,1,8.700,1,1,0,3.800,0
-1.398,0.748,-0.847,0,1,6.800,1,1,1,4.500,0
1.295,0.557,0.498,1,1,8.300,1,3,2,4.500,1
-0.174,-0.497,-0.623,0,0,6.500,1,2,0,4.500,0
1.295,0.940,-0.174,1,1,8.300,2,3,2,4.700,1
-0.786,-1.359,-0.735,0,1,8.200,1,1,0,4.500,0
-0.419,-0.305,-0.511,0,1,7.400,0,2,0,3.800,0
-0.541,0.748,0.611,1,0,7.900,2,1,2,3.900,0
-0.786,-1.359,-1.968,1,0,7.700,0,1,0,4.300,1
1.050,0.557,0.835,1,1,7.800,2,2,2,4.300,0
-0.296,-0.784,-1.071,0,0,7.400,0,1,0,4.400,0
0.683,-0.018,-0.062,0,1,7.700,1,2,0,4.300,0
1.295,1.993,0.611,1,1,8.700,2,3,2,4.800,1
0.316,1.610,0.835,1,1,8.400,2,3,2,4.700,1
0.193,-1.359,-0.847,0,1,6.500,0,1,1,4.000,0
1.050,0.940,1.283,1,1,8.800,1,3,2,4.800,1
1.295,0.174,1.059,1,1,8.500,2,3,2,4.600,1
-0.174,-0.401,-0.062,0,0,7.200,1,1,0,4.200,0
-0.296,-0.305,-0.398,1,1,8.500,2,1,2,4.500,1
-0.664,-1.263,-0.735,0,1,6.500,1,2,1,3.900,0
0.928,0.269,0.947,1,0,8.000,0,2,2,4.700,0
0.071,-0.592,-0.623,1,0,8.300,0,1,1,4.300,0
0.560,-0.497,-0.398,1,1,8.300,1,2,1,4.300,0
-1.031,-0.688,-1.744,0,1,7.200,1,1,0,3.800,0
1.050,0.174,-0.286,0,1,6.500,0,2,2,4.600,0
0.560,-1.359,-0.735,0,0,7.500,1,1,0,4.500,0
0.193,0.174,0.386,1,1,7.400,2,3,1,4.800,0
0.805,1.036,0.835,1,1,8.500,2,1,0,4.500,1
1.295,0.748,1.283,1,1,8.300,2,3,2,4.800,1
0.560,0.748,0.723,1,1,8.500,1,2,0,4.500,0
-1.520,-1.167,-1.856,0,1,7.300,1,1,1,4.400,0
-0.541,-1.359,0.835,1,1,7.700,1,0,0,3.600,1
-1.276,0.365,-0.398,1,1,7.800,0,3,0,4.200,1
1.295,1.610,0.723,1,1,8.100,2,3,2,4.700,1
-0.296,0.844,-1.071,1,1,7.400,2,3,1,4.400,0
-0.052,-1.167,-1.520,1,0,7.600,1,1,0,4.200,0
-1.031,1.514,0.050,1,1,7.400,2,3,2,4.800,1
-0.174,-1.359,-1.183,1,1,8.400,2,1,2,4.100,0
-0.419,-1.359,-0.174,1,1,7.600,1,2,0,3.800,1
-0.541,-1.359,0.498,1,1,7.800,1,3,2,4.300,0
1.295,1.036,0.386,1,1,6.900,1,3,0,3.800,1
1.295,0.940,0.386,1,0,7.100,0,1,0,4.500,0
1.172,-0.784,0.835,1,1,7.900,2,3,2,4.800,1
1.295,1.706,0.723,1,1,8.300,2,3,2,4.800,1
-0.296,0.557,-0.959,0,0,7.600,2,1,2,4.200,0
0.438,-0.497,0.162,1,1,7.300,1,1,3,4.500,1
-0.296,-1.359,-1.632,0,1,8.400,2,1,0,4.600,0
1.295,1.227,1.283,1,1,8.300,2,3,2,4.800,1
0.316,-0.497,-1.295,1,1,8.500,0,1,0,4.500,0
1.050,-0.114,1.507,1,1,8.500,2,3,2,4.800,1
-1.031,-0.975,-0.959,0,1,6.700,1,1,1,4.000,0
0.316,-1.359,-0.398,0,0,7.700,1,1,1,3.800,0
1.295,0.461,1.395,1,1,7.100,0,3,2,4.800,1
0.071,0.940,-0.286,0,0,8.100,1,1,0,4.500,0
1.172,1.419,0.835,1,1,8.300,2,3,2,4.700,1
1.295,0.557,0.611,1,0,8.300,2,3,2,4.800,1
0.438,0.461,0.162,1,1,6.600,1,1,0,3.700,1
0.438,-1.071,0.162,0,0,6.500,1,1,1,4.200,0
-1.153,-1.359,-0.286,1,0,7.600,1,2,2,4.500,0
-1.888,-1.359,-1.407,0,0,7.900,0,1,0,3.600,0
0.683,-0.880,1.283,1,1,8.400,2,3,0,4.200,0
0.071,-1.359,-0.959,0,0,7.100,1,2,0,3.500,0
-0.786,0.461,1.283,1,1,8.300,1,2,0,4.800,0
1.295,0.652,1.395,1,1,8.700,0,1,2,4.500,1
-0.296,-1.359,-0.847,0,0,6.500,0,1,0,4.100,0
-0.419,-0.401,-1.071,0,1,6.500,1,3,1,4.800,0
-1.398,-0.688,-0.735,0,0,7.600,1,1,0,4.300,0
-1.643,-1.167,-0.511,1,0,6.600,1,2,1,4.600,0
-0.786,-1.359,-0.847,0,1,8.100,0,2,0,4.500,0
1.050,0.269,-0.623,0,1,8.300,1,3,1,4.800,1
-0.052,1.227,1.283,1,1,7.700,2,3,0,3.900,1
0.560,-0.497,-0.735,1,1,7.500,1,1,1,4.400,1
-1.276,-1.359,1.059,1,1,8.400,0,3,2,4.500,1
0.071,-0.592,-1.744,0,0,6.700,1,2,1,4.100,0
1.295,0.940,0.947,1,1,8.100,2,3,2,4.800,1
-1.276,-0.401,-0.959,0,0,7.100,0,1,1,4.800,0
1.295,0.174,1.395,1,1,8.900,2,3,2,4.800,1
-0.786,0.174,-1.968,0,0,6.900,1,1,1,3.600,0
-1.276,-0.592,-1.632,0,0,7.600,1,2,1,4.200,0
0.071,0.269,0.498,1,1,8.400,2,3,2,4.600,1
1.050,0.652,-1.632,0,0,8.200,0,1,0,4.000,0
1.295,1.227,0.723,1,1,8.600,2,3,2,4.800,1
0.928,1.993,-1.071,1,0,7.300,2,1,1,4.200,0
0.805,0.078,-1.632,0,1,7.900,1,2,1,4.800,0
1.050,0.365,1.059,1,1,8.600,2,3,2,4.700,0
1.050,0.557,-0.511,1,1,7.100,2,3,2,4.500,1
0.928,0.652,0.947,1,1,8.300,1,3,2,4.400,1
-0.541,-0.401,-0.623,0,1,7.200,1,2,2,4.200,0
-0.174,0.748,-0.174,1,1,7.900,0,1,0,4.400,0
0.071,0.748,0.611,0,1,6.800,1,2,0,3.800,1
-0.052,1.036,1.283,1,1,8.000,1,3,2,3.700,1
1.295,0.078,0.498,1,1,8.300,1,3,1,4.800,1
1.295,0.844,0.835,1,1,8.100,2,3,2,4.700,1
1.295,0.174,-0.623,1,1,7.400,0,1,1,4.800,0
1.172,0.748,0.274,1,1,8.300,2,3,2,4.100,1
0.683,-0.784,-0.735,0,0,7.600,0,1,0,4.100,0
-1.031,-0.688,1.059,1,0,7.700,1,1,3,3.600,0
1.295,1.514,0.274,1,1,8.200,1,3,2,4.800,1
1.295,0.557,1.283,1,1,8.000,2,3,2,4.800,1
-0.296,-0.497,-1.183,1,1,6.800,1,1,0,4.200,0
-1.276,-1.359,-0.286,0,1,6.600,1,1,1,3.600,0
1.295,-0.401,-0.735,0,1,7.500,1,2,0,4.600,0
1.295,0.557,0.835,1,1,8.200,1,3,2,4.600,1
-1.643,-1.359,0.386,0,1,7.500,1,1,0,3.900,0
0.805,0.365,0.723,1,1,8.100,2,3,0,4.300,1
-0.908,-0.880,-0.623,0,1,6.600,1,1,0,3.900,0
-1.031,-0.688,-0.286,0,0,7.200,1,1,0,4.300,0
0.805,-0.497,0.947,1,1,8.500,1,3,2,4.600,1
1.172,-0.784,0.162,1,1,7.100,0,2,2,4.200,1
-0.664,-0.305,-1.520,1,0,6.500,0,1,0,4.100,0
0.193,0.940,0.050,1,1,8.500,1,2,0,4.400,1
0.560,1.706,0.611,1,0,7.800,2,3,2,4.400,0
1.295,1.227,1.507,1,1,8.500,1,1,2,4.600,1
0.438,-0.975,1.283,1,1,8.300,2,1,2,4.400,0
-0.419,-1.359,-1.744,0,0,7.600,1,1,1,3.400,0
-0.664,-1.359,-0.735,0,0,7.700,1,2,1,4.500,0
0.683,0.844,-0.174,0,1,7.600,1,2,0,4.600,0
0.438,1.131,1.283,1,1,8.600,1,3,0,4.800,1
-0.052,0.269,1.283,1,0,7.800,2,2,2,4.500,0
-0.541,-1.071,1.059,0,0,6.500,0,1,0,4.500,0
0.316,1.131,-0.959,1,1,7.500,1,1,0,3.300,0
-0.541,0.557,-1.295,1,1,7.600,1,2,2,3.800,0
0.560,0.365,1.059,1,1,8.500,1,3,1,4.800,1
-0.174,0.844,-1.295,0,0,6.500,1,2,1,4.100,0
-0.786,-0.975,-1.183,0,1,7.400,1,1,1,3.600,0
1.295,0.748,1.395,1,1,8.400,1,3,2,4.500,1
-0.664,-1.167,-0.735,1,1,8.300,2,2,0,4.800,1
1.295,1.514,1.171,1,1,8.500,1,3,2,4.800,0
-0.296,-0.880,-0.062,0,0,7.900,1,3,3,4.300,0
-0.908,-0.114,0.162,0,1,7.700,1,2,0,4.200,0
-0.419,0.844,1.171,0,1,6.700,2,3,0,4.200,0
-0.908,0.844,0.723,1,1,7.500,1,2,1,4.500,0
0.560,-0.401,-1.183,1,1,8.300,0,1,2,4.700,1
0.193,0.557,0.947,0,1,7.700,1,2,0,4.400,0
1.295,0.269,1.395,1,1,8.900,2,2,0,4.800,1
-0.664,-0.784,-0.735,0,1,6.800,1,1,0,4.300,0
-0.296,-1.359,-1.071,0,1,7.500,1,1,0,4.000,0
-0.908,1.514,-0.959,1,0,7.500,1,1,2,3.900,0
1.295,1.131,1.507,1,1,8.000,2,3,2,4.600,1
0.805,-1.359,-1.183,0,1,6.700,1,1,0,4.800,1
0.071,1.227,1.171,1,0,8.100,0,2,2,4.400,1
0.683,-0.018,-1.520,1,1,7.600,1,3,2,4.400,1
-2.377,-0.975,-1.856,0,0,7.700,1,1,1,3.600,0
-0.174,-1.359,-0.847,0,1,6.500,0,1,0,3.500,0
-0.174,-0.688,-1.183,0,1,7.600,2,3,1,3.800,0
-0.908,0.174,0.947,1,1,6.900,1,1,2,3.800,0
0.805,-1.071,-0.286,1,1,8.300,1,2,2,4.800,1
-1.031,0.365,-0.398,0,1,7.500,1,1,0,3.700,0
-0.664,0.748,-0.398,0,1,6.500,1,2,1,3.900,0
1.295,1.036,1.395,1,1,8.000,2,3,2,4.800,1
-0.174,-0.209,-0.286,1,1,7.800,1,2,0,4.000,0
-0.174,1.610,-0.847,0,1,6.500,1,1,1,3.600,0
-1.153,-1.359,-1.183,0,1,7.500,1,1,1,3.600,0
0.071,-0.497,-1.071,0,1,7.300,1,1,0,4.700,0
-0.664,-0.209,-1.183,0,1,7.700,1,2,1,4.100,0
-1.153,-0.688,-0.398,0,0,7.900,1,1,1,3.400,0
0.683,-0.305,1.171,0,1,6.500,2,1,2,4.700,0
-0.664,-1.359,-1.183,0,1,7.600,1,1,0,4.100,0
-1.031,-0.975,-0.959,0,0,7.600,0,1,1,4.300,0
1.295,0.078,1.283,1,1,8.200,2,3,2,4.800,0
0.805,1.514,1.059,0,1,7.800,2,3,2,4.800,1
-0.541,-0.305,-0.511,1,1,6.500,1,2,2,4.100,1
-0.052,-0.592,1.395,1,1,6.500,1,3,3,4.300,1
-1.643,1.610,-0.623,1,0,6.700,1,1,1,3.500,0
-0.786,-1.071,-1.071,0,1,7.900,1,2,0,4.300,0
1.172,-0.688,0.274,1,0,6.500,0,1,0,4.600,0
-0.419,-1.359,-0.959,0,1,7.300,1,1,0,4.200,0
1.295,0.174,0.611,1,1,8.600,2,3,2,4.800,1
-0.786,0.269,1.507,1,1,7.700,2,2,0,4.300,1
1.295,-0.018,0.723,1,1,8.400,2,3,2,4.500,0
1.295,1.131,0.274,0,1,7.600,0,1,2,4.800,1
1.295,0.174,0.947,0,1,8.200,1,3,2,4.800,1
1.295,1.131,1.171,1,0,7.800,2,1,2,4.700,1
-0.664,-0.688,-0.735,0,0,7.500,1,1,0,4.200,0
-0.786,0.652,-1.183,0,1,7.600,1,2,0,3.800,0
1.295,0.557,1.059,1,1,8.800,1,3,3,4.800,0
1.295,1.131,0.498,1,1,8.200,2,3,2,4.600,1
1.295,0.748,0.723,1,1,7.700,1,3,2,4.800,1
-1.031,-1.167,-1.744,0,0,6.800,0,1,0,3.300,1
-0.908,1.610,1.507,0,1,6.600,0,1,2,4.200,1
0.071,0.940,1.059,1,1,8.100,1,3,0,4.700,1
-1.153,-0.497,-0.623,0,0,6.700,1,1,0,3.600,0
1.295,0.652,0.835,1,1,8.100,1,3,2,4.500,1
1.295,0.748,1.395,1,1,7.100,2,3,2,4.400,1
-0.786,-0.688,-1.071,0,1,6.700,1,1,1,4.000,0
-0.664,-1.359,-1.071,0,1,7.400,1,2,1,3.700,0
0.438,-0.688,-1.183,1,0,8.400,0,3,2,4.000,1
0.438,-1.263,-0.398,1,1,7.300,1,2,0,4.500,1
1.295,0.652,1.059,1,1,8.400,2,3,2,4.700,1
1.295,-0.018,1.171,1,1,8.700,2,3,2,4.400,1
1.050,0.748,0.723,1,0,7.700,0,2,0,4.800,0
-0.419,-1.359,-1.856,1,1,7.900,1,2,2,4.500,0
-0.541,-1.359,-0.959,0,1,7.400,1,2,1,4.600,0
-0.664,-1.359,-0.735,1,1,8.400,0,1,2,4.200,0
1.295,1.131,1.171,1,1,8.500,2,3,2,4.800,1
0.805,0.557,1.283,1,1,8.400,0,3,2,4.800,1
0.928,1.227,0.498,1,1,7.800,2,1,1,4.400,0
1.295,1.227,-1.295,1,0,8.200,1,2,1,4.800,0
1.050,1.131,1.171,1,1,8.100,1,3,2,4.800,1
-0.174,-0.880,1.507,0,0,6.700,1,2,1,4.400,0
-0.908,0.652,-0.511,1,1,8.300,2,1,2,4.000,0
-2.255,-1.359,-1.520,0,0,6.600,1,2,0,3.900,0
0.438,-1.071,-0.511,0,1,6.600,1,2,0,4.000,0
1.295,0.844,1.283,1,1,8.100,1,3,2,4.800,1
-1.276,0.174,-0.286,1,1,7.000,0,1,0,4.400,1
0.805,1.036,1.059,1,1,8.300,1,3,2,4.800,1
0.683,1.610,0.947,1,1,6.800,1,3,0,4.500,0
-1.276,-1.359,-0.623,0,0,6.500,1,1,1,4.300,0
-0.908,-0.784,-1.295,1,0,8.100,1,1,1,4.600,0
-0.541,0.557,1.171,1,1,8.000,1,1,0,4.300,1
1.295,0.557,0.723,1,1,8.100,1,3,0,4.800,1
-1.153,-0.688,-0.735,0,0,8.400,1,1,1,4.200,0
-0.908,-1.359,-1.071,0,1,7.700,1,2,1,4.500,0
0.683,-1.359,-0.959,0,1,7.300,1,1,1,4.800,1
-0.541,-1.263,-0.174,0,0,6.600,0,1,3,3.900,0
0.928,-1.359,-0.286,0,0,6.500,0,1,1,4.800,0
0.193,-0.209,-1.071,0,1,6.500,1,1,0,4.200,0
-1.765,-1.071,-1.856,1,1,7.000,1,1,0,4.600,0
-1.398,-1.359,-0.735,0,0,7.000,1,1,1,3.700,0
1.172,-1.263,-0.286,1,1,8.500,0,2,1,4.800,1
-2.377,-1.359,-1.632,0,1,7.500,1,1,0,3.700,0
-1.276,-0.688,-1.295,0,0,7.600,1,1,1,3.600,0
-2.377,-1.359,-1.295,0,0,7.600,1,2,0,3.900,0
0.071,0.940,1.059,1,1,7.700,1,1,0,4.200,1
-0.786,-1.071,-0.735,0,1,6.700,1,2,0,4.000,1
0.928,1.706,1.507,1,1,8.200,2,3,2,4.800,1
0.193,0.461,-0.398,0,1,6.900,0,1,0,4.000,0
0.560,1.131,-1.407,0,1,7.400,1,2,1,4.400,0
0.805,-1.263,-1.071,1,0,8.300,0,3,0,4.300,0
-0.541,1.323,-1.183,1,0,8.000,0,1,1,4.100,0
-0.541,1.036,0.050,1,1,7.600,1,1,0,3.900,0
0.193,0.652,-0.735,1,1,7.700,0,1,0,4.400,0
-0.664,-1.359,-0.959,0,0,7.300,1,1,1,4.800,0
-0.908,1.036,-1.183,1,1,8.600,1,3,2,4.000,1
-0.052,0.461,-0.511,1,1,8.200,1,2,2,4.800,1
-0.786,-1.359,-0.735,0,0,6.500,2,1,0,4.000,0
1.295,0.652,0.835,0,1,8.500,2,3,2,4.700,1
-1.888,-0.688,-0.286,0,0,7.300,0,1,0,3.700,0
0.316,0.174,-0.286,0,1,7.000,1,3,0,4.600,0
0.560,-0.784,-0.623,0,1,8.100,0,2,0,4.700,0
0.071,-1.167,0.947,1,1,7.600,0,2,0,4.000,0
0.438,0.078,-0.959,1,0,6.600,1,1,1,3.900,0
1.295,-0.018,0.835,1,1,8.300,0,3,0,4.700,1
-2.132,-0.975,-0.847,0,1,7.000,1,1,0,4.300,0
0.316,0.748,0.835,1,1,8.600,2,3,1,4.500,1
0.805,-1.359,1.395,0,1,7.600,1,2,0,4.700,0
1.295,0.078,0.947,1,1,7.900,1,3,2,3.600,1
-0.052,1.227,0.835,1,1,7.500,2,2,0,4.500,1
-0.296,-0.975,-1.071,0,1,8.000,2,1,0,4.500,0
-1.643,-0.114,-0.847,1,1,7.700,0,2,1,4.300,0
0.438,0.269,1.507,1,1,8.000,2,2,2,4.500,0
-0.419,0.365,1.507,1,1,7.700,1,2,1,4.700,0
-0.174,0.748,1.507,1,1,7.500,1,1,0,4.400,0
-1.031,0.174,-0.735,1,1,7.700,1,2,0,4.500,0
-0.296,0.269,1.507,1,1,7.300,0,3,2,4.600,1
-0.786,-0.305,-0.286,0,0,6.600,1,1,0,4.600,0
-0.174,1.131,0.386,1,1,8.000,0,3,1,4.500,0
-1.888,-0.880,-1.856,0,1,7.900,1,2,1,4.200,0
1.295,0.748,1.395,1,1,8.200,1,3,2,4.800,1
0.438,-1.359,-0.847,1,0,6.900,1,1,1,4.600,1
0.928,0.748,0.835,1,1,8.600,2,3,2,4.800,1
1.295,1.131,1.395,1,1,8.200,2,3,2,4.800,1
-0.786,0.269,-1.183,1,1,7.500,1,2,1,4.200,0
-1.398,-0.114,-1.407,0,0,6.700,0,1,1,4.300,0
-1.888,-0.784,-0.511,1,1,7.400,1,1,0,4.200,0
1.295,0.844,1.059,1,0,7.900,2,3,2,4.500,0
0.193,-0.688,0.386,0,1,7.600,1,1,2,3.900,0
0.193,-0.305,-1.632,1,0,7.400,0,2,1,4.000,0
0.316,-0.114,0.050,1,0,8.100,0,2,0,4.200,1
-0.052,0.748,-1.295,1,1,6.900,1,2,0,4.200,0
-0.052,-1.359,1.395,1,0,7.600,1,1,1,4.200,0
-0.541,-0.592,-1.520,0,1,6.700,0,1,0,4.600,0
1.050,0.269,0.947,1,1,8.500,1,3,2,4.800,1
0.928,1.131,-1.632,1,1,7.700,0,3,0,4.700,1
0.928,0.748,1.283,1,1,8.400,2,3,2,4.500,1
-1.153,0.078,-0.959,0,0,7.800,2,1,0,3.500,0
-1.643,0.269,1.059,0,0,7.900,0,1,0,4.100,0
0.438,0.748,-0.959,1,0,8.400,0,3,0,4.000,0
-0.419,-1.167,-1.071,0,1,7.200,1,1,0,3.500,0
-1.520,0.269,-0.735,0,0,6.500,1,2,0,4.400,0
-0.174,-0.784,-1.407,0,1,6.700,0,1,0,3.800,0
-1.153,-1.359,-1.295,0,0,7.500,1,1,1,3.800,0
-0.908,-1.071,-0.511,0,1,7.300,1,1,1,4.600,0
-0.419,-0.018,-0.174,1,1,6.500,1,2,0,4.300,0
-1.643,-1.167,-0.959,0,0,8.200,1,1,0,3.900,0
0.071,0.365,-1.407,1,1,7.700,1,2,0,4.100,0
1.295,1.514,0.611,1,1,8.200,2,3,2,4.800,1
-1.398,-1.263,-1.071,0,0,7.300,1,2,1,3.900,0
1.295,1.036,0.386,1,1,8.400,1,3,2,4.800,1
0.316,0.557,-0.174,1,1,8.000,1,2,2,4.700,1
-2.255,-1.359,-0.286,0,1,7.400,1,1,0,4.100,1
-0.908,-1.263,-0.959,0,1,7.300,1,2,0,4.300,0
-0.664,-0.305,-0.623,0,0,6.800,1,1,0,4.000,0
-1.398,-1.071,-1.071,0,1,6.500,1,2,0,3.700,0
-1.153,0.652,0.611,1,1,7.700,1,3,2,3.800,0
0.928,0.748,0.274,1,1,6.600,0,3,0,4.600,1
-0.419,0.844,1.059,1,1,7.600,0,2,2,4.200,0
0.683,1.227,0.386,1,0,8.200,2,3,2,4.800,0
0.071,1.036,-0.959,0,1,7.600,1,2,1,3.900,0
1.050,-1.263,0.947,0,1,7.700,2,3,1,4.300,0
1.295,0.557,0.947,1,1,8.200,2,3,2,4.600,1
-0.786,-1.359,-1.520,0,0,7.400,1,2,0,4.200,0
-1.153,0.174,-0.511,0,0,7.700,0,1,0,3.700,1
-0.664,-0.975,-0.959,1,1,6.900,1,2,1,4.000,0
-1.643,-1.359,-0.511,0,1,7.300,1,1,2,4.600,1
-0.174,-1.167,0.723,1,1,8.300,1,2,0,4.400,0
0.316,-1.263,-0.959,0,0,6.500,1,1,1,3.400,0
1.172,0.844,-0.398,0,1,8.700,2,2,0,4.500,1
-0.664,-1.359,-1.295,0,0,7.800,0,1,0,3.300,0
0.438,0.557,0.611,1,1,8.600,1,1,1,4.800,0
0.193,0.940,0.723,1,1,8.000,2,3,2,3.900,0
1.295,1.897,1.059,1,1,8.100,2,3,2,4.800,1
1.295,-0.401,1.283,0,1,8.000,2,3,0,4.800,0
1.172,0.461,0.274,0,0,8.300,2,1,0,4.600,1
-0.052,-0.305,-0.735,0,1,6.600,1,2,0,4.400,0
-1.031,-0.018,-0.174,0,1,7.400,1,2,1,4.700,0
-1.520,1.419,-0.959,0,0,6.500,1,1,0,3.900,0
0.193,-1.359,-1.295,1,1,8.300,1,2,1,4.000,0
-1.888,-0.497,-1.071,1,1,8.400,0,1,1,3.600,0
-0.664,-1.167,-0.174,0,1,7.700,1,1,0,3.300,0
0.560,0.652,0.723,1,1,7.300,1,2,2,4.400,1
-1.153,1.897,-0.847,1,0,6.700,0,3,0,4.700,0
0.193,1.227,0.498,1,1,7.900,2,3,0,4.600,0
0.928,0.269,1.171,1,1,8.600,0,3,1,4.600,0
-0.296,-1.359,-1.856,0,1,7.500,1,1,0,4.800,1
0.438,0.748,0.947,1,1,7.800,0,3,0,4.400,0
0.071,-1.359,-0.735,0,0,8.600,1,2,0,4.200,0
-1.520,0.461,0.050,1,1,8.000,0,2,1,4.100,0
1.295,-0.114,-1.632,1,1,8.200,1,3,0,4.700,1
0.316,0.748,1.507,1,1,8.400,0,2,3,4.400,1
0.316,-0.497,0.947,1,1,8.600,2,3,2,4.400,1
-0.664,-0.975,-1.295,0,0,8.600,2,2,1,4.000,0
-1.888,-1.359,-1.295,0,0,7.500,0,2,1,3.700,0
-1.765,-1.359,-1.183,0,0,7.800,1,1,1,3.700,0
1.295,1.610,0.947,1,1,8.200,2,3,2,4.800,1
0.438,-0.688,1.283,1,1,7.100,2,2,2,4.800,1
-1.398,-1.359,-1.071,0,0,6.500,1,1,1,4.100,0
0.438,-0.114,0.947,1,0,8.100,0,3,2,4.600,1
1.172,0.748,0.835,1,1,7.800,2,3,0,4.500,1
1.295,0.844,1.283,1,1,8.100,0,3,2,4.800,1
0.928,1.610,1.171,1,1,8.300,2,2,2,4.700,1
-0.052,-1.263,-0.959,0,1,8.200,1,2,0,4.800,0
0.683,0.557,-0.847,1,1,8.100,2,3,2,4.500,0
1.172,0.844,0.835,1,1,8.500,2,3,2,4.800,1
-1.276,-0.114,-1.183,0,1,7.300,0,1,1,4.600,0
-0.419,0.557,-0.174,1,1,8.100,1,3,0,4.000,1
-0.786,-0.401,-1.295,0,0,7.700,1,1,1,4.300,0
1.050,1.227,1.171,1,1,7.400,1,3,2,4.800,1
0.928,0.461,-0.623,0,1,8.300,0,1,0,4.500,1
-1.765,-1.359,-1.744,0,1,7.200,0,1,1,3.800,0
-0.664,-1.359,-0.511,0,0,6.700,0,1,1,3.900,0
0.560,1.036,0.050,1,1,8.400,1,3,0,4.100,0
0.071,-0.497,-1.071,0,1,7.500,0,1,1,4.100,0
-1.276,-1.359,-1.183,0,0,7.400,1,2,0,3.800,0
0.928,0.174,1.059,1,1,6.500,2,3,2,4.800,1
-0.908,-1.167,-0.959,0,0,6.500,1,1,1,3.500,0
-0.174,0.557,0.723,1,1,7.900,1,2,0,4.500,1
-1.031,1.036,0.835,0,1,7.700,1,3,0,4.200,0
-0.908,-1.359,-0.735,0,0,7.000,1,1,1,3.800,0
1.050,-1.359,-1.071,0,1,7.200,2,2,0,4.800,0
-1.520,-1.167,-0.511,0,1,7.600,1,1,2,3.800,1
-0.174,0.557,1.507,1,1,8.100,1,3,2,4.700,0
1.295,1.036,0.947,1,1,8.300,2,3,2,4.700,1
-0.908,1.227,-0.286,1,0,7.700,0,1,2,4.300,0
0.928,0.940,-0.847,1,1,7.600,1,1,2,4.100,1
1.295,0.269,-1.071,1,1,7.600,1,2,1,3.800,0
0.316,-0.305,-1.071,0,1,7.500,1,1,0,3.600,0
-0.908,-1.359,-0.847,0,1,7.600,1,2,1,3.800,0
0.805,-1.359,-0.847,0,0,6.500,1,2,0,3.900,0
0.071,-1.359,-1.295,0,0,7.400,1,1,0,3.400,0
-0.052,-1.359,-0.286,0,1,6.500,1,1,0,3.800,1
1.295,-0.114,1.395,1,1,7.600,1,3,0,4.800,1
-1.765,-1.167,0.723,1,1,8.500,2,2,2,4.400,0
-0.052,0.940,-0.623,1,1,7.600,1,2,0,4.300,1
-0.052,0.652,-0.959,0,0,6.700,0,1,0,4.400,0
0.438,-0.018,1.395,1,0,8.300,1,3,2,4.600,1
1.050,0.174,0.835,0,1,8.800,1,3,0,4.400,0
-0.786,-0.497,-0.623,0,1,7.800,1,1,0,4.600,0
-0.174,0.844,-0.398,1,1,8.100,2,1,2,4.700,1
-1.031,-0.592,-0.623,0,0,6.600,2,2,2,3.600,0
-0.908,-1.167,-1.071,0,0,7.700,1,1,1,4.400,0
1.172,0.844,1.283,1,1,8.300,2,3,2,4.800,1
-1.520,0.652,-0.623,1,1,8.400,1,1,2,3.800,0
0.683,1.610,1.395,1,0,8.000,2,3,0,4.800,0
1.172,-0.592,-1.744,0,0,7.900,0,3,2,4.500,1
0.071,0.557,-1.183,0,0,8.200,1,1,1,4.300,0
-1.398,-0.975,-1.295,0,0,7.500,0,1,0,3.600,0
-0.541,-0.401,1.059,0,1,7.400,2,1,0,4.200,0
0.316,0.748,0.611,1,0,7.300,1,3,0,4.400,0
-1.153,-1.071,-1.295,0,0,7.600,1,1,1,4.400,0
0.560,1.036,0.386,1,0,7.800,1,2,1,4.700,0
0.193,-1.359,-1.520,0,1,7.600,1,2,1,4.000,0
-0.541,-1.167,-1.295,0,1,7.300,0,1,0,3.900,0
1.050,1.036,1.395,1,1,8.600,2,3,2,4.700,1
0.193,0.940,-1.520,1,0,8.200,2,3,0,4.700,0
-0.296,-0.497,-0.623,0,0,6.800,0,1,0,3.300,0
-0.541,-0.784,-0.398,1,1,7.700,1,1,1,4.200,1
1.295,1.036,1.395,1,1,8.400,2,3,2,4.800,1
0.193,0.557,-0.174,0,1,7.900,1,3,1,4.500,1
0.438,-0.114,-0.398,0,1,7.300,1,2,1,3.200,0
0.071,-0.975,-1.183,0,1,7.000,0,3,0,3.900,1
0.193,1.227,0.835,1,0,7.900,2,1,2,4.800,1
-0.786,0.557,-1.183,1,1,7.600,1,2,0,4.000,0
-1.765,-1.167,-0.286,1,1,7.800,2,2,2,4.300,0
0.316,-0.975,-0.623,1,1,6.800,1,2,0,4.400,1
-0.052,-0.114,-0.286,0,1,7.900,1,1,1,4.100,0
1.295,0.078,1.171,1,1,8.100,1,3,2,4.700,1
1.295,1.131,1.283,1,1,7.900,2,3,2,4.800,1
0.316,0.748,-0.735,1,1,7.800,0,2,2,4.800,0
1.295,0.269,1.507,1,1,8.800,2,3,2,4.800,1
-0.786,-1.263,-0.623,0,0,7.400,1,2,1,4.500,0
0.805,0.365,0.835,1,1,8.000,2,3,0,4.800,1
-1.153,-0.975,-0.623,0,0,7.500,1,1,1,4.400,0
1.050,-0.975,-1.520,0,1,7.600,1,1,1,4.000,0
1.295,1.323,0.947,1,1,8.100,1,3,0,4.800,0
0.193,-1.359,1.395,0,1,8.400,1,3,0,4.700,0
1.295,1.897,1.059,1,1,8.200,2,3,2,4.800,1
1.295,0.365,1.395,0,1,8.000,2,3,0,4.700,1
-0.174,-1.359,-0.511,0,0,7.500,0,3,0,4.700,0
0.071,0.365,-0.847,0,1,7.500,1,1,1,4.500,0
1.295,-0.209,0.947,1,1,6.600,1,3,2,4.800,0
-2.132,-1.071,-0.959,0,1,6.500,0,1,0,4.000,0
-1.520,-0.018,-0.623,0,1,7.000,1,2,0,4.300,0
1.172,-0.305,1.059,1,1,8.300,2,3,2,4.400,1
0.805,0.461,1.171,1,1,8.000,0,3,0,4.500,1
-0.908,0.652,-1.968,0,1,8.600,1,2,0,4.400,0
0.316,0.557,-0.398,0,1,6.500,2,1,1,4.800,0
1.295,0.748,1.283,1,1,7.600,1,2,0,4.800,1
-0.419,-1.359,-1.071,0,0,7.700,0,1,0,3.400,0
0.683,0.940,0.947,1,1,7.800,2,3,1,4.800,1
-0.419,-0.880,-0.735,1,1,6.500,2,2,1,3.900,0
0.928,-1.359,0.835,0,0,7.600,1,2,2,3.900,1
0.805,0.748,0.723,1,1,7.500,1,2,2,4.800,1
0.438,-0.592,-0.398,1,1,7.500,0,3,0,3.900,0
-1.398,-0.688,-0.062,1,1,7.600,0,2,1,4.300,0
0.928,1.131,1.507,1,1,8.600,1,3,0,4.700,1
-2.010,-0.209,-1.295,1,0,7.700,0,1,0,4.000,1
1.050,0.940,0.947,1,0,8.300,2,3,2,4.800,0
0.560,-0.209,0.611,1,0,7.800,0,1,1,4.300,0
0.071,0.174,1.059,1,0,8.400,2,2,0,4.000,0
-0.541,-1.167,-1.407,0,1,6.800,0,1,0,4.700,0
-1.398,0.557,0.947,1,0,7.300,1,2,1,4.600,0
-2.255,-1.359,-1.520,0,1,7.600,0,1,0,3.800,0
-0.296,-0.784,-0.062,1,1,6.800,2,1,0,3.800,1
-0.419,0.557,1.283,1,1,8.700,1,2,1,4.200,1
1.172,0.748,0.162,0,1,7.500,0,3,0,3.900,1
1.295,1.227,0.498,1,0,7.800,2,3,2,4.800,1
1.295,0.078,1.507,1,1,8.500,0,3,2,4.800,1
1.050,0.748,1.171,1,1,8.300,1,3,2,4.800,1
1.050,-0.784,-1.632,0,0,7.500,0,1,0,4.700,0
-0.174,0.557,-0.062,1,1,6.900,1,3,2,3.800,0
0.071,-0.305,-1.632,0,1,7.900,0,2,0,4.200,0
0.071,-0.018,-0.847,1,1,7.400,2,1,0,4.000,0
0.316,1.993,1.171,1,1,8.600,1,3,2,4.800,1
-1.643,-1.359,-0.959,0,0,6.500,0,1,0,3.400,0
-1.276,-1.359,-0.511,0,1,6.600,1,2,1,3.600,0
-0.296,0.652,1.395,1,1,7.600,1,2,1,4.400,0
-1.276,-0.018,-1.183,1,1,6.600,0,1,0,4.500,0
0.560,-0.592,0.723,0,1,7.600,1,1,0,4.500,1
1.295,1.514,0.835,1,1,8.600,2,3,2,4.700,1
0.928,1.036,0.723,1,1,8.300,1,3,2,4.600,0
-1.153,-1.359,-0.959,0,1,7.800,1,1,0,4.000,0
-1.520,-1.167,-0.623,0,0,7.700,0,1,0,4.000,0
-0.174,-0.784,-0.398,1,1,7.500,1,2,0,4.400,0
0.316,-0.592,1.059,1,1,7.800,2,3,2,4.200,1
-0.419,-1.167,0.162,0,1,6.500,1,1,0,3.900,0
-1.031,-1.167,-0.062,0,1,6.500,0,3,0,3.600,0
-2.255,-0.305,-1.520,0,0,6.600,0,1,0,3.800,0
-1.031,-1.263,-1.071,0,0,8.200,1,1,1,3.500,0
-0.174,0.557,1.059,1,1,6.500,1,1,0,4.100,0
0.316,-1.359,1.395,1,0,8.300,1,1,2,4.200,1
1.295,0.269,1.059,1,1,8.000,2,3,2,4.300,1
-2.010,-1.359,-0.847,0,0,7.400,1,2,1,3.900,0
-1.153,-0.592,-0.286,0,1,6.500,1,1,0,4.200,0
-2.255,-0.497,-0.174,0,0,7.600,1,1,0,3.700,0
-0.052,1.131,-0.511,0,0,7.800,1,3,1,4.200,0
0.928,0.748,0.723,1,1,8.300,1,3,2,4.700,1
1.295,0.461,1.507,1,1,8.200,2,3,2,4.800,1
1.295,0.078,1.283,1,1,7.700,2,2,0,4.700,1
0.928,-1.359,-0.623,0,1,6.600,1,1,1,4.700,0
-0.786,0.940,0.498,1,1,8.700,2,1,3,4.600,1
1.295,0.174,1.059,1,1,8.300,2,3,2,4.800,1
-0.908,-1.359,-0.511,0,0,6.500,1,2,0,4.100,0
-1.153,-1.359,-0.847,1,1,7.700,1,2,1,4.000,0
-0.052,0.652,0.611,1,1,8.400,2,2,2,4.700,1
-0.296,1.323,-1.183,1,0,7.900,1,2,1,4.400,0
-1.276,-0.018,-0.735,0,0,7.400,1,2,0,3.600,0
0.316,-1.359,-0.286,0,0,6.500,1,1,1,3.400,0
-1.643,-0.688,-1.856,0,0,6.600,0,1,1,3.800,0
1.295,1.131,1.283,1,1,8.100,1,3,2,4.200,1
1.172,1.323,-0.735,1,1,8.600,0,3,2,4.300,1
1.295,1.323,0.498,0,1,8.200,2,2,2,4.800,0
-1.765,0.174,1.171,1,1,6.800,1,2,1,3.900,1
-0.419,-0.401,1.171,1,1,7.900,1,1,1,4.400,0
-0.541,-1.359,-1.295,0,0,6.500,1,1,0,3.300,0
-2.377,-1.071,-0.847,0,0,6.500,1,1,0,3.600,0
1.050,-1.263,-0.959,0,1,7.400,1,1,0,4.000,0
0.438,1.897,1.171,1,1,7.900,1,1,0,4.800,1
-0.052,-0.784,-1.744,0,1,6.500,1,1,0,4.200,0
-1.398,-0.018,-1.407,0,1,7.500,1,1,0,3.600,0
0.560,0.844,0.498,1,1,7.600,1,3,2,4.600,0
-0.664,-0.688,-0.286,1,0,6.700,1,1,2,4.300,1
-0.664,-1.359,-1.183,0,0,6.500,0,1,1,4.100,0
-2.010,-1.263,-1.407,0,0,7.600,0,1,0,3.700,0
1.295,1.036,1.507,1,1,8.300,2,3,2,4.800,1
-0.908,-0.880,-1.183,0,1,7.600,1,2,0,4.100,0
-1.153,-0.497,1.283,1,1,8.300,1,1,1,4.800,0
-1.765,-1.071,-0.511,0,1,6.500,0,1,1,4.200,0
0.560,0.078,1.171,1,1,7.900,1,3,0,4.700,1
1.295,-0.114,-0.174,0,1,7.500,1,1,0,4.600,0
1.295,0.940,1.059,1,1,8.700,2,3,2,4.800,1
-1.031,-1.359,-1.071,0,1,6.500,1,2,0,3.900,0
-0.664,-0.784,-1.520,0,0,6.500,0,2,0,3.500,0
0.071,-1.359,1.171,1,1,8.200,0,1,1,4.800,1
1.172,-0.784,-0.511,0,1,6.500,1,2,0,4.500,0
0.683,1.419,0.162,1,0,8.200,2,3,2,4.800,0
0.560,0.174,-0.735,0,0,8.100,0,2,1,3.800,0
0.193,1.036,0.498,1,1,7.600,1,2,1,4.800,0
0.438,-1.359,0.611,1,0,8.500,2,2,1,4.300,0
0.193,-1.359,-0.174,0,1,7.700,1,3,2,4.800,0
-1.398,-1.359,-1.071,1,1,7.500,0,1,1,3.600,0
0.928,-1.167,1.059,1,1,7.500,1,3,1,4.500,1
-0.664,-0.975,-1.632,0,1,7.600,1,2,0,4.600,0
0.316,1.227,1.171,1,1,8.500,1,1,2,4.400,1
-1.031,-0.497,1.171,1,1,6.600,0,1,1,4.400,0
0.193,1.323,1.059,1,1,8.600,2,2,2,4.600,1
1.050,0.365,0.386,1,1,7.900,2,1,0,4.500,0
1.295,1.036,0.611,1,1,8.500,2,3,3,4.700,1
0.316,0.365,1.507,1,1,7.800,0,2,1,4.400,1
-1.031,-0.401,-0.623,1,1,7.100,1,1,1,4.200,0
-0.296,-1.359,-0.735,0,1,8.600,1,2,0,4.700,1
-1.031,-0.975,-0.847,0,1,6.500,0,1,0,3.400,0
0.438,0.844,1.171,1,0,8.300,2,3,3,4.600,1
-0.664,-1.167,-0.062,0,1,7.700,1,1,1,3.700,0
-0.664,-1.359,-1.295,0,0,7.800,0,1,0,4.000,0
0.805,-1.167,-0.286,0,0,7.000,1,1,1,3.800,0
1.295,0.652,1.507,1,1,8.400,2,3,2,4.800,1
-0.541,-0.784,-0.735,1,1,7.800,0,2,1,4.400,1
-1.520,-1.359,-0.847,0,0,6.500,2,1,0,3.700,0
-2.377,-1.359,-1.183,0,1,7.500,1,1,1,3.600,0
0.928,0.269,-0.511,1,1,7.200,2,2,2,4.400,1
-0.786,-1.359,-1.071,0,1,7.500,0,2,1,3.600,0
-1.765,-0.975,-0.286,0,0,7.600,0,1,0,3.400,0
0.560,1.993,1.059,1,1,7.600,2,2,1,4.800,0
-1.276,0.652,-0.398,0,1,6.700,2,0,0,3.900,0
-0.052,-0.880,-1.183,0,1,8.400,1,2,0,3.800,0
0.560,0.748,1.283,1,1,8.300,1,3,0,4.700,1
-0.664,1.227,-0.959,1,1,7.400,1,3,2,4.600,0
-0.174,1.227,-1.407,1,1,7.900,1,1,0,3.900,0
-2.255,-1.359,1.059,0,1,7.300,1,2,1,4.500,0
-1.765,-1.359,-1.520,0,0,7.400,1,1,1,3.600,0
0.438,0.748,0.162,1,1,8.900,1,3,0,4.800,1
-1.153,0.269,0.723,1,1,8.300,1,2,0,4.300,0
-0.052,0.652,-1.295,0,0,7.800,1,1,0,4.600,0
-1.153,-0.975,-0.735,0,0,7.900,0,2,1,3.900,0
0.928,-1.359,1.283,0,1,7.300,1,3,0,4.300,1
1.295,0.652,-0.735,1,1,7.400,0,1,2,4.500,1
1.295,0.748,0.947,1,1,8.300,2,3,0,4.800,1
-0.174,0.844,-1.295,0,0,7.600,0,1,0,4.800,0
-1.398,-0.688,-1.295,0,1,7.700,1,2,0,3.900,0
-1.276,-1.359,0.050,0,1,6.500,0,2,0,3.600,0
1.295,0.078,1.059,1,1,8.000,1,3,2,4.800,1
-0.174,-1.359,-0.511,0,0,7.300,1,1,0,3.700,0
-0.174,-0.880,-0.847,0,1,7.800,1,1,1,3.700,0
-0.908,-0.114,0.162,1,1,6.500,1,2,1,4.000,1
1.050,0.748,0.611,1,1,8.200,1,3,2,4.800,0
-1.031,0.078,-0.511,1,1,7.700,2,1,0,4.500,0
-1.031,-1.263,-0.959,0,1,7.900,2,1,0,4.800,0
0.928,0.940,0.611,1,1,8.300,2,3,2,4.700,1
-1.153,-1.359,-0.735,0,0,7.400,1,1,1,3.700,0
-0.419,-1.359,-1.071,0,1,6.700,0,1,1,3.900,0
-0.664,1.131,-0.623,1,1,7.900,2,2,0,4.400,0
0.683,1.036,0.723,1,1,7.900,1,1,0,4.500,1
-0.174,0.557,0.835,1,1,8.300,1,2,0,4.600,1
-0.419,0.940,-0.398,0,1,7.500,1,2,0,3.400,0
1.295,1.706,0.611,1,1,8.400,2,3,2,4.800,1
-1.153,-1.359,-0.398,0,1,8.200,1,2,1,3.900,0
0.560,1.610,-0.511,0,1,8.500,0,3,3,4.600,0
1.295,0.844,0.611,1,1,8.000,2,3,2,4.700,1
-1.031,-0.497,1.171,1,1,6.500,1,1,2,4.100,0
1.295,0.461,1.171,1,1,8.200,2,3,2,4.800,0
1.295,-0.497,1.507,1,1,7.800,0,3,2,4.800,0
-0.786,1.227,1.507,1,1,8.400,2,3,2,4.800,0
-1.765,-1.359,-0.174,0,1,7.800,2,2,1,4.800,1
1.295,0.461,1.171,1,1,7.500,1,3,2,4.800,0
-0.419,-0.975,-0.511,0,0,7.800,1,1,1,4.800,0
-0.052,-0.880,-0.398,0,1,7.300,1,1,2,4.400,0
0.071,0.748,-0.623,1,0,8.000,1,2,1,4.200,0
0.316,-1.359,0.947,1,0,8.300,1,1,2,4.300,0
-1.520,-1.263,-1.071,0,1,6.600,0,1,1,4.300,0
-1.398,-1.359,-1.632,0,1,7.400,1,2,0,4.200,0
-2.377,-0.975,-1.295,0,0,6.700,1,1,1,4.300,0
0.560,-0.114,1.507,1,1,8.200,1,2,1,4.800,0
-0.174,-0.209,1.283,1,1,8.700,0,1,2,4.700,0
0.928,1.610,1.059,1,1,8.600,2,3,2,4.700,1
1.295,1.993,0.723,1,1,8.200,2,3,2,4.400,1
-0.908,1.514,-0.623,1,1,6.500,1,3,0,4.600,1
-0.419,-1.359,-1.407,0,1,7.400,0,1,1,4.300,0
0.071,1.514,-1.520,1,0,7.600,0,2,0,3.700,0
0.805,-1.359,0.947,0,1,7.000,1,1,0,4.000,1
0.805,0.940,1.283,1,1,6.800,2,3,2,4.500,0
-1.765,0.174,-1.407,1,1,7.600,1,2,0,4.300,0
0.316,-1.359,-0.959,0,1,8.100,2,3,2,4.300,0
-0.908,-0.880,0.835,1,0,8.400,1,1,0,3.900,0
1.295,1.036,1.059,1,1,8.500,2,3,2,4.700,1
1.050,0.652,0.611,1,1,8.700,1,3,1,4.600,1
1.295,1.514,1.507,1,1,8.300,2,3,2,4.800,1
-1.520,-1.359,-1.295,0,0,7.700,0,1,1,3.800,0
0.683,-1.359,-1.295,1,1,8.100,1,2,3,4.600,0
0.683,0.174,0.947,1,0,8.700,0,3,2,4.500,0
0.928,-1.167,0.947,1,1,7.700,2,3,2,4.800,0
0.316,0.461,-0.174,0,1,7.800,1,1,1,3.900,0
0.071,-1.359,0.835,1,1,7.500,1,2,0,4.100,1
0.560,0.844,1.283,1,1,8.300,2,3,2,4.000,0
-2.377,-1.359,-0.511,0,0,6.700,1,2,1,4.100,0
-0.786,0.269,0.611,1,1,8.300,0,1,0,3.800,0
0.928,1.323,1.059,1,1,6.600,1,3,0,4.700,1
-0.052,-1.167,-0.959,0,0,7.500,1,1,0,3.200,0
-0.908,-1.359,-1.520,1,1,7.500,1,1,0,4.400,1
-0.908,-1.071,-1.520,0,1,7.600,1,1,1,3.300,0
-0.052,-1.167,-1.071,1,0,8.400,2,3,0,4.600,0
-0.664,-0.975,-1.071,0,0,6.500,1,1,0,4.200,0
0.805,0.078,0.947,1,0,8.600,0,3,0,4.500,0
0.193,0.365,0.947,1,1,8.500,1,3,0,4.800,1
-2.377,-1.359,-0.847,0,1,7.500,2,1,1,3.200,0
0.316,-1.263,-0.735,0,1,6.500,1,1,0,4.400,0
0.683,-1.167,-0.398,0,1,6.500,1,2,0,3.400,0
-0.419,0.365,1.171,0,1,7.100,1,2,0,4.100,0
1.172,0.078,-0.174,1,1,7.800,1,2,1,4.800,0
0.316,-1.071,1.171,0,1,7.500,0,1,0,4.400,0
1.172,0.365,0.723,1,1,8.400,2,3,2,4.800,0
1.172,0.365,-0.623,1,1,8.200,1,3,2,4.400,1
1.295,-1.359,0.611,1,0,7.700,2,3,0,4.600,0
-0.908,-1.167,-1.071,0,0,7.200,1,1,1,3.700,0
1.295,0.078,1.283,1,1,7.700,2,2,2,4.700,1
1.295,1.419,1.283,1,1,7.800,2,3,2,4.800,1
1.172,0.078,-0.735,1,0,7.000,1,2,0,4.100,0
-0.419,0.652,-0.959,1,1,8.200,2,2,2,4.300,1
1.172,-1.359,-1.295,0,0,7.700,1,1,1,4.400,0
-0.908,-0.975,-0.623,1,0,8.100,2,1,2,4.100,0
-0.786,1.993,1.395,0,1,7.600,1,2,0,4.200,0
0.071,0.365,0.947,1,1,7.700,2,3,0,4.800,1
-1.031,-1.359,-1.183,0,0,7.400,0,1,0,3.700,0
0.805,0.557,0.947,1,1,8.100,2,3,0,3.500,1
-1.031,1.227,-1.183,1,1,7.800,1,2,0,3.700,1
-1.765,-0.784,-0.511,0,0,6.500,1,1,0,4.300,0
-0.664,0.269,-1.183,1,1,6.700,1,2,1,4.800,1
-0.419,1.610,-0.735,1,1,7.600,1,1,0,3.600,0
-1.276,0.652,-0.398,0,1,8.300,1,2,1,3.800,0
-0.908,1.323,-0.735,0,0,8.200,1,1,2,4.400,0
-0.052,-0.880,-0.398,1,1,6.600,1,3,2,4.500,1
1.050,0.557,0.947,1,1,8.100,1,3,0,4.800,1
-0.908,-1.359,-0.847,0,1,7.700,1,1,1,3.900,0
0.071,0.652,0.947,1,1,8.300,1,3,2,4.100,1
0.928,0.557,0.835,1,0,7.700,0,1,1,3.900,0
1.295,0.174,-0.735,0,1,8.600,1,2,1,4.200,1
1.172,0.940,0.386,1,1,8.000,1,3,0,4.500,1
1.295,0.940,0.611,1,1,8.300,1,3,2,4.800,1
-0.541,-0.018,0.947,1,1,8.100,1,3,2,4.300,1
-1.888,-0.592,-0.847,0,1,6.800,1,1,0,4.200,0
-0.052,-1.359,1.171,1,1,6.500,1,3,0,4.300,1
-0.296,-1.167,-0.623,1,1,7.600,1,3,1,4.600,1
-0.052,-1.167,0.611,1,1,7.700,2,1,2,4.600,1
-0.296,-0.305,-0.735,1,1,7.400,0,2,1,4.800,0
-1.153,-1.071,-0.735,0,1,6.500,1,3,1,4.200,0
1.295,1.036,1.395,1,1,7.700,2,3,1,4.800,0
-1.276,-0.975,-1.071,0,1,7.400,1,1,1,4.200,0
1.295,1.227,1.171,1,1,8.200,1,3,2,4.400,0
-1.276,-0.401,-0.959,0,1,6.600,1,1,0,3.900,0
-0.664,-1.071,-1.632,1,1,7.800,0,2,2,4.600,0
0.805,1.419,1.507,1,1,7.500,2,2,0,3.900,0
0.071,0.269,-1.295,0,1,8.300,1,2,0,3.600,0
0.316,-1.359,-0.623,0,1,7.400,0,1,1,4.500,0
1.295,0.844,1.171,1,1,8.400,1,3,3,4.800,1
-1.765,-0.784,-1.407,1,1,7.300,1,1,1,3.800,0
-1.520,-1.263,0.386,0,1,8.200,1,2,0,4.100,0
1.172,1.131,1.283,1,1,8.500,1,3,2,4.800,1
-1.765,0.940,-0.735,0,0,7.400,1,2,0,4.600,0
-0.052,-0.784,-0.847,0,0,6.900,0,1,0,3.600,0
1.295,1.036,1.283,1,1,7.800,2,3,2,4.700,1
0.193,0.174,0.947,1,1,6.700,1,2,1,4.500,1
1.050,1.514,0.835,1,1,7.000,1,3,1,4.800,1
0.560,1.036,1.507,1,1,8.400,1,3,2,4.800,1
1.295,1.036,1.395,1,1,7.300,2,3,2,4.600,1
-1.031,-1.359,-1.183,0,0,7.400,0,2,0,3.800,0
-0.419,1.610,-0.511,0,1,6.500,2,3,0,3.800,0
1.295,1.036,1.059,1,1,8.300,2,3,2,4.800,1
1.295,1.227,1.507,1,1,8.200,2,3,2,4.800,1
0.560,-0.592,-0.847,0,1,7.200,1,1,0,4.300,0
1.295,0.365,0.611,1,1,8.600,2,3,2,4.800,1
-1.031,-0.880,-0.174,1,1,7.700,0,2,1,4.300,0
-0.664,0.844,-0.735,1,1,7.500,1,3,1,4.700,1
0.316,0.557,0.947,1,0,8.400,2,2,3,4.300,0
0.193,0.652,0.947,1,1,8.100,1,3,0,3.800,1
-0.664,-1.359,-1.520,0,1,7.400,1,1,0,4.000,0
0.193,-1.071,1.283,1,1,6.600,0,1,0,4.500,0
-0.664,-0.784,0.835,1,0,8.100,2,3,1,4.000,0
-0.174,0.365,0.947,1,1,8.100,1,3,2,3.700,1
0.071,1.036,-0.511,1,0,8.000,1,3,1,4.600,0
-0.174,1.323,-0.511,0,1,6.600,1,1,0,4.300,0
0.805,0.461,1.283,1,0,8.300,2,1,0,4.800,0
0.193,0.940,-1.071,1,1,7.800,1,1,2,4.800,1
-0.664,1.610,0.723,1,1,8.600,1,3,0,4.400,1
-0.296,0.078,1.059,0,1,8.100,1,3,0,4.100,0
-1.031,-1.167,0.611,0,0,6.700,1,2,0,4.300,0
-0.786,0.940,-1.407,0,1,6.800,1,2,0,4.300,1
1.295,1.323,1.283,1,0,8.200,2,3,2,4.800,1
0.438,0.365,0.947,1,1,8.800,2,3,2,4.100,1
-1.276,-0.497,-0.623,0,0,6.500,0,2,0,4.500,0
1.050,-0.114,0.835,1,1,8.700,1,3,3,3.800,0
1.295,0.940,1.171,1,1,8.400,2,3,2,4.800,1
-0.664,0.078,-0.959,1,1,7.700,1,2,1,4.800,0
-2.377,-0.592,-1.183,0,0,7.400,1,1,0,3.700,0
-0.174,-1.359,-1.407,0,1,6.500,1,1,1,4.100,0
1.295,0.365,0.835,1,1,8.400,2,3,2,4.500,1
-0.541,-0.688,-1.407,0,0,7.500,2,1,1,4.800,0
1.050,-0.114,1.395,1,0,8.500,2,3,2,4.600,1
0.438,-1.071,0.723,1,1,7.900,1,3,2,4.800,0
1.295,1.706,1.171,1,1,8.500,0,3,2,4.800,1
0.316,0.652,1.507,1,1,8.500,1,3,1,4.700,1
-0.541,-1.359,-0.511,0,0,6.500,2,1,0,4.000,0
0.071,-0.114,-0.511,1,1,7.400,1,1,1,4.700,0
1.050,0.461,-0.847,1,1,6.500,1,0,0,4.700,1
-0.296,-1.359,-0.735,0,1,7.600,1,2,1,4.400,0
0.560,1.323,1.507,1,1,8.100,2,3,2,4.600,1
0.560,0.652,-0.062,1,1,8.300,2,3,2,4.600,0
1.172,0.461,0.835,1,1,8.500,1,2,0,4.800,1
-0.419,0.748,0.162,0,1,6.900,1,1,0,4.000,0
0.560,-1.071,0.050,0,1,7.900,1,2,0,4.100,1
-0.541,-1.359,-1.183,0,0,8.100,2,2,1,3.800,0
1.050,1.036,0.835,1,1,8.600,1,3,0,4.800,1
-0.296,-1.359,-0.511,1,1,7.800,0,1,1,4.100,0
1.050,0.461,0.835,1,1,8.400,2,3,1,4.600,0
1.295,1.323,-0.847,1,1,8.800,2,3,2,4.800,1
-0.786,1.036,-0.847,0,1,7.500,1,1,0,3.400,0
1.295,0.078,1.283,1,0,7.800,1,3,2,4.100,0
-1.520,0.461,-0.847,1,1,7.500,0,3,0,4.100,0
-0.296,-1.359,-0.847,0,1,7.600,1,1,0,3.700,1
-0.296,0.557,0.835,0,1,7.100,2,1,1,4.400,1
-0.664,-0.688,1.059,1,0,7.800,1,3,0,4.200,0
-0.052,-1.071,-0.398,0,1,7.700,0,1,0,4.800,0
0.438,-1.359,-1.407,0,0,6.600,1,1,0,4.400,0
-1.153,-1.167,-0.623,0,1,8.100,0,1,1,3.700,0
0.071,0.940,0.947,1,1,7.500,1,3,0,4.000,0
0.193,-1.071,0.162,0,1,7.500,1,1,0,4.500,1
-1.153,-0.401,-1.295,1,1,8.100,0,1,0,3.600,0
0.316,-0.018,-1.183,1,0,7.200,0,2,0,3.900,1
0.683,0.557,0.723,1,1,8.400,0,1,1,4.800,1
-0.664,0.844,0.498,1,1,8.000,2,1,0,4.600,1
1.295,1.036,1.507,1,1,8.600,2,3,2,4.700,1
-0.174,-0.305,0.835,1,1,8.100,1,3,0,4.000,0
0.071,1.610,1.059,1,1,8.000,0,3,1,4.600,1
0.438,-0.880,-1.071,1,1,7.300,2,1,0,3.700,1
-1.031,-0.975,-0.623,1,0,7.500,1,1,1,4.000,0
-2.010,-0.975,-1.520,0,1,6.700,0,2,1,4.400,0
-1.276,-1.359,-0.286,0,1,7.500,1,1,0,3.900,0
-2.132,-0.784,-0.959,0,0,6.500,0,1,0,4.600,0
0.560,-1.359,1.059,1,1,6.500,1,1,0,4.500,0
0.316,-0.114,0.498,1,1,7.700,1,3,1,4.500,0
-0.296,0.365,1.395,1,1,8.100,1,1,1,4.600,0
-0.174,0.174,-0.959,0,1,7.400,1,2,0,4.100,0
-2.377,-0.784,-0.511,0,0,7.300,1,1,0,3.200,0
-1.765,-1.263,-0.398,0,0,6.500,0,1,0,3.700,0
1.295,-0.018,1.059,0,1,7.800,1,1,0,4.300,1
-0.786,0.652,0.835,1,0,8.600,1,2,2,4.800,1
0.071,-1.359,-0.062,0,0,7.700,1,1,0,4.500,0
-1.031,-0.305,-0.062,0,0,7.500,0,1,1,3.400,0
-0.541,1.610,-0.623,0,1,7.700,1,1,0,4.100,1
0.071,0.748,-0.286,1,1,7.500,2,2,0,4.800,1
-1.520,-1.359,-1.295,0,0,7.400,1,1,1,3.300,0
0.805,-1.263,-0.959,0,1,7.800,1,2,0,4.600,0
1.172,0.078,-1.295,1,1,8.700,2,3,2,4.700,1
1.295,0.461,1.507,1,1,8.600,2,3,2,4.600,1
-1.765,-1.167,0.611,0,0,7.900,1,1,1,4.300,0
-0.664,-0.209,-1.071,0,0,7.300,1,1,0,4.500,0
-1.153,0.940,-1.183,1,1,8.600,2,2,0,4.100,1
-0.664,-0.975,0.386,0,0,6.600,1,1,1,3.600,0
-1.153,-1.359,-0.959,0,1,7.500,1,2,0,3.400,0
1.295,0.844,0.835,1,1,8.500,2,3,1,4.800,0
1.295,1.514,0.835,1,1,8.000,2,3,2,4.500,1
1.295,0.461,1.395,1,1,8.200,2,3,2,4.700,1
-0.296,0.365,0.386,0,1,7.400,1,1,0,3.600,0
1.172,1.802,-0.398,1,1,8.400,2,3,0,4.100,1
-1.888,-0.018,-0.847,0,0,7.600,1,1,0,4.100,0
0.438,-0.401,-0.286,1,1,8.600,1,2,2,4.000,0
-1.643,-1.071,-0.847,1,1,7.500,0,1,1,4.100,0
0.071,0.844,0.835,1,1,6.500,2,3,2,4.800,0
0.683,-1.359,-0.511,0,0,7.500,1,1,0,4.500,0
1.050,1.227,0.723,1,1,8.000,2,3,2,4.800,1
-2.377,-1.359,-0.959,0,1,7.000,1,1,0,3.300,0
0.193,0.940,1.171,1,1,8.700,2,3,2,4.600,1
-2.010,-1.359,-0.735,0,1,7.500,1,2,0,3.400,0
-0.296,0.461,1.395,1,1,7.800,1,2,1,4.500,1
-1.398,-1.359,-1.071,1,1,6.900,1,1,1,4.400,0
0.193,0.174,0.947,1,0,8.600,2,3,0,4.700,1
0.560,1.323,0.723,1,0,7.500,1,1,2,4.800,0
1.295,0.461,0.835,1,1,8.100,1,3,2,4.800,1
-0.786,0.940,-1.520,1,0,7.800,1,2,0,4.500,0
0.071,1.227,1.059,1,1,7.100,2,3,0,4.300,1
-0.174,-0.305,0.947,1,0,7.700,1,3,1,3.900,0
-0.541,0.269,1.059,1,1,7.300,1,3,2,4.200,0
0.438,-0.114,1.283,1,1,7.600,1,1,1,4.200,1
-1.643,-1.359,-0.511,0,0,6.500,0,1,1,3.600,0
-2.132,-1.359,-1.295,0,0,7.000,1,1,1,3.400,0
1.295,-1.359,-0.511,1,1,8.200,1,3,0,4.700,1
-0.908,-0.114,-0.062,1,1,7.000,1,2,0,4.600,1
-0.786,1.419,-0.286,1,1,6.500,1,2,0,3.600,0
1.295,1.131,1.171,1,0,8.600,0,3,2,4.800,1
-0.541,-1.359,-1.183,1,0,7.600,1,3,2,4.300,0
-0.908,0.940,-1.856,0,0,6.500,0,1,0,4.600,0
1.295,1.036,0.611,1,1,8.500,2,3,2,4.800,0
0.071,0.557,-0.735,1,1,6.500,1,1,0,4.300,0
1.172,-0.018,1.283,1,1,8.700,1,3,2,4.600,1
0.071,-0.497,1.283,0,1,7.400,1,2,0,4.100,0
0.316,-1.071,-0.735,0,0,7.600,1,2,0,3.900,0
1.050,0.748,1.059,1,0,8.000,2,3,0,4.500,0
1.172,-1.359,-0.511,0,0,7.700,0,1,0,4.200,0
-1.276,-0.592,-0.286,0,0,6.700,1,1,1,3.500,0
-0.296,0.269,0.611,1,1,7.600,0,2,0,3.700,1
1.295,-0.114,1.171,1,1,8.000,1,3,3,4.700,1
-0.296,-1.359,-1.744,0,0,7.600,1,1,1,3.900,0
-0.296,-1.359,-1.183,0,1,7.200,0,2,1,4.000,0
-1.398,-1.359,1.171,0,1,8.200,1,3,2,4.400,0
-0.908,0.652,1.171,0,1,7.500,1,3,1,4.400,0
0.071,1.323,0.498,1,1,8.100,2,3,1,4.800,1
0.683,0.174,1.059,1,1,8.600,1,3,1,4.600,1
0.683,1.036,0.498,1,1,8.100,2,3,2,4.800,1
0.193,-1.359,-1.183,0,1,7.400,1,1,1,3.500,0
-0.174,-0.114,-0.398,0,1,7.500,0,1,2,4.600,0
0.683,0.269,-1.407,0,1,7.500,1,1,0,4.200,0
1.295,0.174,1.395,1,1,8.400,2,3,2,4.800,0
-0.052,-0.018,-0.623,1,1,7.100,1,1,0,4.300,1
-0.908,-1.167,-1.071,0,0,6.500,1,2,1,3.500,0
-1.276,-0.209,-1.744,1,0,8.100,0,3,0,4.100,0
-0.664,-0.114,-1.183,1,1,7.600,1,3,1,4.300,1
-1.031,-0.880,-1.407,0,1,6.800,1,1,1,4.300,0
-1.153,-0.784,-0.847,1,1,7.300,1,1,0,3.700,0
0.193,1.131,1.171,1,1,6.600,1,2,1,3.400,1
-0.419,0.557,1.059,1,1,8.200,1,1,0,4.700,0
-0.664,-0.497,-0.847,1,0,8.200,1,1,1,4.600,0
-1.520,-0.784,-1.520,0,1,7.400,1,1,0,3.700,0
0.438,0.078,0.835,0,1,7.800,1,3,2,4.600,1
-0.786,-1.071,-1.071,1,0,8.200,0,1,1,4.500,1
-0.296,1.227,-1.183,1,0,7.500,1,3,0,4.500,0
0.316,1.036,0.947,1,1,8.200,2,3,2,4.400,1
-0.664,-1.071,-0.174,0,1,6.800,1,1,0,4.200,0
0.928,-0.018,0.835,1,1,8.600,1,1,0,4.800,1
1.295,1.323,-0.062,1,1,8.200,1,3,2,4.600,1
0.193,0.748,0.947,1,1,7.100,2,1,1,4.600,0
-0.052,-1.359,-0.847,0,0,7.800,1,3,1,3.700,0
-1.643,-0.880,-1.183,1,0,6.500,1,1,0,4.800,0
-1.398,-0.784,-0.511,1,0,6.500,1,1,2,3.800,0
-0.296,-1.359,-1.071,0,0,7.400,1,1,0,3.800,0
0.683,1.036,-0.623,1,1,7.500,1,3,0,4.600,1
1.295,1.131,1.507,1,1,8.800,1,3,2,4.800,1
-1.031,-1.167,0.050,0,0,7.600,1,1,1,4.200,0
-0.786,-1.359,-0.511,0,1,7.700,1,2,0,4.300,0
0.560,1.706,1.283,1,1,8.300,0,2,2,4.800,1
-0.786,0.365,-0.847,1,1,8.500,0,1,0,4.300,0
1.295,0.078,1.059,1,1,8.300,2,3,2,4.600,1
-1.520,-0.305,0.947,1,1,6.500,0,3,1,4.100,0
1.295,0.557,1.059,1,1,8.100,2,3,2,4.800,1
0.316,0.940,1.283,1,1,7.600,1,1,1,4.800,1
-1.765,-0.688,1.395,0,1,6.500,1,2,1,4.600,0
0.316,0.844,-0.959,1,1,8.100,1,3,2,4.700,1
1.295,0.174,1.395,1,1,8.100,2,3,2,4.600,1
-0.541,-0.975,-0.286,1,1,7.800,1,3,1,4.400,0
1.295,0.748,0.947,1,1,8.800,1,3,2,4.800,1
-1.520,-1.071,-0.511,0,0,7.600,1,2,1,4.100,0
0.316,0.365,0.498,1,1,8.300,0,3,2,4.800,1
1.295,-0.975,1.283,1,1,8.000,0,3,2,4.100,0
0.316,0.078,-0.174,1,1,8.200,1,3,0,4.800,1
0.316,0.078,1.171,1,1,8.000,0,3,1,4.800,0
0.438,-0.114,-0.174,1,1,7.600,1,3,2,4.500,0
-0.296,0.269,0.498,1,1,7.800,1,3,3,4.500,1
-1.398,-1.359,-0.847,1,1,7.400,1,1,1,4.100,0
0.193,-0.880,-1.632,0,0,7.600,0,2,0,4.000,0
-1.276,-1.359,-0.623,1,1,6.600,1,1,0,4.200,0
0.071,-1.359,-1.071,0,1,7.500,1,2,1,4.000,0
1.295,0.557,1.507,1,1,8.400,2,3,2,4.800,1
-1.398,0.269,-0.511,0,1,6.500,1,2,0,4.400,1
-0.174,-0.401,-1.071,1,1,8.300,0,3,2,4.100,1
1.172,1.323,1.283,1,1,8.100,2,1,2,4.800,1
-1.031,-1.263,-0.511,0,0,6.500,1,1,1,4.100,0
-1.888,-1.359,-0.735,0,0,6.800,1,1,1,3.300,0
1.295,1.227,1.171,1,1,6.900,2,1,2,4.800,1
-1.888,0.365,-1.632,1,1,7.700,0,1,1,4.400,0
1.295,1.227,0.050,1,1,7.200,0,2,2,4.800,1
-1.643,-0.784,-0.847,1,0,7.200,1,1,0,3.900,0
-0.664,-1.359,0.835,0,1,6.500,0,2,0,4.100,0
0.683,-1.167,-0.735,0,0,7.300,0,1,0,4.400,0
1.295,1.131,0.611,1,1,8.500,2,3,2,4.800,1
-1.888,-0.592,-0.623,0,0,6.500,0,1,1,4.100,0
-1.276,0.940,-0.847,0,1,6.500,1,1,0,3.700,0
1.172,0.557,0.835,1,1,8.300,0,3,2,4.400,0
-0.541,-0.880,-0.174,1,1,7.400,0,3,0,4.000,0
1.295,0.844,0.274,1,1,8.200,2,3,3,4.200,0
0.560,0.269,0.835,1,1,8.500,1,3,1,3.900,1
-0.786,0.174,-1.071,1,0,8.300,1,3,1,4.700,0
0.928,0.940,1.171,1,1,8.300,1,3,2,4.800,1
0.071,0.078,-0.847,1,1,7.400,2,3,2,4.800,0
-1.031,0.078,-0.398,0,1,7.700,1,1,0,4.200,0
0.316,-0.114,1.507,1,1,8.500,1,3,0,4.400,1
-0.296,0.461,-1.632,1,0,6.800,1,2,2,4.700,0
-2.377,-1.263,-0.959,0,0,6.600,1,1,1,3.300,0
1.295,0.940,1.283,1,1,8.500,2,3,3,4.700,1
0.805,0.461,-0.959,1,1,7.500,0,2,0,4.200,1
1.050,0.461,1.507,1,1,8.500,1,3,0,4.700,1
-1.031,-0.784,-0.847,0,1,7.600,0,1,2,3.900,0
-0.541,-0.880,-0.847,0,1,6.500,1,1,1,4.000,0
0.560,0.365,1.059,1,1,8.300,1,3,0,4.400,0
1.295,0.557,0.611,1,1,8.300,1,3,2,4.800,1
-0.419,-1.359,-1.071,0,0,6.500,1,1,1,4.000,0
-0.786,-0.975,-0.847,1,0,6.500,1,1,0,4.000,1
-0.174,-0.401,-1.295,0,0,8.200,2,2,2,4.000,0
0.560,-0.688,0.050,0,1,6.500,1,1,0,4.000,0
0.805,-0.880,-1.295,0,1,7.900,1,2,1,4.200,0
-1.765,-0.018,-0.847,0,0,7.300,1,1,0,3.900,0
1.295,1.514,1.395,1,0,7.300,2,3,2,4.000,1
-0.419,-1.071,-0.398,1,1,7.400,1,3,0,4.400,0
-0.296,-1.359,-0.511,0,1,7.400,1,1,0,4.200,0
0.683,1.514,0.723,1,1,8.200,2,3,2,4.800,1
-0.174,-0.975,-0.286,0,1,7.500,1,1,1,4.200,0
0.193,1.419,0.611,1,0,8.400,1,1,2,4.800,1
1.295,1.514,0.723,1,1,8.800,1,3,2,4.800,1
0.071,0.078,-0.286,0,0,6.600,1,1,1,3.500,0
1.295,1.227,0.723,1,1,8.100,2,3,2,4.800,1
0.071,-1.071,-0.735,0,1,7.200,1,2,1,4.100,0
1.295,1.610,0.498,1,1,7.900,2,3,2,4.800,1
1.295,1.419,1.059,1,1,8.600,1,3,2,4.700,1
0.438,0.652,1.059,1,1,6.600,1,3,0,4.800,1
0.193,-0.975,-1.407,1,1,7.700,1,3,0,4.800,0
1.295,1.514,0.835,1,1,8.400,2,3,2,4.800,1
-0.296,0.365,-0.847,0,1,7.800,0,1,1,4.800,0
1.295,1.514,1.059,1,1,8.500,2,3,2,4.800,1
1.295,1.131,1.059,1,1,8.500,1,3,2,4.800,1
-0.541,0.365,-0.623,0,1,8.300,0,1,2,4.200,0
1.050,0.652,0.947,1,1,8.500,1,3,0,4.700,1
-1.643,-1.359,-0.511,0,0,7.700,0,1,0,3.700,0
0.928,1.131,1.507,1,1,8.600,2,3,2,4.800,1
0.560,-0.018,-0.623,1,1,7.700,1,2,1,4.500,1
0.683,-1.359,-0.735,0,1,6.700,1,1,0,4.400,0
1.295,0.748,1.507,1,1,8.200,2,3,2,4.600,1
1.295,0.748,1.395,1,1,8.100,1,3,2,4.600,1
1.295,0.269,1.507,1,1,8.200,2,3,2,4.800,1
-0.174,0.748,-0.959,0,1,6.800,1,2,0,3.800,0
0.071,1.323,0.723,1,1,8.600,2,1,3,4.500,1
-0.786,0.269,-1.071,0,1,6.700,0,1,0,4.000,1
0.193,0.844,1.059,1,1,8.100,1,1,0,3.500,0
-1.031,-0.209,-1.632,0,0,6.700,0,1,0,4.300,0
-1.643,-1.071,-1.520,0,1,7.700,1,1,1,4.100,0
-1.398,-1.359,-1.295,0,1,8.600,0,1,1,4.300,0
-0.174,-1.359,0.050,0,1,7.500,0,1,1,3.900,0
0.071,-0.305,-0.623,0,0,6.800,1,1,0,3.600,0
-0.174,-0.592,-1.407,0,0,7.300,1,1,0,3.100,0
-0.541,-1.359,0.162,1,1,6.900,1,1,0,4.100,0
-1.153,-0.975,-0.398,0,1,6.500,1,1,0,4.000,0
-1.765,-1.359,-1.295,0,0,7.500,1,2,0,3.500,0
0.071,-0.401,0.611,1,1,7.500,1,2,2,4.300,1
-1.643,-1.167,-1.407,0,1,7.600,1,2,0,3.500,0
-0.908,-1.359,-0.959,0,0,8.700,0,3,0,4.700,0
1.172,-1.359,1.059,1,1,7.600,1,1,1,4.800,1
1.295,1.514,0.723,1,1,8.600,1,3,2,4.600,1
0.438,-0.018,0.947,1,0,8.400,2,3,3,4.700,0
0.805,-1.359,-1.071,0,1,6.500,1,1,0,3.900,0
0.805,0.940,1.059,1,1,7.700,1,3,0,4.800,1
0.438,1.514,-0.959,1,1,8.100,1,2,2,4.400,1
0.928,1.706,1.283,1,1,8.000,2,3,1,4.700,1
-1.031,0.557,-0.959,1,0,6.500,1,1,2,3.700,0
-0.174,-1.167,-0.735,0,1,7.700,1,2,0,4.000,0
0.928,0.557,-0.511,0,0,7.100,1,1,1,4.200,0
1.050,0.174,1.171,0,1,8.300,1,2,1,4.200,1
1.295,1.802,1.283,1,1,8.600,2,3,2,4.800,1
-0.908,-1.071,-1.295,0,0,6.600,1,1,1,4.000,0
-2.377,-0.018,-0.623,1,1,6.900,1,2,1,4.800,0
0.193,0.557,0.498,1,1,8.400,2,3,2,4.300,1
-2.255,-1.359,-0.511,0,0,7.400,1,1,3,4.000,0
1.295,0.748,1.059,1,1,8.000,2,3,2,4.600,1
0.438,1.419,1.395,1,1,8.800,2,1,2,4.800,1
0.071,0.748,-0.735,0,1,7.700,1,1,0,4.300,1
1.295,1.897,0.835,1,1,7.600,2,3,2,4.700,1
-1.031,-0.592,-1.183,1,1,7.300,1,2,1,4.800,0
1.172,1.993,0.611,1,1,8.000,1,0,2,4.800,1
-1.520,-1.167,-0.511,1,1,7.500,1,1,0,4.200,1
1.050,0.078,0.611,1,0,8.300,1,1,2,4.100,1
0.071,-0.497,-0.062,1,1,8.900,2,3,2,4.400,1
-0.786,-1.263,-1.407,0,0,7.000,1,1,1,4.600,0
-1.643,-1.359,-1.071,0,0,7.000,0,1,1,3.800,0
-0.664,-1.263,-1.183,0,0,7.800,0,2,0,4.300,0
0.438,-0.880,1.395,0,1,8.000,1,1,0,4.700,1
-1.888,-1.167,-1.071,0,1,6.600,0,2,0,3.300,0
0.193,1.419,-1.183,1,1,8.200,2,3,2,4.800,0
0.805,0.940,-0.847,0,1,7.700,0,3,2,4.700,0
-1.276,-1.167,-1.295,0,0,6.500,0,3,1,4.500,0
1.295,0.844,1.059,1,1,8.300,2,3,2,4.800,1
-1.031,-0.688,-0.511,1,1,6.500,1,1,0,4.300,0
-0.296,0.365,-0.847,0,1,6.500,1,3,2,4.500,1
0.071,0.557,0.947,1,1,7.600,2,2,2,4.800,1
-1.153,-1.359,-1.407,0,1,7.700,1,2,0,3.600,0
-0.786,0.940,0.611,0,1,7.900,0,1,1,4.100,0
-0.052,1.036,-0.174,0,1,8.200,0,1,2,4.400,1
-1.276,-1.359,-1.071,0,0,7.300,1,1,1,4.200,0
0.193,0.269,0.835,1,0,7.000,1,1,2,4.800,0
0.438,0.748,1.283,1,1,8.400,2,3,2,4.800,1
-1.765,-1.359,-1.071,1,0,7.600,1,1,0,4.100,0
0.316,0.461,0.947,1,1,7.900,0,3,2,4.400,1
0.928,0.748,0.947,1,1,8.300,0,3,2,4.700,1
0.805,0.844,0.274,1,1,8.900,1,3,2,4.800,1
-0.419,0.748,-0.959,1,1,8.200,0,3,0,4.700,0
-1.398,-0.209,-0.398,0,1,7.500,0,2,0,4.000,1
1.295,0.365,1.507,0,0,7.700,1,1,0,4.600,1
-0.052,0.269,-0.959,0,1,7.400,1,1,0,4.800,0
1.295,1.802,1.059,1,1,8.100,2,1,0,4.500,0
1.050,0.940,1.395,1,1,8.100,2,3,2,4.500,0
0.316,-0.497,-1.071,0,1,6.500,1,1,0,4.100,0
1.295,0.078,0.947,1,1,8.800,2,3,2,4.800,1
-0.296,0.174,-0.286,1,1,8.400,2,1,2,4.500,0
-1.153,-1.359,-0.623,0,1,7.500,0,1,1,3.900,0
1.172,-0.784,1.059,0,1,7.700,1,3,1,4.600,1
1.295,0.174,1.059,1,1,7.500,1,3,2,4.800,1
-0.174,-1.359,-0.623,1,1,6.500,0,2,0,4.300,0
0.316,-1.359,-1.520,0,0,7.700,1,1,1,4.000,0
0.560,0.557,-1.632,1,1,7.600,1,1,1,3.300,1
-0.664,0.078,-0.847,0,0,6.500,1,1,0,3.900,0
-1.276,0.078,0.947,1,1,8.800,1,1,0,4.700,0
-1.520,-1.359,-0.959,0,1,6.500,1,1,1,3.700,0
1.295,0.748,0.835,1,1,8.000,2,3,2,4.800,1
-0.541,-0.401,-0.398,0,0,6.700,1,1,1,3.800,0
-1.031,-1.359,-0.062,0,0,7.800,0,1,1,3.900,0
-1.888,-0.497,-1.520,0,0,7.800,0,1,0,3.900,0
0.928,0.269,0.947,1,1,8.000,1,3,1,4.600,0
1.172,0.269,-0.398,1,1,8.400,1,1,3,4.400,1
-2.132,-1.359,-1.183,0,0,7.600,0,1,1,4.100,0
-1.031,-1.359,-1.632,0,1,7.600,1,1,0,3.900,0
1.050,0.652,0.498,1,1,8.500,1,1,2,4.500,1
1.295,1.706,0.498,1,1,8.300,2,3,0,4.800,1
0.928,1.610,-0.398,1,1,8.200,2,3,2,4.700,1
-0.052,-0.592,0.386,0,0,6.800,1,2,1,4.600,0
-0.664,1.610,-1.183,1,1,7.700,1,1,0,4.200,0
-0.419,-0.114,-1.071,1,0,7.900,1,3,1,3.800,0
0.928,0.174,1.171,0,1,8.300,2,3,2,4.700,1
0.683,0.652,1.283,1,1,8.300,1,3,2,4.100,1
1.295,0.557,1.283,1,0,8.400,2,3,2,4.500,1
-0.296,-1.359,-0.623,0,0,7.600,0,1,0,3.000,0
0.193,1.514,1.507,1,1,8.000,0,3,2,4.500,1
-1.765,-1.359,-1.071,0,0,7.300,1,2,0,4.200,0
-0.419,-0.975,-0.511,1,1,7.500,1,2,1,3.700,0
1.295,1.419,0.723,1,1,8.700,2,3,3,4.700,1
1.295,0.174,0.947,1,1,8.100,2,2,0,4.800,1
-1.276,-1.359,-1.407,0,0,6.500,0,1,1,3.900,0
-1.398,-1.167,-1.183,0,1,7.400,1,2,1,4.200,0
-0.174,1.514,0.723,1,0,8.400,1,3,2,4.800,0
-1.153,-1.359,-0.623,0,1,7.500,0,2,1,4.400,0
-0.664,-1.359,0.835,0,1,7.300,1,2,1,3.900,0
1.295,1.036,-0.847,1,1,8.500,1,3,1,4.800,0
-1.153,-1.359,-1.183,1,1,7.500,1,1,1,4.000,0
0.683,0.940,0.835,1,1,8.100,0,1,0,4.500,1
0.438,-1.263,-0.847,0,1,7.500,0,1,1,4.000,0
-0.296,-1.071,-0.959,1,1,7.400,0,1,0,3.800,0
-2.132,-0.592,-0.847,0,0,6.600,2,1,2,4.300,0
1.295,0.174,0.723,0,1,8.100,1,3,0,4.600,1
-1.031,-0.018,1.507,1,1,7.600,1,1,0,4.000,0
-0.296,0.844,1.059,1,1,8.300,0,1,1,3.800,0
1.295,0.557,1.507,1,1,8.000,2,3,2,4.800,1
-0.664,-1.263,-0.959,0,1,6.700,1,2,0,4.000,0
-2.010,0.844,-0.398,0,1,7.600,2,1,1,4.800,1
1.295,-0.018,1.507,1,1,8.400,2,3,2,4.800,1
-0.174,-0.401,-0.735,0,0,6.700,1,1,2,4.300,0
-0.786,-1.359,-0.735,0,1,7.500,1,3,1,4.000,0
0.438,-1.167,0.723,1,1,6.500,2,2,0,4.100,0
-0.174,0.940,0.723,1,1,7.700,1,2,2,4.300,1
0.316,0.461,0.835,1,1,8.200,2,1,0,4.600,1
-0.052,-1.359,0.947,1,1,8.500,2,2,0,3.700,0
0.316,0.078,0.386,1,0,8.100,1,1,2,4.800,0
-1.153,-0.880,-0.847,0,0,6.500,1,1,0,4.200,0
-0.296,-1.071,-0.847,0,1,6.500,1,2,0,4.400,0
0.316,0.748,-0.847,1,1,7.800,1,2,0,4.700,0
-0.296,1.323,-0.959,1,1,7.800,1,1,0,4.000,1
1.295,0.461,0.947,1,1,8.300,0,3,2,4.500,1
-0.786,1.227,0.947,1,1,8.400,1,3,0,4.500,0
-0.419,-0.592,-0.511,0,0,7.300,0,1,0,4.000,0
-1.276,-1.359,-0.398,0,1,7.500,1,1,1,3.600,0
0.316,-1.359,1.283,1,1,7.800,1,1,2,4.200,0
-1.153,-0.592,-1.407,0,0,7.600,1,1,0,3.500,0
-0.296,1.706,0.723,1,0,8.800,2,2,2,3.900,0
1.050,1.802,0.835,1,1,8.500,0,3,0,4.800,1
1.050,0.844,0.947,1,1,8.100,1,3,0,4.500,1
-0.052,0.844,-1.071,1,1,8.200,1,3,2,4.100,1
1.295,0.269,1.171,1,1,8.000,2,3,0,4.400,1
-0.052,-1.263,-0.511,0,1,6.800,1,1,0,4.300,1
-1.153,-1.359,-0.623,0,1,7.800,2,2,3,4.600,0
-0.052,0.461,0.835,1,1,8.200,1,2,1,4.200,1
-0.052,1.802,0.611,1,1,8.600,1,3,2,4.300,1
-1.398,-0.688,-0.062,0,0,7.900,1,1,0,3.900,0
-1.153,-1.359,-1.632,0,1,7.600,1,2,0,3.900,0
1.295,1.131,1.283,1,1,8.100,0,3,1,4.700,0
0.928,0.748,-0.062,1,1,8.600,1,3,1,4.600,1
1.172,0.557,1.507,1,1,8.400,2,3,2,4.400,1
-0.664,0.844,-1.071,1,1,7.700,0,3,1,4.300,0
0.193,1.131,-1.183,0,1,6.700,0,1,1,4.100,0
1.050,-0.018,-0.847,0,0,6.500,1,1,0,3.900,0
0.683,0.174,1.059,1,1,8.500,1,3,2,4.600,1
-0.908,-0.209,-1.183,1,0,7.500,0,2,1,4.500,0
1.295,0.078,1.059,1,1,8.500,2,2,2,4.400,1
-0.052,-1.359,-0.735,0,1,7.600,1,2,1,4.500,0
-0.419,-1.359,1.059,0,1,7.500,1,2,0,3.800,0
-0.419,-0.880,-0.623,0,0,7.400,0,2,1,4.100,0
-2.377,-1.263,-1.407,0,0,6.500,1,1,1,3.800,0
1.295,1.036,1.507,1,1,8.400,2,3,2,4.700,1
0.560,1.227,1.059,1,1,8.100,1,3,2,4.800,0
0.928,0.365,-1.295,0,0,8.000,0,3,2,3.800,1
-1.643,-0.497,-0.847,1,1,7.800,1,2,1,3.700,0
0.438,1.514,0.947,1,0,7.800,2,3,0,4.400,0
-0.174,1.036,0.611,1,0,8.400,1,3,2,4.500,0
-0.052,-1.359,-1.295,0,0,7.600,0,2,0,4.300,1
0.683,0.174,-0.511,1,1,8.300,1,3,2,4.800,1
0.928,-0.018,1.283,1,1,8.600,2,3,2,4.400,1
0.071,-0.209,-0.847,0,1,8.100,1,3,2,4.700,1
1.295,0.174,1.283,1,1,8.300,1,3,0,4.700,1
-1.031,-0.688,-0.735,0,1,7.800,1,1,1,3.800,0
-0.174,0.748,0.947,1,1,8.400,1,3,3,4.700,0
-0.786,-0.784,-0.286,0,0,6.500,1,1,0,3.600,0
1.295,0.652,1.059,1,1,8.400,1,3,2,4.800,1
0.805,-0.018,1.283,1,1,7.500,2,3,3,4.100,0
0.683,0.269,1.059,1,1,8.500,1,3,2,4.300,1
1.295,0.365,0.947,1,1,8.200,2,3,2,4.800,1
1.295,0.461,1.507,1,1,7.900,1,2,2,4.300,1
-2.010,-1.263,-1.407,1,1,7.500,0,2,0,4.500,1
0.316,0.461,-0.286,1,1,6.800,0,3,1,4.200,0
0.438,-0.114,1.059,1,1,8.800,2,2,0,4.400,0
0.316,-1.167,-1.183,1,1,7.200,1,1,0,4.600,0
0.560,-0.209,1.283,1,1,7.600,1,3,2,4.600,1
1.295,1.227,1.395,1,1,8.400,0,3,2,4.700,1
-0.419,-1.359,-1.071,0,1,7.500,0,1,0,4.400,0
0.560,-1.359,1.283,1,1,7.400,1,2,2,4.200,0
0.316,-1.167,-0.735,0,1,7.700,1,2,0,4.100,0
-1.888,-1.359,-0.735,0,1,6.700,1,2,1,3.100,0
-1.520,-0.688,-0.398,1,1,6.900,1,1,0,4.100,0
0.683,1.227,0.947,1,1,7.800,1,1,1,4.800,1
-0.541,-0.018,-0.847,1,1,7.000,2,1,0,3.800,1
0.316,0.174,-0.847,1,1,7.600,2,3,3,4.500,1
1.295,0.365,1.507,1,1,8.400,2,3,2,4.800,1
-0.541,-1.359,-0.511,0,0,7.600,1,1,1,4.100,0
-0.174,0.461,0.611,1,0,7.400,1,1,0,4.800,1
0.560,1.131,1.059,1,1,8.400,2,3,2,4.200,1
-0.908,-1.071,1.171,1,1,6.900,0,1,2,4.800,1
0.805,-0.592,-0.286,1,1,8.800,1,3,0,4.400,0
1.172,0.461,1.171,0,1,7.700,2,3,2,4.500,0
-2.010,-0.784,-0.847,0,0,7.200,1,1,1,3.900,0
0.805,-0.592,1.507,1,1,8.200,1,3,2,4.700,1
-0.419,0.940,-0.511,1,1,7.400,1,2,1,4.400,0
-1.888,-0.209,-0.623,0,1,7.500,0,1,0,4.400,0
1.295,1.131,1.507,1,1,7.700,2,2,2,4.800,1
1.295,1.419,1.507,1,1,8.100,2,3,2,4.800,1
-0.174,1.227,-0.735,0,1,7.500,0,2,1,3.800,0
-1.643,-0.880,-0.511,1,1,7.300,2,2,0,4.100,0
0.316,-1.359,-1.632,0,1,6.600,1,1,1,3.700,1
1.172,-0.114,0.498,1,1,7.600,2,2,2,4.600,1
0.193,0.365,-0.286,1,1,8.300,2,2,1,4.300,0
0.193,1.897,0.611,1,1,6.500,1,2,2,3.600,1
0.560,0.940,0.835,1,1,7.000,2,3,2,4.800,1
-1.153,0.078,-1.183,0,1,7.500,1,1,0,4.400,0
0.805,0.078,0.947,1,1,8.800,2,3,0,4.500,0
-0.908,-1.071,-0.735,0,1,7.500,1,2,1,4.400,0
1.050,0.940,1.059,1,0,8.200,2,3,2,4.500,1
0.560,-1.263,-0.735,0,1,7.500,0,3,1,4.200,0
1.050,1.323,-0.174,1,1,7.900,2,2,1,4.500,1
0.438,0.940,1.283,1,1,8.700,2,3,2,4.800,1
1.172,1.610,0.947,1,1,8.300,2,3,0,4.600,1
0.193,0.652,1.059,1,1,7.400,1,3,0,4.700,1
-0.541,-1.359,-0.623,0,1,6.600,0,2,0,3.900,1
-0.908,-1.359,-0.623,0,1,7.200,1,1,1,4.000,1
1.295,-0.592,0.947,1,1,6.600,2,3,2,4.800,1
1.172,1.706,1.507,1,1,8.100,2,3,2,4.500,1
-1.031,-1.359,0.386,1,1,7.600,1,1,0,3.900,1
1.295,1.514,1.507,1,1,8.200,2,3,2,4.800,1
-0.296,1.227,1.059,0,0,8.000,1,3,0,4.100,1
0.683,-0.975,0.835,1,1,8.500,0,2,2,4.100,1
1.295,-0.114,1.395,1,1,8.200,2,2,2,4.600,1
0.438,-1.071,-1.520,0,0,6.800,1,1,0,3.900,0
0.928,0.844,-0.286,0,1,7.400,1,3,2,4.400,0
-0.786,-1.071,-0.959,0,1,8.700,2,2,2,4.100,0
-0.541,-0.880,-0.511,1,1,8.100,2,1,1,4.700,0
0.805,0.940,1.171,1,1,6.900,2,3,2,4.800,1
-0.908,-0.784,-0.735,0,0,7.700,1,1,0,4.100,0
0.193,-0.114,1.395,1,0,8.300,0,2,2,4.400,1
-1.520,-1.167,-0.959,1,0,7.600,2,2,2,4.700,0
-1.031,0.652,0.723,1,1,8.700,1,3,1,4.800,1
1.295,-0.114,0.723,1,1,8.700,1,3,2,4.800,1
-2.377,-1.167,-0.511,0,0,8.000,0,1,0,4.000,0
-0.052,-1.359,1.283,1,1,8.200,0,2,2,4.500,0
1.295,0.844,1.171,1,1,8.300,2,3,2,4.800,1
-0.052,-1.071,-0.847,0,1,7.500,1,2,0,4.300,0
0.316,0.078,1.507,1,1,7.400,1,2,0,4.600,0
0.438,0.940,-0.959,0,1,7.800,1,2,1,4.600,1
-1.765,-0.880,-0.623,0,0,6.500,0,2,1,4.400,0
-2.255,-0.592,-1.295,0,0,7.800,1,1,0,3.400,0
-1.276,-0.592,-0.847,0,1,7.300,0,2,1,4.100,0
1.295,1.419,0.723,1,1,8.100,1,3,2,4.700,1
-0.052,-0.975,-0.959,0,0,8.400,1,1,1,4.100,0
-1.398,-0.688,-0.286,0,0,7.600,1,1,0,4.000,0
0.193,1.131,-1.520,0,1,7.000,1,2,0,4.500,0
-1.643,-0.688,-0.623,0,1,8.200,1,1,1,3.600,0
1.295,1.323,0.947,1,1,7.700,2,3,2,4.800,1
-1.643,-0.784,0.835,0,1,7.800,1,1,0,4.100,0
-1.520,-1.359,-0.735,0,0,6.800,1,2,0,3.200,0
1.050,-0.401,1.059,1,1,8.800,0,3,0,4.600,1
1.050,0.748,-1.295,0,1,8.300,1,3,3,4.000,1
1.295,1.419,1.507,1,1,8.500,2,3,0,4.700,1
0.560,-0.114,0.947,1,1,8.400,1,1,2,4.000,0
1.295,1.993,1.059,1,1,8.300,1,2,2,4.800,1
0.438,0.174,0.835,1,1,7.700,1,2,0,4.600,0
1.295,0.748,0.835,1,0,8.400,1,3,2,4.800,0
1.050,0.461,1.507,1,1,8.200,2,1,1,4.400,0
-0.541,0.078,1.171,0,1,8.200,1,1,2,4.300,1
0.928,0.652,-0.174,1,1,8.600,2,3,0,4.700,0
-0.174,0.557,-0.959,0,0,7.500,1,3,1,4.000,0
1.295,0.844,0.947,1,1,8.500,2,3,2,4.800,1
1.295,0.557,1.059,1,1,8.200,2,3,2,4.600,1
1.295,0.844,1.507,1,1,8.100,1,3,2,4.800,1
-0.541,-1.359,-0.398,0,0,6.500,1,1,0,4.100,0
0.560,1.131,0.723,1,1,8.300,2,3,2,4.300,0
-2.132,1.706,0.835,1,1,7.900,1,1,1,4.600,0
-0.664,-0.401,-0.735,0,0,7.700,0,1,0,3.700,0
1.295,0.748,1.171,1,1,7.800,1,2,2,4.800,1
-1.031,-1.167,-0.286,0,0,7.400,1,1,0,3.900,0
1.050,0.940,1.283,1,1,8.200,2,3,2,4.800,1
-0.908,-1.359,-0.286,0,1,6.700,1,2,0,4.300,0
-0.296,1.131,-1.183,1,0,7.800,1,3,2,4.200,0
-1.031,0.652,-0.511,0,1,6.700,0,1,1,4.700,0
-1.153,0.365,-1.071,0,0,8.200,2,3,1,3.800,0
-1.398,-1.071,-0.511,0,0,7.500,1,2,1,4.800,0
1.295,1.706,1.059,1,1,8.500,2,3,0,3.800,1
0.560,1.802,0.723,1,0,7.900,2,3,2,4.000,0
-0.908,0.748,1.395,1,1,8.000,1,3,2,4.400,1
0.438,0.174,-1.071,0,1,8.200,0,2,1,4.800,0
-1.765,-0.784,-0.511,0,0,7.400,0,2,1,4.400,0
0.316,-0.592,0.386,1,1,8.800,0,3,0,4.800,1
1.295,1.227,1.283,1,1,8.600,2,3,2,4.800,1
0.071,-0.688,0.498,1,1,7.400,1,2,0,4.200,0
-0.541,-0.784,-0.398,0,1,7.700,1,1,0,4.000,1
0.071,1.323,-0.735,1,1,8.000,1,3,0,4.000,0
-1.031,-1.167,-0.847,0,0,7.300,0,1,1,4.600,0
-1.276,-1.359,-1.183,0,0,7.800,1,1,1,4.100,0
1.295,1.036,1.395,1,1,8.300,2,3,2,4.800,1
0.683,0.652,1.395,1,1,8.300,2,3,2,4.700,1
-0.786,0.557,1.059,0,1,8.400,1,2,1,4.500,0
1.295,-0.114,0.723,1,1,8.300,2,3,2,4.800,0
-0.419,-0.880,-1.856,0,0,6.800,1,1,0,4.000,0
-0.419,-0.592,1.507,1,1,7.800,1,2,0,4.000,0
1.295,1.514,1.395,1,1,8.400,2,3,2,4.800,1
-1.520,1.131,-0.174,0,1,7.700,1,1,0,4.400,0
-0.052,1.514,1.283,1,1,7.800,1,3,2,4.400,1
-1.398,1.802,0.835,1,1,7.600,1,3,0,4.200,0
1.050,-1.359,-1.968,1,1,7.600,1,1,0,4.200,1
-2.132,-0.401,-1.856,0,0,7.600,0,1,1,3.900,0
1.050,-1.071,1.395,0,1,8.800,2,3,0,4.700,1
-1.765,-0.305,-0.623,1,1,6.500,1,2,1,4.000,0
0.316,0.461,-1.632,0,1,8.300,2,3,2,4.300,1
-1.398,-1.359,-0.511,0,1,6.500,1,1,0,4.300,0
-0.052,-1.359,-0.847,1,1,8.200,1,1,1,4.800,0
-0.908,0.365,0.947,1,1,8.100,0,2,3,3.200,1
-0.174,0.461,-1.183,0,1,8.300,1,2,1,4.700,0
0.193,0.269,1.395,1,1,7.400,0,1,2,3.800,0
0.193,0.557,0.835,0,0,8.000,0,1,0,4.500,0
-1.888,-1.359,-1.744,0,1,7.500,1,1,1,4.600,0
-1.520,-0.975,-1.520,1,0,6.900,2,1,0,4.000,0
-0.174,0.461,-1.183,1,0,6.600,1,2,0,4.100,0
0.683,-1.167,-1.744,0,0,7.700,1,1,0,3.900,1
-0.296,0.174,-0.286,1,1,7.700,0,2,0,4.600,0
-0.296,-1.263,-0.847,0,0,7.500,1,1,1,4.600,0
0.683,0.748,-0.174,1,1,8.400,1,3,0,3.900,1
-0.664,0.365,-0.511,0,0,7.400,1,1,0,3.800,0
1.295,-0.018,1.283,1,1,8.000,2,3,2,4.800,1
-1.520,0.365,-0.286,1,0,7.900,1,2,0,4.400,1
1.295,0.748,0.947,1,1,7.900,2,3,2,4.800,1
1.172,0.461,1.283,1,1,8.400,2,3,2,4.600,1
-0.296,-0.784,-0.398,0,0,7.200,0,2,0,4.600,0
1.172,1.323,0.723,1,1,8.300,2,2,0,4.800,1
0.560,1.419,1.395,1,1,8.400,2,3,1,4.500,1
1.295,0.557,1.283,1,1,8.500,1,3,2,4.800,0
1.295,1.514,1.171,1,1,8.200,2,3,2,4.800,1
-0.419,-1.263,0.947,0,1,8.300,1,1,3,4.200,0
-1.031,-0.305,-0.847,1,0,8.100,2,1,0,3.400,0
-0.174,0.269,0.835,1,1,7.100,1,1,2,4.600,1
-0.296,0.269,0.947,0,1,6.500,0,2,2,4.600,0
1.295,-0.975,0.947,0,1,8.100,1,3,0,4.500,0
-0.296,-1.359,-0.735,0,1,8.100,1,2,1,4.400,0
1.295,1.131,1.507,1,1,8.500,2,3,2,4.600,1
-0.908,-1.359,-0.623,1,1,7.800,1,2,0,4.400,0
0.316,0.652,0.835,1,1,8.500,1,3,2,4.800,1
0.316,0.748,1.395,1,1,7.400,1,3,0,4.100,1
-1.276,-1.359,-1.071,0,1,8.300,1,1,0,4.500,0
1.295,1.227,1.059,1,1,8.300,1,3,2,4.800,1
0.316,-1.359,0.835,1,1,6.500,1,3,0,4.700,1
1.295,1.036,1.059,1,1,8.000,1,3,2,4.800,1
0.560,0.269,-0.286,1,1,7.600,1,1,0,4.100,0
1.295,0.365,-0.735,0,1,8.200,0,1,2,4.700,1
-0.908,-1.359,-1.407,0,1,7.400,1,2,0,4.300,0
1.295,1.514,0.386,1,1,8.400,2,3,2,4.800,1
1.295,-0.497,0.947,1,1,8.100,2,3,3,4.700,1
-1.153,-1.167,-0.847,0,1,7.600,1,1,1,3.800,0
1.295,-0.209,1.283,0,1,8.200,0,1,0,4.700,0
0.683,-0.688,-0.286,1,0,6.500,1,1,2,4.300,1
0.316,-1.167,-1.520,0,1,7.500,1,2,0,4.400,1
0.683,0.557,0.835,0,1,7.600,1,3,1,4.400,0
-0.052,-0.688,-0.847,0,0,8.100,1,1,1,4.500,0
-0.174,-0.209,-0.623,1,0,8.000,1,1,2,4.300,0
-0.908,-1.359,-1.295,0,0,7.700,1,1,0,4.200,0
-1.276,-0.497,-0.398,0,1,6.900,1,1,0,4.000,0
1.295,1.514,0.947,1,1,8.200,2,3,2,4.800,1
0.071,-0.401,-0.735,0,1,7.500,0,2,0,4.400,0
-0.664,-1.167,-1.295,0,1,6.900,1,1,0,4.500,0
0.438,-1.263,-0.959,0,1,7.500,1,2,0,4.300,1
-1.398,-0.401,-0.511,0,1,7.300,1,2,1,4.600,0
-0.786,0.461,-0.735,0,1,8.300,1,1,0,3.600,0
-0.541,-0.688,0.162,0,1,6.800,1,2,1,4.000,0
-0.174,-0.688,-1.520,1,1,7.800,2,1,1,4.100,1
1.295,-0.114,1.283,1,1,7.600,1,2,1,4.500,0
-0.296,-0.592,-0.735,0,0,6.700,0,1,0,4.100,0
-0.664,0.557,1.395,1,1,8.700,1,2,2,4.100,1
-1.031,-1.263,-0.511,0,0,6.600,0,1,1,3.400,0
1.172,0.269,1.059,1,1,8.000,0,1,2,4.700,1
0.438,0.365,-0.062,1,0,7.300,0,3,0,4.300,0
1.050,0.365,-0.959,0,1,7.400,1,2,0,4.600,0
1.050,0.748,1.507,1,1,8.300,1,3,2,4.600,1
-0.174,-1.359,-0.286,1,1,6.900,1,1,0,4.300,0
0.560,0.748,-0.286,1,1,6.500,1,2,1,4.700,0
1.172,-0.018,1.171,1,1,8.300,1,3,2,4.700,1
0.193,-1.359,0.498,0,1,7.800,1,2,0,4.100,1
0.683,1.036,1.171,1,1,6.600,1,1,1,4.100,0
-1.643,-0.975,-0.286,0,1,7.300,1,2,0,4.600,0
0.805,-0.018,-0.847,1,1,7.900,1,3,3,4.500,1
0.683,0.557,-0.847,1,1,8.400,1,3,2,4.600,1
-0.541,-0.497,1.059,1,1,7.200,1,3,1,4.200,0
1.295,0.461,1.283,1,1,8.500,2,3,2,4.700,1
-0.541,-0.209,-0.511,1,1,7.500,1,2,0,3.700,0
-1.153,-1.359,-0.398,0,0,6.900,1,2,0,4.300,1
-0.664,-0.688,-1.071,0,0,7.300,1,1,0,3.700,0
-1.398,1.227,1.171,0,0,7.800,0,1,2,4.500,1
-0.908,0.174,-1.071,0,1,7.000,1,1,0,4.500,0
1.172,0.748,-0.959,0,1,7.900,1,2,0,4.800,0
-0.174,-1.359,-0.398,1,1,7.700,1,2,0,3.600,1
-0.174,-1.359,-0.398,0,0,7.500,0,1,0,4.000,0
1.295,1.802,1.171,1,1,7.700,2,3,2,4.800,1
0.193,1.323,1.283,1,1,8.200,2,1,2,4.000,0
0.928,-0.114,-1.071,1,1,7.500,1,1,1,4.700,1
-0.786,0.940,-1.968,1,0,7.700,2,3,0,4.600,0
1.295,-0.018,1.283,1,1,8.600,2,3,2,4.600,0
0.071,1.419,1.283,1,1,8.300,2,1,0,4.700,1
-0.664,-1.263,-0.847,0,0,7.600,1,1,0,3.800,0
0.805,0.652,0.947,1,1,6.500,0,3,2,4.600,0
1.295,0.174,0.723,1,1,8.200,1,3,2,4.400,1
-1.520,0.174,0.274,1,0,7.900,1,3,1,4.400,0
-0.296,1.419,-1.071,1,1,7.500,1,2,1,4.600,0
1.295,1.323,1.507,1,1,9.000,2,3,2,4.800,1
-1.520,-1.167,-1.520,0,1,7.600,1,1,2,4.000,0
0.193,0.652,-0.398,1,1,7.700,0,1,0,4.300,0
1.295,1.514,1.507,1,1,8.300,0,3,2,4.700,1
1.295,0.844,0.274,1,1,8.500,2,2,2,4.800,1
-1.276,-0.592,-1.295,0,0,6.800,1,1,0,3.300,0
-0.908,-0.018,-0.623,1,0,7.100,1,2,0,4.400,0
-0.174,0.652,1.395,1,1,8.600,1,3,3,4.700,1
-0.786,-1.359,-0.847,0,1,7.800,1,1,0,3.900,1
-0.296,-1.359,-0.847,0,1,8.300,0,1,3,4.000,0
-0.296,-0.880,1.171,1,1,8.000,1,3,0,4.700,1
0.438,1.610,1.059,1,0,8.600,2,3,3,4.600,0
-0.664,-1.359,-0.286,1,1,6.500,1,1,0,3.900,0
-0.296,0.844,-1.520,0,0,6.500,0,3,0,4.200,0
-1.888,-1.359,-0.959,0,1,7.500,0,1,1,3.700,0
0.071,-1.359,-1.183,1,1,8.700,1,2,0,4.500,1
1.295,0.940,0.498,1,1,8.200,2,3,2,4.800,1
-0.419,-0.784,0.835,1,1,7.400,1,1,0,4.700,1
-0.052,-1.071,-1.071,0,1,7.800,0,1,0,4.100,1
-0.664,-0.975,0.162,0,0,7.400,0,1,0,4.200,0
-0.174,0.078,0.723,1,1,7.700,2,3,0,4.100,0
-0.296,0.844,0.274,1,0,8.000,1,3,2,4.500,0
-0.052,-1.359,1.171,1,0,7.900,0,1,0,4.400,0
-0.174,0.844,-0.174,1,1,8.400,1,3,2,4.500,1
-1.643,-1.359,-0.847,0,0,6.500,0,1,0,3.500,0
1.050,1.897,-0.735,1,1,8.300,1,1,2,3.800,1
1.295,-0.784,0.050,1,0,8.500,0,1,1,4.800,0
1.172,0.844,0.835,1,1,8.500,1,3,1,4.600,0
-0.541,-1.359,0.050,0,1,7.300,1,2,1,4.600,0
-1.276,-1.263,-0.398,0,1,6.500,1,2,1,3.800,0
-0.664,0.078,-0.623,0,1,8.400,1,3,0,4.600,0
-0.541,-1.359,-1.295,1,1,8.400,0,3,2,4.800,0
-0.541,0.652,0.723,1,1,8.300,1,3,0,3.900,1
-0.786,1.131,-0.847,1,1,6.800,0,2,0,4.200,0
-2.377,-1.359,-1.744,0,1,6.900,0,1,1,3.600,0
1.172,-1.263,-0.623,0,1,8.300,0,2,1,4.700,1
0.928,-1.359,-1.295,0,1,8.100,2,1,1,3.800,0
-1.398,-1.359,-0.847,0,0,7.500,1,1,1,4.300,0
0.683,-0.209,0.835,1,1,8.300,1,2,1,4.800,1
1.295,1.419,1.283,1,1,8.100,1,2,0,4.600,1
-0.052,-1.359,-0.847,0,1,6.500,1,2,0,4.500,0
-0.541,0.940,-0.847,1,1,6.500,1,3,2,3.800,0
1.172,0.078,1.059,1,1,7.500,1,2,2,4.800,1
1.050,0.652,1.171,1,1,8.600,2,3,2,4.800,1
-0.296,1.036,0.274,1,1,8.500,1,2,2,4.300,1
-0.174,-0.975,-0.511,0,0,6.600,1,2,0,4.400,0
1.295,-1.359,1.171,0,1,7.300,2,3,0,4.400,1
1.295,1.419,0.498,1,1,7.800,1,3,0,4.000,1
0.805,1.993,0.723,1,1,8.200,0,3,0,4.500,1
-0.419,0.557,-0.959,1,1,8.200,2,3,0,3.900,0
0.928,1.802,1.283,1,1,8.500,2,2,2,4.800,1
-0.174,0.557,-0.735,0,1,6.500,1,1,0,4.500,0
0.683,0.174,0.947,0,1,8.100,2,2,2,4.500,0
0.928,1.419,0.723,1,0,7.800,2,3,2,4.500,1
-0.052,0.940,0.386,1,1,8.000,1,3,0,4.300,0
0.560,-1.359,-1.183,0,1,7.400,1,2,0,4.100,0
0.193,1.036,-0.398,1,1,7.400,1,3,0,4.600,0
0.071,0.652,-0.398,0,1,7.400,1,2,0,4.600,1
0.438,1.514,0.835,1,1,8.400,2,3,0,4.400,1
1.295,1.131,1.171,1,1,8.400,2,3,2,4.500,1
0.438,1.323,1.059,1,1,8.400,2,3,2,4.700,1
1.295,-1.359,-0.511,1,1,8.600,1,3,0,4.800,1
-1.520,0.269,-0.847,0,1,6.500,1,1,0,4.300,0
1.172,1.323,0.835,1,1,8.300,2,3,2,4.800,1
-0.541,-1.359,-1.295,0,0,7.600,1,1,1,3.700,0
0.316,0.269,-0.062,1,1,7.300,1,1,2,4.200,0
0.560,0.940,-1.071,0,0,6.500,1,2,0,4.200,0
-2.377,-0.975,-0.511,0,1,7.600,1,1,1,4.400,0
1.295,1.514,1.507,1,1,8.400,2,3,2,4.800,1
-0.296,-0.880,0.498,1,1,8.200,2,1,2,4.800,0
-1.031,-0.975,-1.295,0,0,7.600,1,1,1,4.300,0
-0.664,-1.071,-0.398,0,0,7.600,1,1,0,4.300,0
0.683,-0.114,0.386,0,1,7.800,1,2,2,4.300,1
0.560,1.227,1.171,1,1,8.300,2,3,2,4.800,1
0.438,0.461,-1.407,1,0,8.400,1,1,3,4.600,0
-0.419,-1.359,-1.183,0,1,7.700,1,1,0,4.100,0
-0.541,-1.071,-1.407,0,0,6.500,0,1,1,3.400,0
-2.010,-1.071,-0.735,0,1,7.100,1,1,1,3.600,0
1.172,0.652,0.947,1,1,6.900,0,3,0,4.400,1
-0.419,0.461,1.171,1,1,8.400,1,1,2,4.600,0
-0.296,-0.880,-0.735,0,0,7.800,0,1,1,4.300,1
1.295,0.940,1.059,1,1,8.600,2,3,2,4.500,1
-1.276,-1.359,-0.735,0,0,6.600,0,1,1,4.200,0
0.928,1.036,1.059,1,1,8.400,0,3,2,4.200,1
1.172,-0.401,-0.847,1,1,8.600,1,1,2,4.300,0
0.193,-1.359,-1.295,1,1,7.800,1,1,0,4.500,0
-0.174,1.036,0.947,1,1,7.700,1,2,0,4.400,0
-0.296,-0.688,-0.398,1,0,6.500,0,3,0,4.000,0
-1.643,0.174,-1.071,1,0,7.700,1,1,1,4.800,0
-0.174,-0.784,-1.407,0,0,6.800,1,1,0,4.300,0
-0.419,-1.359,-0.623,0,0,7.600,1,2,1,3.900,0
-0.908,-0.975,-1.071,0,1,7.500,1,1,1,4.500,0
1.295,0.652,0.835,1,1,8.500,2,3,2,4.800,1
1.172,-1.071,-0.174,0,1,7.400,1,1,0,4.400,0
-1.888,-0.880,-0.735,0,0,7.700,1,1,0,3.800,0
1.295,0.557,1.507,1,1,8.600,2,3,2,4.800,1
-0.174,-1.359,0.274,1,1,6.500,1,1,0,4.500,0
-0.052,-0.018,1.283,1,1,8.500,2,3,3,4.100,0
1.295,0.652,1.283,1,1,8.400,2,3,2,4.800,1
-1.031,0.940,0.723,1,1,7.300,1,3,1,3.800,0
0.805,0.557,0.835,1,1,8.400,1,3,1,4.500,0
1.295,0.557,0.611,1,1,8.200,1,3,2,3.600,1
1.172,1.610,1.283,1,1,8.300,1,3,2,4.800,1
0.683,1.036,-0.735,1,1,7.700,1,3,0,4.800,1
-0.052,-1.359,-0.847,0,1,7.300,1,1,0,4.500,0
-1.276,-1.359,-0.735,0,1,7.500,1,2,0,4.100,0
0.438,-1.167,-0.398,0,1,7.600,1,1,0,4.300,0
1.295,1.227,-0.286,1,1,8.200,1,3,0,4.800,1
-0.664,0.844,-0.735,1,1,7.700,2,1,0,4.100,1
0.071,0.365,0.611,0,0,7.500,1,3,2,4.600,1
-0.296,-1.359,-1.295,0,0,7.900,0,1,1,4.200,0
-0.174,-0.975,0.274,0,1,6.500,0,2,2,4.200,0
0.193,-0.497,-0.398,0,1,6.600,0,1,2,4.000,0
1.295,1.993,0.835,1,1,7.200,2,3,2,4.800,1
1.295,1.610,0.835,1,1,7.800,2,3,2,4.800,1
-0.541,0.748,-0.623,1,0,8.300,0,3,0,4.200,0
0.560,-0.305,-0.174,0,0,7.500,1,2,1,4.400,0
-0.052,1.227,1.059,1,1,8.500,1,2,2,4.300,1
-0.174,-0.305,-0.735,0,0,8.000,1,1,1,4.400,0
0.805,-0.880,0.050,1,1,7.400,2,3,3,4.200,0
1.295,1.036,-0.286,1,1,7.500,1,3,2,4.200,1
-0.419,-0.114,-1.071,0,0,7.500,1,1,0,4.000,0
-0.052,-1.167,-1.295,0,1,7.800,0,2,0,4.100,0
0.805,0.174,1.171,1,1,8.200,1,3,1,4.300,1
0.560,0.557,0.835,1,1,8.400,0,3,0,4.200,1
-0.174,-1.071,1.171,0,1,8.200,1,3,1,4.000,1
1.295,1.802,0.386,1,0,7.700,2,3,0,4.700,0
1.295,1.227,0.611,1,1,8.400,2,3,2,4.800,0
1.295,0.844,0.274,1,1,8.100,2,3,2,3.700,1
0.683,-1.359,0.947,0,1,8.500,1,2,0,4.300,1
1.295,1.036,1.283,1,1,8.300,2,3,2,4.800,1
-0.541,0.652,0.947,1,0,8.500,0,2,2,4.500,1
-0.786,-1.359,0.050,0,1,7.500,1,1,1,4.100,0
-1.520,0.652,-0.398,0,1,6.900,1,2,0,3.700,0
0.071,-1.359,-0.735,0,1,6.500,1,1,0,4.000,0
1.295,1.131,0.835,1,1,8.300,0,1,2,4.800,1
1.295,1.227,0.498,1,1,8.400,2,3,2,4.800,1
-1.643,-0.592,-1.856,1,0,8.100,2,3,0,4.200,0
0.193,-1.359,-0.511,0,1,6.600,0,1,1,3.500,0
1.295,0.557,0.947,1,1,8.300,0,3,2,4.800,1
-2.377,-1.263,-0.398,0,1,7.500,1,2,0,4.000,0
1.295,0.461,0.498,1,0,7.900,2,1,2,4.500,0
-1.276,-1.359,-0.623,0,0,7.700,1,1,0,4.400,0
0.683,-0.688,-1.071,0,0,7.400,1,3,0,4.600,0
-0.541,1.036,-1.407,0,0,6.600,2,2,0,4.400,0
0.438,1.131,-0.398,0,0,7.700,1,1,1,4.100,0
-2.377,-1.359,-1.295,0,0,6.700,1,1,0,3.700,0
1.295,1.514,1.171,1,1,8.300,2,3,2,4.400,1
-0.296,0.269,-0.062,0,1,7.600,2,2,0,4.400,0
-0.419,-1.359,-1.071,1,0,6.600,1,1,0,4.200,0
1.172,0.365,1.395,1,1,8.600,2,3,2,4.800,1
0.560,-0.305,-0.847,0,0,6.600,0,2,2,3.800,0
0.805,-0.305,-1.183,0,1,7.500,1,3,1,4.200,0
-1.520,-1.359,-0.847,0,0,7.600,1,1,1,3.500,0
-1.031,0.365,-0.062,1,1,6.700,1,2,0,3.800,0
1.295,0.461,0.611,1,1,8.100,1,3,2,4.300,0
1.295,-0.209,1.171,1,1,8.600,2,3,2,4.800,0
1.295,0.461,-1.183,1,1,8.500,0,3,2,4.800,1
0.928,0.844,0.835,1,1,7.900,0,3,0,3.900,0
0.193,0.461,0.386,0,1,7.900,1,3,0,3.200,0
0.071,-1.359,-1.071,0,0,6.500,0,2,1,3.900,0
-0.174,-1.071,-1.071,0,0,7.500,1,1,0,4.500,0
-0.541,1.323,0.611,1,1,7.600,1,0,1,4.800,1
0.193,1.897,1.171,1,1,8.400,2,2,2,4.200,1
0.560,-0.497,1.507,1,1,8.000,2,2,0,4.700,1
-0.786,0.461,-1.744,0,0,6.500,2,1,2,4.200,0
-1.276,-1.359,0.050,0,0,7.500,1,1,1,4.100,0
1.295,0.940,1.283,1,1,8.200,0,3,0,4.300,0
0.683,0.748,0.723,1,1,8.000,2,3,3,4.800,0
1.295,1.419,0.947,1,1,8.400,2,3,2,4.800,1
0.438,-0.018,0.835,1,1,7.600,1,1,0,3.700,0
0.438,-0.975,-0.959,0,1,7.500,0,1,1,4.400,0
-0.541,1.610,1.283,1,1,8.300,1,1,0,4.200,1
0.071,-0.784,-0.286,0,0,7.600,1,2,0,4.400,0
0.438,-0.497,-1.183,1,0,8.400,2,3,1,4.800,1
-0.908,0.557,-0.062,1,1,6.900,1,3,1,4.700,1
1.295,0.557,1.171,1,0,8.600,0,3,0,4.000,0
0.438,0.461,-0.623,0,1,7.200,1,2,0,4.500,0
0.316,-0.688,-0.511,0,1,7.500,0,1,1,3.800,0
0.316,1.323,0.835,1,1,8.300,1,3,0,4.700,0
-0.296,-0.880,-0.398,0,1,8.600,0,1,0,4.100,0
-1.153,0.844,-0.286,0,1,7.700,1,1,0,4.300,0
-0.174,1.323,-0.623,0,0,7.600,2,1,0,3.900,1
1.295,0.844,1.171,1,1,8.000,2,3,3,4.800,1
-1.765,-1.359,-0.623,0,1,7.500,1,2,0,4.100,0
-0.908,-0.592,-0.062,0,1,7.200,1,2,1,4.400,0
-1.276,1.323,-0.847,1,0,8.300,1,1,0,4.800,1
1.050,0.078,0.611,1,1,8.300,0,3,0,4.700,0
0.193,-0.305,-0.511,0,0,7.900,0,3,1,4.600,0
0.438,-1.167,-0.847,1,1,7.600,1,3,0,4.100,0
0.683,1.419,-0.735,1,1,8.700,2,1,2,4.800,1
1.295,1.419,0.723,1,1,8.500,1,3,2,4.800,1
1.295,1.131,1.395,1,1,8.300,2,3,2,4.800,1
0.438,1.897,1.283,1,1,8.500,1,1,2,4.300,1
-0.052,-0.688,-0.623,0,1,7.600,1,1,0,4.000,0
-0.174,0.844,1.171,1,1,7.900,1,3,0,4.600,1
-1.765,-1.359,-1.183,0,1,7.700,0,1,0,4.300,0
-0.908,1.514,-0.735,1,1,8.700,0,1,3,4.800,1
-0.908,-1.359,-0.959,0,0,7.700,1,1,0,4.200,0
1.295,0.365,1.059,1,1,8.400,1,3,2,4.600,1
-0.052,-1.167,-0.398,0,1,7.400,1,1,0,3.600,0
1.295,1.610,1.059,1,1,8.300,1,3,2,4.800,1
-0.174,-1.359,-1.744,0,0,7.700,1,1,0,3.200,0
-1.520,-1.359,-1.183,0,0,7.500,1,2,0,4.200,0
-2.132,-0.880,-0.959,0,1,6.500,1,2,1,4.400,0
-0.174,-1.071,-0.511,1,0,7.500,1,1,2,4.300,1
1.295,1.323,0.947,1,1,8.200,2,3,2,4.500,1
-0.664,-0.880,-1.183,1,1,6.700,0,1,0,4.100,0
0.071,1.419,-0.847,0,0,7.400,1,1,1,4.300,0
-0.419,1.036,-0.847,1,1,7.900,1,1,1,3.800,1
-0.296,1.897,1.395,1,0,8.700,2,3,2,4.800,1
-1.276,0.174,-0.847,1,0,7.800,1,2,1,4.500,0
-0.664,1.419,-0.286,1,1,7.400,1,2,2,4.400,0
0.560,0.365,-0.398,0,1,8.400,2,3,2,4.800,1
-0.174,-0.305,1.171,1,1,7.500,1,2,0,4.000,0
1.172,-0.592,0.723,1,1,8.300,1,3,2,4.400,1
1.295,0.557,1.507,1,1,8.500,1,1,2,4.700,1
1.295,1.610,1.283,1,1,8.300,1,3,2,4.700,1
-0.296,-1.167,-0.847,0,1,7.600,1,1,0,4.100,1
-0.419,-0.975,-0.959,0,0,6.500,0,1,0,4.300,0
-2.132,-1.359,-0.398,1,1,7.400,1,1,1,4.800,0
-0.664,1.227,-0.623,0,1,6.700,0,2,0,3.600,1
-0.664,-0.975,0.611,1,1,8.400,1,2,1,4.300,1
0.683,-0.114,-1.295,0,1,7.400,0,1,0,3.900,0
1.295,-0.497,0.835,1,0,7.500,1,3,3,4.800,1
0.683,0.174,1.283,1,1,8.300,1,3,2,4.700,0
1.295,-1.359,-0.959,0,1,8.200,2,1,1,4.000,0
-0.786,-1.359,-1.295,1,1,6.700,1,1,0,3.500,0
-0.541,0.748,1.283,1,1,7.800,1,3,2,4.300,0
1.295,-0.305,0.947,1,0,8.200,2,1,2,4.500,0
-0.664,0.557,1.283,1,1,7.700,1,3,0,4.300,0
-0.419,1.419,1.171,1,0,8.300,1,3,1,4.600,0
0.071,0.365,0.835,1,1,7.700,1,3,0,4.800,0
-0.541,-1.359,-0.623,1,1,6.700,2,0,0,4.000,1
0.683,0.557,1.059,0,1,8.500,2,1,2,4.700,1
-1.031,-1.359,-0.959,1,0,7.500,1,2,0,4.000,0
-1.276,-1.359,-1.295,0,1,7.400,1,2,0,3.600,0
-0.786,-0.497,-1.183,1,0,8.600,1,1,2,3.800,0
0.805,-0.592,-0.062,0,1,7.300,1,2,1,3.400,0
-0.052,0.940,0.611,1,0,8.300,2,3,2,4.600,0
1.295,0.174,0.723,1,1,8.900,1,3,2,4.600,1
0.316,0.940,0.611,1,1,8.000,1,2,1,4.800,1
0.071,0.940,1.171,1,1,6.600,1,3,1,4.400,1
-1.153,-1.359,-1.071,0,1,7.500,1,1,1,4.600,0
0.805,0.078,0.611,1,1,7.600,1,2,2,4.300,0
1.295,1.323,1.059,1,1,8.400,1,3,2,4.800,1
1.295,1.802,0.498,1,0,8.000,2,3,2,4.100,0
-0.296,0.557,0.947,1,1,7.500,0,3,1,4.800,0
-0.541,0.461,-1.295,1,1,7.000,1,3,2,4.400,1
-1.276,-0.497,-0.959,0,0,7.500,1,1,0,4.500,0
-1.153,-0.688,-1.856,0,1,6.600,0,2,1,3.200,0
-0.786,1.419,-0.959,1,1,7.500,1,2,0,3.500,0
0.683,-1.359,0.947,1,1,6.500,0,2,0,4.800,1
1.295,1.131,1.059,1,1,8.100,2,3,2,4.500,1
-2.377,-0.688,-1.295,0,0,6.800,1,1,1,3.900,0
1.295,0.269,1.059,1,1,7.800,1,3,2,4.000,0
0.560,1.036,0.498,1,1,7.200,1,2,2,4.800,1
1.295,-0.018,0.835,1,1,8.400,1,3,2,4.800,1
1.295,1.419,1.283,1,1,8.200,2,3,2,4.700,1
-0.052,-0.305,-1.407,0,0,6.500,0,1,0,4.300,0
0.438,-1.359,-1.968,0,0,6.700,1,1,0,4.200,0
-1.765,-1.359,-0.623,1,1,7.600,1,1,3,4.000,0
-0.419,0.078,-0.847,0,0,8.000,1,3,1,4.600,0
1.295,0.940,1.283,1,1,8.200,2,3,2,4.800,1
0.316,0.748,1.059,1,1,8.000,2,3,2,4.300,1
1.295,0.365,1.283,1,1,9.000,2,3,2,4.800,1
1.295,1.227,-0.735,1,1,8.300,1,3,0,4.800,1
-0.541,-1.263,-0.735,0,1,7.400,1,2,1,4.000,0
-0.541,0.844,-0.623,1,1,8.200,2,3,2,3.900,0
1.295,1.419,1.171,1,1,8.600,2,3,2,4.800,1
1.295,1.131,0.723,1,1,8.500,0,3,2,4.700,1
0.071,0.269,0.947,1,1,7.600,0,2,1,4.600,0
1.295,1.514,1.283,1,1,8.500,2,3,2,4.800,1
-1.031,0.365,-0.062,0,0,7.700,2,3,0,3.800,0
-0.052,0.365,-0.623,0,0,6.700,0,2,1,3.300,0
1.172,1.610,0.723,1,1,8.000,2,3,2,4.800,1
1.295,1.706,0.723,1,1,8.600,1,3,0,4.800,1
0.193,0.461,-0.959,0,0,7.600,1,2,1,3.900,0
0.438,1.802,0.947,1,1,7.800,1,3,2,4.800,1
1.050,-1.359,-0.735,0,0,7.300,1,1,1,4.100,0
-0.664,-1.359,-1.071,0,1,7.600,1,2,1,4.100,1
-0.786,0.078,-0.174,1,1,6.700,1,3,0,4.500,1
0.683,-1.359,0.050,0,1,8.100,2,3,2,4.500,1
0.805,0.844,1.171,1,1,8.000,2,3,2,4.800,1
1.295,0.174,0.723,1,1,8.300,2,3,2,4.200,1
-0.296,0.461,0.498,1,1,8.800,1,2,2,4.300,1
0.438,1.610,-0.847,1,1,7.700,1,3,2,4.000,1
1.295,0.557,1.507,1,1,8.500,2,3,1,4.700,1
0.193,1.610,-0.511,1,1,8.300,2,1,0,4.300,0
-1.398,-1.359,-0.511,0,1,8.100,1,1,2,3.200,0
0.316,-1.359,-1.071,0,0,7.700,1,2,0,4.100,0
-0.296,-0.688,0.050,1,1,8.100,1,1,1,4.100,1
-1.765,-1.359,-0.735,0,0,8.300,1,1,1,4.200,0
-0.541,1.036,0.835,0,0,7.500,0,1,1,4.300,0
-0.296,-0.688,-1.295,0,1,7.800,1,1,1,4.000,0
1.295,1.514,1.507,1,1,8.400,1,3,2,4.800,1
1.295,1.036,1.283,1,1,8.200,2,3,2,4.700,1
-0.174,-1.359,-1.071,1,1,7.500,1,2,0,3.400,0
-0.786,1.610,0.386,1,1,7.400,1,3,2,4.100,1
0.316,0.174,-1.071,0,0,6.500,1,1,0,4.400,0
-0.786,-1.167,-1.183,1,1,8.000,0,3,1,4.800,0
1.295,0.557,-0.062,1,1,7.900,2,3,2,4.700,1
-0.541,-0.401,-0.062,0,1,7.700,1,1,1,4.500,0
1.050,0.844,1.507,1,1,8.800,2,3,2,4.700,1
0.928,0.078,0.835,1,1,6.500,2,2,2,4.700,1
1.295,0.748,1.395,1,1,8.000,1,3,0,4.400,1
-0.174,-0.401,-1.071,0,0,6.500,1,1,1,4.000,0
0.071,-1.167,0.835,1,1,7.800,1,2,1,4.200,0
0.316,0.748,0.611,1,1,6.700,1,2,1,4.300,1
-0.908,-0.688,-0.847,0,1,6.800,1,1,1,4.800,0
0.928,0.844,-0.511,1,1,8.000,0,3,2,4.700,1
-0.419,-1.359,-1.071,0,1,6.800,0,2,1,4.000,0
-0.419,0.652,0.274,1,0,6.500,2,3,1,4.300,0
0.438,0.844,0.835,1,1,8.200,0,2,2,4.800,1
-1.153,-1.071,-0.847,0,0,8.300,1,1,1,4.300,0
0.071,0.461,-0.847,1,1,6.900,2,3,0,4.400,0
1.295,0.844,0.947,1,1,8.400,2,3,0,4.700,1
1.295,-0.305,0.498,1,1,8.000,1,3,2,4.800,0
1.295,1.036,0.723,1,1,8.300,1,3,3,4.800,1
1.295,-0.114,1.507,1,1,8.300,2,3,2,4.800,1
-0.786,-0.497,0.162,1,0,7.600,1,1,2,4.200,0
-0.664,-1.359,0.947,0,1,7.000,2,2,1,4.300,0
-1.031,-1.359,-1.295,0,1,6.600,1,1,1,4.000,0
-1.765,-1.359,-1.744,0,0,6.500,1,2,1,4.700,0
-1.153,-1.359,-0.511,0,0,7.300,1,2,0,3.800,0
-0.419,-1.359,0.050,0,1,7.500,1,2,1,3.800,0
-0.908,-1.359,-1.183,1,1,7.500,0,1,1,4.600,0
0.928,0.461,-0.511,1,1,7.900,0,2,0,4.400,1
0.805,0.461,-0.735,0,1,7.400,2,2,2,4.000,0
1.172,0.748,0.835,1,0,8.200,2,3,2,4.000,1
-0.052,1.131,-1.183,1,1,6.500,1,2,1,4.200,1
0.928,0.557,1.171,1,1,8.600,1,3,2,4.800,1
1.295,0.844,0.723,1,1,8.100,2,3,2,4.500,1
0.316,0.652,-1.071,1,1,8.500,2,3,2,4.400,1
1.295,0.844,1.171,1,1,6.900,1,2,1,3.900,0
-0.786,0.844,-0.847,0,1,6.800,1,1,1,3.900,0
-0.541,-0.497,-1.744,0,0,6.700,1,1,0,4.100,0
-0.541,-0.209,1.059,0,1,8.000,0,1,0,3.600,0
1.295,1.897,0.611,1,1,8.100,1,3,0,4.400,1
-0.296,-0.975,-0.286,0,1,6.700,1,1,1,3.400,0
1.295,0.652,0.947,1,1,7.700,1,3,2,4.300,1
-1.398,-0.784,-0.959,0,0,6.500,1,1,0,4.100,0
0.316,0.174,-0.286,0,1,7.600,0,1,0,4.300,0
-0.908,0.269,-1.183,0,1,6.500,1,1,0,4.200,0
-0.908,0.174,-0.623,0,1,7.500,1,1,0,4.300,0
0.071,-0.975,-0.623,0,1,6.500,1,1,0,4.400,0
0.316,0.461,-0.062,0,1,7.700,1,2,0,4.100,0
0.071,0.174,1.171,1,1,7.600,1,3,0,4.800,0
-0.296,-0.305,-0.959,0,0,6.600,2,1,1,3.400,0
0.683,0.652,1.507,1,1,8.200,1,3,2,4.400,1
1.295,-0.209,1.283,0,1,8.000,2,3,2,4.300,1
-0.052,1.993,-1.183,1,0,7.500,2,1,3,3.400,0
-0.174,-0.497,-0.735,1,1,6.800,0,1,0,4.700,0
1.295,1.897,1.507,1,1,8.400,1,3,2,4.200,1
-0.419,-1.359,-0.959,1,1,6.500,1,2,0,4.200,0
1.295,1.036,1.507,1,1,8.000,2,3,2,4.400,1
-0.541,-1.167,-0.623,0,0,7.300,1,1,0,3.200,0
1.050,0.078,0.947,1,1,8.600,1,3,2,4.800,1
-0.296,-1.359,-1.856,0,1,7.600,1,2,0,4.100,0
1.295,1.036,1.171,1,1,8.100,2,3,2,4.500,1
-0.296,0.269,-0.623,0,1,6.600,1,2,0,4.100,0
-0.664,-1.167,-0.623,0,1,7.500,1,1,1,4.600,0
1.295,1.131,0.723,1,0,7.800,0,3,2,4.800,1
-0.419,-0.401,-0.735,0,1,7.200,1,1,0,4.000,0
0.316,-0.305,-1.856,0,0,6.700,1,2,2,3.200,1
0.560,0.365,1.507,1,1,6.900,1,3,1,4.400,1
0.071,0.940,-0.174,1,1,7.400,2,3,2,4.600,0
1.295,1.323,0.947,0,1,8.000,2,3,0,4.300,1
0.193,-0.975,-1.183,0,1,8.300,1,2,0,4.100,0
-1.888,-1.359,-1.295,0,0,6.800,1,1,2,3.500,0
-0.174,-0.114,-0.623,1,0,7.400,2,2,1,4.300,0
-0.419,-1.359,-0.959,0,1,6.700,1,1,0,4.200,0
0.071,-1.167,-0.398,0,0,6.500,0,2,0,4.200,0
-0.541,-1.167,-0.959,0,1,7.400,1,1,0,4.500,1
-1.398,-0.880,0.050,0,1,6.500,0,1,0,3.600,0
1.295,1.514,1.507,1,1,8.100,2,3,2,4.800,1
-0.174,-1.359,-1.071,0,1,6.600,1,2,0,4.700,0
-2.010,-0.592,-0.286,0,0,7.600,1,1,0,3.300,0
1.295,-0.401,-0.623,1,1,8.300,2,3,0,4.700,1
0.805,1.706,1.059,0,1,7.900,1,2,2,4.800,0
-1.276,-1.263,-0.847,0,1,7.200,1,2,0,4.500,1
-0.541,-1.359,-1.183,0,1,6.700,0,2,0,4.200,0
0.683,0.557,0.723,1,1,7.900,2,3,2,4.800,1
0.316,1.323,0.723,1,1,8.200,1,3,2,4.500,1
-0.786,-1.359,-0.959,0,1,7.500,1,2,3,3.500,0
-1.153,-1.263,-0.398,0,0,7.300,1,1,1,3.800,0
1.295,1.514,1.059,1,1,8.200,1,3,2,4.800,1
-0.052,-0.688,-0.847,0,0,7.600,1,2,2,4.100,0
0.071,-0.784,-1.632,0,0,6.500,0,1,0,4.300,0
-1.520,-1.167,-1.183,0,0,7.700,1,1,0,3.600,0
-1.031,-1.359,-0.959,0,0,7.400,1,1,0,3.300,0
-0.786,-1.359,-1.520,0,1,6.600,1,1,0,3.900,0
-1.765,-1.071,-0.735,0,1,7.400,0,2,0,4.400,0
1.295,1.036,1.171,1,1,8.300,1,3,2,4.700,1
-0.664,0.269,0.723,1,1,8.200,1,2,2,4.400,1
-0.296,-1.263,-0.735,0,0,7.800,1,1,1,4.500,0
1.295,-0.114,1.507,1,1,8.100,2,2,1,4.700,1
1.295,1.419,1.507,1,1,8.600,1,3,2,4.500,0
-0.786,-1.359,-1.071,0,0,6.500,1,1,1,3.400,0
0.560,0.940,1.171,1,1,7.500,1,1,0,4.700,1
1.172,0.748,-0.174,1,1,6.500,2,3,0,4.400,1
0.193,1.323,0.162,0,1,6.500,2,3,2,3.300,1
0.683,1.131,1.059,1,1,6.500,0,3,2,4.600,1
0.560,0.174,0.835,1,1,8.600,2,3,2,4.700,1
-0.174,-1.359,-0.623,0,0,7.900,1,1,1,4.200,0
-1.520,-0.975,-1.295,0,0,7.500,1,1,1,3.800,0
0.071,0.652,-0.398,0,0,7.500,1,2,0,4.300,0
1.050,0.365,0.835,1,1,8.400,1,3,2,4.500,1
-0.296,0.844,-0.623,1,1,7.900,1,3,1,4.100,0
0.193,-1.359,-0.959,0,0,7.900,1,1,1,4.700,0
-1.398,-0.401,-1.071,0,0,6.600,0,1,0,3.800,0
1.172,0.748,1.171,1,1,8.700,0,2,2,4.600,1
-0.419,-1.167,-1.183,0,1,7.800,1,1,0,3.900,0
-0.419,1.131,0.611,1,1,8.600,1,2,3,4.700,0
-2.377,-0.880,-1.071,0,0,6.500,1,2,1,3.500,0
-0.174,-0.209,1.171,1,1,8.200,2,3,1,4.400,0
0.193,0.269,1.283,0,1,8.600,1,1,3,4.700,1
1.050,0.174,1.171,1,1,7.800,2,3,2,4.500,1
1.295,1.131,1.171,1,1,7.700,2,3,2,4.800,1
-0.908,-1.167,-0.847,1,1,7.600,1,1,1,4.200,0
0.438,1.419,1.507,1,1,8.200,2,3,2,4.500,1
1.172,0.269,1.507,1,1,7.800,0,3,2,4.700,1
0.316,1.514,0.498,1,1,6.900,0,3,2,4.800,1
1.295,0.844,1.059,1,1,8.300,2,3,2,4.800,1
0.438,-1.359,-0.623,0,1,7.400,1,3,0,4.700,0
0.071,0.461,1.171,0,1,6.800,2,3,0,4.400,1
1.050,0.652,1.059,1,1,8.500,2,2,2,4.800,1
1.295,0.940,1.395,1,1,8.600,2,3,2,4.800,1
0.438,0.174,-0.959,0,1,7.300,0,2,0,4.200,0
0.193,1.514,-1.968,1,1,7.800,2,2,2,4.500,1
1.295,1.514,0.723,1,1,8.600,2,3,2,4.800,1
1.295,1.419,1.283,1,1,8.500,2,3,2,4.400,1
-1.888,-1.167,-1.520,1,0,6.500,1,1,1,4.400,0
-0.419,-0.305,-0.735,0,0,7.700,1,1,2,4.400,0
-0.664,0.652,-0.062,0,1,7.400,1,2,1,3.900,0
-0.052,0.365,-0.847,1,1,8.200,1,3,2,4.000,0
1.295,1.802,0.611,1,1,8.400,2,3,2,4.700,1
1.172,-0.497,0.498,1,1,8.400,1,2,2,4.800,1
1.295,1.323,1.395,1,1,8.200,1,2,2,4.700,0
1.295,0.652,1.059,1,0,8.500,2,3,2,4.800,0
1.295,1.036,0.723,1,1,8.100,2,3,0,4.600,1
-0.786,1.227,0.835,1,1,7.800,2,3,1,4.300,1
0.805,-1.071,-1.071,0,1,7.600,1,2,0,4.200,0
-0.786,-0.880,-1.856,0,1,6.700,0,2,0,4.500,0
0.193,0.269,-0.623,0,1,7.900,1,1,0,4.200,0
-0.052,-1.167,-0.735,1,1,6.500,2,3,2,3.700,1
-0.786,-1.263,0.050,0,0,7.300,1,2,1,4.000,0
0.193,1.131,0.947,1,1,8.200,2,3,2,4.800,1
-0.908,0.461,0.835,1,1,8.400,0,1,3,4.200,0
-0.664,-1.359,-1.295,0,0,7.500,1,2,0,4.200,0
-0.664,-1.359,-0.959,0,1,6.800,1,1,0,4.300,0
0.193,1.323,1.059,1,1,8.100,1,3,2,4.500,1
-0.052,-0.018,-0.735,0,1,6.800,1,2,0,4.000,0
1.295,0.461,1.507,1,1,8.100,2,3,1,4.700,0
1.172,0.557,0.947,1,1,8.600,1,3,2,4.600,1
-1.520,-1.359,-0.847,0,0,6.500,1,1,1,4.300,0
-1.398,-0.784,-1.632,0,1,7.400,1,1,2,4.300,0
0.316,1.419,0.611,1,1,7.600,1,3,1,4.500,1
1.295,1.897,0.835,1,1,8.200,2,3,2,4.800,1
-1.276,-0.784,-0.959,0,0,7.900,0,2,0,4.200,0
1.295,0.748,0.835,1,1,8.700,2,3,2,4.800,1
-0.664,-0.114,-1.183,1,0,6.600,1,1,0,4.700,0
-1.276,-0.880,-1.407,0,0,7.600,0,1,0,3.100,0
-1.031,-1.359,-1.520,0,0,6.500,1,2,0,4.400,0
-1.031,-1.263,-1.183,0,1,7.100,0,1,1,4.000,0
-1.153,0.844,1.283,0,0,7.400,1,3,0,3.800,0
0.928,1.131,1.059,1,1,8.300,2,2,3,4.800,0
1.295,1.897,1.171,1,1,8.100,2,3,2,4.800,1
-1.031,0.078,-1.407,0,0,6.800,0,1,2,4.200,0
-2.255,-0.784,-0.735,0,1,8.100,1,3,0,3.900,0
1.295,0.365,0.386,1,1,8.600,0,3,2,4.800,1
-0.908,-1.263,-0.959,0,1,7.500,0,1,0,4.300,0
-1.031,-1.359,-0.847,0,0,6.700,0,2,1,3.700,0
-1.276,-1.359,-0.511,0,1,7.000,1,1,1,4.600,0
0.560,1.131,1.059,1,1,8.500,2,2,2,4.500,1
0.316,1.993,1.507,1,1,7.700,1,3,0,4.200,1
0.071,-0.592,-0.735,1,1,6.500,0,3,0,4.400,0
-0.419,0.078,-1.295,1,0,7.000,1,1,0,4.800,1
0.193,0.940,1.059,1,1,8.600,1,2,2,4.300,1
-2.377,-1.263,-1.295,0,0,7.600,0,1,1,3.200,0
0.193,1.036,0.611,1,1,7.500,2,3,0,4.800,1
0.316,1.036,-1.183,1,1,8.400,1,3,0,4.500,1
0.928,0.365,1.395,1,0,8.100,2,3,2,4.700,1
-0.541,0.365,0.498,1,1,7.300,0,1,2,4.500,1
0.071,0.940,1.059,0,0,7.200,1,3,2,4.600,1
0.928,0.461,-0.847,0,1,7.900,2,3,2,4.500,0
0.316,-0.688,-0.623,1,1,7.500,0,1,0,4.600,1
1.050,1.514,1.059,1,1,8.400,2,1,1,4.800,0
0.438,0.269,1.059,1,1,8.800,1,3,2,4.800,1
0.316,1.323,-0.623,1,1,7.900,2,3,1,4.200,0
1.172,-0.305,-1.295,0,1,7.500,0,1,2,4.000,0
0.683,-1.359,-1.071,0,1,8.100,1,1,0,3.100,0
0.560,-0.401,0.498,1,0,8.100,0,1,1,4.600,0
-1.153,-1.359,-0.398,1,1,7.200,1,2,0,3.600,0
-0.786,1.131,-0.735,1,1,8.000,2,3,1,4.400,0
0.928,-1.359,0.947,1,1,8.600,2,1,0,4.400,1
-0.664,0.461,-1.407,0,0,6.500,1,1,0,3.500,0
-0.174,0.365,-0.847,0,1,6.700,1,2,0,4.600,1
1.295,1.227,1.395,1,1,8.400,1,3,2,4.800,1
-0.174,-1.167,-0.511,0,1,6.500,1,1,0,3.900,0
1.295,0.269,1.171,1,1,7.400,1,1,2,4.300,1
1.295,0.748,1.283,1,1,8.700,2,3,3,4.800,1
1.295,-0.209,1.507,1,1,7.500,1,3,2,4.800,1
-0.174,0.269,1.059,1,1,7.600,2,3,0,3.700,1
0.071,1.227,1.283,1,0,6.900,2,3,3,4.800,1
0.805,1.993,-1.183,1,0,8.500,1,3,0,4.600,1
-1.031,1.227,1.507,1,1,7.900,1,1,0,4.400,1
0.193,-0.114,1.059,1,1,8.200,0,1,1,4.200,1
1.295,1.227,0.386,1,1,8.000,2,3,2,4.800,1
-1.031,-1.359,-0.735,0,1,7.600,1,2,0,4.600,0
1.295,0.557,1.507,1,1,8.100,2,3,2,4.800,1
0.928,1.227,0.723,1,1,7.700,1,3,2,4.500,1
-0.296,-0.018,-0.623,0,0,7.500,2,1,0,4.300,0
0.193,-1.359,-1.295,1,1,8.600,1,1,0,4.300,0
1.050,0.557,-0.735,0,0,7.400,0,2,0,3.600,0
1.050,0.557,0.835,1,1,7.700,1,2,0,4.800,1
0.071,1.227,1.395,1,1,8.300,2,3,2,4.300,1
-0.419,1.706,0.835,1,0,7.900,2,3,2,4.500,1
1.172,1.036,1.283,1,1,7.300,0,3,2,4.500,1
1.295,1.036,1.171,1,1,8.700,2,2,2,4.800,1
0.071,0.174,1.059,1,1,8.300,1,2,1,4.300,1
-2.132,0.557,-0.959,0,0,7.400,1,1,0,4.100,0
0.928,1.419,0.611,1,1,8.300,2,3,2,4.700,1
-1.520,-1.359,-1.295,0,1,7.000,1,2,0,3.500,0
-0.908,-1.167,-1.968,0,0,7.100,1,1,1,3.900,0
1.050,0.940,0.498,1,0,7.900,2,3,2,4.600,1
-1.520,-1.071,-0.847,0,1,7.400,1,2,1,3.600,0
-0.908,-0.592,1.395,0,1,7.700,0,2,0,4.500,0
-1.153,-1.263,-1.520,1,0,9.000,0,1,1,3.500,1
0.928,0.269,1.507,1,1,8.200,2,3,2,4.800,1
-0.664,-0.401,-1.407,0,0,6.700,1,1,0,3.500,0
-0.296,1.419,-0.847,1,0,7.600,1,2,0,4.600,0
-0.174,0.844,1.283,1,1,6.800,2,2,2,4.300,1
1.295,0.652,1.059,1,1,8.500,1,3,2,4.300,1
1.050,0.078,1.059,1,1,8.400,2,3,2,4.800,1
-0.908,0.748,0.274,1,1,8.700,2,2,1,4.600,0
-1.276,-0.880,-0.959,1,1,8.300,0,1,1,4.100,0
0.805,0.844,-0.959,1,1,8.200,2,3,2,4.400,1
-1.276,-0.688,-1.632,0,0,7.900,1,1,1,3.900,0
0.928,1.514,0.611,1,1,8.100,2,3,2,4.600,1
0.683,0.940,1.283,1,1,8.400,1,2,0,4.400,1
0.438,1.706,0.723,1,0,6.500,1,3,0,4.800,0
1.295,0.557,0.611,1,0,8.200,2,3,2,4.800,1
0.560,0.174,-1.520,0,1,7.100,1,2,0,4.600,1
0.805,0.652,1.059,1,1,8.400,2,3,2,4.300,0
0.438,-0.209,-0.623,0,1,7.800,1,1,1,4.000,1
0.071,1.036,0.498,1,1,8.000,1,1,2,4.700,0
1.295,0.844,1.171,1,1,8.000,2,3,0,4.400,1
1.050,0.844,0.162,1,1,8.000,1,2,0,4.400,1
0.928,0.365,1.283,1,1,8.200,1,3,2,4.700,1
1.050,0.269,1.059,0,1,9.000,2,3,2,4.800,1
-0.786,-0.784,-0.623,1,1,7.400,1,1,1,4.800,0
-0.786,-0.497,-0.174,0,1,8.400,1,1,1,4.300,0
-0.296,-1.359,-0.511,1,1,8.300,2,3,2,4.000,0
0.560,-0.305,1.059,1,1,7.800,1,3,2,4.600,1
1.295,1.610,1.395,1,1,8.100,2,3,2,4.800,1
0.928,-1.263,-0.286,1,1,7.600,1,2,0,4.200,0
1.172,1.131,-1.071,1,0,7.600,2,2,0,3.800,0
-0.174,-1.359,-1.295,0,0,6.800,1,2,1,4.400,0
0.560,0.844,0.723,0,1,8.400,0,1,0,4.800,1
0.193,0.940,0.835,0,1,8.100,1,3,2,4.800,0
0.193,-1.359,-0.511,0,0,8.100,1,2,0,4.200,0
-0.174,-0.305,1.283,1,1,8.500,2,1,1,4.400,1
-1.276,-1.359,-1.295,0,1,8.300,1,2,0,4.400,0
0.805,-0.018,-0.286,0,1,8.800,1,3,0,4.600,1
0.438,1.419,1.395,1,1,8.200,2,3,0,4.300,1
0.805,-0.018,0.386,1,1,8.300,0,3,0,4.500,1
0.683,1.323,1.283,1,1,8.000,0,3,2,4.700,1
-0.052,0.940,1.171,0,1,7.600,1,1,0,4.200,0
0.805,1.131,1.283,1,1,8.100,1,2,2,4.400,1
-2.377,-0.688,-0.959,0,1,6.800,1,1,1,4.400,0
0.316,1.227,1.507,1,1,6.500,0,2,2,4.300,0
0.683,-1.359,-1.520,0,1,6.500,1,1,1,4.800,0
1.295,-0.401,1.059,1,0,7.900,2,3,2,4.600,0
1.295,-0.114,1.171,1,1,8.000,2,3,2,4.800,1
1.172,1.323,0.498,1,1,7.800,0,3,0,4.800,1
-0.419,-1.071,-1.856,0,0,6.900,1,1,0,4.500,1
0.316,1.036,0.723,1,1,8.300,2,1,2,4.200,1
1.295,0.652,1.507,1,1,8.300,1,3,2,4.800,1
-0.296,-1.359,-1.520,1,1,7.900,0,3,1,4.000,0
-2.010,-0.975,-0.511,0,0,6.600,1,1,0,3.700,0
-1.398,-1.263,-1.295,0,0,7.500,1,1,1,3.800,0
0.438,-0.018,0.723,1,1,7.900,1,3,3,4.700,1
1.295,1.610,0.611,1,1,8.500,2,3,2,4.700,1
0.071,-1.071,0.835,1,1,7.500,1,2,0,4.000,0
-2.377,-0.688,-0.062,0,0,6.500,0,1,1,3.200,0
-1.031,0.365,-0.623,1,0,8.500,0,1,0,4.000,0
1.295,0.365,1.171,1,1,8.500,2,3,2,4.700,1
1.295,1.227,1.507,1,1,8.100,2,3,2,4.600,1
0.193,1.323,-1.295,1,1,7.200,1,2,0,4.300,0
1.172,0.940,0.723,1,1,8.700,1,3,2,4.700,1
0.683,0.461,1.059,1,1,7.300,0,1,2,4.700,1
0.560,0.652,-0.735,1,1,8.400,2,2,0,3.900,0
1.295,1.514,0.835,1,1,8.400,1,3,2,4.800,1
0.560,0.557,-0.398,0,1,6.500,1,1,0,3.900,0
-0.541,-1.359,-0.959,0,1,7.400,1,2,1,4.300,0
-1.276,-1.359,-0.286,1,1,6.700,0,2,1,4.400,0
-0.174,-0.305,-0.623,1,1,6.900,1,1,0,4.200,1
1.295,1.131,1.507,1,1,8.200,1,3,2,4.700,1
0.316,-1.359,-0.062,0,1,8.600,1,3,0,4.500,0
0.193,0.461,0.947,1,1,8.100,2,3,1,4.800,0
0.071,0.748,-0.623,1,0,7.900,2,3,2,4.600,0
1.295,-0.497,0.947,0,1,7.800,1,3,0,4.600,0
0.071,0.748,-0.847,1,1,7.500,2,3,2,4.500,0
0.193,-1.359,0.835,1,1,7.700,1,2,0,4.400,1
-1.520,-1.359,-0.847,0,0,6.500,1,2,0,3.900,0
0.193,1.036,0.050,1,1,8.300,0,3,2,4.600,1
-0.786,-0.018,0.498,0,1,7.500,1,2,1,4.400,0
0.438,-0.114,1.283,1,1,7.800,1,3,2,4.500,1
-0.786,-1.071,-0.847,0,1,7.700,1,1,1,4.000,0
1.172,0.269,0.723,1,0,8.000,1,3,1,4.800,1
1.295,0.461,1.059,1,1,7.800,1,2,2,4.800,1
1.295,1.802,0.947,1,1,8.000,2,3,2,4.800,1
0.438,-0.688,-1.183,1,1,7.800,1,1,1,4.800,1
-0.786,1.227,0.723,1,1,7.700,1,1,1,4.400,0
0.071,0.557,-1.295,1,1,8.400,0,2,2,4.100,1
0.071,-0.592,-0.959,0,1,6.800,0,2,2,4.500,0
-0.296,-1.359,-1.295,0,1,7.500,1,1,0,4.000,0
0.316,0.844,0.835,1,1,8.200,1,1,2,4.800,1
1.050,-0.592,0.274,1,1,8.200,2,2,0,4.100,0
-0.419,-0.688,-1.071,0,0,7.900,1,3,1,4.300,0
-0.541,-0.880,-0.511,0,0,7.300,0,1,0,3.700,0
1.050,0.940,1.171,1,1,8.600,1,3,3,4.600,1
-0.786,0.844,0.947,0,0,8.300,1,1,1,4.100,0
0.805,-0.784,1.171,1,1,7.100,1,3,2,4.800,0
1.172,1.227,1.395,1,1,7.700,2,3,2,4.800,1
-0.664,-0.880,-0.959,1,1,7.700,0,2,0,4.500,0
0.928,-0.401,1.395,1,1,7.200,2,2,2,4.700,1
0.071,-0.688,-0.286,1,1,7.700,2,2,0,3.800,0
1.295,0.748,0.498,1,1,8.400,1,3,2,4.800,1
-0.174,-0.305,-0.174,1,1,8.100,1,3,1,4.100,0
-0.664,-0.592,-0.174,0,1,7.700,1,1,1,4.600,0
-0.052,-1.263,-0.398,1,0,7.500,1,1,3,4.500,0
-0.541,-0.401,-0.735,0,1,7.600,1,2,2,4.700,0
1.295,1.419,0.723,1,1,8.000,2,3,3,4.600,1
-0.664,-0.880,-0.735,0,1,7.500,1,1,0,3.500,1
-0.174,0.844,-0.286,0,1,6.500,1,1,0,3.600,0
1.295,0.748,1.171,1,1,8.200,2,3,2,4.800,1
1.295,1.131,0.498,1,1,7.800,1,2,0,4.000,0
-1.643,-0.305,-0.286,0,0,6.600,1,1,0,3.500,0
0.683,0.365,1.395,1,1,6.900,1,2,0,4.800,1
-1.398,-1.359,-0.847,0,1,7.300,1,1,1,3.300,0
0.560,-0.497,-1.071,0,0,7.600,2,2,0,4.300,0
-1.520,-0.784,-0.062,0,1,7.400,1,1,0,4.200,1
-1.398,-1.359,-0.735,0,1,7.500,1,1,0,4.300,0
1.295,0.940,0.947,1,1,8.400,2,3,2,4.800,1
-1.276,0.269,-0.623,1,0,6.700,1,2,3,4.600,0
0.316,0.174,1.507,1,1,8.300,1,3,0,4.800,0
-1.031,0.269,-0.735,1,1,7.600,1,3,2,4.200,0
-1.520,-1.359,-0.398,0,0,7.500,1,1,1,4.000,0
0.805,-0.114,-0.623,1,1,6.600,1,1,0,4.400,1
-0.419,-0.209,-1.071,0,0,6.500,1,1,0,3.700,0
0.316,0.940,0.947,1,0,7.600,1,3,3,4.800,0
-0.174,1.323,0.611,0,1,8.400,2,2,2,4.100,1
0.193,-0.784,-0.735,1,0,7.900,1,1,0,4.600,1
-0.296,1.706,-0.847,0,1,6.500,2,3,0,4.300,0
0.071,-1.167,-1.183,1,1,8.400,2,3,2,4.500,1
-1.888,-0.592,-0.511,0,0,6.500,0,1,0,4.100,0
-0.664,-0.688,-0.735,0,0,6.500,0,2,0,4.500,0
-0.174,-0.018,-0.174,0,0,8.400,1,3,1,4.400,0
0.438,1.802,1.059,1,1,8.400,0,1,0,4.600,0
-0.786,-0.688,-0.174,0,1,7.600,1,3,1,4.800,1
-0.664,-0.497,-0.623,0,1,6.500,1,1,0,3.500,0
-0.664,-1.071,-1.295,1,1,7.700,1,2,0,3.800,0
-0.296,-1.263,-0.623,0,1,7.400,1,1,0,4.300,0
0.071,0.844,1.171,1,1,8.200,1,3,1,3.900,1
1.295,-1.359,-1.183,0,0,6.500,0,2,0,4.500,0
-0.052,-1.167,-1.183,1,0,7.300,1,1,0,4.100,0
-0.052,-0.784,-0.511,0,1,7.600,1,3,3,4.200,0
-0.296,-0.018,0.050,0,0,7.600,2,2,1,4.100,0
0.438,0.652,1.059,1,1,8.200,1,2,3,4.400,1
-0.052,1.802,-1.520,0,0,7.700,1,1,0,4.600,0
1.295,1.514,0.835,1,1,8.300,2,3,2,4.700,1
-0.419,0.748,-0.174,1,1,8.400,2,2,0,4.400,1
0.683,0.844,1.171,1,1,8.600,1,3,2,4.800,1
0.560,-1.359,1.059,1,1,7.700,1,1,1,4.200,0
0.683,1.897,-0.623,0,0,7.400,0,2,0,4.400,0
-1.398,1.227,-0.847,0,1,7.500,1,1,0,4.100,0
-0.664,-1.167,-0.735,0,1,7.700,1,1,0,4.100,1
0.193,-0.401,0.947,1,1,8.300,1,3,1,4.800,0
-0.296,-0.305,-0.174,0,1,7.600,1,2,0,4.000,0
-1.520,-0.401,-0.398,0,0,6.600,0,1,1,4.500,0
0.193,1.227,-1.071,1,1,7.700,0,2,1,3.800,0
-0.296,-0.784,-0.511,0,0,8.000,1,2,1,4.500,0
-1.765,-1.359,-0.062,0,0,7.200,1,2,1,4.400,0
-1.398,-0.975,-1.071,0,0,6.500,1,1,0,3.800,0
-0.296,-1.359,-0.623,0,1,7.500,1,1,0,3.900,0
-0.052,-0.688,-0.847,1,0,6.900,0,1,0,4.800,0
-1.643,-0.688,-1.071,1,1,7.400,1,1,0,3.800,0
-0.419,-0.688,-0.735,0,0,6.700,1,1,1,4.600,0
0.683,0.078,0.611,0,0,7.800,0,1,1,4.300,1
1.295,1.802,1.171,1,1,8.600,1,3,2,4.600,1
0.683,1.610,1.059,1,1,8.500,2,3,0,4.500,1
-0.786,0.557,-0.286,1,1,6.600,2,3,0,4.500,0
0.316,1.514,1.283,1,1,8.300,1,2,0,4.600,1
-0.296,1.227,0.611,1,1,8.400,1,3,2,4.500,1
-0.541,0.652,0.498,1,1,8.400,1,3,3,4.700,0
-0.174,0.652,1.171,1,1,8.300,1,2,2,4.400,1
1.295,-1.359,-1.295,0,0,6.700,0,3,2,4.800,0
1.295,0.461,1.507,1,1,8.400,2,3,2,4.800,1
-1.031,1.706,1.171,1,1,8.200,1,2,1,4.600,0
-1.520,-1.359,-0.062,0,0,7.600,1,1,1,4.500,0
-0.296,0.844,0.162,1,1,6.600,2,3,0,4.400,1
-0.908,-1.263,-0.511,1,0,6.500,2,1,1,3.700,0
-0.541,0.844,-0.959,0,0,6.700,1,2,2,4.200,0
-0.419,1.036,1.059,1,1,8.000,0,3,2,4.800,1
0.316,0.174,1.395,1,1,6.700,1,2,0,4.700,1
-0.296,0.940,-0.511,0,1,7.800,1,2,0,4.200,1
1.050,-0.497,-0.062,0,0,8.300,1,1,0,4.100,0
-0.908,-1.263,-1.968,1,0,6.600,2,3,1,4.600,0
1.295,0.078,1.171,0,1,8.400,2,3,2,4.800,1
-1.888,-1.359,-0.735,0,1,7.500,1,2,0,3.400,0
-0.419,-1.359,-0.174,1,1,7.400,1,2,0,4.400,0
-0.174,-1.167,-0.735,0,1,8.100,2,3,2,4.500,1
0.316,0.748,-1.183,0,1,7.500,1,2,0,4.200,0
-2.255,-0.305,-0.959,0,0,6.900,1,1,0,3.500,0
1.295,1.419,1.283,1,1,8.800,2,3,2,4.700,1
-1.520,-1.167,-1.071,0,1,6.800,1,2,0,4.100,0
1.295,0.652,1.171,1,0,7.600,2,3,2,4.800,1
-0.296,-1.359,-1.071,1,1,7.500,1,3,0,4.000,0
1.050,-1.359,-0.623,0,1,7.800,2,1,0,4.000,0
0.193,1.227,1.059,1,1,7.600,1,3,1,3.900,1
0.071,0.174,1.395,1,1,8.400,1,3,0,4.700,1
-2.377,-1.359,-0.062,0,1,7.500,1,1,0,3.700,0
-0.786,0.365,0.723,1,1,7.800,1,3,2,4.100,1
-1.276,-1.359,-0.511,0,1,7.400,1,1,0,3.600,0
0.438,0.174,-0.062,1,1,8.400,0,1,3,4.300,0
0.193,-1.263,-1.295,0,0,7.500,1,1,1,4.000,0
1.295,1.993,1.059,1,1,7.700,2,2,2,4.800,1
-0.786,-0.688,-0.286,0,1,7.600,1,1,2,3.600,0
1.050,-0.305,0.947,1,1,8.300,2,3,2,4.800,1
-1.398,-0.401,-0.847,0,1,7.700,1,1,0,4.300,0
1.295,0.652,0.835,1,1,8.200,1,3,2,4.300,1
-0.908,-0.880,-0.735,0,1,6.800,1,1,0,4.200,0
-0.664,1.419,-0.398,0,1,6.500,1,1,0,4.000,0
0.683,0.844,-0.062,1,1,8.100,1,2,0,4.300,1
-0.052,-1.167,-0.398,0,1,6.500,1,2,1,3.900,0
-0.786,0.269,-0.959,1,0,6.600,1,1,0,4.500,0
1.172,-0.880,-1.183,0,0,7.600,1,2,1,4.500,0
-0.541,0.174,-1.520,1,1,7.700,1,0,0,4.100,1
1.295,1.610,1.171,1,1,8.000,2,3,1,4.800,1
-1.888,-1.359,-0.511,0,1,6.600,0,2,0,3.800,0
0.560,0.269,1.395,1,1,6.500,1,1,1,4.400,1
1.295,1.323,1.059,1,1,8.400,2,3,2,4.800,1
0.193,-1.359,-0.511,0,0,6.500,1,2,0,3.300,0
1.295,1.706,-0.847,1,1,8.300,2,3,2,4.800,1
0.316,-0.688,-1.183,0,0,7.000,1,2,2,3.900,0
1.050,1.610,1.059,0,0,7.500,1,1,0,4.300,0
-0.786,-1.167,-0.623,0,1,7.800,1,1,0,3.200,0
0.438,0.748,1.395,1,0,8.300,1,3,2,4.700,1
0.316,-0.975,-0.959,0,1,7.400,1,2,1,4.500,0
0.683,0.365,0.947,1,1,8.300,1,3,2,4.200,1
0.316,0.748,-0.847,0,1,7.700,1,2,0,4.300,0
-0.664,-0.497,0.835,0,1,7.500,1,2,1,4.000,1
-1.031,-1.359,-0.511,0,1,6.900,1,1,0,3.800,0
-0.296,-1.359,-1.295,0,1,7.200,0,2,0,3.700,0
0.193,1.036,-0.623,0,0,7.400,2,3,0,4.600,0
0.193,0.557,-0.623,0,0,8.300,1,1,0,4.700,0
1.295,0.652,1.507,1,1,8.000,2,3,2,4.800,1
-1.643,-1.167,-0.847,0,0,7.800,1,1,0,4.600,0
0.316,1.610,-0.959,1,1,7.800,1,2,0,3.900,0
-0.908,0.461,0.274,1,1,7.500,0,2,0,4.100,0
-0.419,-0.305,1.283,1,1,7.800,1,2,2,4.700,1
-1.153,-1.263,0.162,1,0,7.300,0,3,1,3.800,1
0.560,0.557,0.947,1,1,8.200,2,3,2,4.800,1
-1.888,-0.497,-1.632,0,0,6.600,1,1,1,4.400,0
0.928,-1.359,1.059,1,1,8.700,2,3,2,4.800,1
0.071,-0.975,-0.959,0,0,6.500,1,3,0,3.700,0
-0.908,-1.263,-0.735,0,1,7.500,1,1,0,3.700,0
-1.888,-0.975,-0.511,0,0,8.600,1,2,2,4.000,0
0.560,0.269,-0.847,1,1,8.400,1,2,1,4.300,0
-0.052,-0.209,0.947,0,1,7.900,1,3,0,3.700,0
0.193,-0.784,-1.071,0,0,6.700,1,2,1,3.800,0
-0.052,-0.592,-1.071,0,1,7.500,1,1,1,3.600,0
-1.398,-0.497,-0.623,0,1,6.800,1,2,1,4.300,0
0.683,0.269,1.395,1,1,8.200,2,3,0,4.700,1
-0.908,-1.359,-0.847,0,0,7.600,0,2,1,4.500,0
0.071,0.748,1.059,1,1,7.600,1,3,0,4.700,1
1.172,0.844,-0.623,1,1,6.800,0,3,2,4.800,1
-1.276,-1.263,-0.623,0,1,8.000,2,3,1,3.900,0
-0.541,-0.497,-1.295,0,0,8.400,1,1,0,4.800,0
1.295,1.802,1.395,1,1,8.500,1,3,2,4.800,0
1.295,-0.688,1.283,0,0,7.700,1,2,2,4.800,0
0.560,-0.880,1.059,1,1,8.400,2,3,2,4.800,1
0.805,-1.359,-1.183,0,1,6.500,2,1,0,3.400,0
-1.520,-1.263,-1.183,0,0,6.700,1,1,1,3.700,0
-1.276,-0.688,-0.062,0,0,7.400,1,1,0,3.900,0
0.805,0.269,-0.511,0,0,6.500,0,1,0,3.900,0
0.928,-1.359,-0.623,1,1,8.100,2,1,1,4.100,0
-1.031,-0.209,-1.183,0,1,6.600,1,1,0,4.100,0
1.295,0.940,0.947,1,1,8.500,2,3,2,4.300,1
-0.296,0.365,0.835,0,1,6.500,0,1,2,3.600,1
-0.664,-1.359,0.947,1,0,7.600,1,1,1,4.400,0
-0.664,-0.784,-1.632,1,1,7.600,1,1,1,4.300,0
1.295,0.365,0.611,1,1,8.000,1,2,0,4.700,1
1.050,1.036,-1.183,1,1,6.800,1,2,0,4.800,1
-1.643,-0.975,-1.520,0,1,7.700,1,1,1,4.100,0
-0.786,-1.359,-0.511,1,1,8.200,2,3,2,4.300,0
0.071,1.036,1.171,1,1,8.200,2,2,2,4.500,1
-0.174,0.269,-1.183,1,1,6.700,1,2,2,4.400,0
-0.786,-0.880,-0.959,0,1,8.000,1,2,1,3.800,0
0.683,-0.592,0.386,1,1,8.400,2,3,1,4.700,1
-0.908,-1.071,-0.623,0,0,7.500,1,1,1,4.800,0
-2.132,-0.784,-0.062,0,0,6.500,1,1,0,4.000,0
-0.052,-1.263,-0.286,0,1,7.800,0,2,1,4.700,0
-0.296,0.078,-1.183,1,0,8.100,1,2,1,3.800,0
0.438,0.365,-0.735,1,1,7.700,1,3,1,4.800,1
-0.296,-0.592,-1.407,1,1,7.300,1,2,0,3.900,0
-1.153,-0.975,-0.735,0,0,6.600,1,1,0,4.500,0
-2.377,1.036,0.050,1,1,7.400,1,1,1,4.300,0
-1.765,-1.071,-1.071,0,0,7.000,1,1,0,4.000,0
1.295,0.652,1.059,1,1,8.000,1,3,2,4.800,1
0.805,0.748,1.059,1,1,6.900,1,3,1,4.500,1
0.071,0.557,0.835,1,1,8.200,1,3,0,4.700,1
-2.255,-0.305,-0.286,0,0,6.800,1,1,1,3.500,0
-0.174,0.365,-1.183,0,1,7.000,1,2,0,4.700,0
1.295,1.802,0.274,1,0,8.200,0,3,0,4.500,0
-0.664,1.802,-1.071,1,1,8.300,1,2,0,4.700,1
1.172,0.940,1.171,1,1,8.600,2,3,2,4.800,0
-1.276,-1.071,-1.520,0,0,6.600,1,1,1,4.300,0
0.316,0.940,1.283,1,1,7.900,1,2,0,4.200,1
0.560,-0.880,-1.071,0,1,7.700,0,1,2,3.900,0
1.050,0.174,1.283,0,1,7.500,0,3,0,4.000,0
-1.643,-1.359,-0.511,0,0,7.400,1,1,0,4.400,0
0.316,0.269,0.947,1,1,8.400,1,3,2,4.600,1
-1.031,-1.359,-1.407,0,1,7.400,1,1,0,4.700,0
-0.664,-0.592,-0.511,0,0,7.700,0,1,0,3.800,0
-0.296,-1.071,-1.295,0,0,8.300,1,1,1,3.400,0
-0.541,0.940,0.611,1,1,7.900,2,3,1,4.500,0
-1.520,1.706,-0.511,0,0,7.500,0,1,0,4.500,0
-0.664,-0.784,-0.623,1,1,8.100,1,2,0,4.700,0
1.295,-1.071,1.171,1,1,7.700,1,2,2,4.700,1
1.295,1.419,0.947,1,1,8.300,2,3,2,4.500,1
0.071,0.748,-0.286,0,0,8.400,0,1,0,4.500,1
1.295,0.748,1.171,1,1,8.300,0,3,2,4.300,1
-1.153,-0.880,-1.183,0,0,6.900,1,2,1,4.100,0
-0.786,0.365,-0.511,0,1,7.200,0,1,1,3.400,0
0.193,1.419,1.171,1,1,8.300,2,3,2,4.700,0
-2.010,-0.401,-1.071,0,0,7.400,1,1,1,3.600,0
0.560,1.131,0.835,0,0,8.300,0,3,2,4.300,0
1.295,1.323,0.723,1,1,8.400,2,3,2,4.400,1
0.316,0.748,1.059,1,1,7.500,1,1,2,4.500,1
-1.643,-1.263,-0.398,0,0,7.600,1,1,1,4.300,0
0.071,0.174,-1.183,1,1,8.400,1,3,2,4.500,0
0.071,0.940,1.395,1,0,7.900,1,3,1,4.800,1
-0.419,-1.263,-0.623,0,1,7.700,1,2,1,4.100,0
-0.052,0.652,0.835,1,1,7.600,2,2,2,4.800,1
-0.541,-1.263,-0.062,0,1,7.300,1,1,0,3.700,0
0.683,-1.359,1.059,1,1,6.700,2,1,2,3.500,0
-1.520,-1.263,-1.071,0,1,6.500,1,1,1,4.000,0
-1.398,-1.167,-1.071,1,0,6.700,1,1,1,4.800,0
-0.419,-0.880,-0.174,1,1,7.800,0,1,2,4.300,0
-0.296,-1.071,-0.398,1,1,7.500,1,1,1,3.900,0
1.295,0.844,0.835,1,1,8.100,2,3,2,4.700,1
0.438,-0.305,-0.959,1,0,8.100,1,2,0,4.100,0
1.295,1.802,0.611,1,1,8.400,2,3,2,4.800,1
-0.419,0.174,1.507,0,0,8.600,1,3,2,4.000,0
1.295,0.748,0.386,1,1,9.000,1,3,2,4.800,1
0.805,-1.359,-0.735,0,0,7.500,1,2,0,3.800,0
-0.419,0.652,0.723,1,1,8.900,1,2,1,4.800,1
0.683,1.036,0.947,1,1,7.600,0,3,2,3.700,0
0.316,0.748,1.059,1,1,8.300,1,2,1,4.700,0
-0.419,-1.263,-1.071,0,0,8.100,0,1,1,3.300,0
-1.031,0.174,-1.071,0,1,6.500,0,1,0,3.700,0
-0.786,0.652,-0.959,1,1,8.600,1,2,1,4.700,0
-1.765,-1.071,-1.071,1,1,7.600,0,1,1,4.200,0
-1.031,-0.784,-1.520,1,0,7.100,1,2,0,4.800,0
0.316,1.610,-1.071,1,1,7.600,1,2,1,4.700,0
1.050,0.269,1.395,1,1,6.500,1,2,1,4.500,1
-0.541,-1.359,-0.959,0,0,8.100,1,1,3,4.000,0
0.071,1.131,-1.968,0,1,7.700,1,2,1,4.400,0
-0.296,1.131,1.059,1,1,8.500,0,3,2,4.800,1
1.295,1.419,0.835,1,1,8.600,2,3,2,4.500,1
-0.052,-1.359,1.059,1,1,8.300,1,3,1,4.300,0
1.295,0.461,0.947,1,1,8.300,2,3,2,4.800,1
-0.174,-1.167,-0.735,0,0,7.500,1,1,0,3.600,0
-0.541,-1.359,-0.959,1,1,6.900,1,1,0,3.800,0
-2.132,-0.688,-0.735,0,0,6.500,0,1,0,3.900,0
-1.520,-1.263,-1.407,0,0,6.700,1,1,1,3.400,0
1.172,-1.359,0.162,0,0,6.500,0,1,1,4.200,1
-1.765,-1.071,-1.183,0,1,7.600,1,2,0,3.300,0
0.438,0.652,0.050,1,1,7.500,2,3,1,4.200,1
0.928,0.844,-0.511,1,1,8.500,1,2,0,4.000,1
0.683,0.557,1.507,1,1,8.300,1,2,2,4.600,1
0.928,0.844,0.835,1,1,7.700,2,3,0,4.400,0
1.050,-0.688,-0.959,1,1,8.000,2,1,2,4.700,1
-1.643,-0.592,-0.398,0,1,7.400,0,1,3,3.300,0
1.295,-1.359,1.171,1,1,8.600,1,3,2,4.800,1
-1.031,-0.784,-0.959,1,1,7.600,2,2,1,4.000,0
1.172,1.131,0.723,1,1,8.000,1,2,2,4.500,1
-1.031,-1.359,-0.959,0,1,7.700,2,2,1,4.400,0
-0.174,0.748,-0.511,0,1,7.800,1,3,0,4.400,1
1.295,1.227,0.835,1,1,7.800,2,3,2,4.500,1
0.560,-1.359,-0.959,0,0,7.600,1,1,1,4.100,0
-0.296,-0.114,0.947,1,1,8.400,1,3,2,4.500,1
0.316,1.419,1.171,0,1,7.700,1,2,2,4.700,0
0.316,-0.018,-0.735,0,0,8.000,1,1,2,4.800,0
0.928,-0.401,-0.959,0,1,8.200,2,3,2,4.800,1
-1.031,-1.359,-0.398,0,1,6.900,0,2,0,4.000,0
-1.888,-0.592,-1.520,0,0,7.400,1,1,1,3.900,0
0.438,-1.359,-0.286,0,0,7.400,0,1,1,3.800,0
-1.276,-0.784,-0.735,0,1,6.600,1,1,1,4.500,0
-0.174,-1.359,-1.407,1,0,7.700,1,3,0,4.400,0
1.295,0.652,1.283,1,1,8.400,1,3,3,4.800,1
-0.052,-0.880,0.835,1,1,6.800,0,1,1,4.200,0
0.438,0.557,1.059,1,1,7.500,1,3,0,4.800,1
-0.541,-1.263,-0.959,0,0,7.500,1,2,0,3.900,0
0.193,-1.263,-1.856,1,1,7.500,1,1,0,3.800,0
1.295,-0.497,1.395,1,1,8.200,1,3,2,4.800,0
0.071,1.897,-0.174,0,1,8.400,0,3,3,4.600,0
0.316,0.078,1.283,1,1,7.900,1,3,2,4.400,0
1.295,1.419,1.059,1,1,8.000,2,3,2,4.800,1
1.295,1.036,1.507,1,1,8.100,2,3,2,4.800,1
1.295,0.940,-1.520,1,1,8.500,0,2,0,4.400,1
-1.398,0.461,-0.398,0,1,7.700,1,2,0,3.700,0
-0.296,-0.784,-1.632,0,0,6.600,0,1,0,3.700,0
-0.419,-0.592,-1.183,0,0,7.100,0,2,2,4.200,0
-0.419,1.227,0.947,1,1,8.400,1,3,2,4.500,1
0.193,-1.167,-0.735,1,1,8.200,1,2,0,4.000,0
-0.174,-1.167,-1.407,1,1,8.400,2,1,1,3.900,0
-0.664,-1.359,-0.735,1,1,6.700,0,2,0,4.200,0
-1.398,-0.688,-1.295,1,1,7.400,1,1,1,3.900,0
1.295,1.131,0.498,0,1,7.700,1,3,2,4.600,1
-0.541,-0.784,-0.735,0,1,7.600,1,2,0,3.800,0
-1.276,-0.592,-0.623,0,1,7.600,1,1,2,3.900,0
-1.031,-1.359,-1.071,0,1,7.800,1,1,0,4.000,0
1.295,0.652,0.611,1,1,8.300,2,3,2,4.800,1
-1.031,-1.359,-0.286,0,1,7.500,1,1,1,4.300,0
-1.276,-1.359,-1.295,0,0,7.500,1,1,1,3.700,0
-0.174,-0.497,-0.735,0,0,6.500,1,1,0,4.400,0
-0.541,1.610,-0.959,1,1,8.100,2,3,1,3.700,1
1.295,1.227,1.171,1,1,8.300,2,3,2,4.500,1
0.438,0.078,-0.735,0,0,7.600,1,2,0,4.600,0
-1.643,-0.784,-0.959,0,0,7.500,1,1,1,4.100,0
1.295,0.844,1.283,0,1,8.000,1,3,2,4.000,1
1.295,1.323,-0.286,1,1,8.100,1,1,2,4.800,1
-0.908,-0.592,-1.071,0,1,7.600,1,2,0,4.800,0
1.295,1.227,-0.062,1,1,7.500,2,2,1,4.200,0
-2.132,-1.359,-1.295,0,0,6.800,0,1,1,3.500,0
-2.377,-1.359,-0.398,0,0,7.400,0,1,0,3.400,0
-1.031,-0.497,1.171,0,0,7.500,1,3,0,4.000,0
0.438,0.652,1.395,1,1,9.000,2,3,3,4.800,1
1.172,0.557,0.611,1,1,8.100,1,3,2,4.600,1
-0.664,-0.497,-1.968,1,1,7.700,1,2,1,4.600,1
1.295,0.365,-0.735,1,1,7.000,0,3,2,4.100,0
1.172,0.461,0.498,1,1,7.700,0,0,2,4.100,0
-0.786,0.269,0.947,1,1,7.200,0,1,0,4.100,1
0.928,0.365,-0.286,1,1,7.800,1,3,2,4.300,1
-1.643,-0.975,-0.623,0,0,6.500,1,1,1,3.600,0
0.071,-0.114,0.947,0,1,8.000,1,3,0,4.700,1
-0.786,-1.359,-0.847,0,1,7.300,1,1,1,4.000,0
-0.174,0.652,0.386,0,0,8.200,0,3,1,4.200,0
0.193,1.514,1.395,1,1,8.000,1,1,0,4.600,0
0.560,0.078,-0.062,1,1,8.200,1,3,0,4.500,1
1.295,0.557,1.283,1,1,7.800,1,3,2,4.800,1
1.295,1.514,1.507,1,1,8.400,1,3,2,4.700,1
0.071,1.993,0.498,1,1,7.800,2,2,2,4.600,1
0.560,0.365,-0.062,1,0,8.400,1,1,1,4.200,0
1.050,-0.209,1.507,0,1,8.500,2,3,2,4.300,0
0.438,-0.975,-0.511,0,0,7.700,1,1,0,4.200,0
-0.052,0.174,0.723,1,1,7.800,1,2,0,4.400,0
1.295,0.461,1.171,1,0,7.600,2,3,0,4.800,0
0.193,1.131,-0.398,0,1,8.400,1,2,0,4.100,1
-0.541,0.078,0.835,0,1,8.000,2,3,0,4.400,0
0.805,0.461,1.283,1,1,7.300,0,2,2,4.800,1
0.560,1.993,1.507,1,1,7.300,1,2,0,3.900,1
-0.419,-1.359,-1.071,0,0,8.000,0,1,1,3.600,0
-0.664,0.940,1.171,1,0,8.400,2,2,0,4.400,0
-1.031,-1.359,-0.847,0,1,7.500,0,1,1,4.500,0
-0.786,1.036,-0.959,0,0,6.900,0,2,0,4.300,0
-0.541,-1.359,-0.735,1,1,7.400,2,1,1,4.400,0
-0.052,0.844,0.386,1,1,8.600,2,3,2,4.800,1
0.316,0.748,1.507,1,1,8.300,1,3,2,4.800,1
1.295,0.557,1.507,1,1,8.600,2,3,1,4.800,1
1.295,-0.784,1.283,1,1,8.500,1,3,2,4.800,1
1.295,-0.018,1.283,1,1,7.700,1,3,2,4.400,1
0.928,1.036,0.723,1,0,7.500,2,3,0,4.600,1
-1.888,-0.018,-0.623,0,0,7.500,0,1,0,4.300,0
-1.398,-0.975,-1.744,0,1,6.500,1,1,0,3.800,0
0.928,-0.880,-0.959,0,1,7.600,0,2,0,3.800,0
-0.419,0.940,-0.847,1,1,6.500,0,1,0,4.600,0
1.295,0.652,1.507,1,1,8.000,1,3,2,4.700,1
-0.786,-0.401,-0.735,0,1,7.400,1,2,0,4.300,0
0.805,1.514,-0.847,1,1,8.400,0,3,1,4.000,0
0.193,0.174,1.395,1,1,7.500,1,2,0,3.600,1
0.438,-1.359,-0.623,0,1,7.500,0,2,1,4.600,0
1.295,0.365,1.059,1,1,8.200,2,3,2,4.800,1
-2.010,-0.880,-1.071,1,1,8.700,2,1,1,4.000,0
0.193,-0.497,1.171,1,0,8.000,1,3,2,4.800,0
-1.398,0.365,-0.062,1,1,6.500,1,2,1,4.300,0
-0.174,-0.497,-0.735,1,0,8.400,0,1,1,3.800,0
-1.888,0.461,-0.847,0,0,7.500,1,1,0,3.500,0
-2.377,-1.359,-1.520,0,0,7.600,2,2,2,4.400,0
-0.664,-1.359,-0.398,0,1,7.700,0,2,0,4.200,0
-0.664,-1.359,-0.959,0,1,6.600,0,2,1,4.600,0
-0.541,0.365,-0.174,1,1,6.800,1,2,0,4.300,0
-0.786,-0.114,-0.847,1,1,6.500,0,1,0,4.000,0
1.050,1.036,1.395,1,1,8.000,2,1,2,4.000,0
-2.010,-0.688,-1.295,0,0,6.700,0,1,0,3.800,0
-0.908,-1.359,-1.071,0,1,7.500,0,1,1,3.500,0
-0.908,1.131,-1.520,0,0,6.600,1,1,1,3.900,0
-1.153,-0.784,-0.286,0,0,7.500,1,1,0,4.800,0
-2.132,-0.880,-1.520,0,0,7.500,1,1,1,4.300,0
-0.174,1.323,0.947,1,1,8.200,2,3,2,4.800,1
-0.664,1.802,-0.286,0,0,7.900,1,1,2,3.500,0
-1.398,-1.359,-0.735,0,1,6.500,0,1,1,4.100,0
-0.052,-1.071,-0.847,0,1,7.600,1,2,0,4.300,0
1.295,1.227,1.507,1,1,8.300,2,3,2,4.800,1
-0.052,-1.359,-0.735,0,0,7.800,2,3,1,4.600,0
-1.765,0.174,-1.407,1,1,8.300,1,2,0,4.100,1
-2.377,-1.167,-1.632,0,0,6.500,1,1,1,4.200,0
-1.031,-1.359,-0.623,0,1,7.300,1,1,2,4.000,0
1.295,0.461,0.723,1,1,8.700,2,3,2,4.800,1
-0.786,-0.880,-1.071,0,0,6.900,1,2,1,4.500,0
0.316,1.227,0.835,1,1,8.100,1,3,1,4.800,1
1.295,0.652,1.171,1,1,8.200,2,3,2,4.600,1
1.295,0.269,1.171,1,0,8.200,2,3,2,4.600,0
-2.377,-1.071,-1.407,0,0,7.400,1,1,0,3.400,0
-1.888,-1.263,-0.623,0,0,6.500,0,1,0,4.100,0
-0.908,-0.305,-0.511,0,0,6.500,1,1,1,4.500,0
0.560,0.174,0.723,0,1,8.500,1,1,1,4.600,0
-0.664,-1.167,-0.623,0,0,7.300,1,1,0,4.300,0
-0.174,-0.688,-1.407,0,0,6.500,1,2,1,4.200,0
1.295,0.174,1.171,1,1,8.100,1,3,2,4.700,0
-1.888,-0.688,-0.623,0,0,7.400,1,2,1,3.500,0
0.071,1.036,0.947,1,1,8.200,0,3,2,4.800,1
0.805,-0.688,-0.511,1,1,7.600,1,2,0,4.000,0
-1.398,0.461,-0.062,0,1,7.700,1,1,1,4.200,0
1.295,0.652,0.723,1,1,7.900,1,3,1,4.800,1
-0.296,-0.592,0.611,1,1,8.300,1,2,0,3.800,0
-0.541,-0.401,1.283,1,1,7.500,2,2,1,4.200,0
-0.419,-1.071,-0.511,0,0,7.500,1,1,1,3.600,0
-0.664,-0.975,0.498,1,1,7.100,0,3,2,4.500,0
-0.419,-0.975,-0.959,1,1,6.700,1,2,0,4.800,1
-1.276,-0.592,-1.407,0,0,6.500,0,2,1,3.800,0
1.050,-1.167,-0.735,0,1,7.600,1,2,0,4.800,0
0.438,0.748,0.050,0,1,7.200,1,1,0,4.100,0
-0.541,0.174,-1.968,1,0,8.700,1,1,0,4.400,0
0.316,-1.263,-0.286,0,1,7.600,1,3,0,4.500,0
-0.052,0.078,1.395,0,1,7.600,1,3,2,4.300,0
0.193,0.557,0.835,1,0,8.300,2,2,0,4.000,1
0.316,0.269,-1.071,0,1,8.000,0,1,0,4.300,0
-0.296,-0.592,-0.959,0,0,7.300,1,1,0,4.000,0
0.683,0.078,0.050,1,1,7.600,0,3,0,4.700,1
0.193,1.227,0.947,1,1,8.600,0,2,2,4.400,1
1.050,0.557,1.171,1,1,8.500,2,3,2,4.800,1
0.683,0.748,1.507,1,1,7.500,2,2,2,4.600,1
-1.888,-1.263,0.723,1,0,8.500,0,1,1,3.800,0
0.193,0.365,-0.959,1,1,7.700,1,3,2,4.700,0
0.438,0.844,0.611,1,1,8.200,1,2,3,4.200,0
-1.153,0.269,0.050,0,1,7.400,1,1,1,4.300,0
-0.296,1.706,0.835,1,1,8.600,2,2,1,4.500,0
-0.419,-0.975,1.059,1,1,6.500,1,2,1,4.200,0
-1.643,-1.263,-0.847,0,0,7.600,1,1,1,3.800,0
-0.664,-0.975,1.059,0,1,7.800,0,1,2,4.300,0
-1.643,-1.359,-0.511,0,0,7.400,0,1,0,3.700,0
-0.908,-0.401,-1.632,0,1,6.800,1,1,1,4.300,1
-0.052,-1.359,-0.174,0,0,7.500,1,1,1,3.900,0
1.050,-1.359,-1.632,0,0,7.500,1,1,0,4.600,0
0.928,0.461,0.162,1,1,8.600,1,2,0,4.800,1
-1.153,-0.401,0.050,0,1,8.100,1,3,2,4.700,1
1.295,1.131,0.947,1,1,8.200,1,3,2,4.800,1
-0.174,0.940,0.611,1,1,8.000,2,3,1,4.500,1
-0.052,0.269,0.498,1,1,7.800,1,3,0,4.800,0
0.071,-1.167,-0.511,0,1,7.100,0,2,0,3.800,0
1.295,0.748,1.283,1,1,8.700,2,3,2,4.800,1
0.805,0.461,1.283,0,0,7.500,1,2,2,3.600,1
-0.296,0.652,1.507,1,1,8.100,0,1,2,4.600,1
0.683,1.610,0.386,1,1,8.200,1,3,2,4.600,1
0.071,0.174,-0.286,0,1,7.400,1,3,0,4.600,0
-1.765,-0.784,-0.735,0,1,6.500,1,2,0,4.400,0
-0.052,1.227,0.947,1,1,6.600,2,3,2,4.400,1
0.683,0.844,-0.735,1,1,8.500,2,3,2,4.700,1
-0.174,-0.305,-0.959,0,1,7.700,1,2,0,3.800,0
-0.664,1.706,-0.847,0,0,6.500,1,1,1,4.000,0
0.560,1.802,0.723,1,1,8.000,2,3,0,4.600,0
1.295,1.802,-0.174,1,1,8.300,1,3,2,4.800,1
1.295,-0.209,0.835,1,1,8.400,2,3,2,4.800,1
-0.419,1.227,1.059,1,1,8.300,1,2,0,4.400,1
1.295,1.036,0.947,1,1,8.700,1,3,2,4.800,1
-1.398,0.844,-0.174,1,1,8.300,1,3,0,4.600,1
1.295,0.078,1.395,1,1,7.500,2,2,2,4.200,0
0.805,1.131,0.947,1,0,8.100,2,3,2,4.500,0
0.071,0.940,1.171,1,1,7.900,0,3,2,4.200,1
0.193,0.078,-0.398,1,1,8.000,1,1,0,4.400,0
0.193,-1.359,-0.511,1,1,8.300,2,1,1,4.000,1
0.193,0.557,-1.071,1,1,7.700,1,1,0,4.000,1
1.295,1.610,0.835,1,1,7.800,2,3,0,4.600,0
-1.643,-1.359,-0.398,1,0,6.700,1,1,0,4.300,0
-0.052,-1.167,-1.183,0,0,6.900,1,1,1,3.500,0
1.295,1.036,1.059,1,1,8.500,2,3,2,4.800,1
0.560,0.461,1.283,1,1,8.500,2,3,2,4.500,1
1.295,0.940,1.507,1,1,8.400,2,3,2,4.800,1
-2.255,-1.359,-0.623,0,1,6.600,2,2,1,3.500,0
0.438,1.323,1.283,1,1,7.700,1,3,2,4.700,0
1.295,1.897,1.059,1,1,7.600,2,3,2,4.800,1
-0.174,0.748,0.835,1,1,8.000,0,2,1,4.200,0
-1.888,-1.359,-0.959,0,1,6.500,1,1,1,4.000,0
1.050,-0.114,0.274,1,1,8.100,1,3,0,3.800,0
-0.664,-0.209,-0.623,0,1,7.600,1,2,0,4.100,0
0.316,1.323,-1.295,1,0,6.500,2,3,1,4.600,0
1.295,0.557,0.835,1,1,8.100,2,3,2,4.800,1
-1.276,-1.071,-0.398,0,0,7.400,1,2,0,4.100,0
-1.031,1.514,1.171,1,1,8.200,2,1,2,4.200,0
-0.052,0.269,-0.623,1,1,8.300,2,3,2,4.700,1
1.295,1.227,0.611,1,1,7.600,2,2,2,4.100,1
-1.153,0.652,0.835,1,1,8.900,1,1,0,4.700,0
-0.052,-0.209,1.171,0,1,7.600,2,3,1,4.800,1
0.438,-0.784,-0.959,0,0,7.500,0,1,1,3.900,0
0.316,-0.209,-1.295,0,0,6.700,0,1,0,3.800,0
-0.296,-1.167,-0.735,0,1,6.500,1,2,0,3.500,1
0.071,-1.071,-0.847,0,0,7.500,1,1,1,3.800,0
0.438,1.036,-0.062,1,1,8.200,1,3,1,4.800,1
0.928,1.036,1.507,1,0,7.900,1,2,2,3.600,1
1.050,0.652,1.283,1,1,8.500,2,2,2,4.800,1
0.560,-1.359,-0.623,0,0,6.800,1,1,1,4.200,0
1.295,0.461,-1.407,0,1,8.000,1,1,0,4.400,0
1.295,0.844,0.723,1,0,7.700,2,3,2,4.800,1
1.295,1.036,1.395,1,0,8.500,2,3,2,4.800,1
-0.052,1.514,-0.398,1,1,7.700,1,1,0,4.300,0
-0.052,-1.359,-1.183,0,1,6.600,0,1,0,4.400,0
-0.174,-0.880,-0.847,0,0,7.300,0,1,0,3.300,0
-0.174,-1.359,-0.735,0,0,7.400,2,1,1,4.300,0
-1.031,1.419,-1.071,1,0,7.500,2,1,0,3.400,0
-1.031,-0.305,-0.174,1,1,7.700,1,1,1,4.400,0
-1.031,-0.592,-0.623,1,1,7.400,1,1,1,4.300,0
0.560,0.748,1.059,1,1,8.400,0,3,0,4.800,1
1.172,0.078,-0.062,1,1,7.800,0,2,0,3.900,0
0.805,1.993,0.498,1,1,7.600,1,2,1,4.400,0
-0.664,0.844,-0.959,1,0,8.200,1,2,0,4.800,1
-1.520,-1.359,-0.062,0,0,6.600,2,1,0,3.900,0
0.193,-0.688,0.162,1,1,6.900,1,3,0,4.600,1
-2.132,-0.880,-1.407,0,0,7.600,1,1,1,3.400,0
-0.419,-1.167,-0.959,1,1,7.900,1,2,1,4.100,0
1.050,1.514,1.507,1,1,8.500,0,3,2,4.500,1
1.295,0.940,0.835,1,1,8.300,2,3,0,4.800,1
0.928,0.269,-0.511,0,1,8.400,2,3,3,4.800,1
1.295,1.323,0.835,1,1,8.200,1,3,2,4.700,1
1.050,-1.359,1.507,0,1,8.100,1,3,2,4.400,1
-0.296,-0.018,-0.174,0,1,7.400,1,1,0,4.500,0
0.928,0.365,0.611,0,1,7.300,2,3,1,4.800,1
-0.541,-0.784,-0.847,0,0,6.700,2,1,1,4.600,0
1.050,1.323,1.171,1,1,8.500,2,3,2,4.800,1
1.050,-0.209,-1.295,0,1,6.800,0,2,0,4.500,0
-0.296,-0.018,-0.511,1,0,6.700,1,1,1,4.700,0
1.172,0.748,1.507,1,1,8.500,1,3,2,4.800,1
-0.052,-0.401,1.395,1,1,8.200,0,3,0,4.700,1
-1.643,-0.209,-1.183,0,0,7.700,0,1,1,3.400,0
-0.419,-1.359,-1.407,0,0,6.800,1,1,0,4.100,0
-1.153,-0.688,-0.623,1,1,6.800,1,2,2,4.000,0
-0.419,-0.784,-0.511,1,1,8.000,1,2,0,4.400,1
1.295,0.652,1.395,1,1,8.400,2,3,2,4.800,1
0.683,-0.305,0.050,1,0,7.700,2,1,0,4.400,1
0.316,0.844,0.050,1,1,8.100,1,3,1,4.600,1
-1.520,-1.359,-1.856,0,0,7.300,0,1,0,3.600,0
0.071,0.748,-0.735,0,1,6.600,1,1,1,4.400,0
-1.520,-1.359,-0.623,0,1,6.700,1,1,1,4.000,0
1.295,0.940,1.507,1,0,8.100,2,3,2,4.800,1
0.560,-0.688,0.835,0,1,8.300,1,2,1,4.400,0
-1.153,-0.114,-1.520,1,0,8.100,1,1,0,4.300,0
0.805,-0.114,-1.071,0,1,7.600,1,2,0,4.800,1
-1.276,-0.688,-0.847,1,0,7.000,0,1,0,4.500,0
-1.276,-1.359,-0.735,0,1,7.400,1,2,1,4.600,0
-1.031,-1.167,-1.968,0,1,7.300,1,1,1,3.800,0
1.050,0.269,1.507,1,1,8.700,2,3,2,4.800,1
-0.052,-1.359,-0.286,0,1,7.700,1,1,0,3.900,0
1.295,0.557,1.283,1,1,8.100,2,3,2,4.800,1
0.683,0.174,0.386,1,1,8.500,2,2,0,4.500,1
1.295,1.131,-0.847,0,1,7.800,1,1,1,3.900,1
-0.541,-1.263,-0.511,0,0,7.000,0,3,0,3.900,1
0.071,-0.784,1.059,1,1,7.800,2,3,3,4.400,1
-2.132,-0.880,-1.407,0,0,7.800,1,1,2,3.900,0
-0.174,-1.167,0.386,1,1,6.500,1,2,0,4.000,0
1.172,1.227,0.611,1,1,7.800,2,2,2,4.700,1
-1.031,0.940,-0.398,0,1,7.900,1,1,0,4.400,0
-0.908,-0.880,-1.520,1,1,7.500,0,1,0,4.300,0
-0.908,-0.880,-0.286,1,1,7.900,0,2,1,4.300,0
1.172,0.557,1.171,1,1,8.100,1,2,0,4.700,1
-0.296,0.461,1.171,1,1,8.100,1,3,3,4.100,1
-1.520,-1.359,-1.520,0,0,7.700,0,1,1,4.400,0
-0.419,-1.263,0.723,1,1,8.200,0,1,0,4.400,0
1.295,0.940,1.395,1,1,8.100,2,3,2,4.800,1
0.438,0.174,0.835,1,1,7.700,1,1,2,4.500,1
1.050,1.514,1.059,1,1,6.500,0,3,0,4.800,1
0.928,0.844,0.723,1,1,8.800,1,1,2,4.400,1
-2.377,-1.071,-1.407,0,0,6.900,1,1,1,3.300,0
1.295,1.419,-0.847,1,0,6.600,2,1,2,4.800,0
-1.276,-0.880,-0.735,0,1,7.600,1,2,0,4.400,0
1.295,1.610,1.171,1,1,8.200,1,3,2,4.600,1
-0.908,-1.359,-1.183,0,0,7.600,1,2,0,3.700,0
-1.888,-0.975,-1.632,0,0,7.300,1,1,1,4.100,0
1.295,1.131,1.395,1,1,8.100,2,3,2,4.400,1
0.316,-0.209,0.723,1,1,8.500,2,1,3,3.600,0
-1.765,-0.688,-0.062,1,1,7.300,1,1,0,4.600,0
0.316,0.078,-0.959,1,1,6.500,1,2,0,4.100,0
-0.419,-0.209,0.947,1,1,8.500,1,3,2,4.800,1
-0.052,-0.209,-1.295,1,1,7.600,0,1,1,3.500,1
1.295,0.557,1.171,1,1,7.600,1,3,0,4.800,1
0.928,0.557,1.283,1,1,7.800,2,3,2,4.500,0
0.560,-1.359,0.386,0,1,7.700,1,3,1,3.900,0
0.193,-1.359,-0.959,1,1,8.400,1,2,2,4.200,1
-0.419,-1.359,-1.295,0,0,7.500,1,2,1,3.800,0
-1.398,-0.497,-1.407,0,0,6.800,0,1,1,3.900,0
-1.520,-0.497,-0.959,0,0,6.500,0,1,0,3.700,0
0.805,1.419,1.059,1,1,8.100,2,3,2,4.700,1
1.295,0.652,-0.511,1,1,8.200,1,1,1,4.800,1
1.295,0.844,1.283,1,1,7.900,2,3,2,4.800,1
-0.419,0.844,0.835,1,0,6.900,0,1,2,4.800,1
1.172,0.748,1.507,1,1,8.300,2,3,2,4.600,1
-0.908,-1.359,-0.735,0,1,8.100,2,2,0,4.200,1
0.193,0.174,-1.071,1,1,7.400,0,1,1,3.500,0
1.295,-0.114,0.947,1,1,7.900,0,3,2,4.800,1
1.295,0.844,1.059,1,1,8.500,2,3,2,4.800,1
0.928,0.844,0.835,1,1,8.300,2,3,2,4.600,1
0.316,1.036,1.059,1,1,8.200,1,3,3,4.000,0
-1.398,-0.880,-1.295,1,1,6.900,1,1,0,4.700,0
-2.255,-1.359,-0.847,0,0,7.300,1,1,0,3.300,0
-0.908,0.557,-0.623,1,1,6.500,0,3,0,4.200,0
-0.541,0.557,0.050,0,1,7.200,1,2,2,4.300,0
-0.419,-1.071,-0.959,0,0,7.600,0,1,1,3.800,0
-0.419,-1.359,-0.511,0,1,7.500,1,1,1,4.000,0
0.316,0.461,1.395,1,1,8.700,1,1,2,4.200,0
-2.377,-1.359,-0.735,0,0,7.400,1,2,1,3.200,0
-0.664,-1.167,-0.735,0,0,8.400,1,2,1,4.300,0
-1.643,-0.018,-0.623,1,0,7.400,2,2,0,4.200,0
-0.052,-0.592,-1.071,1,0,8.200,2,1,0,4.600,0
-0.541,1.036,-0.959,0,1,7.400,2,3,2,4.200,0
0.683,0.269,1.507,1,1,8.300,1,2,2,4.600,1
-0.052,1.897,1.171,1,1,8.500,2,3,0,4.800,1
1.295,0.174,0.835,1,1,8.000,1,3,2,4.800,0
-1.031,-1.263,-1.856,0,0,7.600,1,1,0,4.000,0
0.071,1.131,-0.623,1,1,8.600,2,3,2,4.400,1
0.560,-1.359,-0.174,1,1,8.300,2,1,1,3.500,0
-0.908,-1.071,-0.959,0,1,7.600,1,2,1,3.900,0
-0.664,-0.784,-1.071,1,1,6.800,0,2,1,3.700,0
-0.541,1.227,1.059,0,1,7.900,1,3,2,4.600,1
0.928,0.174,-0.511,0,0,7.900,0,2,1,4.400,0
-0.908,-1.167,-0.623,0,0,6.500,0,2,1,4.500,0
1.295,0.078,1.059,0,0,8.100,2,1,1,4.400,1
0.193,1.514,0.835,0,1,7.600,2,2,2,4.300,0
0.438,0.174,-0.062,1,0,8.000,1,1,2,4.400,0
-1.153,0.269,-1.071,1,0,7.700,1,1,2,3.900,0
0.316,-0.688,-0.286,0,1,7.500,1,1,0,4.500,0
-1.888,-0.497,-0.959,0,0,6.900,1,1,1,4.100,0
-0.419,0.078,-1.407,1,1,7.600,1,2,0,4.100,0
-0.908,-1.071,-0.735,0,0,6.500,1,1,0,4.700,0
-0.296,-1.359,-1.183,0,0,6.700,0,3,0,4.600,0
1.295,1.131,1.059,1,1,7.600,2,3,2,4.800,1
0.316,0.461,-0.735,1,1,8.400,1,3,0,4.300,1
-0.664,-0.688,-1.071,0,1,7.700,0,1,1,4.000,0
-0.908,-1.359,-0.286,0,0,7.300,0,1,0,4.000,0
-1.398,-1.359,-0.735,0,0,6.500,1,2,1,4.800,0
1.295,0.461,1.059,1,0,8.100,2,3,2,4.600,1
-0.052,-0.688,-0.623,1,0,7.500,1,2,0,4.400,0
-0.908,-1.359,-1.071,0,1,8.500,1,3,1,3.800,1
1.295,0.748,0.947,1,0,8.200,2,3,2,4.800,1
0.071,-0.880,-0.174,0,1,7.600,1,3,0,4.600,1
1.295,1.419,1.507,1,1,8.800,2,3,2,4.800,1
1.295,1.419,1.395,1,1,8.100,2,3,2,4.800,1
-0.052,1.131,-0.511,0,1,7.200,0,1,0,3.800,0
0.928,0.844,0.835,1,1,8.200,1,3,2,4.600,1
-0.664,-1.167,-0.398,0,1,6.500,1,1,0,4.200,0
-1.276,-0.688,-1.520,0,1,6.900,0,2,1,4.000,0
-0.296,0.748,-0.623,1,1,8.600,1,2,1,3.900,0
0.316,1.323,1.283,1,1,8.100,2,3,2,4.700,1
-2.132,-0.880,-1.183,0,1,6.500,1,1,1,4.100,0
-1.153,-0.497,-0.174,1,1,6.700,0,1,1,4.600,0
-0.052,-1.359,-0.062,0,0,7.800,1,1,1,3.800,1
-0.052,-1.263,-0.735,1,1,6.500,1,1,1,4.600,0
-0.419,0.365,0.498,0,1,7.500,1,1,0,4.300,0
1.172,0.461,0.835,1,1,8.400,2,3,2,4.800,1
1.295,0.652,1.171,1,1,8.500,1,3,2,4.800,1
-0.908,0.940,0.947,1,1,7.500,1,3,1,4.500,1
-0.296,-0.305,0.947,1,1,7.400,1,2,2,4.600,1
0.193,-1.263,-0.398,0,1,7.300,0,2,0,4.200,0
-0.296,-0.975,-0.623,0,1,7.400,1,1,1,3.900,0
0.560,-1.359,-1.407,0,0,7.300,1,1,1,3.900,0
0.316,1.706,0.947,1,1,8.500,2,3,0,4.400,1
0.560,-0.688,1.059,1,1,8.100,1,2,2,4.500,1
-0.419,-1.359,-0.398,0,1,7.500,1,2,1,4.200,0
-1.520,-0.401,-0.398,0,0,7.500,1,1,0,3.400,0
0.805,0.365,0.947,0,1,8.100,2,3,0,4.500,1
-0.296,-0.018,-0.174,0,1,7.500,1,3,1,4.800,1
1.295,0.940,1.507,1,1,8.100,1,3,2,4.600,1
0.560,0.940,0.162,1,1,7.600,1,3,2,4.600,1
0.071,-1.359,-0.959,1,1,7.800,1,2,0,4.700,0
-0.174,0.557,-0.735,1,1,7.700,2,1,0,4.300,0
0.071,1.610,1.171,1,1,8.400,0,3,2,4.800,1
-0.541,-1.359,-0.511,0,0,7.300,0,1,0,3.400,0
-1.153,1.036,0.162,1,1,7.500,0,2,0,3.500,1
1.295,1.897,1.283,1,1,8.700,2,3,2,4.800,1
0.928,0.557,0.723,1,1,8.000,2,3,1,4.200,1
1.295,0.461,0.723,1,1,8.500,2,3,2,4.100,1
-0.296,-1.263,-1.856,1,1,8.700,1,3,0,3.500,1
-1.643,-1.359,-0.847,0,0,7.600,0,1,0,3.500,0
1.050,1.323,1.283,1,1,7.600,1,1,1,4.500,1
0.683,1.036,0.611,1,1,8.700,1,3,2,4.800,1
-0.664,0.844,1.283,1,1,7.000,1,1,2,4.500,0
-1.276,-0.975,-1.744,0,0,7.700,1,2,1,4.200,0
-1.643,-1.359,-1.520,0,1,6.500,1,1,1,3.700,0
0.560,1.131,-0.623,1,1,8.400,1,3,0,4.400,1
-2.010,-1.167,-0.959,0,1,7.500,1,1,1,3.700,0
-0.296,0.940,0.274,1,1,7.600,2,3,2,4.800,0
0.683,0.174,1.283,1,1,8.000,1,3,2,4.600,1
-0.908,-0.305,-0.511,1,1,7.500,1,2,2,4.100,0
-1.153,-1.359,-0.959,0,1,7.700,1,1,1,4.600,0
-1.398,-0.018,-1.856,1,1,7.500,0,2,0,4.100,0
1.295,1.131,0.611,1,1,8.700,1,3,1,4.000,1
-1.888,-0.784,-1.632,0,0,6.500,2,1,1,3.800,0
-1.520,-0.209,-0.959,0,0,7.400,1,1,0,4.100,0
0.438,1.514,-0.847,1,1,8.400,0,3,0,4.500,1
-0.541,0.365,-0.511,1,1,7.200,1,2,0,4.200,1
1.295,1.514,1.059,1,1,8.200,1,3,2,4.400,1
1.050,1.227,1.171,1,1,8.600,2,3,2,4.500,0
-0.296,-1.359,-0.847,0,1,8.300,1,1,1,3.600,0
-0.296,-1.359,-0.511,0,1,6.500,1,1,1,3.900,0
-1.031,-1.359,-0.286,0,1,7.700,2,2,0,4.000,1
0.316,1.227,1.171,1,0,8.400,2,3,3,4.500,1
1.295,0.940,1.395,1,1,8.700,2,3,2,4.800,1
-0.419,1.131,1.059,1,1,8.600,2,3,2,4.200,1
-2.255,1.036,-0.398,1,1,7.900,1,2,1,4.200,0
-0.786,0.844,-1.407,1,0,7.100,1,1,2,4.200,0
1.295,-0.018,0.835,1,1,8.100,1,3,3,4.800,1
1.172,1.227,0.947,1,1,8.500,1,3,2,4.800,1
-0.296,-1.359,-0.062,0,1,6.500,1,1,0,4.200,0
-1.276,-1.071,-0.286,0,0,6.500,1,2,0,4.000,0
0.438,1.227,-0.735,1,1,7.400,0,3,1,4.300,1
1.295,0.269,0.162,1,1,8.800,2,3,3,4.800,1
-0.908,-1.359,-1.183,0,1,7.700,0,1,1,4.100,0
0.805,0.652,-0.174,0,0,6.700,1,2,0,4.400,1
1.295,1.323,1.171,1,1,8.000,2,1,0,4.700,1
-0.174,-0.114,-1.183,0,1,6.900,1,2,1,4.500,1
1.295,-0.305,-0.398,1,0,8.400,2,3,3,4.800,0
-0.419,1.131,0.947,1,1,6.500,1,2,0,4.100,1
1.172,0.269,-0.286,0,0,6.500,0,1,2,3.800,1
-1.276,-0.592,-0.959,1,1,7.400,1,1,1,3.900,0
-1.520,-0.401,-1.071,0,0,7.400,1,1,0,3.700,0
-0.419,-1.359,-0.847,0,1,7.800,1,2,2,4.400,0
0.928,0.844,0.947,1,1,8.200,2,2,2,4.400,1
-1.031,0.748,0.835,1,1,8.300,2,3,0,4.600,1
0.193,0.844,1.283,1,1,8.300,2,2,0,4.700,0
0.071,-1.359,-0.623,0,1,7.300,0,1,1,4.500,0
1.295,0.461,-1.407,0,0,6.500,1,3,1,4.500,0
1.295,-1.359,-0.398,0,1,7.800,0,3,1,3.800,0
0.193,1.131,0.947,1,1,7.700,2,3,0,4.800,0
0.193,1.993,0.723,1,0,7.900,2,3,3,4.400,1
0.193,1.419,0.947,1,1,7.600,0,1,0,4.400,1
-1.520,-0.018,0.723,0,1,7.000,0,1,1,4.100,0
-0.174,-1.071,-0.735,0,0,6.800,1,1,1,3.800,0
0.560,1.323,0.835,1,1,8.300,0,1,2,4.800,1
-1.643,-0.592,-1.071,1,1,7.400,1,2,0,4.700,0
0.805,1.419,1.507,1,1,8.200,2,3,2,4.700,1
0.805,1.131,1.507,1,1,8.000,0,3,2,4.300,1
1.050,1.419,1.283,1,1,7.800,1,3,2,4.300,1
-1.276,-1.359,-1.520,0,0,6.500,1,2,1,4.300,0
0.071,-1.359,1.283,1,1,8.500,1,2,3,4.300,0
1.295,-0.209,0.611,1,1,8.400,1,3,2,4.600,1
-1.031,0.269,-1.295,1,1,7.500,1,2,1,4.000,0
-0.419,1.514,1.507,1,1,8.500,2,3,0,4.800,1
-1.888,0.748,-1.071,1,1,7.000,0,2,1,4.100,1
0.193,1.419,1.059,1,1,8.400,0,3,2,4.800,0
-1.031,-0.592,0.162,1,0,7.400,1,3,1,4.400,0
-0.419,0.748,-1.183,0,0,8.200,0,1,0,4.300,0
0.560,1.993,1.059,1,1,8.000,0,3,3,4.800,1
0.071,-0.114,-1.071,0,1,6.500,0,1,1,3.600,0
-0.174,0.940,-1.520,0,1,7.200,0,2,1,4.400,0
-1.031,-1.359,-0.286,1,0,7.700,1,3,1,4.600,0
-1.888,0.365,-0.959,0,0,7.500,1,1,0,4.000,0
0.193,-0.880,-0.511,0,1,7.400,0,1,0,3.900,0
1.295,0.461,1.283,1,1,7.600,1,2,1,3.800,0
1.295,1.802,1.059,1,1,8.400,0,3,2,4.800,1
1.295,-0.975,0.835,1,1,8.400,1,3,0,4.500,1
0.683,1.514,0.947,1,0,7.700,1,3,2,4.800,0
0.071,0.748,-0.511,0,0,7.600,1,3,0,4.700,0
-0.541,-0.784,0.162,0,1,7.600,1,2,0,3.500,0
-0.664,-1.359,-1.744,0,0,7.600,1,1,0,4.100,0
1.295,-0.018,0.947,1,1,8.400,2,3,2,4.800,1
-2.255,-1.359,-0.062,0,0,7.500,1,1,0,3.900,0
1.172,0.461,0.947,1,1,8.400,2,3,2,3.900,1
-0.419,-1.359,-1.071,0,1,8.000,0,2,0,3.800,0
-0.664,-1.071,0.050,0,1,7.500,1,2,0,4.600,0
0.071,-0.880,-1.071,0,1,6.500,1,1,1,4.400,0
1.295,0.269,0.947,1,1,8.700,2,3,1,4.800,0
1.172,-0.784,1.059,1,1,7.700,2,3,1,4.700,1
-1.398,-0.497,-0.174,0,0,6.600,1,1,1,3.500,1
-0.174,0.365,-0.286,0,1,7.400,1,2,0,3.900,0
1.172,1.323,0.947,1,1,8.000,2,3,2,4.800,1
-0.664,0.078,-0.735,0,1,7.400,1,2,0,4.500,1
0.438,0.652,-0.398,0,1,7.600,0,3,2,4.800,1
-1.398,-1.263,-1.183,0,0,7.400,1,1,0,4.400,0
1.050,1.897,0.835,1,1,8.600,1,3,0,4.800,0
-0.052,-1.359,-0.623,0,1,6.500,1,1,0,4.400,0
-1.643,-1.359,-0.735,1,0,7.600,1,2,0,3.800,0
-0.419,0.174,1.395,1,1,8.300,1,3,2,4.800,1
0.438,0.174,0.947,1,1,8.600,1,3,2,4.400,1
-1.643,-0.975,-0.735,0,1,6.700,1,1,1,3.400,0
-0.541,-0.114,-0.735,0,1,7.500,1,1,0,4.800,0
1.172,0.461,-0.511,1,1,8.400,2,3,1,4.600,0
-0.174,-0.305,-0.847,1,1,7.700,1,1,1,4.200,0
0.683,0.174,0.947,1,1,8.100,2,3,0,4.200,0
0.928,0.940,0.611,1,0,8.400,0,3,2,4.000,1
1.050,1.993,-0.623,1,0,7.900,1,3,2,4.500,1
1.050,1.419,1.059,1,1,8.400,0,3,2,4.300,1
-0.541,-0.975,0.835,0,0,6.500,1,1,0,3.900,0
1.295,0.748,1.507,1,1,8.400,2,3,2,4.800,1
-1.398,-1.359,-0.286,0,0,7.300,1,1,0,4.300,0
-0.174,-0.975,-0.511,1,1,6.900,1,3,1,4.500,1
0.193,-0.305,0.611,1,1,7.700,2,3,0,4.700,1
0.560,-0.975,-0.735,0,0,7.100,2,2,1,3.900,0
1.295,0.461,1.171,1,1,7.500,1,3,1,4.800,1
-0.174,0.461,0.835,1,1,7.400,1,3,0,4.600,0
-0.664,-1.071,-1.071,0,1,7.700,1,1,1,4.300,0
1.295,1.036,1.507,1,1,8.100,1,3,2,4.800,1
-0.296,-0.305,-0.062,0,0,7.400,2,1,0,4.300,1
1.295,0.652,1.171,1,1,8.300,0,3,2,4.700,1
1.295,0.748,1.395,1,1,8.000,2,3,2,4.800,1
1.295,1.131,0.947,1,1,6.800,2,3,3,4.800,1
0.928,0.557,-1.407,0,1,8.300,1,3,2,4.600,1
-1.765,-0.688,-1.407,0,1,7.600,1,2,1,4.200,0
-0.541,-1.359,-0.847,0,1,6.800,1,1,1,4.300,0
-0.296,-1.359,-0.398,0,1,7.600,1,3,2,4.400,1
-2.132,-1.167,-0.511,0,0,6.500,1,1,1,3.900,0
-0.419,-0.975,-1.744,1,0,7.500,1,1,1,4.500,0
-2.010,-1.359,-1.183,1,1,7.500,0,1,0,4.300,0
-0.664,-1.263,-0.511,0,0,7.400,1,2,1,4.300,0
1.295,0.078,-0.511,1,1,7.600,2,2,1,4.700,0
-1.520,-1.359,-1.071,0,0,7.700,0,2,0,3.900,0
0.928,1.993,-0.959,1,0,8.200,2,3,2,4.700,1
0.683,0.940,1.283,1,1,8.300,2,3,1,4.800,1
1.172,0.940,1.507,1,0,8.100,2,3,2,4.600,1
-0.908,-1.071,-1.183,1,0,6.600,1,1,0,4.100,1
-0.786,1.227,1.171,1,0,7.800,0,3,2,4.600,0
-1.398,-1.263,-0.735,0,1,6.700,1,2,1,4.300,0
1.295,0.461,1.283,1,1,8.700,1,3,2,4.700,1
0.316,-0.880,-1.295,0,1,7.800,0,3,2,4.500,1
-0.908,-1.359,-0.398,0,1,8.300,1,2,1,4.700,0
0.193,-0.975,-1.632,0,1,7.600,1,1,0,3.800,0
0.438,-0.305,0.835,0,1,8.300,1,3,1,4.100,0
-0.052,0.078,-0.062,1,1,8.400,1,2,0,4.300,1
0.193,-1.359,-0.959,0,0,7.700,1,2,0,4.800,0
-0.908,0.269,1.395,1,1,8.500,1,3,1,4.100,1
0.805,0.844,0.947,1,1,8.300,2,3,2,4.800,1
-2.377,0.844,1.059,1,1,7.500,1,2,1,3.400,0
0.928,0.748,1.283,1,1,7.700,2,3,2,4.800,1
1.050,0.748,1.507,1,1,7.900,1,3,2,4.800,0
0.560,1.419,0.274,1,1,8.700,1,2,2,4.800,1
1.295,1.610,1.171,1,1,8.400,1,3,2,4.800,1
1.295,1.036,0.723,1,1,8.300,2,3,2,4.800,1
1.295,0.557,1.171,1,1,8.200,2,3,2,4.800,1
1.295,1.131,1.395,1,1,8.300,2,3,2,4.800,1
1.295,1.036,1.283,1,1,8.200,2,3,2,4.800,1
-2.377,-0.305,-0.847,0,0,8.500,1,2,1,4.800,0
-1.153,-0.114,-1.968,0,0,6.700,1,1,1,4.000,0
-0.664,-1.359,0.723,1,1,7.600,1,2,0,4.200,0
0.560,-1.359,-0.511,0,0,7.400,1,1,0,4.100,0
-2.132,-1.359,-1.071,0,0,7.500,0,2,1,4.500,0
1.172,1.419,-0.286,1,1,8.400,1,3,3,4.800,1
1.050,-0.880,-0.286,0,1,6.500,1,2,0,4.400,1
-1.398,-0.401,-1.520,0,1,7.900,1,2,0,3.600,0
-0.296,0.174,-0.511,0,1,6.800,1,1,2,4.100,0
1.295,0.940,1.059,1,1,8.300,2,3,2,4.800,1
-1.520,-1.359,-1.295,0,1,7.300,1,1,0,4.300,0
-0.174,1.227,-0.847,1,1,7.400,1,1,0,4.000,1
-0.664,-1.359,-0.735,0,0,7.500,0,1,0,4.100,0
1.050,1.131,1.395,0,1,8.100,1,3,0,4.000,1
-0.174,-1.071,0.162,1,1,7.900,2,1,1,4.100,0
-1.153,-0.401,-0.959,0,0,6.500,1,1,1,4.100,0
0.683,0.844,0.947,1,1,8.400,2,3,1,4.400,1
-1.153,-1.359,-0.174,1,1,7.500,0,2,1,4.400,1
-0.419,-1.071,-0.511,0,1,8.500,1,2,1,3.800,0
0.193,-1.359,1.283,0,1,8.500,1,3,2,4.200,0
1.295,1.036,-0.286,1,1,8.300,2,2,0,4.800,1
1.172,1.706,1.059,1,1,8.200,1,1,2,4.800,1
-0.786,0.461,1.059,1,1,6.500,0,3,2,4.500,1
1.295,0.748,0.723,1,1,8.300,2,3,2,4.700,1
-0.296,0.269,-0.847,1,1,8.700,2,3,1,4.300,0
-0.419,-1.359,-0.959,0,0,7.300,0,1,1,4.200,0
0.193,-0.784,-0.735,1,1,8.400,0,2,0,4.400,1
-0.296,0.748,0.835,1,0,7.800,1,3,2,4.200,0
1.050,0.557,1.171,1,0,7.700,1,3,3,4.800,0
0.560,0.078,-0.847,0,1,7.700,1,3,2,4.800,0
1.295,0.557,1.507,1,1,8.600,2,3,2,4.700,1
-0.419,0.557,-1.856,0,1,7.700,1,1,0,3.800,0
-1.398,-0.114,-1.856,0,1,7.300,1,1,1,4.700,0
-0.174,-1.359,-0.623,1,1,8.400,1,1,0,4.300,1
1.172,0.652,1.283,0,1,7.600,1,1,2,4.800,0
0.683,-0.975,-0.286,0,1,8.000,1,2,0,4.300,0
-1.276,-1.071,-1.071,0,0,7.300,0,1,1,4.600,0
1.295,0.844,0.947,1,0,7.900,1,3,2,4.800,0
0.316,0.652,-1.071,1,1,8.100,1,3,2,4.300,1
0.928,0.940,1.283,1,1,8.400,2,3,2,4.700,1
-1.276,-1.263,-0.847,0,0,7.600,0,1,0,4.700,0
-0.908,-1.359,-1.407,0,1,6.500,1,1,1,3.300,0
0.560,-0.784,-0.062,0,0,7.300,1,1,0,4.300,0
1.050,1.131,1.171,1,1,8.300,1,3,1,4.800,1
-1.153,-1.359,-0.847,0,0,6.600,1,1,0,4.100,0
-0.664,1.227,-0.623,1,0,7.800,1,1,0,4.500,1
-0.296,1.419,-1.407,1,1,8.100,0,2,0,3.800,0
0.560,0.078,0.050,0,1,6.500,1,3,2,4.500,1
-0.541,-1.071,-1.183,1,1,7.500,1,1,2,4.000,0
-1.520,-0.784,-0.623,0,0,7.500,1,1,0,4.300,0
0.560,1.036,1.171,1,1,8.600,2,3,2,4.600,1
0.071,0.748,1.395,1,1,7.400,2,3,0,4.500,1
0.193,0.844,-0.286,1,1,7.100,1,3,0,4.400,0
0.560,-0.688,1.283,1,1,6.800,0,1,0,4.100,1
1.172,1.323,1.283,1,1,7.900,1,3,2,4.600,1
-0.052,1.227,-1.183,1,1,7.800,2,3,1,3.900,0
-0.052,-0.209,0.835,1,1,8.800,2,3,3,4.400,1
1.050,0.269,0.723,1,1,7.500,2,3,2,4.800,0
0.193,0.748,1.395,1,1,7.000,0,1,1,4.600,1
-1.153,-1.359,-1.407,0,0,6.600,1,2,0,4.000,0
-0.786,-1.359,-0.847,0,1,7.400,1,1,0,4.100,0
0.316,1.036,-0.511,0,0,7.600,0,1,0,3.800,0
0.683,-1.359,-0.398,0,1,6.700,1,2,1,4.400,0
0.805,0.652,0.611,1,0,8.500,2,3,2,4.700,0
1.295,0.461,1.507,1,1,8.000,0,3,1,4.800,0
0.438,-0.688,-0.623,0,1,7.900,0,2,0,4.000,0
1.050,0.940,0.947,1,1,7.500,2,3,0,4.600,0
1.172,-1.359,-0.511,1,1,8.300,1,1,0,4.500,0
0.560,-0.880,-1.071,0,1,7.800,1,2,0,4.400,0
-1.643,-0.592,-0.847,0,1,6.700,1,1,0,4.400,0
0.438,0.652,-0.847,1,1,6.500,2,1,1,3.600,0
0.071,-0.784,1.059,1,1,8.200,1,1,0,3.900,0
1.295,-0.018,0.611,1,0,8.300,2,3,2,4.800,1
1.295,-0.784,0.050,1,0,8.200,0,3,1,4.800,0
1.295,1.419,1.507,1,1,8.200,2,3,2,4.800,1
1.295,0.652,1.171,1,1,6.900,1,3,2,4.800,1
1.295,-0.018,1.507,1,1,8.100,0,3,2,4.200,1
-0.296,-1.359,-0.735,0,1,7.700,1,2,0,4.300,0
1.295,0.652,0.947,1,1,8.300,2,3,2,4.800,1
-0.419,-1.359,-1.071,0,0,7.500,1,2,1,3.400,0
1.050,0.365,0.947,1,1,8.400,2,3,2,4.500,1
0.560,-0.018,1.507,1,1,8.500,1,3,3,4.600,1
-2.377,-0.305,-1.295,0,1,7.700,1,1,0,3.700,0
-1.031,0.461,-1.295,0,1,7.400,1,2,1,4.700,0
1.295,1.227,0.947,1,1,8.300,2,3,2,4.700,0
0.805,1.131,0.611,1,1,8.300,2,3,2,4.800,1
-0.052,-0.880,-0.623,0,1,6.600,1,2,0,3.900,0
-0.174,-0.401,-0.398,0,1,7.500,1,2,1,3.800,0
0.438,0.844,0.723,1,1,8.600,1,3,1,4.700,1
0.683,-1.359,-1.295,0,0,7.400,1,2,0,4.600,0
-1.031,-0.975,-0.623,0,1,7.500,0,1,0,3.800,0
-0.052,-1.359,-1.295,0,0,6.800,1,1,0,4.300,0
0.438,0.940,0.498,1,1,7.600,1,1,0,4.800,0
-0.786,-1.167,-0.847,0,0,6.500,0,1,0,3.700,0
-0.541,1.131,1.059,1,1,8.400,1,3,0,4.600,0
-0.174,0.748,0.835,1,1,7.700,1,3,2,4.100,1
1.295,0.557,1.059,1,1,8.400,0,2,3,4.300,1
-1.520,-0.975,-0.623,0,0,6.700,1,2,0,3.900,0
0.316,-0.975,-0.735,0,0,7.600,1,2,0,4.000,0
-2.010,-0.592,-0.398,1,1,7.500,1,1,0,4.100,0
0.560,0.365,0.162,1,1,7.800,1,1,1,3.900,0
1.295,1.706,1.171,1,1,7.900,1,3,2,4.500,1
0.316,0.652,-0.286,1,1,7.900,1,3,0,4.500,0
0.193,1.802,1.059,1,0,8.200,0,3,2,4.300,0
0.683,0.174,1.283,1,1,8.500,1,1,0,4.400,1
1.295,1.227,0.723,1,1,7.900,2,3,2,4.600,1
-0.052,1.323,-1.071,1,1,8.200,1,2,1,4.400,1
1.050,0.652,1.059,0,1,7.200,1,3,3,4.600,1
1.295,0.652,0.611,0,1,8.500,2,3,0,4.800,1
1.295,0.461,1.171,1,1,8.500,2,3,2,4.600,1
-0.419,-1.071,0.611,0,0,8.200,1,1,1,4.100,0
-2.255,-1.167,-0.847,0,0,7.800,1,1,0,4.100,0
0.438,0.365,1.395,1,1,7.500,1,3,0,4.800,1
-0.786,-1.359,-1.183,0,1,7.600,1,1,0,3.700,0
-0.541,-0.688,-1.071,0,0,6.600,1,1,0,4.800,0
0.316,-1.359,0.274,1,1,7.800,1,1,0,4.600,1
-0.174,0.844,-1.632,0,0,7.600,1,1,2,4.200,0
-0.296,-0.209,0.611,1,1,7.700,0,2,3,4.800,0
-0.052,-1.359,-1.856,0,1,7.600,1,1,1,4.300,0
0.316,-1.263,-0.511,0,1,7.600,1,2,0,4.200,0
1.172,0.844,0.835,1,1,7.900,0,3,2,4.700,1
0.193,1.419,-0.847,0,0,7.600,1,1,2,4.800,0
1.295,0.174,-0.174,0,1,8.300,2,3,2,4.700,1
-0.052,-1.263,-1.744,0,1,7.800,1,1,1,3.700,0
0.193,1.323,1.059,1,1,8.000,1,2,1,4.400,1
-0.419,0.269,-0.847,1,1,8.200,2,3,0,4.200,1
0.193,0.461,-1.071,1,1,8.500,0,1,0,4.200,1
1.172,0.174,1.171,1,1,8.400,2,3,0,4.800,0
0.805,-0.114,0.835,0,1,7.000,0,1,2,4.700,1
0.928,-0.880,0.611,0,0,7.600,1,2,1,4.300,0
-2.010,-1.359,-1.295,0,0,7.600,1,2,0,4.700,0
-1.276,-1.167,-0.959,0,0,6.500,0,1,0,4.400,0
0.683,-1.167,-1.407,0,1,6.600,1,1,1,4.000,1
-0.786,-0.497,0.162,0,1,7.600,1,1,1,3.900,0
-0.419,0.078,-0.398,1,1,7.600,0,2,0,4.100,1
-1.765,-1.359,-1.407,0,0,7.500,1,2,0,4.400,0
-0.052,0.652,1.395,0,1,7.900,2,3,2,4.100,0
1.172,0.748,0.162,1,1,8.800,1,3,2,4.400,1
0.316,1.706,0.947,1,1,7.900,1,3,0,4.600,0
0.683,1.036,1.283,1,1,7.700,1,3,2,4.800,1
-0.541,-1.359,-0.847,1,1,6.700,1,2,0,4.800,1
0.193,-0.305,-1.071,0,0,8.700,0,1,1,4.800,0
-0.296,-1.071,-0.174,1,1,7.500,2,3,2,4.800,1
0.193,-1.359,-0.511,0,1,7.500,0,1,0,4.700,0
1.295,-0.975,1.283,1,1,7.500,1,1,1,4.600,1
-1.520,-0.784,-1.520,0,0,6.500,0,1,1,3.100,0
-0.664,-0.592,0.947,0,0,6.500,2,1,0,4.500,0
1.295,0.269,1.171,1,1,8.600,1,3,3,4.800,1
0.193,1.323,1.171,0,1,6.900,0,3,0,4.200,1
0.316,0.365,1.507,1,1,7.400,2,2,1,4.600,0
1.295,-0.401,1.395,1,1,8.300,1,3,2,4.700,0
-0.541,-1.167,-1.407,1,1,7.600,1,2,0,3.900,0
0.316,1.227,-0.062,0,1,7.200,1,1,0,4.000,1
-0.296,0.461,0.947,1,1,8.400,2,3,2,4.500,0
-0.296,-0.401,1.283,1,1,7.700,2,1,3,3.900,0
-1.765,0.365,1.171,1,1,7.600,1,2,0,4.800,0
-1.031,-1.263,-0.511,1,0,6.700,1,1,1,3.800,0
-1.643,-0.784,-0.959,0,0,6.500,0,1,0,3.500,0
-0.541,-0.114,-0.174,1,0,7.700,1,2,2,4.600,1
1.295,1.131,-0.398,0,1,7.200,1,1,1,4.500,0
-0.419,-0.209,-1.071,1,1,7.600,1,1,1,4.200,1
-2.377,-1.167,-1.071,0,1,7.600,1,2,0,4.100,0
0.316,-0.305,-0.959,0,1,6.700,1,1,0,3.900,1
0.805,1.131,0.835,1,1,8.600,1,3,2,4.700,1
0.316,0.748,-1.407,1,1,6.800,1,2,0,4.400,1
0.805,1.131,1.283,1,1,8.300,1,3,3,4.800,1
0.928,-1.263,1.171,1,1,8.400,2,2,2,4.700,0
-0.419,-0.688,-0.623,1,1,8.000,1,1,1,3.800,0
0.316,0.174,-1.295,0,1,7.500,2,1,0,4.300,0
-0.541,0.652,0.611,1,1,6.800,1,2,0,4.500,0
-1.031,-1.359,-0.623,0,0,7.500,1,1,1,4.500,0
-0.052,-0.784,-0.735,1,1,7.400,1,1,1,4.300,0
0.193,0.078,1.059,1,1,7.100,1,2,2,4.800,0
-0.419,0.748,-0.398,1,1,6.600,1,1,0,4.800,0
-0.908,-1.071,-0.511,0,1,6.900,1,2,1,3.500,0
-1.031,-0.592,-0.062,0,0,7.000,1,1,0,4.400,0
1.295,0.652,1.507,1,1,8.400,0,3,2,4.300,1
-0.908,-1.359,-1.295,0,0,6.500,1,2,1,4.400,0
1.050,0.078,1.171,1,1,8.300,2,3,2,4.700,1
1.295,1.227,0.723,1,0,8.400,2,3,2,4.800,1
0.071,0.269,0.835,1,1,6.800,2,2,2,4.500,1
1.295,1.323,0.611,1,1,8.200,1,3,2,4.700,1
1.050,1.706,1.171,1,1,7.900,1,3,0,4.700,1
-1.031,-0.880,-0.623,1,1,8.100,0,1,0,4.000,0
0.193,1.706,1.171,1,1,8.700,2,3,2,4.800,1
0.683,-0.018,0.723,1,1,8.000,1,2,0,4.300,0
-0.786,-1.359,-1.071,0,0,7.700,0,1,0,3.600,0
-0.664,-1.263,0.947,0,1,6.700,1,1,1,3.900,0
0.805,1.706,-1.295,1,1,8.200,2,3,2,4.500,1
-1.276,0.078,-0.623,1,0,6.500,1,1,1,4.200,1
-1.153,-0.975,-0.623,1,1,7.800,1,2,0,3.800,0
-1.520,-0.784,-0.959,1,0,7.600,1,2,1,4.500,0
0.560,0.557,1.283,1,1,7.700,0,3,2,4.800,1
-1.153,0.652,-0.847,0,1,7.400,2,1,2,4.300,0
-1.153,-0.401,-1.520,0,0,7.800,1,3,1,4.300,0
0.805,-0.018,1.283,1,1,7.400,1,1,0,4.500,0
-1.520,-0.975,-0.735,0,1,6.800,0,1,1,3.400,0
-1.520,0.461,-0.286,0,0,7.200,1,1,1,4.300,0
0.193,-0.975,-1.632,0,1,7.300,0,1,0,4.200,0
0.560,0.940,0.947,1,0,8.700,2,3,0,4.100,0
0.071,0.748,-0.398,0,1,7.600,1,2,2,4.500,1
0.560,0.652,1.395,1,1,8.100,2,2,0,4.800,1
0.438,0.078,-0.623,1,1,7.600,1,2,1,3.900,1
1.295,-0.114,1.283,1,1,8.200,2,3,2,4.800,1
0.560,0.174,0.723,1,1,8.200,1,3,0,4.700,1
-0.052,0.269,1.507,1,1,8.400,1,2,0,3.400,1
1.295,1.802,1.059,1,1,8.700,2,3,2,4.800,1
-1.276,-1.263,-0.398,0,0,6.500,1,2,0,3.400,0
-1.153,-1.071,-0.511,0,0,8.300,1,1,1,4.300,0
1.295,-0.592,1.395,1,1,8.300,2,3,2,4.700,1
-2.255,-1.167,0.274,0,1,7.200,1,1,0,4.400,0
-0.174,-0.305,-0.062,0,1,6.500,1,1,0,4.400,0
0.683,0.940,0.947,1,0,7.600,0,3,2,3.800,0
-0.664,-0.592,-0.511,1,1,7.600,2,1,1,3.700,0
0.560,-1.359,1.507,1,1,8.300,0,3,1,4.800,1
1.295,0.748,1.171,1,1,7.900,1,3,1,4.800,1
-0.296,-0.018,-0.847,1,1,6.700,1,3,0,4.100,0
-0.052,-1.071,0.835,1,1,6.500,0,3,1,4.300,0
1.172,1.323,1.171,1,1,8.200,1,2,2,4.800,1
1.295,1.802,0.274,1,1,8.300,1,3,1,4.500,1
-0.664,-0.688,-1.295,1,1,7.600,0,2,0,4.000,1
-1.520,-0.497,-0.511,0,0,8.200,0,2,0,3.600,0
-1.643,-0.209,-1.071,1,0,6.500,2,3,2,4.700,0
1.295,0.461,1.059,1,1,7.900,1,3,2,4.600,0
-1.153,-1.359,-1.295,0,1,7.600,1,1,0,3.800,0
1.295,1.036,-0.623,1,1,7.600,0,3,2,4.700,1
-0.296,-1.071,-0.847,0,0,7.600,0,1,1,3.400,0
0.560,0.557,0.947,1,1,7.600,1,3,2,4.200,0
-0.664,0.652,-0.623,0,1,8.200,2,2,1,4.200,1
0.438,0.557,0.947,0,1,8.000,1,3,0,4.800,0
-0.908,-0.114,-0.511,0,0,6.500,1,1,0,4.800,0
-0.541,0.365,-0.174,1,0,8.400,1,3,1,4.300,0
-1.031,-0.497,-0.847,0,1,6.600,1,1,0,3.100,0
-0.908,-0.592,-0.959,1,1,6.500,0,1,0,3.700,0
-0.052,1.323,1.171,1,1,8.000,1,3,2,4.800,1
1.050,1.227,-0.286,1,1,8.300,2,3,0,4.800,0
1.295,-1.263,1.395,1,1,8.600,0,2,1,4.600,1
1.295,0.461,1.507,1,1,8.100,2,3,2,4.800,1
-0.296,1.706,1.283,1,1,8.600,1,1,2,4.600,1
-1.031,1.227,-1.071,0,0,7.500,1,2,1,4.000,0
-0.296,-1.359,0.947,0,0,6.500,1,1,0,4.700,0
-2.132,-0.688,-1.968,0,0,7.900,1,1,1,3.900,0
-0.296,-1.359,-1.071,0,1,6.500,0,2,0,4.400,0
0.928,-0.018,-0.735,0,0,6.500,2,1,0,4.400,0
-1.765,-1.071,-0.623,0,1,7.500,1,1,0,3.900,0
-0.908,-1.359,-0.511,0,1,7.400,1,2,1,4.400,0
0.928,-0.018,0.835,1,1,7.800,1,3,1,4.500,1
1.172,-1.359,1.059,1,1,8.500,2,2,2,4.600,1
1.050,1.323,0.947,1,1,8.500,1,3,2,4.800,0
-1.398,-0.497,-0.735,0,0,7.500,1,2,1,4.000,0
1.295,0.940,1.171,1,0,8.200,1,3,2,4.800,1
-1.031,-1.359,-1.407,0,1,6.800,1,1,1,4.300,0
1.050,0.844,1.283,1,1,8.300,1,2,2,4.400,1
0.438,1.036,1.171,1,1,8.900,0,3,0,4.800,1
-0.664,-0.497,-1.520,0,1,7.000,1,1,1,4.400,0
1.172,0.461,0.274,1,0,8.300,2,3,3,4.800,0
0.438,1.131,0.050,1,1,7.700,1,2,2,3.900,0
0.193,-0.975,-0.286,1,1,7.700,0,2,1,4.600,0
-1.765,-1.359,-1.407,0,1,7.400,2,1,1,3.200,0
-0.174,0.557,1.283,0,1,7.700,1,2,0,3.700,0
-1.520,-1.359,-1.183,0,1,8.400,1,1,1,3.500,0
-0.174,0.940,-0.511,0,1,8.000,1,2,0,4.800,0
0.071,-0.018,0.498,1,1,8.700,1,1,1,4.100,1
-1.520,-0.592,-1.295,1,0,6.700,0,3,1,4.200,0
0.071,0.557,-0.847,0,1,7.700,0,2,0,4.300,0
-0.052,-1.359,-0.511,1,1,7.600,0,2,0,4.000,0
1.172,1.036,-0.286,1,1,8.600,1,3,0,4.500,1
0.928,1.897,1.171,1,1,7.900,0,1,2,4.700,0
-1.031,0.748,-0.398,1,1,8.300,0,3,1,3.400,0
0.928,0.365,1.171,0,1,8.600,2,3,3,4.800,1
1.295,1.227,0.835,1,1,8.600,2,3,2,4.800,0
-0.786,-0.497,0.947,1,1,6.600,1,2,2,3.300,1
1.295,0.461,1.059,1,0,8.300,2,3,2,4.600,1
0.560,1.323,-0.959,1,0,8.000,2,3,0,4.100,1
-0.541,-1.359,-1.744,1,0,7.600,0,1,0,4.200,0
0.316,-0.880,-0.959,0,1,7.400,1,2,0,4.300,0
-0.174,0.461,0.835,1,0,7.800,2,3,0,4.800,1
-1.520,-0.975,-0.623,1,0,7.800,0,1,0,4.100,0
-0.052,1.227,0.835,1,0,8.000,0,3,2,4.600,1
0.683,-0.975,0.050,1,1,7.800,1,1,0,4.000,0
-0.296,1.036,0.947,1,1,6.900,1,1,1,4.400,1
0.683,0.461,0.835,1,0,7.900,0,2,2,4.200,0
-2.377,-0.975,-0.062,0,1,6.500,1,1,0,3.500,0
0.316,-0.401,-1.071,0,0,6.500,1,1,1,4.100,0
0.683,0.365,1.059,1,1,7.100,1,2,0,4.200,1
1.295,0.365,1.283,1,1,8.100,1,3,2,4.300,1
-0.908,0.365,-0.511,1,1,8.100,1,2,0,4.500,1
1.295,0.844,1.059,1,1,8.900,2,3,2,4.800,1
0.193,0.940,0.835,1,1,7.600,1,3,0,4.700,1
0.316,0.174,-0.286,1,0,7.500,1,2,1,4.500,0
0.683,-1.359,-0.286,0,0,6.500,1,1,0,3.600,0
0.683,1.036,0.835,1,1,7.700,1,1,2,4.700,0
0.805,1.323,1.171,0,1,7.500,0,3,2,4.400,0
-0.052,-1.359,-0.398,0,1,7.500,1,2,0,4.200,0
-2.255,-1.359,-0.847,0,0,7.000,1,1,1,3.500,0
-0.664,0.652,0.723,1,1,8.300,1,2,1,4.200,0
-0.174,0.174,1.395,1,1,7.900,2,3,3,4.500,1
-0.664,-0.975,-0.511,0,0,6.500,1,2,0,3.400,0
0.805,-0.305,1.507,1,1,8.300,1,3,2,4.800,1
1.050,-0.209,1.283,1,1,7.500,0,3,0,4.400,0
0.316,-0.401,0.611,1,1,7.500,1,3,0,4.800,0
-0.419,-0.114,-1.183,1,1,8.400,2,3,1,4.100,0
-1.031,0.365,-0.959,0,1,7.500,0,1,0,4.100,0
-2.377,-1.359,-1.520,0,1,7.300,1,1,1,4.600,0
-0.296,0.078,-0.847,1,0,7.500,1,1,1,4.400,0
1.172,0.748,0.947,1,1,7.200,2,1,1,4.000,0
-0.664,-1.359,0.050,1,0,7.100,1,1,0,4.600,0
1.295,0.748,0.947,1,1,7.600,2,3,2,4.400,1
0.193,0.078,-1.071,1,1,7.800,1,3,2,4.200,1
1.172,0.269,1.395,1,1,8.700,2,3,3,4.500,1
-1.031,-1.359,0.050,1,1,6.500,1,1,0,4.200,0
1.295,0.652,-0.511,1,1,7.900,1,3,2,4.800,1
-0.664,-1.359,-0.735,1,1,7.600,1,1,0,4.400,1
-0.908,-1.071,-0.398,0,0,7.800,0,1,1,3.900,0
0.928,-0.209,1.171,1,1,8.500,1,3,2,4.800,1
0.683,0.078,1.507,1,0,8.000,2,3,0,4.700,1
1.172,0.365,0.498,1,1,7.800,1,3,1,4.600,1
-0.786,-0.688,-1.295,0,1,7.400,1,1,1,3.600,0
-1.031,-1.359,-1.520,0,1,7.500,1,1,0,3.700,0
0.071,1.227,0.835,0,1,7.500,0,2,1,4.700,1
-0.541,-1.359,-1.968,0,0,7.600,1,1,0,4.000,0
1.295,-0.784,-0.398,1,1,8.300,2,2,0,4.300,1
1.295,-1.359,-0.959,0,1,6.600,1,1,0,3.900,0
1.295,-0.592,1.507,1,1,8.300,0,3,2,4.300,1
-1.398,-0.688,-1.407,1,0,7.700,0,3,1,4.400,0
-0.052,0.557,-0.174,1,1,8.300,1,2,2,4.600,1
0.193,-0.018,-1.071,1,1,7.300,1,3,1,4.200,0
1.172,0.652,0.386,1,0,8.200,0,3,1,4.800,1
-1.276,0.365,-1.744,1,1,7.600,1,1,0,3.400,0
1.295,0.557,-1.183,1,1,7.800,1,2,2,4.300,0
-0.296,-0.401,-0.847,0,1,8.600,2,2,0,3.500,0
-0.296,1.419,-0.735,1,1,8.100,2,3,2,4.500,0
-0.541,-1.359,-0.174,1,1,8.400,1,2,2,4.100,0
-0.908,0.269,-1.295,0,1,7.700,1,1,0,4.500,1
1.295,-0.592,0.947,0,1,7.500,2,3,2,4.100,1
0.438,1.227,-0.511,1,1,6.600,1,2,2,4.600,0
-0.908,-0.592,-0.062,0,0,8.300,1,2,0,4.200,0
-0.419,-0.592,-0.511,0,0,7.500,0,1,0,4.400,0
1.295,1.131,0.611,1,1,8.600,2,2,1,4.600,1
1.295,-0.497,0.835,1,1,8.100,2,2,2,3.700,1
0.438,-0.688,-0.735,0,0,7.800,0,2,0,4.800,0
0.560,0.174,0.723,1,1,8.400,2,3,0,4.800,0
-1.153,0.557,-1.183,1,0,8.400,0,2,1,4.000,0
-1.643,-0.784,-1.071,1,1,6.500,0,2,2,4.000,0
-0.908,-0.880,-1.183,1,1,7.800,1,2,0,3.600,0
-1.031,0.557,-0.847,1,1,7.300,1,1,0,4.600,0
0.560,1.706,1.395,1,1,8.400,2,2,2,4.800,1
1.295,1.323,0.835,1,0,8.100,2,3,3,4.700,0
-0.419,-1.071,0.723,1,1,8.200,1,1,2,4.500,1
-0.174,-0.592,-0.847,1,0,7.700,1,2,2,3.800,0
-0.296,1.323,-0.398,1,1,7.500,1,2,1,4.400,1
0.316,-1.359,-1.632,0,1,6.500,1,1,0,3.900,0
-1.888,-1.359,-1.520,0,0,6.900,1,1,1,4.600,0
-1.888,-1.359,-0.398,0,0,6.500,1,1,1,4.000,0
-2.377,-1.359,-1.295,0,1,6.500,1,2,0,4.700,0
-1.398,-0.975,-1.071,1,1,7.500,1,1,1,4.600,0
1.295,0.844,0.947,1,1,7.800,2,3,0,4.800,1
1.295,0.174,1.283,1,1,8.200,2,3,2,4.100,1
-0.419,-0.401,-1.520,0,0,7.700,1,3,1,4.000,0
0.683,0.461,0.947,1,1,7.700,2,2,2,4.800,0
1.295,1.993,0.947,1,1,8.500,2,3,2,4.800,1
1.295,0.652,1.283,1,1,8.500,2,3,2,4.800,1
0.438,-1.167,-1.407,0,1,8.200,2,3,1,4.300,1
1.172,-1.263,-0.511,0,1,6.800,1,1,1,4.600,0
-2.010,-0.688,-0.511,0,1,7.400,1,1,0,3.800,0
0.805,1.514,1.059,1,1,7.800,0,2,0,4.100,0
-0.541,-1.359,-0.735,0,1,7.600,1,1,0,3.600,0
0.316,0.461,0.611,1,1,7.500,1,3,0,4.500,1
0.928,1.419,0.723,1,0,8.400,2,3,1,4.800,1
1.295,0.461,1.507,1,1,7.800,2,3,2,4.800,1
0.071,0.174,-0.174,0,1,7.700,2,2,2,4.400,1
0.071,-1.263,-0.847,1,1,6.800,1,2,0,4.500,1
0.071,0.461,0.498,1,1,8.100,1,2,0,4.000,1
1.050,1.993,0.498,1,1,8.400,2,3,2,4.500,1
1.050,-0.018,0.947,1,1,7.400,1,3,0,4.800,1
-0.786,0.174,1.395,1,1,8.300,2,3,0,4.500,0
0.316,-0.497,-1.071,0,1,7.600,1,2,1,4.700,0
1.295,1.227,1.171,1,1,8.400,2,3,0,4.200,1
0.193,0.940,1.171,1,1,7.700,1,3,0,4.800,1
-1.153,-0.784,-1.295,0,0,7.900,2,1,1,4.700,0
1.172,-0.784,-0.511,1,1,7.500,1,3,2,4.800,0
-0.296,0.365,0.611,1,1,7.700,1,2,0,4.300,1
-2.010,-0.018,-0.623,0,0,6.700,0,1,0,3.400,0
-2.010,-1.359,-1.183,0,1,7.600,1,2,0,4.100,0
0.560,0.844,1.395,1,1,7.600,2,3,0,4.500,0
-0.908,0.557,-0.511,1,1,7.600,1,3,2,4.800,0
-0.664,-0.688,-0.286,1,1,6.500,1,2,1,4.600,0
0.071,-0.975,-0.735,1,1,7.000,1,3,1,4.800,1
-0.786,-0.975,-0.847,0,1,7.700,1,1,0,3.900,1
1.295,0.652,1.171,1,1,8.400,2,2,0,4.500,0
-1.398,0.461,-1.295,0,0,6.500,2,1,2,4.200,0
0.805,1.419,0.723,1,1,8.100,2,3,2,4.500,1
-1.643,-0.880,-0.735,0,0,7.500,0,1,0,4.300,0
-1.153,-0.688,-0.847,0,0,8.100,1,1,1,4.600,0
1.295,0.748,1.283,1,1,8.100,1,3,2,4.400,1
0.438,0.940,1.283,0,1,7.600,0,1,0,4.000,0
0.438,-0.305,-0.286,0,1,7.800,1,2,1,3.500,0
0.193,1.227,-1.520,0,0,7.400,1,1,1,4.200,0
-0.786,-1.167,-0.398,0,1,8.300,1,2,0,3.600,0
0.438,0.365,0.723,1,1,8.500,2,3,2,4.600,1
1.295,-1.359,0.835,1,1,6.700,1,2,0,4.700,1
-1.031,-1.263,1.283,1,1,6.600,1,2,0,3.800,0
0.683,1.323,0.498,1,1,8.100,2,1,0,4.100,1
0.071,-0.784,-1.407,0,1,7.500,0,1,0,3.900,0
-0.786,-1.359,-1.744,0,0,6.500,1,1,1,4.500,0
-2.010,-1.071,-0.959,0,0,6.500,0,1,1,3.700,0
1.295,1.802,0.274,1,0,7.900,2,3,2,4.800,1
-0.296,0.940,-0.062,1,1,8.300,1,3,2,4.500,1
-0.174,-1.359,-0.623,0,0,7.000,1,1,1,4.700,0
1.050,-1.359,-0.062,0,0,7.300,1,2,1,4.800,0
-0.541,0.269,-1.071,1,1,7.500,0,1,0,4.100,1
0.071,-0.497,1.171,1,1,8.200,0,3,2,4.400,1
0.071,-1.071,-1.295,0,1,8.200,1,3,1,4.000,0
-0.786,-1.263,-0.735,0,0,7.800,0,1,0,4.400,1
1.295,0.461,-0.735,0,0,8.700,1,2,1,4.600,0
0.316,-1.359,-1.520,1,0,7.200,1,2,2,4.500,0
1.050,0.748,-0.286,1,1,7.700,1,2,2,4.600,1
0.683,-0.018,1.283,1,1,8.300,1,2,3,4.600,1
0.071,0.557,0.835,1,1,8.900,0,1,2,4.800,1
1.295,0.078,1.507,1,1,8.700,1,3,2,4.800,1
1.295,-0.114,1.059,1,1,8.600,1,3,2,4.700,1
1.172,1.514,1.507,1,0,8.000,2,1,2,4.800,0
-0.174,1.323,-1.632,0,1,7.500,0,2,0,3.500,0
0.316,1.036,-0.847,1,1,8.300,2,3,0,4.600,1
1.295,0.844,1.395,1,1,8.300,2,3,2,4.800,1
-1.031,-1.359,1.283,0,1,6.500,0,2,0,4.100,0
1.295,1.323,1.059,1,1,8.500,1,3,2,4.800,1
-1.276,0.652,-1.071,0,0,8.400,1,1,2,4.400,0
-0.664,0.461,0.723,0,1,7.800,0,2,1,4.500,1
0.193,0.940,1.507,1,1,8.300,1,3,1,4.300,0
0.193,-1.359,-1.071,0,0,7.700,1,1,0,3.900,0
-1.398,-1.359,-0.735,0,1,7.600,1,2,1,4.100,0
0.805,-1.359,-0.511,0,1,6.900,0,1,1,3.800,1
0.438,-0.880,-0.398,0,1,7.500,1,2,0,4.200,0
-0.419,-1.359,-0.511,0,0,6.500,1,1,0,3.800,0
-2.255,-1.359,-0.847,0,1,7.600,0,2,0,3.800,0
-0.419,0.748,0.835,1,1,8.000,0,3,2,4.700,1
-0.541,-1.359,-1.071,0,0,7.500,1,1,1,3.900,0
1.295,1.323,0.611,1,0,8.300,2,3,2,4.700,1
-1.398,-1.263,-0.623,1,1,6.500,1,1,0,4.300,0
-0.786,-1.359,-1.071,0,1,6.700,1,2,0,4.500,0
-0.664,1.227,-0.623,1,0,8.200,1,1,2,4.500,1
0.805,0.269,0.947,1,1,8.500,0,1,0,4.700,1
0.316,1.419,0.835,1,0,6.700,2,3,2,4.800,1
0.683,-1.071,-0.398,0,1,6.700,1,1,0,4.000,0
-0.541,-1.071,-0.398,0,0,6.500,1,2,0,4.000,0
1.295,1.514,1.283,1,1,8.700,2,3,2,4.800,1
1.295,0.269,0.947,0,1,7.500,1,2,1,4.600,1
-0.174,1.036,-0.511,0,1,7.400,0,2,2,3.800,0
0.683,1.514,1.507,1,1,8.200,2,3,2,4.000,1
0.316,-0.975,-0.286,1,1,8.200,1,2,2,4.300,0
-0.664,1.036,0.498,1,0,7.900,1,1,2,4.800,0
-0.541,-0.880,-0.286,1,1,8.100,0,2,0,4.300,0
-0.908,0.078,-0.511,1,0,8.400,1,3,2,4.600,1
-1.398,-1.359,-1.744,0,0,7.900,1,2,0,3.700,0
-0.786,-1.359,-1.968,0,0,6.500,1,1,1,4.200,0
1.295,0.844,1.395,1,1,7.900,2,3,2,4.800,1
-1.153,-1.359,-0.511,1,1,7.500,1,2,2,4.700,0
0.193,1.227,-0.735,1,0,6.500,2,3,2,3.500,1
0.071,-0.784,-0.735,0,1,7.500,1,2,0,3.900,0
-2.377,-1.359,-1.071,0,1,7.400,1,1,0,4.200,0
0.316,-0.305,0.835,1,1,7.700,1,1,1,4.600,0
-1.276,-1.263,-1.407,0,0,8.100,1,1,0,3.800,0
-1.888,-1.359,0.835,0,1,8.200,0,1,1,3.900,0
-1.398,0.748,1.059,1,0,8.300,2,3,2,3.900,1
0.438,1.036,1.395,1,1,8.200,1,3,0,4.400,1
0.683,1.036,1.059,1,1,8.100,2,3,2,4.600,1
-0.541,-0.880,-0.735,0,1,7.600,1,1,2,4.800,0
0.560,0.748,0.611,1,1,9.000,2,3,2,4.400,0
1.295,1.419,1.283,1,1,8.300,2,3,0,4.800,1
-1.398,-0.018,-0.398,1,1,6.500,1,2,1,4.500,0
0.928,0.557,-0.286,1,1,8.200,2,3,2,4.800,1
0.071,0.844,-1.968,1,1,7.800,1,3,0,3.800,1
1.172,1.802,-0.847,1,1,8.100,2,3,2,4.800,0
1.295,0.461,1.283,1,1,8.200,1,2,2,4.800,1
0.805,0.078,0.947,1,1,7.600,2,2,0,4.600,0
1.295,0.940,1.171,1,1,8.700,2,3,2,4.800,1
1.295,-1.359,0.723,1,1,8.400,1,2,0,4.700,0
0.928,0.940,-0.847,1,1,8.000,1,3,0,4.300,0
-0.174,-1.071,0.050,0,0,7.700,0,1,1,4.100,0
-1.031,0.940,-0.062,1,1,7.500,0,1,1,4.400,0
-1.765,-1.359,-0.286,0,0,7.700,1,1,0,3.900,0
1.295,0.557,1.059,1,1,8.900,2,1,2,4.700,1
1.295,0.557,1.171,1,1,8.200,1,3,2,4.500,1
0.438,0.748,0.947,1,1,8.200,1,3,1,4.100,0
0.193,1.036,0.947,1,1,8.100,0,2,0,4.500,0
-2.377,-0.401,-0.398,0,0,6.500,0,2,1,3.100,0
-0.419,0.461,-1.071,1,1,7.600,0,1,0,3.500,1
-1.031,-1.167,0.050,1,1,7.600,0,3,0,3.900,0
0.683,1.419,0.947,1,1,6.700,2,3,0,4.400,1
0.193,-0.592,-1.520,1,1,7.500,0,2,0,4.300,0
0.805,0.652,1.507,1,1,7.900,0,3,1,4.600,1
0.316,-0.018,0.723,1,1,8.200,1,3,2,4.300,0
1.295,0.940,0.947,1,1,8.500,2,3,2,4.800,1
-0.908,-1.359,-0.174,0,1,7.500,1,2,1,4.800,0
1.295,1.323,1.283,1,1,8.800,2,3,2,4.800,1
-1.643,-1.359,-1.520,0,1,7.500,0,2,1,3.900,0
1.295,1.131,1.395,1,1,8.600,1,2,2,4.600,1
-0.908,0.365,-0.623,0,0,7.400,2,2,1,3.500,0
-1.643,-1.359,-0.398,0,0,7.500,1,1,0,3.900,0
-0.296,-1.359,1.059,0,1,8.200,1,3,0,3.400,0
-1.031,-1.359,-0.959,0,1,7.700,1,1,0,4.300,0
0.560,-1.359,-0.398,1,1,8.100,1,2,0,4.400,0
-1.153,0.461,1.171,1,1,7.700,1,2,1,4.800,0
1.295,0.940,1.059,1,1,8.500,1,2,2,4.600,1
-0.174,-0.688,-0.286,0,1,6.500,1,1,1,3.500,0
-0.052,1.131,-1.295,1,1,8.200,1,1,0,4.500,1
0.316,0.652,1.395,0,1,6.800,1,2,0,4.000,0
-1.398,0.940,-0.959,1,1,8.300,1,1,1,4.300,0
-1.153,0.078,1.507,1,1,7.000,1,1,2,4.800,0
-1.276,-0.401,-1.968,0,0,7.000,1,1,0,4.100,0
-0.664,0.461,1.059,1,1,8.400,2,3,0,4.300,0
0.193,-0.688,-0.847,0,0,7.600,1,1,0,4.500,0
-2.377,-0.975,-0.062,0,0,7.500,0,1,1,4.200,0
-1.276,-0.592,-1.071,0,0,7.700,0,1,0,4.100,0
1.050,0.461,1.283,1,1,8.500,2,3,0,4.700,1
-1.153,-1.359,-0.286,0,1,7.500,1,2,0,4.200,1
0.438,0.365,0.498,1,1,7.900,0,3,2,4.800,1
0.560,1.131,1.507,1,1,6.800,2,3,2,4.800,1
-0.174,-1.359,0.050,0,1,7.400,1,2,2,4.500,0
-0.786,0.652,-0.398,1,1,7.500,1,2,1,4.200,0
-1.888,0.078,1.395,1,1,6.500,0,1,1,4.500,0
0.805,1.131,1.395,1,1,8.400,1,2,2,4.800,1
1.295,-0.018,0.835,1,1,8.400,2,3,2,4.600,1
0.560,0.844,1.395,0,0,8.700,1,2,2,4.300,0
0.071,-0.018,-0.623,0,1,7.600,1,2,0,4.600,0
1.172,0.844,-0.623,0,0,7.100,1,2,0,4.700,0
0.928,0.940,1.283,1,1,8.400,2,3,2,4.800,1
-2.377,-0.784,-1.407,0,0,7.900,0,1,0,3.100,0
-0.174,1.610,-0.062,1,0,7.600,1,3,3,4.700,1
-0.908,1.227,0.723,1,1,8.000,1,2,2,4.300,0
-0.296,-1.359,-0.174,0,1,7.400,1,1,0,3.800,0
1.172,0.269,1.059,1,1,8.100,2,3,2,4.800,1
-1.276,-0.305,-0.959,0,0,6.500,1,1,0,3.400,0
1.295,1.323,0.723,1,1,8.600,1,2,2,4.500,0
0.438,0.844,0.723,1,1,7.500,1,3,0,4.100,1
0.805,1.323,0.723,1,1,8.500,2,3,2,4.800,1
-0.541,0.844,-0.847,1,1,7.000,1,2,0,4.600,0
1.295,1.323,0.723,1,1,8.300,1,3,0,4.400,1
-2.377,-0.784,-0.735,0,0,6.500,0,1,1,3.700,0
0.928,1.227,1.507,1,1,7.900,1,3,2,4.800,1
-1.153,-1.359,-0.398,0,1,7.500,1,1,0,4.300,0
0.805,0.557,1.171,1,1,8.600,2,3,2,4.100,1
1.295,1.419,0.386,1,1,8.400,0,1,0,4.600,1
-0.786,0.652,0.050,1,1,8.300,0,3,1,4.400,0
1.050,0.461,1.059,1,0,8.200,1,3,2,4.400,0
1.295,0.652,1.507,1,1,6.700,0,3,2,4.800,1
-0.419,-0.784,-0.623,0,1,7.400,1,2,0,4.400,0
0.438,0.748,0.386,1,1,8.400,2,3,2,4.700,1
1.295,0.652,1.507,1,0,8.200,2,3,2,4.800,1
1.295,1.514,1.395,1,1,8.500,2,3,2,4.800,1
-2.132,-0.209,-0.511,0,0,7.600,1,1,0,3.400,0
-1.398,-1.359,1.171,0,1,7.700,1,2,1,4.200,0
-0.296,-1.359,-0.511,0,0,6.600,1,1,0,3.900,0
1.050,-0.688,0.723,0,1,8.100,0,2,1,4.800,1
-0.541,1.323,-0.847,0,1,6.500,0,1,0,4.100,0
1.295,1.323,0.274,1,1,8.200,2,3,2,4.200,1
-0.786,1.227,1.395,1,1,7.700,0,2,0,4.200,1
1.295,1.514,1.283,1,1,8.400,2,3,2,4.500,1
1.050,1.514,1.059,1,1,8.500,2,3,2,4.600,1
-1.153,-0.114,-0.735,0,0,6.500,1,2,2,4.100,0
-0.052,-1.359,-0.286,0,1,7.300,1,2,0,4.600,0
1.295,1.036,0.947,1,1,8.500,1,3,0,4.300,1
0.438,0.461,0.947,0,1,7.800,2,3,2,4.800,0
1.295,0.940,1.059,1,1,8.100,1,3,2,4.800,1
-0.908,-1.071,-1.183,0,0,7.100,1,1,1,3.200,0
0.193,-1.167,-0.511,1,1,6.700,1,1,0,4.600,1
-0.052,-1.359,-1.183,0,1,7.200,1,2,0,4.100,0
0.071,1.706,-0.735,0,0,8.300,2,3,0,4.200,0
-0.541,-0.688,-0.511,1,1,7.900,0,3,0,3.600,1
-1.643,-0.880,-1.183,0,0,7.300,1,1,1,4.400,0
-0.541,-0.592,0.611,0,0,7.200,0,1,1,4.100,0
0.805,1.419,1.507,1,1,6.500,1,2,1,4.300,1
-1.031,-1.359,-0.286,1,1,7.900,1,3,0,3.900,0
1.050,0.461,1.283,1,1,8.700,0,3,2,4.700,1
-0.908,-1.359,-1.520,0,0,7.600,0,1,0,3.600,0
1.295,1.706,1.059,1,1,7.800,2,3,2,4.800,1
0.438,-0.784,-0.398,0,1,6.900,1,1,0,3.500,0
0.071,-1.263,0.835,1,1,7.900,1,3,1,4.200,1
0.071,0.844,-0.174,0,1,7.600,1,2,0,4.000,0
-0.419,-0.880,-1.295,1,0,6.500,1,1,1,4.300,0
1.050,1.419,0.947,0,1,8.100,0,3,3,4.300,1
-1.398,-0.497,-1.071,0,1,7.000,1,1,0,3.900,0
-0.052,-1.359,-0.286,0,0,8.300,1,2,1,4.200,0
-0.541,-0.880,0.723,0,0,6.700,0,1,0,4.200,0
-0.664,0.652,-0.847,1,1,7.600,0,1,2,4.600,1
-1.276,0.748,0.835,1,1,8.200,2,3,1,4.000,0
-1.153,-1.359,-1.183,0,1,7.500,0,1,1,4.500,0
-2.255,-0.305,-0.623,0,0,6.500,1,1,0,4.100,0
-0.908,-1.359,-0.847,0,0,6.500,0,1,1,4.500,0
-1.153,-0.784,-1.295,0,0,7.600,1,1,0,4.100,0
-0.052,0.940,-0.174,1,1,8.100,2,3,1,4.400,1
0.805,-0.784,0.835,0,1,8.100,1,1,0,4.800,1
0.438,0.844,1.171,1,1,8.000,0,3,2,4.700,1
-0.786,-1.263,-0.847,1,1,7.600,1,2,1,4.300,0
0.071,-0.401,-0.847,0,1,7.400,1,2,0,4.300,0
-0.296,0.174,1.059,1,1,8.400,2,2,2,4.800,1
-0.908,-0.401,-0.511,0,1,7.500,0,1,0,3.900,0
-0.908,-0.497,-1.295,0,0,7.400,1,1,0,4.300,0
1.295,0.940,1.171,1,1,8.700,0,3,2,4.800,1
-0.908,-0.880,-0.398,0,0,7.400,0,1,0,3.600,0
0.071,-0.497,-0.174,0,1,7.400,1,1,0,4.800,0
0.193,0.652,1.059,0,1,7.600,1,2,0,4.500,0
-0.541,0.940,0.611,1,1,7.700,1,2,2,4.700,0
0.560,0.365,0.835,1,1,8.800,1,3,2,4.200,1
-1.031,0.748,1.171,1,1,7.900,1,2,2,4.300,0
0.438,0.748,-0.511,1,1,7.800,2,1,2,4.300,0
0.683,-1.359,-1.071,1,1,6.500,1,1,2,4.600,1
1.295,0.365,0.835,1,1,8.100,2,2,2,4.500,1
-1.888,-0.018,-0.735,0,1,6.700,1,1,1,4.200,0
0.316,-0.018,1.059,1,1,7.600,1,3,0,4.800,1
-0.419,0.940,0.835,1,1,7.900,2,3,2,4.600,1
-1.520,-1.359,-0.847,0,1,6.500,0,1,0,3.500,0
-2.255,-1.359,-0.623,0,1,7.400,1,1,1,4.100,0
-0.174,0.940,0.386,1,1,7.300,1,3,1,4.500,0
-1.031,-0.114,-0.959,0,1,8.200,1,2,0,4.700,0
1.295,0.461,1.395,1,1,8.400,2,3,2,4.800,1
0.683,-0.784,-1.071,0,1,7.700,0,1,1,4.400,1
-1.153,-1.263,-0.398,1,0,8.200,2,2,2,4.200,0
-0.052,0.461,0.611,1,1,8.300,2,3,2,4.400,1
-0.541,0.365,0.947,1,1,8.400,0,3,0,4.600,1
1.295,1.131,1.395,1,0,8.200,2,3,2,4.700,1
-0.786,0.078,0.498,1,1,7.700,1,1,1,4.200,0
-1.643,-0.209,-0.174,0,0,7.600,1,1,0,4.100,0
-0.419,0.461,0.162,1,1,6.500,1,3,1,4.600,1
1.295,1.323,1.507,1,1,8.100,1,3,2,4.800,1
1.172,-0.305,1.283,1,1,8.100,1,3,3,4.800,1
1.295,1.419,1.171,1,1,8.600,1,3,2,4.800,1
-2.377,-0.209,-0.286,0,0,6.500,2,1,0,4.500,0
0.683,0.174,0.947,1,1,8.200,1,3,2,4.600,1
-2.377,-0.784,-0.174,0,0,6.600,1,1,1,3.900,0
-2.255,-1.359,-0.847,1,1,7.900,1,1,0,4.400,0
1.295,1.227,1.507,1,1,7.900,2,3,2,4.800,1
0.193,-1.359,-1.744,0,1,7.500,1,1,0,4.200,0
1.295,1.036,-0.623,1,1,7.600,1,1,2,4.800,0
-1.765,-1.071,-0.623,0,1,7.400,0,1,1,4.100,0
0.928,1.323,1.283,1,1,8.300,2,3,2,4.800,1
-0.541,0.844,-1.183,1,1,8.500,1,3,0,4.800,0
0.683,-1.167,-0.398,1,1,8.400,0,1,0,3.700,1
-0.908,-1.359,-0.735,0,1,7.500,1,1,1,3.800,0
0.438,0.652,1.059,0,1,8.500,2,2,0,4.700,0
1.050,0.174,0.947,1,1,8.000,2,3,2,4.800,1
1.050,0.461,-0.623,0,1,7.800,2,3,0,4.500,1
-0.664,-0.784,0.947,1,1,7.600,2,1,1,3.800,0
-1.031,-1.263,-1.183,0,1,6.600,0,1,0,4.300,0
-0.664,-1.359,-1.071,0,0,7.500,1,2,0,4.300,0
0.560,-0.880,1.171,1,1,8.400,2,1,2,4.500,0
1.295,1.323,0.947,1,1,8.400,0,3,2,4.800,1
1.295,1.514,0.386,1,0,8.200,2,3,2,4.800,1
0.316,1.802,1.059,1,1,7.800,2,3,3,4.300,0
0.316,-0.880,0.835,1,1,8.400,1,1,1,4.300,0
1.295,1.419,1.507,1,1,7.900,2,3,2,4.800,1
0.438,-1.359,-0.062,0,0,6.500,1,1,1,4.400,0
0.683,1.514,1.507,1,1,7.900,0,2,2,4.000,1
1.295,0.557,1.171,0,1,7.900,1,2,0,4.800,0
0.071,-0.114,1.283,0,1,7.600,1,2,2,4.500,0
0.316,0.557,1.507,1,1,8.500,2,3,2,4.700,1
0.683,-0.114,0.947,1,1,8.600,1,3,0,4.200,1
1.295,0.940,0.947,1,1,8.000,2,3,2,4.700,1
0.805,-1.359,-0.847,1,1,7.600,2,2,0,4.000,1
-0.786,-1.263,-1.407,0,0,7.600,0,1,1,3.300,0
1.172,0.940,0.386,1,0,8.600,2,3,2,4.800,1
1.050,1.323,0.274,1,0,8.600,2,2,2,4.800,1
1.295,0.652,1.507,1,1,8.600,2,3,2,4.800,1
-1.276,-0.975,-0.959,0,0,7.700,1,1,0,4.400,0
1.295,0.844,0.835,1,1,8.500,1,3,0,4.800,1
-1.153,-1.263,-0.959,0,1,7.600,1,2,0,3.600,0
1.295,1.514,0.386,1,1,8.600,2,3,2,4.800,1
-1.398,0.365,-0.511,1,1,8.500,2,3,1,4.000,0
-0.174,0.748,0.947,0,1,6.700,1,1,0,3.700,0
-0.052,0.174,0.947,1,1,7.700,1,3,3,3.600,0
0.193,-1.263,-0.174,0,0,6.500,1,1,1,4.600,0
-0.419,-1.359,-0.847,0,1,7.600,1,2,0,4.000,0
1.295,1.131,0.162,1,1,8.500,2,3,2,4.600,1
1.295,0.748,1.395,1,1,8.200,1,3,2,4.300,1
-1.031,-0.880,-0.735,0,0,6.800,1,1,0,4.400,0
0.316,0.652,-0.735,0,0,7.500,2,1,1,4.700,0
0.193,-1.167,0.947,1,1,8.700,0,2,0,4.700,1
1.295,0.940,1.507,1,1,8.100,2,3,2,4.700,1
0.316,1.036,1.171,1,1,7.500,0,2,1,4.200,0
-1.031,-0.209,-0.735,0,1,7.300,0,2,0,3.500,0
0.805,-0.401,-0.623,0,0,6.700,1,3,0,4.100,0
1.172,0.652,1.395,1,1,8.000,2,3,2,4.500,1
0.316,0.461,0.835,1,1,6.600,1,2,1,4.400,0
1.295,-0.784,0.835,1,1,7.500,1,2,1,4.800,1
0.928,1.036,0.835,0,0,6.600,0,3,0,4.500,0
0.683,1.993,0.498,0,0,7.600,1,2,1,4.600,0
-1.276,1.131,-1.744,1,0,6.700,0,1,2,4.400,0
-1.520,-0.975,-0.623,0,1,7.400,0,1,1,3.900,0
0.805,-0.209,0.611,1,1,8.200,0,3,0,4.000,1
-1.765,-1.359,-0.847,1,0,6.500,0,1,0,4.100,0
-0.052,-1.359,-1.407,0,0,7.900,0,1,0,4.200,0
-0.052,-0.975,-0.847,1,1,7.600,1,2,2,4.200,1
-1.031,-1.359,-0.735,0,0,7.200,0,2,1,3.600,0
-2.377,-1.359,-1.295,0,0,7.200,0,1,0,3.800,0
0.438,-1.359,-1.071,1,1,6.500,0,2,0,4.600,0
-0.786,-1.263,-1.407,1,1,7.500,0,1,1,4.600,0
-0.296,-0.401,-0.062,0,0,6.500,1,2,0,4.000,0
0.805,1.993,1.171,1,1,8.100,0,3,0,3.700,1
-1.276,-1.167,-0.959,0,1,7.400,1,2,1,3.400,0
0.193,-1.167,-1.183,1,1,7.500,1,1,0,4.700,1
1.295,-0.401,1.171,0,0,8.100,1,1,1,4.600,0
-1.153,0.078,-0.735,1,1,7.400,1,2,1,3.800,0
1.050,0.652,1.283,1,1,7.100,2,3,2,4.700,1
-0.052,-1.359,-0.623,0,1,6.500,1,1,0,4.400,0
1.295,0.461,0.498,1,1,8.200,2,1,2,4.600,1
-1.643,-0.880,-0.735,0,0,7.500,1,1,0,3.700,0
-1.398,-1.263,-0.286,1,1,7.800,1,1,0,4.300,0
-0.541,-1.359,-0.174,1,1,8.300,1,1,1,3.900,1
-0.419,1.323,0.611,0,0,8.300,2,2,0,3.900,0
-0.174,-1.359,-0.062,0,1,7.900,1,3,0,4.200,1
-1.031,-0.688,-0.286,0,1,7.400,1,2,1,4.100,0
1.295,1.036,1.283,1,1,8.700,2,3,2,4.800,1
0.071,-1.167,-0.847,0,1,7.700,1,2,0,4.000,0
0.193,0.269,-1.071,1,1,8.400,1,2,1,3.800,1
-1.153,-1.359,-0.286,0,1,8.300,0,2,0,4.100,0
-0.296,1.419,0.723,1,1,8.300,2,2,2,4.000,1
-1.276,-1.359,-1.632,0,1,7.700,1,1,1,4.500,0
-1.398,1.610,-0.398,1,1,6.500,1,3,1,4.000,0
1.295,0.078,-1.520,0,0,8.100,1,2,0,4.500,0
1.295,0.557,1.507,1,0,8.800,1,2,2,4.800,1
0.560,-1.359,0.050,0,1,7.600,2,2,0,4.100,0
1.295,0.940,1.059,1,1,8.800,2,3,2,4.800,1
0.805,0.269,0.611,1,1,8.100,2,1,0,4.300,0
-1.520,-0.975,-0.959,0,0,6.800,1,1,1,4.100,0
1.295,0.174,1.395,1,1,8.100,1,3,2,4.800,1
-0.174,-1.359,-0.286,0,0,7.800,1,1,1,4.200,0
0.928,0.461,1.171,1,1,8.200,2,1,0,4.800,1
-0.296,-0.305,-0.847,1,0,8.100,1,1,0,4.400,0
-0.664,-0.497,-0.623,1,1,8.400,2,3,0,3.600,0
0.316,0.365,-0.959,0,1,8.300,1,2,2,4.500,0
0.560,1.227,0.723,1,1,8.800,2,3,2,4.300,1
1.050,1.131,-0.847,1,1,8.600,0,1,1,4.200,0
-1.520,-0.880,-0.847,0,0,6.500,1,1,0,4.000,0
-0.174,-0.497,-0.623,1,0,7.800,0,1,0,4.000,0
0.071,-1.359,-0.286,1,1,7.300,1,2,1,4.300,1
1.295,1.514,0.835,1,1,7.800,1,3,1,4.400,1
-2.255,-0.497,-0.623,0,1,6.500,1,1,1,4.200,0
0.805,0.940,1.059,1,1,8.400,1,3,0,4.700,1
0.316,0.269,1.507,1,1,7.800,2,3,0,4.300,1
0.560,0.748,0.386,0,1,7.500,0,3,1,4.500,0
1.295,0.557,1.507,1,1,8.700,2,3,2,4.800,1
0.193,0.557,-1.520,0,1,7.500,1,1,1,4.000,0
-0.908,-1.359,0.050,0,0,6.600,1,2,1,4.100,0
-0.541,-1.359,-0.398,0,1,7.800,1,2,0,4.500,1
0.438,1.131,0.611,1,1,7.500,1,3,0,4.600,0
-0.419,-0.784,-0.174,1,1,6.500,2,1,0,3.700,0
-0.664,-0.018,0.162,1,0,8.400,1,1,1,3.800,0
-1.153,-0.688,-1.071,0,1,7.900,0,1,0,3.700,0
-0.664,0.365,-0.286,1,1,7.600,1,2,1,4.400,1
0.193,-1.359,-1.407,0,1,6.500,2,3,0,3.500,0
1.295,0.940,1.507,1,1,8.400,2,3,2,4.800,1
0.805,1.802,1.283,1,1,8.200,1,3,0,4.800,1
-0.052,1.419,0.498,1,1,8.000,1,3,1,3.900,1
1.172,0.557,0.835,1,1,8.100,1,3,2,4.800,1
-0.296,0.078,1.059,1,1,8.200,1,3,1,4.200,1
1.295,1.419,1.283,1,1,8.300,2,3,0,4.800,1
0.928,0.557,0.723,1,1,8.000,2,3,2,4.800,1
1.295,0.652,0.947,1,1,8.000,1,3,0,4.800,1
-0.541,-1.359,-0.062,0,1,7.400,1,2,1,4.200,0
-0.419,-0.975,-1.407,0,1,7.500,1,2,0,4.000,1
-1.643,0.940,-1.295,0,1,7.000,0,2,0,4.300,1
-1.398,0.365,1.395,0,1,7.800,2,2,2,4.500,0
-0.174,-1.071,0.498,1,0,8.100,2,2,0,4.800,0
0.193,1.227,0.611,1,1,8.200,2,3,3,4.800,1
-0.174,-0.880,-0.623,0,1,8.200,1,1,1,3.600,0
-0.296,1.227,-0.959,1,1,6.600,0,1,1,4.300,0
1.295,0.174,1.507,1,1,8.600,2,3,2,4.800,1
-1.031,0.461,-1.071,0,1,7.800,0,2,0,4.400,0
-0.296,-1.359,-1.295,1,1,7.200,0,2,1,4.600,0
-2.377,1.036,-0.847,0,0,6.900,0,1,0,4.600,0
-0.419,0.557,0.835,1,1,6.500,1,2,0,4.500,0
1.295,0.461,1.059,1,1,8.600,1,3,2,4.800,1
-0.419,-0.880,-0.174,1,1,6.500,1,1,1,4.600,0
1.295,1.993,0.947,1,1,8.100,2,3,2,4.800,1
-0.174,0.844,-0.623,0,1,7.400,0,2,0,4.400,0
1.295,1.323,0.835,1,1,8.200,2,3,2,4.800,1
0.683,1.323,1.059,1,0,7.700,2,3,1,4.200,1
-0.052,0.078,1.059,1,1,7.700,1,3,1,4.400,1
-0.296,-0.592,-0.847,0,0,6.700,0,1,1,3.700,0
-0.664,-0.784,-1.295,0,1,7.400,1,1,3,4.100,0
-1.520,0.461,-0.959,1,1,8.200,0,1,1,4.200,0
0.928,-1.167,-1.520,0,0,7.400,1,3,1,3.600,0
-1.398,-1.071,-1.744,1,1,7.200,0,1,1,4.300,0
0.683,1.706,0.611,1,0,8.100,0,2,1,4.800,0
-2.377,-1.359,-0.847,0,0,7.500,0,1,0,3.700,0
1.295,0.940,1.171,1,1,8.200,1,3,2,4.400,0
-0.786,-0.401,-0.511,0,0,7.600,1,1,1,3.900,0
0.071,0.748,1.171,1,1,7.900,2,3,2,4.500,1
1.295,1.514,0.611,1,1,9.000,2,3,0,4.800,1
-0.908,-0.497,-1.071,1,0,8.100,1,1,2,4.100,0
0.193,-0.305,-0.286,1,1,8.000,1,2,0,4.200,0
0.683,0.652,0.947,1,1,8.200,1,3,1,4.700,1
1.295,1.036,1.395,1,1,8.400,1,3,2,4.800,1
0.316,1.802,0.723,1,1,8.600,1,3,2,4.800,1
1.295,0.557,-0.398,1,1,8.300,2,3,0,4.600,0
-0.052,1.323,0.723,0,1,7.300,0,2,0,3.800,0
-0.174,-1.359,-0.511,0,1,7.600,0,1,0,3.200,0
-0.908,1.323,-1.071,0,0,6.600,0,1,1,3.400,0
-1.398,-1.359,-0.959,0,1,6.500,1,2,1,3.700,0
-1.398,-0.114,-1.407,1,0,8.200,1,1,1,3.700,0
-0.052,0.844,0.947,1,1,8.300,1,3,2,4.400,1
-0.786,1.993,-0.286,0,1,7.400,1,0,2,4.200,0
1.295,1.036,1.283,1,1,8.400,0,3,2,4.800,1
-0.664,-0.114,-0.847,0,1,7.800,0,3,0,4.100,0
-1.153,-1.071,-0.847,0,1,7.400,1,1,1,3.200,0
-0.664,-0.305,-0.398,0,1,7.000,1,1,0,4.300,0
1.172,1.419,1.507,1,1,8.200,1,3,2,4.500,1
-1.153,-1.359,-0.623,0,1,7.600,1,1,1,4.700,0
-0.174,0.652,-0.062,0,1,7.500,1,1,2,4.400,0
-0.174,0.652,0.835,1,1,8.300,1,3,0,4.700,0
-0.664,0.652,-0.398,1,1,6.600,1,3,1,4.500,0
0.071,0.844,-1.071,1,1,7.900,2,3,2,4.300,1
0.193,-0.497,-0.511,0,0,8.000,2,1,2,3.900,1
-0.419,-0.114,1.171,1,1,7.600,1,2,2,4.800,0
-0.541,-1.359,-1.071,0,0,8.000,1,1,0,4.000,0
-2.255,-1.359,-0.959,0,1,6.500,1,2,1,3.900,0
0.071,1.227,-1.071,0,1,7.600,1,2,1,4.800,0
0.071,-1.167,-0.847,0,0,6.500,1,1,1,3.600,0
0.438,-0.592,-1.183,0,1,7.700,2,1,0,4.600,0
-0.419,-0.688,-1.071,0,0,7.700,1,1,1,4.000,0
-0.419,0.078,1.171,1,1,7.700,2,3,2,4.800,1
-0.296,1.036,0.723,0,1,8.300,1,2,3,4.100,1
-0.786,1.227,-1.183,1,1,8.200,1,3,2,4.500,1
0.438,1.131,0.723,1,1,7.600,1,3,0,4.300,1
-0.786,-0.784,-0.398,0,1,7.800,1,2,0,4.100,0
0.193,-0.497,-1.071,0,1,6.500,0,1,0,4.100,0
0.071,-1.359,-0.959,0,1,7.700,1,1,0,4.000,0
1.295,-0.305,0.947,1,1,8.900,1,3,2,4.300,1
0.438,1.036,1.395,1,1,8.500,2,2,0,4.700,0
-0.419,0.174,-0.735,1,1,6.700,1,2,1,4.600,0
-0.419,-0.401,-0.735,0,1,7.400,0,1,0,4.300,0
-1.031,-0.592,-1.520,0,0,6.500,1,1,0,3.600,0
1.050,1.131,1.171,1,1,7.900,2,2,2,4.800,1
-2.377,-1.359,-0.735,0,1,6.800,1,1,1,3.600,0
-0.541,1.227,0.835,1,1,7.800,1,3,0,4.200,1
1.295,1.706,1.507,1,1,8.300,1,3,2,4.800,1
1.295,0.940,-0.623,1,1,7.700,0,2,0,4.400,1
0.316,0.557,1.059,1,1,8.600,1,3,2,4.600,1
0.438,-1.359,-1.071,0,0,6.500,1,1,1,4.400,0
0.438,-0.497,-0.398,0,1,7.800,1,1,1,3.700,0
0.438,-0.592,-0.959,0,0,8.100,2,1,0,4.100,0
1.295,1.706,1.507,1,1,8.000,2,3,2,4.800,1
-0.541,0.269,-1.071,0,1,8.000,1,1,2,3.700,0
-0.908,-1.359,-0.959,0,0,6.500,1,1,0,4.500,0
1.295,0.461,1.171,1,1,8.300,0,3,0,4.800,1
-1.888,-1.359,-1.071,0,1,8.300,2,2,1,4.000,1
-0.174,-1.359,-0.623,0,1,7.500,1,1,1,4.400,0
-1.276,-1.359,-0.511,0,1,8.200,1,1,0,4.500,0
0.071,-1.359,-0.623,1,0,7.700,1,1,1,4.100,0
1.295,1.227,1.507,1,1,8.200,2,3,2,4.800,1
-0.419,-1.359,-0.623,0,0,7.200,0,1,1,4.200,0
1.295,0.269,1.507,1,1,8.100,1,3,2,4.600,1
0.071,-0.784,1.507,0,1,7.400,0,2,2,4.800,1
1.295,-0.880,-0.623,0,1,7.900,1,1,0,4.100,1
-1.153,-1.359,-0.959,0,1,7.500,1,2,0,3.700,0
0.805,0.940,1.059,1,1,8.300,2,3,2,4.600,1
-1.888,-0.688,-0.959,0,1,6.500,0,1,0,3.900,0
0.683,0.461,-0.398,1,1,7.400,1,1,3,4.000,0
0.928,1.036,-0.398,0,1,6.600,1,2,0,4.600,0
-0.541,-1.359,-0.062,0,1,7.300,1,1,1,3.700,0
0.316,-1.167,-0.174,1,1,8.300,2,3,2,4.800,1
-0.174,-1.167,-0.959,0,0,6.500,1,2,1,4.500,0
-0.419,-0.018,-0.847,1,1,8.100,2,3,3,4.500,0
-1.276,-0.784,-1.744,0,0,7.500,0,2,0,3.600,0
0.316,-1.359,1.059,1,0,7.700,1,1,0,4.600,0
0.071,0.844,0.723,1,1,7.700,1,3,3,4.100,0
-0.174,1.419,0.835,1,1,8.100,1,2,0,4.200,1
-0.664,0.844,1.059,1,1,8.300,1,3,2,4.700,0
-0.296,0.557,0.050,0,1,7.200,1,3,0,4.600,0
-0.296,-0.018,-1.071,1,0,8.100,0,3,0,3.900,0
-0.419,0.174,1.171,1,1,6.600,1,1,2,4.000,0
-0.908,-1.359,-1.968,0,0,6.900,0,1,0,4.400,0
-1.153,1.036,1.395,1,1,8.600,1,3,2,4.300,1
0.438,-0.880,0.947,1,1,8.000,1,2,0,4.600,0
1.295,0.174,1.507,1,1,8.200,1,2,2,4.800,1
0.805,0.748,0.611,1,1,8.400,0,2,0,4.600,0
-0.541,-1.359,-1.183,1,1,8.000,1,1,2,3.600,0
1.295,1.706,0.162,1,1,8.300,2,3,2,4.800,1
1.295,0.748,1.171,1,1,7.300,1,3,2,4.500,1
0.316,0.174,0.835,1,1,8.600,1,3,0,4.300,1
0.928,0.365,1.283,1,1,8.500,2,3,2,4.600,1
-1.643,0.844,-0.398,0,0,8.300,1,3,1,4.300,0
0.805,1.610,-1.295,1,1,8.200,1,2,1,4.300,1
0.683,0.174,1.171,1,1,7.500,2,2,1,4.600,1
-0.664,-1.359,-0.735,0,0,7.800,1,2,1,4.300,0
0.193,0.078,1.171,0,1,8.100,1,3,2,4.500,0
1.295,0.174,-0.286,1,1,8.100,1,2,1,4.700,0
-1.888,-1.359,-1.183,0,1,7.500,0,1,1,4.300,0
-1.276,-0.784,-0.511,1,1,7.700,1,2,1,4.800,1
-0.419,0.940,-1.071,1,1,6.500,0,1,2,4.100,0
-1.276,0.269,-1.632,0,1,6.500,1,2,1,4.100,0
-0.541,-1.263,-0.959,0,0,7.400,0,1,0,3.800,0
-0.786,-1.359,-1.407,0,0,7.200,0,1,0,3.700,0
-0.174,0.365,-0.286,0,0,6.800,1,1,1,4.100,0
1.295,0.652,0.386,1,1,8.400,2,2,0,4.100,0
1.050,1.323,1.283,1,1,7.600,2,2,1,4.800,0
0.928,0.748,-0.511,1,1,6.500,1,3,2,4.700,1
0.071,0.844,0.611,1,1,7.300,1,1,0,3.600,1
0.560,0.748,-0.735,0,1,7.400,2,3,1,4.800,1
0.316,-1.359,-0.511,0,0,7.700,1,1,2,4.400,0
0.805,0.078,0.611,1,0,8.300,1,3,2,4.800,0
-0.541,-1.359,-1.407,0,0,7.500,1,1,0,3.600,0
-1.643,-1.263,-0.286,0,1,8.600,0,1,0,4.400,0
0.683,0.940,1.171,1,0,8.500,1,3,0,4.200,0
0.928,-0.209,1.059,1,1,8.300,2,3,2,4.300,1
1.295,1.514,1.507,1,1,8.500,2,3,2,4.800,1
0.438,-0.975,1.395,1,1,7.500,1,3,0,4.700,1
-0.664,-1.071,-0.847,0,0,6.500,1,1,0,4.600,0
-0.296,-1.359,-0.511,0,0,6.500,1,3,0,4.400,0
-1.276,0.844,-1.071,1,1,7.700,0,1,1,4.800,0
-1.520,0.174,-0.735,1,1,7.900,1,1,1,3.300,0
1.295,1.036,1.059,1,1,8.400,2,3,2,4.800,1
0.071,-0.209,-0.174,0,1,7.400,0,2,0,4.200,0
-0.664,1.323,1.507,0,1,6.600,1,2,1,4.100,1
0.193,-0.784,-1.295,0,0,6.500,1,1,2,3.800,0
0.928,0.940,0.386,1,1,8.000,2,2,2,3.800,1
-1.153,-1.359,-1.632,0,1,6.500,1,1,1,3.300,0
-1.398,0.557,-0.398,1,0,7.700,0,1,2,4.200,0
1.172,-0.688,1.395,1,1,8.400,0,1,2,4.800,1
0.560,0.174,1.059,1,0,7.900,1,3,2,4.800,1
-1.888,-1.263,-0.398,0,1,7.400,1,1,0,4.200,0
1.295,0.844,0.947,1,1,7.500,1,3,0,4.300,1
0.438,0.940,1.059,1,0,8.300,1,2,0,4.200,0
-0.174,0.557,-0.398,1,1,6.800,1,2,0,4.300,1
-0.786,-1.359,-1.744,0,1,6.700,1,2,0,3.400,0
0.560,-1.263,-0.623,0,1,7.500,1,1,0,4.200,0
-0.174,-1.359,-0.735,0,1,7.700,1,1,0,3.800,0
-1.153,0.269,-1.183,0,1,8.000,1,1,1,4.000,0
-0.541,0.557,-0.062,1,0,7.900,1,3,0,4.100,0
0.438,0.365,1.395,1,1,8.600,0,3,2,4.800,1
-0.786,0.461,-1.295,1,1,6.900,1,2,0,4.200,0
1.295,0.365,0.723,1,0,8.300,2,2,2,4.700,0
0.193,0.557,0.274,1,1,7.700,1,2,0,3.900,0
1.295,0.365,-0.847,1,1,7.400,1,2,1,4.800,1
-0.541,1.323,1.171,1,1,8.300,0,3,2,3.800,1
-0.908,-0.975,0.162,0,1,6.500,0,2,1,3.000,0
-0.052,0.078,0.611,1,1,7.500,2,3,2,4.400,1
-1.276,-1.359,-1.856,0,1,6.900,1,2,0,4.000,0
-1.888,-1.071,-0.735,0,1,6.500,0,1,0,3.900,0
-0.786,-1.359,-1.968,0,0,7.400,0,1,1,4.400,0
-1.888,-1.359,-1.407,1,1,6.600,1,1,0,3.200,0
-1.153,-1.359,-0.959,0,1,7.700,0,2,0,4.000,0
-0.052,0.365,1.507,1,1,8.100,1,1,0,4.400,0
-1.031,-0.784,-0.959,0,1,7.600,1,2,1,4.100,0
0.560,-0.688,-1.183,1,1,7.600,1,1,0,4.200,0
1.295,0.461,1.171,1,1,7.800,2,3,2,4.500,1
1.295,0.461,1.507,1,0,8.500,2,3,0,4.800,1
-0.664,-0.688,0.947,1,1,8.100,1,3,0,4.000,1
-0.296,0.078,-0.735,0,0,6.900,0,2,0,4.200,0
0.683,0.365,-0.398,0,1,6.500,1,1,2,4.300,0
0.438,0.940,-1.520,1,0,6.800,2,1,2,4.700,0
0.928,0.174,-0.511,1,1,7.800,0,3,1,4.400,0
0.438,0.652,0.835,1,1,8.700,2,3,2,4.800,1
0.438,1.323,0.611,1,1,7.000,1,1,2,4.800,1
-1.276,-1.359,-0.286,1,1,8.400,0,2,0,4.000,1
-2.010,-1.167,-0.735,0,1,6.500,1,1,0,4.500,0
-0.419,1.419,0.947,1,1,6.700,1,3,1,4.400,1
-1.765,-0.592,-0.959,0,0,7.400,1,1,1,4.300,0
1.295,0.174,1.395,1,1,8.600,1,3,2,4.800,1
1.172,1.323,1.171,1,1,8.600,2,3,0,4.800,1
1.295,0.557,1.283,1,1,8.600,0,3,2,4.800,1
0.193,-0.784,-0.735,0,1,7.500,1,2,1,4.200,0
-0.419,-1.359,-0.062,1,1,6.500,1,3,1,4.100,0
0.071,1.897,1.283,1,1,7.900,1,3,2,4.800,1
1.295,0.078,0.835,0,1,8.100,1,1,0,4.700,0
0.438,0.844,1.171,1,1,7.800,2,3,2,4.700,1
0.071,0.844,-0.847,1,0,6.800,1,3,0,4.400,0
0.805,0.557,-0.959,1,1,8.000,0,3,1,4.300,1
1.295,0.748,1.507,1,1,8.500,2,3,2,4.800,1
0.683,1.131,1.059,1,1,8.200,1,3,2,4.400,1
1.050,1.131,1.171,1,1,8.200,1,2,2,4.400,1
1.172,1.227,1.059,1,0,8.300,2,3,2,4.800,1
1.295,1.993,-0.847,1,1,8.200,2,3,2,4.500,1
-0.052,-1.359,-0.959,0,0,8.000,1,1,0,3.800,0
-1.888,-1.359,-1.295,0,1,7.700,0,1,1,3.900,0
-0.908,0.461,0.498,1,1,8.300,1,2,0,3.900,1
-0.908,0.078,-1.744,1,0,7.300,1,1,0,3.900,0
1.172,1.131,1.171,1,0,7.700,0,3,0,4.200,0
-0.664,1.323,0.498,0,1,8.500,1,2,2,4.000,0
-1.643,-1.359,-0.847,0,0,6.700,1,1,1,3.600,0
0.683,0.844,1.395,1,1,8.400,1,3,2,4.400,1
-0.174,-0.018,-0.174,0,0,7.500,1,1,3,4.500,0
-2.010,-1.359,-0.735,0,1,7.400,1,1,1,4.200,0
-0.908,-0.975,-1.071,0,0,7.500,1,1,0,4.300,0
-0.052,-1.359,-0.511,0,0,7.000,1,1,0,4.300,0
0.683,-1.359,0.611,1,1,8.400,1,3,1,4.800,0
-1.888,-1.359,-0.398,0,0,6.800,0,1,1,3.800,0
0.560,-0.975,-0.398,1,1,7.800,0,3,0,3.800,0
-0.052,-0.401,0.162,1,1,8.100,1,2,0,4.500,0
-1.276,1.610,-0.174,1,1,8.100,1,2,1,4.000,1
-0.541,0.269,-0.847,0,1,7.600,0,2,1,4.700,0
1.172,0.557,1.395,1,1,8.400,2,3,2,4.500,1
-0.419,-1.167,-0.735,0,1,7.600,1,1,0,3.900,1
1.295,1.323,1.395,1,1,8.500,2,3,2,4.800,1
0.193,1.419,0.947,1,1,8.100,2,3,0,4.700,1
-1.276,-0.688,-1.407,0,0,7.500,1,1,0,4.300,0
1.050,0.174,0.835,1,1,8.200,1,3,1,4.800,0
0.071,-1.359,-1.520,1,1,7.700,1,1,0,4.800,0
0.193,0.748,0.723,1,1,8.200,0,3,2,4.600,0
0.928,-0.114,-0.735,1,1,7.500,0,2,1,4.100,0
0.438,-0.401,0.611,1,0,6.700,1,2,2,4.800,1
0.683,-1.263,-0.847,0,0,8.300,0,2,0,4.200,0
-0.419,-0.497,-1.520,1,1,8.500,1,3,0,3.900,0
-0.419,-0.209,0.723,1,0,7.700,0,2,0,4.700,1
-0.174,1.036,1.283,1,1,7.500,2,2,1,4.400,1
-1.398,-1.359,-1.744,0,0,8.100,0,1,0,4.200,0
-2.377,-1.359,-0.735,0,0,7.800,0,1,1,4.100,0
0.071,0.461,0.835,0,1,6.500,0,1,2,4.100,0
1.295,0.557,1.507,1,1,8.700,1,2,1,4.600,1
0.438,1.514,0.947,1,1,8.500,1,3,0,4.600,1
-1.643,-1.167,-0.398,0,0,6.500,1,2,0,4.000,0
-0.908,-1.359,-1.632,0,0,6.700,0,1,1,4.400,0
-1.031,-1.263,-1.295,0,0,7.600,1,2,0,4.100,0
-1.276,-0.497,-1.407,0,1,7.600,1,1,0,3.900,0
0.683,1.227,1.059,1,1,8.600,1,3,2,4.800,1
-0.908,0.174,1.171,0,1,8.100,1,2,1,4.200,0
-1.520,-1.071,-0.959,0,0,6.700,1,1,0,4.200,0
1.295,0.174,1.395,1,1,8.500,2,3,2,4.800,1
1.295,1.227,-1.407,1,1,8.400,0,3,2,4.800,1
-1.520,-0.784,-0.398,1,0,6.800,1,1,0,4.100,0
-0.786,0.174,0.498,1,0,8.400,1,2,2,4.300,1
-0.052,-1.359,-1.295,0,1,7.600,0,2,0,3.800,0
0.805,-1.359,-0.735,1,1,7.600,1,2,1,4.800,0
0.316,0.940,0.723,1,1,8.300,2,3,2,4.800,1
-1.643,-0.592,-1.632,0,0,7.500,1,1,0,4.100,0
-0.664,-0.880,-1.295,0,0,6.700,0,1,0,4.000,0
0.928,0.557,0.386,0,1,8.400,2,1,1,4.800,0
-1.643,-0.209,-0.623,0,0,7.200,0,2,1,3.900,0
-1.520,-0.305,-0.735,1,1,8.300,1,3,1,3.700,0
1.050,-0.114,-0.174,0,1,6.500,2,2,1,3.900,0
-0.541,0.844,0.723,1,1,7.700,1,3,0,4.000,1
1.050,1.227,1.283,1,1,8.100,1,2,0,4.600,1
-1.153,-0.592,0.162,0,1,7.300,1,1,0,4.300,0
1.295,1.036,-1.183,0,1,7.700,0,1,1,4.400,0
-1.153,0.461,-1.183,1,1,8.500,1,2,1,4.500,1
-0.786,-1.359,-1.744,0,0,6.900,0,1,0,4.200,0
-0.174,-1.359,0.386,0,1,7.500,0,1,1,3.500,0
-0.174,0.844,0.947,1,1,7.700,2,3,2,4.600,0
1.172,0.940,-0.398,0,0,7.300,1,3,0,3.800,0
-2.377,-1.359,-0.398,0,0,7.400,1,1,0,3.800,0
1.295,0.174,0.947,1,1,8.400,0,3,0,4.400,0
0.071,-0.975,-1.856,0,0,8.100,1,1,0,4.600,0
-1.276,0.461,-0.286,1,1,7.600,1,3,0,3.900,1
-1.520,-0.114,-1.071,0,0,6.800,1,1,1,4.400,0
-1.153,-0.497,-0.959,0,0,7.500,0,1,1,4.300,0
0.316,-1.263,0.050,0,0,7.400,1,1,1,3.700,0
1.172,0.557,1.171,1,1,8.000,2,3,2,4.100,1
-1.031,-1.359,-1.071,0,0,6.900,0,2,1,3.200,0
1.295,1.227,0.947,1,1,8.300,2,3,2,4.700,1
-0.419,0.844,-0.062,0,1,7.400,1,2,0,4.000,0
-0.908,-0.592,-0.735,1,1,7.700,0,1,1,3.800,0
1.172,0.269,1.059,1,0,7.600,2,3,1,4.500,1
-2.132,-1.167,-0.286,0,0,7.400,1,1,0,3.600,0
1.295,1.036,0.947,1,1,8.500,2,3,2,4.800,1
0.071,1.419,0.835,1,1,8.200,2,3,0,4.300,1
1.295,0.748,1.395,1,1,8.100,1,3,2,4.800,1
-0.541,0.940,-0.062,1,1,7.200,1,2,1,4.600,0
-0.664,-0.018,0.723,1,1,7.800,1,2,1,4.800,0
0.071,0.557,-0.847,1,1,8.300,0,3,1,4.800,1
1.295,1.706,1.171,1,1,8.500,1,3,2,4.800,1
-1.153,-0.975,-0.398,0,1,6.900,0,1,1,3.500,0
-1.643,-1.071,-0.735,0,0,6.700,0,2,0,3.900,0
0.071,0.365,-0.286,1,1,7.400,1,3,2,4.400,1
-1.031,-0.975,-0.062,0,1,7.700,1,2,0,4.400,0
0.438,1.419,0.947,1,1,8.800,2,1,2,4.800,1
-0.296,-0.114,-0.735,0,0,8.200,0,1,2,4.300,0
-1.643,-1.263,-0.623,1,1,7.700,0,1,0,4.200,0
-0.052,0.078,-0.959,0,1,7.600,1,1,3,4.800,0
-0.296,-1.359,-0.735,0,0,7.400,1,2,1,3.600,0
1.295,1.131,0.498,1,1,8.800,2,3,2,4.700,1
-0.786,-0.592,-1.632,0,0,8.400,1,1,1,4.500,0
0.316,-0.975,0.835,1,1,8.000,2,2,3,4.000,1
-0.664,-1.359,-0.623,0,0,6.900,1,2,1,4.100,0
1.295,1.131,1.059,1,1,7.800,2,3,2,4.800,1
-2.010,-1.359,-0.847,0,0,6.800,0,1,0,3.600,0
0.805,0.844,-0.286,1,0,8.200,0,3,0,4.300,1
-1.398,-1.359,-1.632,0,0,6.700,1,1,1,4.300,0
1.295,1.131,1.171,1,1,8.500,1,3,0,4.100,1
1.172,-1.359,0.050,0,1,8.000,0,2,1,4.300,0
-0.541,-0.688,-0.959,0,1,7.400,1,1,0,4.300,0
0.683,1.706,0.947,1,1,8.500,2,3,2,4.800,1
-0.296,-1.359,-1.183,0,1,7.200,1,2,1,4.100,0
1.295,0.269,0.835,1,1,8.400,2,3,2,4.800,1
-1.643,-1.071,-0.398,0,0,7.400,1,2,1,4.500,0
-0.786,-1.359,-1.968,0,0,6.900,1,2,0,4.200,0
-2.377,-1.359,-1.968,0,1,6.800,1,1,0,3.500,0
-1.031,-1.071,-1.744,0,1,7.600,1,1,0,4.100,0
-0.786,0.557,-1.295,1,1,7.500,1,3,1,4.600,1
-1.398,-1.167,-1.520,0,1,7.400,1,2,1,3.400,0
0.683,-0.114,1.395,1,0,7.700,1,3,0,4.800,1
-0.541,-1.359,-0.062,0,0,7.200,0,1,0,3.500,0
0.316,-1.167,0.835,0,1,7.300,0,2,0,4.500,0
1.295,1.227,1.059,1,1,8.200,2,3,2,4.800,1
1.295,0.269,1.507,1,1,8.600,2,2,2,4.800,1
0.928,1.227,0.050,1,0,8.400,0,3,2,4.800,1
-0.174,0.461,-1.856,0,1,6.700,1,1,0,3.100,0
-1.643,-1.071,-1.071,0,0,7.500,0,1,0,4.200,0
0.438,-1.359,-0.062,0,1,7.900,1,3,0,4.300,0
0.928,0.748,-0.398,1,1,7.600,0,3,0,4.100,1
0.193,-1.263,0.835,1,1,6.800,1,2,1,4.000,0
0.805,-0.592,-0.286,1,1,8.200,1,3,0,4.500,1
-0.174,0.844,-0.398,0,1,6.500,1,3,2,4.200,0
-0.908,-1.359,-0.959,0,0,7.600,1,1,1,4.500,0
-0.786,-0.784,-1.295,0,1,7.200,1,2,0,4.200,0
-2.255,0.557,-0.735,0,0,6.500,1,2,0,4.500,0
-1.520,-0.497,0.611,1,1,7.700,2,3,1,4.200,0
-0.664,0.557,1.059,1,1,7.600,2,2,2,3.800,0
1.295,0.940,0.947,1,1,8.000,0,3,2,4.800,1
0.683,1.514,-0.511,0,1,7.600,1,1,1,4.100,0
0.928,0.078,-0.511,1,1,8.200,2,2,1,4.500,0
-0.786,-1.263,-1.407,0,1,7.500,1,1,1,3.600,0
-0.664,-1.359,-0.286,0,1,7.500,0,2,0,3.700,0
-0.174,-0.018,-0.286,0,1,7.700,1,1,0,3.900,0
-0.052,0.652,-0.398,0,1,7.500,0,1,1,4.400,0
-1.398,0.078,-0.959,1,1,6.900,1,2,1,3.800,0
1.295,0.174,-1.407,1,0,7.900,2,3,2,4.800,1
-1.153,0.078,-1.183,1,1,7.400,1,2,0,4.500,1
0.071,-0.880,-0.511,1,0,6.800,1,3,0,3.900,0
-1.765,0.461,-0.959,0,0,7.400,1,2,0,3.900,0
-0.296,0.365,0.835,1,1,7.900,1,3,0,4.100,0
-1.888,-0.688,-1.183,1,0,7.900,1,2,0,3.700,0
-1.276,1.131,-1.071,1,1,8.200,1,1,2,4.600,1
0.071,-1.359,-0.286,0,0,7.900,1,1,0,3.800,0
-1.153,-1.359,-0.398,0,1,7.400,1,2,0,4.300,0
-0.296,-1.359,-0.735,0,1,7.400,1,1,0,4.100,0
-0.052,1.131,-1.071,0,1,8.200,0,3,2,3.900,0
0.560,1.131,-0.174,1,1,7.400,1,3,1,4.500,1
1.295,1.227,1.395,1,1,7.900,2,3,2,4.600,1
0.560,0.174,0.947,1,1,8.200,2,3,2,4.800,1
-1.765,-1.071,-1.183,0,0,7.500,1,2,1,4.100,0
1.295,1.514,0.947,1,1,7.500,2,2,2,4.300,1
-0.541,1.419,1.171,1,1,6.800,0,3,2,4.400,0
1.295,0.078,1.507,1,1,8.100,2,3,2,4.400,0
0.560,0.557,0.835,1,1,8.300,1,3,1,4.600,0
0.316,1.036,-0.735,1,1,8.100,1,3,2,4.800,1
1.295,0.940,1.059,1,1,8.400,2,3,2,4.800,1
0.438,0.748,0.611,1,0,7.900,2,3,2,4.700,1
-0.296,0.652,-1.968,0,1,7.600,2,3,3,4.100,1
1.295,1.036,1.059,1,1,8.300,1,3,2,4.300,1
0.438,1.131,-0.735,1,1,7.900,1,3,0,4.600,1
0.071,-1.071,-1.183,1,1,6.600,1,2,1,4.100,0
-1.276,-0.497,-0.174,1,0,7.200,1,1,0,4.100,0
-1.398,-1.167,-0.623,0,0,7.700,1,1,1,3.800,0
0.316,-0.497,0.611,1,1,7.600,1,2,2,4.800,0
-1.153,-0.401,-0.511,1,1,7.700,1,1,0,4.400,0
-1.031,-0.592,1.395,0,1,8.500,1,1,1,3.800,0
1.295,1.610,1.059,1,1,8.400,2,3,2,4.800,1
0.316,1.036,0.723,1,0,8.300,1,3,2,4.600,0
0.683,-0.114,-0.623,0,0,6.500,0,1,2,3.600,0
0.928,1.323,-0.511,1,1,8.300,0,3,0,4.500,1
-0.052,1.514,-1.071,1,1,8.300,2,3,2,4.700,1
0.560,-0.114,-0.623,0,0,6.500,0,2,0,4.800,0
-0.786,0.557,1.283,0,1,8.400,2,3,1,4.200,0
1.295,0.748,0.162,0,1,8.000,1,3,2,4.500,1
0.193,-1.263,-0.959,1,0,7.500,0,2,1,4.100,0
-0.174,-0.784,-0.959,0,0,7.900,1,3,0,4.400,0
0.193,0.748,-1.744,1,1,8.500,1,1,1,4.700,1
0.805,1.610,0.835,1,1,8.300,2,3,2,4.800,1
1.172,0.844,0.274,1,0,7.900,2,1,2,4.800,0
-1.031,1.514,-0.959,0,0,8.100,0,1,1,4.400,0
0.316,0.557,0.723,1,1,8.400,1,3,0,4.800,1
1.295,1.514,1.059,1,1,8.300,1,3,2,4.600,1
1.050,0.557,1.171,1,1,8.300,2,3,2,4.700,0
-1.643,0.844,0.050,1,1,7.200,1,2,2,4.100,1
0.438,0.557,-0.735,1,1,8.200,1,3,2,4.700,1
-0.541,-0.784,-0.511,1,1,7.500,1,1,0,4.100,0
-0.541,-1.359,-0.847,0,0,6.500,0,1,0,4.200,0
-1.398,-0.018,-0.623,1,0,6.500,2,2,0,4.000,0
1.295,1.227,0.611,1,1,8.300,2,3,2,4.300,1
1.295,1.131,1.507,1,1,8.200,2,3,2,4.800,1
1.295,1.036,1.059,1,1,7.800,1,3,2,4.800,0
-2.132,-1.359,-1.632,0,0,6.500,1,1,1,4.000,0
-0.174,0.174,0.947,0,1,6.900,2,1,0,4.800,0
-0.541,0.748,-0.062,1,1,7.300,1,2,2,4.600,1
-1.520,-0.975,-1.968,0,0,8.100,1,1,1,3.800,0
-0.664,-1.071,-0.847,0,1,6.500,1,1,0,3.600,0
0.071,-1.359,-1.071,0,1,7.500,1,1,1,4.100,0
1.295,1.323,1.507,1,1,7.800,1,3,2,4.800,1
0.316,-1.359,0.947,0,0,7.800,1,3,0,3.900,0
-1.031,-0.305,-0.959,0,1,6.500,0,1,0,3.900,0
0.560,-1.263,0.835,0,1,6.700,0,1,1,4.300,0
-1.398,1.419,0.835,0,0,7.200,1,3,0,4.400,0
0.805,0.940,-0.959,0,0,6.600,0,3,0,4.800,0
-0.052,-1.359,-1.183,1,0,8.300,0,3,1,4.500,0
1.295,1.131,0.835,1,1,8.500,2,3,2,4.800,1
-0.052,-1.263,-0.062,0,0,7.500,1,1,0,4.500,0
-0.419,-1.359,-1.407,1,1,7.500,1,2,1,4.100,0
-0.174,1.993,-1.295,1,1,7.200,2,1,1,4.300,1
-1.153,-0.880,0.050,0,1,6.500,1,1,1,3.500,0
1.050,1.036,0.498,1,1,8.300,1,2,2,4.100,1
-1.398,-1.359,-1.295,0,1,6.800,1,1,0,4.200,0
-0.541,-1.359,-1.407,0,1,7.500,1,1,0,3.800,0
1.295,0.557,0.835,1,1,8.500,2,3,2,4.500,1
0.071,0.748,0.611,1,0,7.500,1,3,0,4.500,0
-0.296,-0.497,-1.632,1,1,7.900,1,1,0,4.700,0
-0.908,-1.359,-0.847,0,1,7.600,1,1,0,4.000,0
-0.052,-0.688,-0.286,0,0,7.100,1,1,0,4.600,0
0.805,-1.263,-0.735,0,1,7.400,1,1,1,4.200,0
0.438,1.227,0.386,1,1,8.000,0,2,2,4.600,0
0.071,1.323,-0.062,0,1,6.700,1,1,0,4.500,0
1.295,0.461,1.059,1,1,8.200,2,3,2,4.600,1
0.071,1.323,-1.071,0,0,6.500,1,2,1,4.800,0
-1.398,-0.784,-1.744,0,0,7.500,0,1,0,3.400,0
-1.153,0.940,-0.959,0,1,7.800,1,1,1,4.100,0
0.928,0.461,1.395,1,1,8.200,2,3,2,4.800,1
-0.664,1.036,-1.071,1,1,7.500,1,1,3,4.600,1
0.193,-0.114,0.498,0,1,8.600,2,3,2,4.800,1
0.683,0.940,0.723,1,1,8.500,1,3,0,4.800,1
-1.276,-1.359,-1.295,0,1,7.300,0,2,0,3.800,0
1.295,1.993,1.283,1,1,8.700,2,3,2,4.800,1
-1.153,0.174,-1.295,0,0,7.600,0,1,1,3.900,1
-0.541,-0.209,-0.847,0,1,7.700,1,2,0,4.500,0
1.295,-1.359,-1.071,1,0,7.500,2,1,2,4.800,0
1.295,0.844,1.059,1,1,8.400,2,3,2,4.500,0
-0.908,-0.784,0.835,1,1,7.400,1,2,1,4.400,1
0.071,0.748,0.835,1,1,8.400,1,1,0,4.600,0
-0.541,0.844,1.059,1,1,8.600,0,3,2,4.000,1
1.050,1.706,1.507,1,1,8.300,2,3,2,4.800,1
-0.296,-0.305,-0.735,1,1,7.300,1,1,0,4.300,0
-0.052,-0.784,-0.847,0,1,7.400,0,2,1,4.600,0
-0.052,0.652,-0.959,1,1,8.500,1,2,2,3.900,1
0.438,0.269,0.947,1,1,8.400,1,2,2,4.200,1
1.050,-0.018,-0.623,0,1,8.000,1,2,1,3.600,0
0.193,-1.167,-0.847,0,1,6.500,1,2,3,4.200,0
-0.419,-0.975,-1.071,0,1,6.800,2,2,0,4.200,0
0.071,-1.359,0.835,1,0,8.100,2,2,0,4.800,1
1.295,1.323,1.507,1,1,8.500,2,3,2,4.800,1
0.683,1.131,1.059,1,1,8.700,2,3,2,4.400,1
0.316,0.269,0.498,1,1,8.700,2,3,0,4.100,1
1.295,0.844,0.386,1,1,8.200,2,3,0,4.800,1
-0.664,-0.497,-0.286,0,0,6.500,0,1,0,4.200,0
0.683,1.036,0.835,1,1,8.300,1,3,2,4.800,1
-0.296,-0.497,-1.407,1,1,6.700,2,1,1,4.500,0
0.438,-0.114,0.947,1,1,8.400,1,1,2,4.500,0
-1.398,-1.359,-0.398,0,0,6.600,0,1,0,4.800,1
-0.296,-1.359,-0.511,0,1,6.500,1,1,0,4.200,0
-1.520,-1.359,-0.735,0,1,7.500,0,2,1,4.400,0
0.928,-0.975,0.723,1,1,8.400,1,3,0,4.300,0
0.805,0.748,0.611,1,0,7.900,0,3,1,4.600,1
-0.174,-1.263,-0.847,0,0,7.700,1,1,0,4.300,0
-1.153,-1.359,-0.062,1,1,7.300,0,2,1,3.700,1
0.805,0.078,-0.174,0,1,7.400,1,3,0,4.800,0
-0.786,-1.263,-0.286,0,0,7.800,0,1,0,4.000,0
0.316,0.461,1.283,1,1,7.500,1,2,2,4.800,0
0.928,-0.018,-0.623,1,1,8.600,1,2,0,4.300,0
-0.174,-1.359,0.611,1,1,8.700,1,3,0,3.200,0
0.316,-1.359,0.723,1,1,8.500,2,2,2,4.500,0
-2.377,-1.263,-1.856,0,1,6.600,1,1,1,3.900,0
1.295,0.365,1.171,1,1,8.400,1,3,2,4.300,1
0.805,0.269,1.507,1,1,8.100,1,3,0,4.500,1
0.193,1.131,1.283,1,0,7.700,2,2,1,4.800,1
1.172,0.174,-1.407,0,0,7.500,0,1,0,4.500,0
-1.153,-1.263,0.050,1,1,6.600,1,1,1,4.100,0
-0.908,0.940,0.611,1,0,7.600,2,2,1,3.900,0
-1.153,0.652,1.059,1,1,6.600,1,2,1,4.600,0
0.928,-1.263,-0.847,0,1,7.500,1,1,1,4.200,0
1.295,0.748,0.947,1,1,8.300,2,3,2,4.800,1
0.805,0.078,0.611,1,1,8.700,2,3,0,4.800,1
-0.664,1.131,-1.295,1,1,7.600,2,3,1,4.200,0
-0.052,-1.263,-1.071,1,1,6.500,1,3,1,4.200,0
-1.888,-0.305,-1.183,0,0,7.100,1,1,1,4.500,0
-1.643,-1.359,-1.071,0,0,7.400,1,2,1,3.500,0
1.295,0.365,0.611,1,1,8.200,2,2,2,4.300,1
1.295,0.652,1.171,1,1,8.500,1,3,2,4.800,1
1.295,1.036,0.835,1,1,8.600,2,3,2,4.800,1
1.295,0.557,1.283,1,1,8.100,2,3,2,4.700,1
1.295,1.227,1.395,1,1,8.400,2,3,2,4.800,1
-1.520,-1.359,-0.735,0,1,7.600,2,1,3,3.700,0
1.295,-0.975,-0.286,0,1,7.500,1,2,1,3.400,0
-0.786,-1.359,-1.407,0,0,7.500,2,2,0,3.300,0
0.805,0.844,-0.286,1,1,8.600,1,3,0,3.800,0
-2.010,-1.359,-0.735,1,1,7.500,2,2,1,4.000,0
0.316,-0.401,-1.856,0,0,7.600,1,1,0,4.000,0
-0.052,-0.975,-1.183,0,1,6.500,1,1,1,4.700,0
0.316,-1.359,1.059,1,1,7.700,1,1,0,4.500,0
0.193,0.078,-0.511,0,1,6.900,1,1,1,4.000,1
1.295,-0.784,0.947,1,1,8.900,2,3,1,4.300,1
0.805,0.078,-0.511,0,1,8.300,1,3,1,4.300,1
-0.174,0.557,-0.511,0,1,7.500,1,2,2,4.500,1
-0.419,-1.167,-0.735,0,1,6.500,0,1,1,4.200,0
-1.888,-1.359,-1.183,1,1,7.400,1,1,1,4.300,0
1.295,0.844,-0.511,1,1,8.300,2,3,0,4.600,1
0.683,0.652,0.723,1,0,7.900,0,1,0,4.500,0
0.316,0.174,-1.071,0,0,8.600,0,1,0,4.600,0
-1.643,-1.359,-1.856,0,0,7.900,1,3,2,4.100,0
-0.419,0.557,-0.511,0,1,7.600,1,1,0,4.000,1
-0.786,-0.592,-0.286,0,0,7.400,0,1,0,4.100,0
-1.520,-1.263,-0.959,0,0,7.700,0,1,1,4.800,0
-1.643,-0.018,-0.286,0,1,7.500,1,3,1,3.800,0
0.683,1.514,1.059,1,1,7.900,2,3,2,4.700,1
-0.174,0.557,-0.511,1,1,7.900,1,2,2,3.900,0
-0.419,-0.018,0.835,0,1,8.100,1,2,1,3.700,0
1.172,1.419,1.283,1,1,8.200,2,3,0,4.400,0
1.172,1.131,-0.847,1,1,8.400,2,3,1,4.800,1
0.071,0.365,1.395,1,1,8.000,1,3,2,4.800,1
0.193,-0.880,-0.847,1,1,7.500,1,1,0,4.600,0
0.560,0.078,1.171,1,1,8.000,2,3,2,4.700,1
-1.520,-1.071,-1.183,0,1,7.400,1,2,1,4.200,0
1.295,0.557,1.059,1,1,8.300,2,3,2,4.300,0
-0.296,-1.359,-0.398,0,1,7.600,1,1,2,3.900,0
-0.664,1.131,-0.735,0,1,7.600,1,2,2,4.200,0
-0.541,-1.359,-0.511,1,1,6.900,0,2,2,4.300,0
0.193,-0.784,0.386,1,1,7.800,1,2,1,4.100,1
1.050,1.419,1.171,1,1,7.900,1,3,2,4.600,1
-0.541,-1.359,-0.847,0,1,8.300,1,2,0,3.800,0
1.295,0.365,0.947,1,1,8.600,1,3,2,4.800,1
0.193,-0.114,-0.959,1,1,8.300,1,2,1,4.600,1
0.560,0.078,-0.623,0,1,7.900,2,3,0,4.700,0
0.683,1.227,1.171,1,1,8.100,2,3,2,4.600,1
-0.908,-0.784,-1.295,0,1,8.300,1,2,0,4.200,0
-0.664,0.844,0.947,1,1,7.400,1,2,2,4.500,0
-0.296,0.940,1.059,1,1,8.400,1,2,1,4.000,0
-1.520,-0.880,-0.511,0,0,7.800,1,1,1,3.500,0
0.805,0.844,-1.071,1,0,8.200,0,2,2,4.500,0
1.295,1.419,1.507,1,1,7.700,2,3,2,4.800,0
1.295,1.802,0.835,1,1,8.200,2,3,2,4.800,1
-1.276,-0.880,-0.398,0,0,7.500,1,1,0,4.300,0
-0.419,-1.167,0.611,1,1,7.500,2,1,1,4.200,0
0.193,-0.497,-0.286,0,0,6.700,1,1,1,4.100,0
-1.520,-1.359,-1.295,0,1,7.400,1,1,1,3.100,0
-1.520,-0.497,-1.183,1,0,7.700,0,1,1,4.200,0
1.295,1.993,0.947,0,1,8.500,2,3,2,4.800,1
0.071,-0.784,-1.071,0,0,6.500,1,1,0,3.800,1
1.295,0.652,0.947,1,0,8.400,2,3,0,4.700,1
1.172,1.036,1.171,1,1,8.100,1,3,2,4.600,1
-1.153,0.940,-1.407,1,1,6.500,1,1,0,4.800,1
1.295,0.078,1.059,0,1,8.200,1,3,0,4.400,0
-0.664,-1.359,-0.062,0,1,7.700,1,2,0,4.700,1
-1.031,-1.359,-1.295,0,0,7.600,0,1,0,3.900,0
0.316,0.557,-0.623,1,0,8.200,1,1,2,4.600,1
-0.174,-1.359,-0.735,1,0,7.700,0,1,0,4.300,0
-1.031,1.419,-1.183,0,1,7.400,1,3,0,4.400,1
-2.255,-1.359,-0.174,0,1,6.600,1,1,0,4.100,0
0.560,1.227,0.611,1,1,7.400,2,3,2,4.800,0
0.316,1.323,0.611,1,1,8.200,2,3,3,4.000,1
0.438,-0.401,-0.623,1,1,8.000,2,2,2,3.300,0
-0.296,-0.018,0.611,1,1,7.800,1,2,0,4.400,0
-1.643,-1.263,-0.623,0,1,7.500,1,1,1,4.100,0
-0.419,-1.359,-1.632,0,1,8.400,1,1,2,3.700,0
-0.052,0.174,0.050,1,0,6.500,1,2,0,4.600,1
-1.520,-1.167,-1.632,0,0,6.700,1,1,1,4.300,0
-0.541,0.557,0.050,0,0,7.900,1,1,0,4.300,1
0.438,-0.114,-1.295,0,0,7.600,1,1,0,4.100,0
0.560,1.610,-0.174,0,1,7.800,2,2,1,4.000,0
-2.010,-0.688,-1.632,0,0,7.600,1,1,1,3.800,0
-1.765,-0.784,-0.062,0,1,7.300,1,1,0,3.300,0
1.295,0.940,1.507,1,1,8.700,1,3,2,4.800,0
0.193,1.419,0.723,1,1,7.500,0,1,2,4.100,0
-2.255,-1.359,-0.286,0,1,7.600,0,1,1,3.400,0
-1.765,-0.497,-1.407,1,0,7.700,2,1,0,3.500,0
-2.255,-0.975,-0.735,0,0,6.800,1,3,0,4.300,0
0.438,-0.209,-0.511,1,0,7.300,1,1,1,3.900,0
-1.643,1.514,-0.959,0,1,7.800,0,2,1,3.600,0
-0.296,0.844,1.059,1,1,7.000,1,3,1,4.200,1
0.805,0.652,0.835,0,0,8.200,1,1,2,4.400,0
1.295,1.036,0.611,1,1,8.500,1,3,2,4.700,1
-0.541,-0.784,-1.183,1,1,7.000,1,1,1,4.200,0
0.193,0.940,-0.623,1,1,6.500,0,2,2,4.600,1
-0.419,0.461,0.947,1,1,7.400,1,3,2,3.700,0
0.560,1.131,-1.407,0,0,7.500,1,3,1,4.600,0
0.805,0.174,1.507,1,1,7.500,1,3,2,4.800,1
1.295,1.706,1.507,1,1,7.700,2,3,2,4.800,1
0.805,-1.359,-0.623,0,0,6.600,1,1,2,4.700,1
0.438,-1.359,1.171,0,1,7.800,1,2,0,4.700,0
0.683,1.036,1.059,1,1,8.700,0,3,0,4.800,1
0.805,0.174,0.611,0,1,7.500,1,2,2,4.500,0
1.050,1.131,1.283,1,1,8.300,2,3,2,4.400,1
-0.052,0.844,0.050,1,1,6.600,1,3,2,4.600,1
-1.643,-1.359,-1.295,0,0,7.600,1,1,0,3.200,0
-0.296,-1.359,-0.398,0,1,6.500,1,1,1,4.200,0
1.050,0.461,-0.286,1,1,8.300,0,3,2,4.800,1
-0.174,-1.359,-0.511,0,0,7.400,2,1,0,3.600,0
-1.888,-1.359,1.171,0,0,6.600,0,2,0,4.200,0
0.071,-0.784,-0.623,0,0,8.500,1,1,0,4.600,0
0.805,-0.880,-1.295,0,1,7.700,1,1,1,4.300,0
-2.132,-0.592,-0.847,0,1,6.500,1,1,1,4.100,0
-1.153,0.557,1.283,1,0,8.400,1,3,2,3.800,0
1.050,0.652,1.171,1,0,8.100,2,3,0,4.500,1
-1.398,-1.359,-0.623,0,1,6.500,1,1,0,4.000,0
-2.010,-1.359,-1.407,0,0,6.700,1,2,0,3.700,0
0.438,-1.359,-1.632,0,0,7.600,1,1,0,4.000,0
-1.765,-0.305,-1.071,1,0,8.200,1,3,0,4.100,0
0.316,1.131,-1.071,0,1,8.000,1,2,1,4.400,1
1.295,0.269,1.171,1,1,8.200,1,3,2,4.800,1
-0.541,0.078,0.723,0,1,7.600,1,2,1,4.200,0
1.295,1.802,1.059,1,1,7.900,2,3,0,4.800,1
-0.296,1.419,1.171,1,1,7.900,1,3,1,4.300,1
-0.174,-1.071,-1.295,0,1,7.400,1,1,0,3.900,0
1.295,0.844,0.162,1,1,8.400,2,3,2,4.800,1
-1.031,-0.401,-1.407,0,0,6.700,1,1,0,3.900,0
0.805,-1.359,0.947,1,1,8.200,2,2,0,4.500,1
-2.010,-1.263,-0.623,0,1,7.900,1,2,1,4.200,0
0.560,0.748,0.723,0,0,7.200,2,3,2,4.000,1
-0.052,0.174,1.395,1,1,6.800,1,3,2,4.400,1
0.928,1.227,0.835,1,1,8.500,1,3,2,4.400,1
0.193,0.557,1.059,1,1,8.600,1,3,3,3.900,1
1.295,-0.114,0.835,1,1,8.300,2,3,2,4.800,1
-0.786,-0.592,-1.407,0,0,6.600,1,1,0,3.900,0
0.316,-0.401,-0.623,0,0,6.500,0,1,0,4.400,0
1.295,0.269,1.395,1,0,8.100,1,3,2,4.700,1
-1.153,-1.071,-1.295,1,1,8.500,2,1,1,4.300,1
-2.132,-1.359,-1.520,0,0,7.400,0,1,0,3.900,0
-0.052,0.940,-0.398,1,0,7.800,2,2,1,4.600,0
0.193,1.227,-0.398,1,1,8.600,0,3,2,3.900,1
1.295,1.036,0.835,1,0,8.400,0,3,2,4.800,1
-0.296,-0.401,-0.959,0,0,6.800,1,1,1,4.200,0
-0.174,-0.497,0.723,0,1,7.700,1,2,0,3.600,0
-0.174,-1.359,-0.398,0,0,7.500,1,1,0,4.000,0
1.295,1.131,1.283,1,1,8.300,2,3,2,4.800,1
-0.541,1.036,-0.959,0,0,7.600,0,1,2,4.500,0
-0.908,-1.359,-0.511,1,1,7.500,0,1,0,4.500,0
0.683,0.269,-1.183,0,1,7.600,0,2,1,4.600,1
-1.031,-1.359,-0.735,0,0,6.600,1,2,0,4.000,1
0.928,1.323,-0.623,1,1,7.900,2,3,2,4.800,1
0.071,-1.263,-0.847,0,0,7.600,1,1,0,3.900,0
0.928,0.748,-0.847,1,1,8.400,0,2,2,4.300,0
-1.031,-0.784,-0.286,1,0,7.600,1,1,1,4.500,1
1.295,0.652,0.386,1,1,8.200,2,3,2,4.800,1
0.928,0.652,1.507,1,1,8.700,2,3,0,4.800,1
-1.765,-1.359,-1.856,0,1,6.700,0,1,0,4.300,0
0.316,0.652,-1.744,0,1,7.500,2,1,1,4.700,1
-1.398,0.078,-1.183,1,1,6.500,1,2,0,4.200,0
-1.276,-0.688,-0.511,1,1,7.900,1,3,0,4.000,1
1.295,1.419,1.283,1,1,7.600,1,3,0,4.800,1
-0.419,1.036,1.171,1,1,7.600,1,2,2,4.500,1
0.193,0.078,-0.847,0,1,7.400,1,3,1,4.400,0
-0.908,-1.359,-1.520,0,0,6.600,1,1,0,4.200,0
1.295,0.269,1.507,1,1,8.300,2,3,2,4.800,1
0.438,0.174,0.947,1,1,8.100,0,1,0,4.200,0
1.295,0.844,1.171,1,1,8.300,1,2,2,4.800,1
-1.398,-1.167,-1.520,0,0,7.300,1,1,0,4.400,0
-0.419,1.227,-1.295,1,1,7.600,1,2,2,4.500,1
0.683,-1.359,-1.295,1,0,7.000,0,1,1,4.800,0
1.295,1.323,1.507,1,1,8.400,2,3,2,4.600,1
-1.643,-1.263,-1.520,0,1,7.600,1,2,1,4.400,0
0.071,-1.359,-0.623,0,1,7.300,1,2,0,3.700,1
1.295,1.036,0.947,1,1,8.300,2,3,2,4.600,1
1.172,1.131,-0.062,1,1,8.200,0,1,1,4.700,0
0.071,-1.359,-1.183,0,1,6.700,1,1,2,4.400,1
-0.786,-0.497,-0.286,1,1,7.500,1,1,1,4.200,0
1.295,1.227,0.274,1,1,8.200,2,3,1,4.800,1
-1.398,-1.263,-1.071,0,0,7.600,1,1,0,3.600,0
1.295,-0.209,1.507,1,1,8.300,2,3,2,4.800,1
-1.031,-1.071,-1.520,0,0,6.500,0,1,2,3.200,0
1.295,-0.018,0.611,1,1,8.300,1,3,2,4.700,1
0.438,-1.359,-0.511,0,1,7.600,0,2,0,4.200,0
-0.908,0.078,-1.183,0,1,6.500,0,3,0,4.100,0
1.295,0.652,1.171,1,1,8.700,1,3,2,4.800,1
-0.419,-0.592,-1.407,0,0,7.400,1,1,0,3.400,0
-0.541,-1.359,-1.632,0,0,6.500,0,1,0,3.900,0
1.050,-1.359,-0.735,0,1,7.600,1,1,0,3.900,0
1.295,1.323,1.395,1,0,8.400,2,3,2,4.300,0
1.295,0.844,1.395,1,1,8.200,0,3,2,4.800,1
1.295,0.940,1.283,1,1,8.100,0,3,2,4.800,1
-1.031,-0.880,-1.071,0,0,7.500,1,1,0,3.600,0
0.193,-1.359,-0.959,0,0,6.600,1,1,1,4.000,0
-0.664,1.227,0.386,1,1,6.500,1,1,0,4.700,0
-0.419,0.174,-0.174,1,1,6.500,1,2,1,4.400,1
1.050,0.652,-0.959,1,1,8.100,1,3,0,4.000,1
0.683,0.557,0.723,1,1,8.300,1,2,2,4.600,1
0.560,-0.688,-0.511,1,1,7.800,1,2,0,3.000,0
-0.174,0.174,-0.511,0,1,8.100,1,2,1,3.500,0
1.295,0.557,0.050,1,1,7.700,0,1,1,4.300,1
-0.786,0.748,-0.286,1,1,7.600,1,3,1,4.300,0
1.295,1.227,0.835,1,1,8.100,2,3,2,4.700,1
-1.153,-1.359,-1.968,0,1,7.600,1,1,0,4.000,0
-1.031,-0.880,-1.968,0,0,7.500,1,1,0,4.000,0
0.560,1.036,1.283,1,1,8.200,0,3,2,4.000,1
0.071,-0.975,-0.062,0,1,7.800,2,2,2,4.600,1
-1.153,-1.071,-1.295,0,1,8.000,1,1,1,4.600,0
-1.398,-0.688,-0.398,1,1,7.300,1,2,1,4.300,0
1.295,0.461,0.835,1,1,8.100,2,3,2,4.700,1
0.560,0.557,-1.632,0,1,7.600,1,2,0,3.600,1
0.928,-1.359,-0.511,1,0,7.300,1,3,0,4.600,0
-1.765,-1.359,-0.847,0,0,7.400,2,2,0,3.900,0
1.295,0.940,1.395,1,1,8.500,1,3,2,4.800,1
-1.643,-1.359,-1.520,1,1,6.800,1,3,0,3.600,1
0.928,1.227,1.059,1,1,8.300,2,3,2,4.800,1
0.560,1.131,1.395,1,1,8.400,2,3,1,4.300,0
-1.153,-1.071,-0.511,0,1,7.800,1,2,1,3.900,0
0.805,-0.018,-0.398,1,0,8.400,1,1,2,4.700,0
-1.031,-1.359,-0.959,1,0,7.000,0,2,2,4.200,0
-0.174,-1.071,-0.735,0,0,8.100,0,2,0,4.000,0
-0.419,-1.359,-0.062,1,1,6.500,1,2,1,4.500,0
-0.419,0.461,-0.623,1,0,6.500,2,1,1,4.800,0
-1.153,-1.359,-0.959,1,1,6.900,1,2,1,4.400,0
-1.398,-1.359,-0.847,1,1,6.600,1,1,0,3.900,1
-0.174,0.557,-0.286,1,1,8.000,2,1,2,4.400,1
-1.031,-1.359,-1.183,0,1,7.600,1,2,0,4.500,1
-2.255,-1.167,-1.295,0,1,7.400,0,1,0,3.700,0
0.805,1.897,1.171,1,1,8.700,1,2,2,4.800,1
0.071,-1.167,-1.407,0,0,6.700,1,1,0,3.500,0
1.295,0.940,-1.071,1,1,6.700,0,3,0,4.300,1
0.438,1.227,0.947,1,1,8.000,1,3,0,4.100,1
0.805,0.461,1.283,1,1,7.800,2,3,0,4.600,1
-0.541,-1.167,-0.847,0,1,6.800,1,1,1,3.800,0
-0.786,1.227,0.050,0,1,7.600,2,1,0,4.000,1
0.438,-1.071,1.171,0,1,8.200,1,2,0,4.100,0
-0.786,1.610,0.947,1,1,8.400,1,3,0,4.600,0
-1.031,-0.688,-0.398,0,0,7.600,1,1,1,3.800,0
1.295,1.514,1.283,1,1,8.200,1,3,2,4.800,1
0.683,1.227,1.507,1,1,8.500,0,2,2,4.200,1
0.805,1.706,1.171,0,1,8.400,1,2,2,4.800,1
-1.031,-1.167,-0.623,0,1,7.700,1,1,0,4.700,0
0.071,-0.975,-1.183,0,1,7.400,1,2,0,4.700,0
0.805,0.461,0.947,1,1,8.500,1,1,2,4.500,1
-0.052,0.269,0.723,1,1,8.100,2,2,1,4.500,0
0.193,1.323,-0.623,0,1,7.600,1,3,0,4.200,1
-0.908,-0.688,-0.511,0,1,7.800,1,1,1,4.300,0
1.295,0.365,1.395,1,1,8.000,2,3,2,4.200,1
1.050,1.514,0.611,1,1,8.300,1,3,2,4.700,1
-0.786,-1.263,-1.071,0,0,7.200,1,1,1,3.600,1
0.560,1.323,1.059,1,0,7.900,0,3,1,4.300,1
-0.174,-1.359,1.395,1,1,8.400,2,3,1,4.800,0
-2.377,-1.359,-1.183,0,0,6.600,1,1,1,4.000,0
-0.296,1.323,0.274,1,1,7.800,1,3,2,4.700,1
0.071,-1.359,-0.623,0,1,7.300,1,2,0,4.100,0
1.172,0.940,0.611,0,1,7.900,0,3,2,4.500,0
0.560,-1.071,0.274,0,1,7.600,1,1,1,4.500,0
1.295,0.269,1.395,1,1,8.500,1,3,2,4.300,1
-2.010,-1.359,-0.735,1,1,8.400,1,3,0,4.300,0
1.295,0.557,0.611,1,1,8.300,2,3,2,4.800,1
-1.276,-1.359,-1.295,0,0,6.500,1,1,1,3.500,0
0.683,0.940,0.835,1,1,8.200,1,1,2,4.800,1
-1.031,-0.401,-0.847,0,1,7.500,1,3,0,4.200,0
0.928,-1.359,1.059,1,0,8.400,1,3,0,4.100,0
-0.419,-0.975,0.835,1,1,7.700,1,1,1,4.600,0
1.295,0.748,1.059,1,1,8.600,2,3,1,4.800,1
-0.908,-1.359,-0.174,0,1,7.100,0,1,1,4.400,0
0.316,-0.592,-0.286,1,1,8.200,2,1,0,4.700,1
0.683,-0.880,-0.062,0,0,6.500,1,1,0,3.700,0
0.805,0.365,1.283,1,1,7.700,1,2,2,4.800,1
0.805,0.844,-0.735,0,0,8.100,1,1,0,3.800,0
-0.052,-0.592,-1.183,0,1,6.900,0,2,0,4.100,0
-0.541,-1.263,0.835,1,1,8.200,1,3,0,4.400,0
-0.541,0.652,1.171,0,1,7.500,1,2,2,4.300,1
-0.541,1.131,0.835,1,0,7.700,2,1,0,4.400,0
1.295,0.940,0.386,1,1,8.000,2,3,2,4.800,1
-0.419,-1.071,0.723,0,1,7.600,2,1,1,3.500,0
-0.174,-1.071,-1.183,0,0,7.700,1,1,1,3.200,0
-0.786,-0.688,-1.183,0,1,7.900,1,1,0,4.000,0
1.295,0.652,0.611,1,1,7.700,0,3,0,4.800,0
-0.786,-0.880,0.274,1,0,7.500,1,2,1,4.800,0
0.071,1.036,0.723,1,1,8.100,0,3,1,4.600,1
-1.276,-1.359,-1.295,0,0,7.600,0,2,0,4.200,0
-1.153,-1.071,-0.623,0,0,7.200,0,1,0,3.500,0
-0.908,-0.497,-0.398,0,0,6.500,1,1,0,4.000,0
0.438,1.131,-0.959,1,1,8.300,2,3,1,4.100,0
-1.520,0.365,-0.623,1,1,6.600,1,2,1,4.100,0
-0.052,1.036,0.611,1,1,7.600,2,1,2,4.500,1
0.316,0.078,-1.071,0,0,7.300,1,2,2,4.200,0
0.193,-0.209,-1.632,0,0,7.500,0,1,0,4.200,0
-1.031,-1.359,-0.959,0,0,8.300,1,2,1,3.900,0
0.928,1.323,1.059,1,1,8.000,2,3,2,4.400,0
1.295,0.940,0.947,1,1,8.100,2,3,2,4.800,1
-0.419,-0.114,-0.174,0,0,7.400,1,2,0,4.500,0
-0.541,0.174,-0.735,0,1,8.100,1,3,0,4.500,1
0.438,0.174,0.835,1,1,7.700,0,3,0,4.200,0
-0.174,-1.263,-0.623,0,0,7.400,0,1,0,4.600,0
1.295,1.227,1.395,1,1,7.900,0,3,1,4.400,1
-1.276,-1.359,-1.520,0,1,7.700,1,2,1,4.500,0
0.560,-0.018,1.507,1,1,6.800,1,1,2,4.500,0
-0.541,-1.071,-0.398,1,1,8.500,1,1,0,4.200,0
0.193,0.365,0.611,1,1,8.200,0,3,2,4.700,1
-0.664,-1.359,1.171,1,1,7.700,1,3,2,4.400,0
0.316,0.557,-0.735,1,0,8.200,2,2,2,4.700,1
-2.377,-0.497,-1.183,0,0,6.800,1,1,0,3.700,0
-0.541,0.940,-0.959,1,1,7.700,0,2,1,4.100,1
-0.052,-1.359,-1.071,0,0,7.800,1,1,2,4.700,0
-0.419,0.652,1.171,1,1,8.300,0,2,2,4.100,1
-1.765,-0.784,-1.295,0,0,6.500,1,2,0,4.000,0
0.928,-0.018,-0.847,1,1,6.700,1,3,0,4.400,0
0.928,1.610,1.507,1,1,8.100,2,3,0,4.400,1
-2.377,-1.359,-0.174,0,0,6.500,0,2,1,3.500,0
0.805,-0.401,1.059,1,1,8.300,1,3,1,4.300,1
0.438,-0.880,-1.295,1,1,8.300,2,3,1,4.500,1
-1.031,-1.071,-0.511,0,0,6.800,0,2,1,4.000,0
-1.153,-1.263,-0.847,0,0,7.400,1,1,1,4.000,0
1.295,-1.167,-0.959,0,1,8.000,1,3,0,3.700,1
-0.419,-1.359,-0.398,0,1,8.300,2,2,2,4.600,1
0.928,0.940,1.059,1,1,7.400,2,2,2,4.000,1
1.050,0.844,-1.071,1,1,7.100,1,3,2,4.000,1
0.071,-0.114,0.498,1,1,8.300,2,2,2,4.500,1
-0.786,-1.359,-0.847,0,1,7.500,0,1,2,3.900,1
0.071,0.461,1.507,1,1,8.000,1,2,1,4.300,0
0.193,-0.497,1.171,0,1,7.300,1,2,1,4.000,0
0.438,0.940,1.171,1,0,8.500,1,2,2,4.200,1
1.295,0.940,0.947,1,1,8.100,2,3,1,4.400,1
-0.174,0.652,-0.286,0,1,6.500,1,2,0,4.700,0
0.805,-1.167,-0.847,1,1,8.400,0,1,0,4.300,1
-1.398,-0.688,-0.735,1,1,8.200,0,2,1,4.300,1
1.295,1.419,1.283,1,1,8.100,2,3,2,4.800,1
0.928,-1.071,-1.071,0,0,7.500,1,1,0,4.600,1
0.193,-1.263,0.723,1,1,6.500,1,2,0,4.100,0
1.295,0.844,1.283,1,1,8.000,2,3,2,4.800,1
0.560,1.227,-1.295,1,1,8.200,1,2,3,4.000,0
-0.052,-1.167,-0.511,0,1,7.600,2,1,2,4.400,0
-1.276,-0.880,-0.286,0,0,6.500,1,1,0,3.900,0
-1.276,-0.401,-0.511,0,0,7.200,1,1,1,3.700,0
0.560,-1.167,-1.183,0,1,7.000,1,2,1,3.900,0
1.295,0.461,0.723,1,1,8.700,2,3,2,4.800,0
-0.541,-0.880,1.395,0,0,8.200,1,1,0,4.500,0
1.295,1.610,1.507,1,1,8.100,2,3,2,4.800,1
0.560,0.461,0.386,1,0,6.500,1,2,0,4.200,0
1.172,1.227,0.947,1,1,7.900,1,2,2,4.800,1
-2.010,0.174,-0.511,1,0,7.500,0,1,0,3.600,0
1.295,0.557,1.507,1,1,8.000,2,3,2,4.800,1
0.438,1.227,-0.735,0,0,7.600,1,3,1,4.800,1
0.683,1.514,1.395,1,1,7.800,0,2,2,4.700,1
-0.664,-0.784,-1.183,0,0,7.700,2,2,1,4.600,0
0.560,1.610,1.395,1,1,8.600,2,3,0,4.800,1
0.683,-1.359,0.835,1,1,8.200,1,3,2,4.800,0
0.071,-0.880,1.283,0,0,7.900,0,2,0,3.600,0
-0.908,-0.305,-0.398,0,0,7.300,0,3,0,4.400,0
-0.786,-1.359,-1.295,0,0,7.400,1,1,1,3.700,0
-1.398,-1.359,-1.183,0,0,6.900,1,1,0,3.700,0
-0.786,-0.880,-0.847,0,1,7.400,1,2,1,4.000,0
-0.908,1.227,-0.623,0,1,7.400,1,2,1,3.500,1
1.295,1.802,1.395,1,1,8.100,2,3,2,4.800,1
0.071,1.131,-0.286,1,1,6.500,2,2,2,4.600,1
-0.052,0.365,1.171,0,1,7.600,1,2,1,4.200,1
1.172,1.131,1.171,1,1,7.900,0,1,0,4.800,1
0.071,-0.305,-0.847,1,1,7.600,1,1,0,4.500,0
1.295,0.269,-0.623,1,1,7.800,0,3,0,4.700,1
0.928,0.748,1.507,1,1,8.200,1,3,2,4.600,1
1.172,1.131,1.171,1,1,8.300,1,3,2,4.800,1
0.560,-1.359,-0.286,0,1,7.300,1,2,1,4.600,0
0.805,-0.497,0.947,1,1,8.500,2,1,0,4.700,0
-0.419,-1.167,-1.295,0,1,7.000,1,1,1,4.600,0
0.316,0.844,1.395,1,1,7.300,0,1,2,4.700,1
-0.664,-1.167,-0.286,1,1,7.800,2,1,1,3.600,0
-0.908,1.323,0.274,0,0,8.100,1,3,2,4.800,0
1.295,0.844,1.171,1,1,8.600,1,3,2,4.800,1
-0.296,-1.071,0.386,1,1,7.900,1,2,0,3.800,0
1.295,0.940,0.723,1,1,6.500,1,1,2,4.000,1
0.438,0.940,0.723,1,0,8.000,2,3,2,4.500,0
1.172,1.419,1.507,1,1,8.000,1,3,2,4.300,1
-1.276,-1.167,1.171,0,1,7.400,0,1,1,3.500,0
0.193,-0.784,-0.623,0,0,6.500,2,2,1,4.800,0
-1.276,-1.167,-1.295,1,0,7.700,1,2,1,4.100,0
-0.296,0.365,-0.062,1,1,7.400,1,1,1,4.100,0
0.193,-0.401,-1.520,0,1,6.700,1,1,0,4.500,0
-1.031,-1.359,-0.511,0,1,7.700,0,2,1,4.400,0
0.438,1.514,0.723,1,1,8.400,1,3,1,4.200,1
1.295,0.557,0.947,1,1,8.000,1,2,0,4.500,0
0.805,1.131,-0.398,1,1,7.500,1,3,0,4.200,0
1.295,1.706,1.059,1,1,8.600,2,3,2,4.800,1
-0.786,-1.071,-0.286,0,0,7.700,1,1,1,4.600,0
-1.153,0.174,0.835,1,1,7.700,1,1,0,3.900,0
-0.908,-1.167,-0.286,0,0,7.500,1,1,0,4.200,0
1.172,0.365,1.171,1,1,8.800,1,3,2,4.500,1
-0.052,-0.018,1.059,1,0,6.600,0,1,2,4.200,1
-0.052,1.131,-1.183,1,1,7.900,1,1,1,4.000,0
-0.786,-0.209,-0.511,0,0,6.500,1,1,1,3.900,0
1.295,1.706,0.835,1,1,8.100,2,3,2,4.800,1
1.295,1.227,1.059,1,1,8.200,2,3,2,4.800,1
0.805,1.993,0.947,1,1,8.400,0,3,0,4.600,1
-0.664,-1.359,-0.847,0,1,6.700,1,1,0,3.700,0
1.050,1.323,1.171,1,1,8.500,1,3,2,4.800,1
1.172,0.174,-0.735,0,1,7.800,2,3,0,4.600,0
-1.765,-1.359,-0.398,0,1,6.800,0,2,1,4.800,0
-1.520,-1.359,-1.183,1,1,7.500,1,1,2,3.500,0
-0.052,0.269,-0.623,0,0,8.500,2,3,2,4.800,0
0.316,0.078,1.283,0,1,8.200,1,3,1,4.800,0
1.172,1.610,0.611,1,1,8.100,1,3,2,4.600,1
0.071,0.365,-0.174,1,1,7.500,1,3,0,4.300,0
0.928,-1.359,-0.847,0,1,6.500,1,3,1,4.700,0
-2.377,-1.071,-0.959,0,1,7.600,0,1,0,4.000,0
1.172,-0.114,0.947,1,1,7.400,1,3,1,3.600,0
-0.419,0.461,0.835,1,1,7.200,2,3,0,4.300,0
1.295,0.365,1.507,1,1,8.000,2,3,2,4.800,0
1.295,1.131,0.498,1,1,8.600,2,3,2,4.800,1
0.928,-0.018,0.835,1,1,8.700,1,3,2,4.800,1
-0.664,0.078,-1.407,0,0,8.100,1,1,1,4.500,0
0.071,-1.359,-0.847,1,1,7.800,0,2,2,3.900,0
0.805,0.269,-1.520,1,1,8.400,2,3,2,4.400,1
-1.153,-1.359,-0.847,0,0,7.400,1,1,1,4.500,0
0.805,1.514,1.171,1,1,8.000,2,3,2,4.700,1
0.438,0.652,0.835,0,0,7.900,1,3,0,4.800,0
-0.908,1.036,-1.071,1,1,6.800,0,1,0,4.000,1
-0.174,-0.209,-0.735,0,1,7.400,1,2,1,4.600,0
-1.520,1.131,-1.183,0,1,6.700,1,1,1,4.700,1
0.193,-0.114,1.171,1,1,7.300,1,2,0,3.700,0
-0.296,1.227,0.611,1,1,8.300,1,2,1,4.600,1
0.560,-1.359,-0.174,1,1,7.400,1,3,0,4.100,0
-0.296,-0.497,-0.847,0,1,7.800,1,1,0,4.100,0
0.193,-1.263,-0.959,1,1,7.300,1,3,0,4.800,1
-0.419,-0.688,-0.511,0,1,7.300,1,1,0,4.400,0
-2.255,-1.359,-0.959,0,0,7.700,1,2,1,4.000,0
1.295,0.557,0.835,1,1,8.400,2,3,2,4.700,1
-0.174,0.748,-0.847,1,1,8.100,2,1,1,4.400,0
-1.276,-1.359,0.611,1,1,8.100,1,3,2,4.600,0
1.295,0.844,0.947,1,1,8.300,2,3,2,4.800,1
0.560,1.610,0.723,1,1,8.200,1,3,0,4.600,1
-1.398,-1.263,-0.511,0,1,7.600,0,1,0,4.000,0
1.050,0.269,0.947,0,1,7.800,1,3,1,4.000,0
0.683,1.897,-0.847,0,0,6.500,0,2,0,4.800,1
1.295,0.365,0.835,1,1,8.700,2,3,2,4.800,1
0.316,0.269,0.723,1,1,8.300,1,3,1,4.400,1
-2.010,-0.592,-1.071,1,0,6.800,0,1,1,3.700,0
1.295,1.131,1.059,1,1,8.400,0,0,2,4.800,1
0.928,-1.359,-0.511,0,1,8.500,1,2,0,4.700,1
0.805,-0.592,0.498,1,1,8.100,0,3,1,4.700,1
-0.174,1.323,0.723,1,1,7.700,1,3,2,4.600,0
-1.643,-0.592,-0.286,0,1,8.500,1,2,1,3.900,0
-0.052,-0.018,-1.071,0,1,7.600,1,2,0,4.100,1
-1.031,-1.359,-0.062,0,0,6.500,1,1,1,4.500,0
-0.786,-1.359,-1.520,0,1,7.600,1,1,0,3.100,0
1.295,1.706,1.283,1,1,8.300,2,3,2,4.500,1
-2.377,-0.688,-1.744,0,0,6.700,0,1,1,4.500,0
-1.888,-0.688,-0.959,0,1,6.600,1,2,1,3.500,0
-0.174,-1.359,-1.407,0,0,7.600,1,1,0,4.200,0
-0.786,-1.359,-0.623,0,1,8.400,1,1,0,4.200,0
0.805,0.940,-0.286,1,0,8.200,0,1,2,4.400,1
1.050,0.748,0.947,1,1,8.200,2,3,2,4.500,1
0.438,-1.167,-1.295,0,0,7.800,1,2,0,3.500,0
-1.031,-1.359,-1.295,0,1,6.900,1,1,0,4.500,0
-1.276,-1.359,1.171,0,1,8.200,1,3,1,3.800,0
0.071,-1.359,-1.520,0,1,7.300,0,1,0,3.500,0
-0.174,1.323,0.723,1,1,8.100,2,3,2,3.400,1
-0.786,-0.497,-1.295,1,1,6.800,0,2,0,4.300,1
1.295,1.419,0.611,1,1,8.400,1,3,2,4.300,1
0.805,1.610,0.947,1,1,8.200,1,3,2,4.800,1
-1.276,-0.592,-1.632,1,1,8.400,1,1,1,4.100,0
-0.052,-0.592,-1.520,1,1,7.600,0,3,0,4.600,0
-0.419,-0.975,-1.407,0,1,7.600,1,1,0,4.600,0
0.316,-0.975,-1.632,1,1,6.900,1,3,2,3.500,1
-1.276,-1.359,0.162,0,1,7.400,0,1,1,4.300,0
-0.419,0.844,0.611,1,1,7.100,1,3,2,4.800,1
-0.296,-1.359,-0.062,0,1,7.600,1,1,1,4.000,1
1.295,1.227,0.835,1,1,8.800,0,1,2,4.800,0
1.295,0.461,0.723,1,0,8.600,2,3,2,4.800,1
-0.174,0.269,1.171,1,1,7.600,1,3,0,3.900,0
1.295,1.419,1.395,1,1,8.200,2,3,2,4.800,1
1.172,0.557,1.171,1,1,7.800,1,3,1,4.800,1
1.050,1.036,1.171,1,1,8.400,1,3,2,4.800,1
-0.664,-1.167,-0.174,0,1,7.500,1,1,0,3.400,0
0.193,-0.975,1.171,1,0,8.300,1,1,2,4.600,0
-0.908,0.461,-0.062,1,1,8.800,1,3,0,4.100,1
-0.174,-0.018,-1.407,0,0,7.400,1,1,0,4.400,0
1.295,1.036,0.947,1,1,8.800,2,3,2,4.800,1
-0.296,-0.880,-0.062,1,0,6.500,0,3,0,3.600,0
1.295,-0.018,0.947,1,1,8.300,2,3,1,4.800,1
0.928,1.802,0.947,1,1,6.600,1,3,2,4.800,1
-0.786,1.419,-0.847,0,1,6.900,2,1,0,4.000,0
-0.296,-0.305,0.947,1,1,7.600,1,2,0,4.300,0
-0.664,0.078,1.059,1,1,8.300,0,3,2,4.100,0
-1.276,0.940,1.171,1,1,7.700,1,1,1,4.000,0
0.928,0.365,0.386,1,1,8.200,1,3,2,4.700,1
-0.786,1.131,-1.183,0,0,7.600,1,2,1,3.900,0
0.316,0.940,0.611,1,1,7.900,1,2,0,4.700,0
-0.052,-1.167,-0.735,1,1,8.200,0,1,1,4.300,0
-2.010,-0.401,-0.735,0,0,7.700,1,1,0,3.900,1
1.172,0.652,0.947,1,1,8.200,1,2,2,4.300,1
-1.520,-1.359,-0.398,0,1,6.900,1,1,1,4.500,0
1.295,1.036,1.507,1,0,9.000,1,3,2,4.800,0
1.172,0.748,0.947,1,1,8.100,1,2,0,4.800,0
-1.398,-0.401,-0.623,0,1,6.800,1,1,0,4.300,0
-0.296,0.269,1.283,1,1,7.500,1,1,1,4.500,1
-0.174,-1.359,-0.398,0,0,8.000,1,3,2,3.700,0
1.295,0.844,1.507,1,1,8.200,2,3,2,4.800,1
-1.153,-1.263,-1.071,1,1,7.100,1,1,0,4.100,0
0.193,0.844,0.947,1,1,8.200,2,2,2,4.800,1
0.683,1.706,0.947,1,1,7.800,1,3,1,4.500,1
-0.786,-1.359,-1.183,0,1,7.100,0,1,0,4.100,0
-1.276,-0.209,-1.071,0,1,7.200,1,2,1,3.100,0
1.295,1.514,1.507,1,1,8.100,2,3,2,4.600,1
1.295,-1.071,1.507,1,1,8.400,2,3,0,4.800,1
1.172,-0.975,-1.183,1,1,7.400,2,3,1,4.600,0
1.295,1.227,1.507,1,1,8.500,2,3,2,4.800,1
0.193,-1.359,-0.623,1,0,7.400,1,2,0,4.800,0
1.295,0.461,1.507,1,1,8.500,2,3,2,4.800,1
0.928,-0.592,-1.071,0,0,7.600,2,3,1,4.400,0
1.295,1.036,0.723,1,1,8.200,1,3,2,4.800,1
0.438,0.557,-0.174,0,1,8.000,2,1,0,4.400,1
1.295,0.174,0.947,0,1,8.000,2,1,0,4.300,0
-0.174,1.419,-0.174,1,1,6.900,0,3,2,4.300,1
-1.643,-0.209,-1.071,0,1,7.600,1,1,1,3.600,0
-1.153,0.748,1.171,1,1,7.900,0,2,0,4.700,1
1.050,0.365,0.274,1,1,7.700,0,3,0,4.800,1
-0.786,-1.359,-1.520,0,0,7.600,1,1,1,4.500,0
-1.398,-0.975,-0.959,0,1,8.000,1,1,1,4.200,0
1.295,0.174,0.947,1,1,7.400,1,3,2,4.000,1
-1.153,-0.592,-1.295,0,1,7.800,1,2,0,4.300,0
1.295,0.940,0.723,1,1,8.200,0,3,2,4.800,1
-0.786,0.652,0.947,1,1,7.600,1,2,1,4.300,1
-0.052,-0.784,1.059,1,0,7.700,1,1,2,4.100,0
1.295,0.461,1.395,1,1,8.500,0,3,2,4.600,1
-1.888,-1.071,-0.959,0,0,7.700,1,1,1,3.900,0
0.683,-0.880,1.283,1,1,8.300,2,2,2,3.900,1
0.438,-0.018,-0.511,0,1,6.500,1,1,0,4.600,0
-0.174,-1.071,-1.295,0,1,8.100,1,1,1,4.300,0
1.172,0.940,-0.623,1,1,7.800,1,1,0,4.700,0
-0.419,0.557,-0.062,0,1,8.100,2,2,1,4.000,1
0.805,0.940,-0.511,1,1,6.900,1,3,2,4.400,1
0.071,1.802,-0.959,0,0,6.500,0,1,0,3.600,0
-0.419,1.131,-0.174,0,1,6.900,0,3,0,3.800,0
-1.276,0.174,0.162,0,1,7.500,1,1,1,4.300,0
1.295,0.557,1.507,1,1,8.500,2,3,2,4.800,1
-1.643,-0.688,-0.959,0,0,6.500,0,1,1,4.600,0
-1.031,1.514,0.274,1,1,8.100,1,3,1,4.100,0
0.438,-1.359,-0.174,0,1,6.500,1,2,0,4.600,0
0.928,-0.880,-0.847,0,0,6.500,0,2,0,3.300,0
1.050,1.036,1.283,1,1,8.200,1,3,1,4.500,1
-1.888,-0.592,-0.847,1,1,7.900,0,1,0,4.100,0
-1.276,-1.359,-0.398,0,0,7.600,0,1,1,4.500,1
-0.541,-1.359,0.835,0,1,7.800,1,1,2,4.100,0
-1.643,-1.359,-1.856,0,0,7.400,1,1,0,4.100,0
1.295,0.365,1.507,1,1,8.600,2,3,2,4.800,1
0.071,1.419,0.723,1,1,6.600,1,1,1,3.900,0
-1.276,-1.167,-1.183,0,0,7.800,1,1,0,4.700,0
1.295,1.036,1.059,1,1,8.100,1,3,2,4.700,1
1.295,1.131,1.507,1,1,7.400,2,1,2,4.700,0
-0.174,-1.263,-0.623,1,1,7.600,1,1,0,3.600,0
0.071,-0.975,-0.735,0,1,6.500,1,2,0,4.400,0
-1.520,-1.263,-1.183,0,0,6.500,1,1,0,3.800,0
0.805,1.802,-0.511,1,1,8.100,1,2,3,4.500,1
-0.052,-1.359,0.835,1,1,7.600,2,3,2,4.700,1
0.193,-0.688,-1.183,1,1,6.600,1,2,0,4.500,1
-0.174,-0.688,-0.286,0,0,6.600,0,1,0,4.800,0
1.295,1.323,1.283,1,1,8.500,2,3,2,4.800,1
1.295,0.174,1.171,1,1,8.500,1,3,2,4.300,1
-0.664,-0.688,0.947,0,1,7.600,2,2,0,4.000,1
-0.419,-1.359,-1.183,0,1,6.500,1,2,0,4.200,0
-0.541,-0.975,-0.286,1,0,7.000,0,1,0,3.800,0
0.438,1.227,0.835,1,1,7.700,1,3,2,4.800,1
-0.786,-1.359,-0.847,0,0,7.700,1,1,1,4.200,0
-1.765,-0.784,0.498,0,0,6.500,1,1,1,3.000,0
0.316,-0.975,-1.071,1,1,7.800,1,1,2,4.300,1
1.295,1.036,0.947,1,1,8.100,2,3,2,4.800,1
1.295,1.227,1.395,1,1,8.600,2,3,2,4.800,1
-0.296,-0.497,-1.071,0,1,7.600,1,2,0,4.000,0
0.071,-0.880,0.947,0,1,7.800,0,2,0,4.100,1
-0.664,-0.018,-0.174,0,0,7.300,0,1,2,4.000,0
-0.419,-1.359,0.611,0,1,6.700,1,2,1,3.200,0
-0.786,-1.359,-1.407,1,0,6.500,1,1,1,4.000,0
-0.908,-0.497,-0.959,0,1,8.700,2,3,0,4.300,1
-0.296,-1.359,-1.183,1,1,7.600,1,2,2,4.000,0
0.560,0.652,0.386,1,1,8.000,1,3,2,4.300,1
-1.153,1.131,0.947,1,1,8.500,1,2,0,3.900,1
-0.296,-1.359,-1.071,0,1,6.600,1,3,0,3.700,0
0.438,1.514,1.283,1,1,8.100,1,3,2,4.700,1
0.193,-0.975,-0.847,0,0,6.700,1,1,0,4.800,0
0.193,1.227,0.723,1,0,8.900,1,3,2,4.800,1
1.172,0.748,1.171,1,1,8.400,2,3,3,4.600,1
0.683,0.269,0.835,1,0,8.400,2,2,2,4.800,0
0.071,0.940,-0.735,1,1,8.200,1,3,0,4.300,1
-0.908,-0.880,-1.744,0,0,6.500,0,1,0,3.600,0
1.295,0.174,0.947,1,0,8.300,1,3,2,4.700,1
-0.296,0.078,0.947,1,1,7.600,1,3,0,4.300,0
0.683,1.323,-0.735,1,1,8.300,0,1,2,4.700,1
1.295,1.706,0.947,1,1,7.900,2,3,2,4.700,1
1.295,0.557,0.386,1,1,8.600,2,3,2,4.800,1
1.295,-1.359,-1.407,1,1,8.500,0,3,0,4.500,1
-1.031,-1.359,-0.286,0,1,7.500,1,2,0,4.700,0
1.295,0.365,1.171,0,1,8.300,2,2,2,4.700,0
0.683,0.557,0.947,1,1,7.900,0,2,2,4.800,0
-1.643,-1.359,-1.407,0,0,6.500,1,1,0,4.100,0
-0.664,-0.880,-1.071,0,1,7.300,0,1,1,3.800,0
-1.031,-1.359,-0.062,1,1,7.600,1,3,1,4.800,0
0.316,-1.359,-0.847,0,1,7.600,1,1,0,3.700,0
-0.174,-0.114,-1.071,1,1,7.500,0,3,3,4.700,0
1.295,0.557,-0.062,0,0,7.800,0,3,1,4.700,1
1.295,0.748,1.059,1,0,8.000,1,3,0,4.800,1
-0.419,0.365,-1.407,0,0,7.600,1,1,0,4.600,0
0.071,0.557,-0.623,0,1,6.500,0,1,0,3.900,0
0.805,-1.359,-0.511,0,1,7.900,1,1,1,4.300,0
-0.296,-0.018,1.171,1,0,8.200,0,3,0,4.000,0
1.172,0.557,0.723,1,1,8.300,1,2,2,4.800,1
1.295,1.227,1.507,1,1,8.400,1,3,2,4.600,1
0.928,-0.209,-0.847,1,1,8.500,1,1,2,4.500,1
1.295,1.323,1.395,1,0,8.100,1,3,1,4.800,1
0.316,-1.071,0.050,0,1,6.800,1,1,0,4.600,1
-1.765,-1.359,-0.062,0,1,7.500,1,1,0,3.800,0
-0.419,-0.592,-0.174,0,0,7.500,1,1,0,4.200,0
-1.888,-0.688,-1.295,0,1,7.600,1,2,0,4.500,0
-1.398,1.036,0.386,1,1,7.500,1,1,2,3.900,0
-1.031,-0.018,-0.735,1,1,6.600,1,2,0,4.400,0
0.805,-0.305,1.395,1,1,8.400,0,2,2,4.700,0
-1.643,-1.359,0.162,0,1,7.600,1,2,0,4.500,0
0.071,1.514,1.059,1,1,8.000,1,3,0,4.400,1
0.928,1.802,-1.407,1,0,7.600,2,1,2,4.800,0
0.193,0.940,-0.959,1,1,7.900,2,1,0,3.700,1
-0.419,-1.263,-0.847,0,0,6.500,1,2,0,3.700,0
-0.052,0.844,-0.623,1,1,8.200,1,2,0,4.800,0
-1.520,1.610,-0.286,1,1,6.500,0,3,1,3.500,1
0.193,-0.497,-1.183,1,1,7.100,2,2,0,4.400,1
0.928,1.323,1.507,1,1,8.400,2,3,2,4.800,1
0.683,0.461,0.723,1,1,8.600,0,3,1,4.600,1
0.683,1.802,0.611,1,1,8.500,2,3,1,4.300,1
1.172,1.131,0.386,1,1,8.500,2,3,2,4.800,1
-1.276,-0.688,-1.632,0,0,6.800,1,1,0,3.900,0
-0.419,0.174,0.498,1,1,7.600,1,2,0,4.800,0
0.683,-0.497,0.947,0,1,7.600,0,3,0,4.300,1
-0.419,-0.784,-1.295,0,0,6.700,1,1,0,4.200,1
-0.664,0.844,0.947,1,1,8.000,1,2,3,4.000,1
-1.398,-0.688,-0.623,0,1,6.500,0,1,1,3.500,0
-1.031,-1.359,-0.286,0,1,7.700,1,1,1,4.200,0
0.193,0.078,-1.407,1,1,8.500,1,1,1,4.500,0
-0.786,-0.975,-1.632,0,0,6.800,0,1,0,4.500,0
-0.419,0.174,-0.959,0,1,6.900,1,1,0,3.300,0
-1.031,-0.975,0.723,0,1,8.400,2,2,2,3.400,0
0.193,1.036,0.611,1,1,8.700,2,1,2,4.500,0
0.683,0.557,1.059,1,1,8.400,1,1,2,4.800,1
0.316,0.461,-0.062,0,1,6.500,1,2,1,4.000,0
-0.296,-1.071,-0.286,1,1,8.200,1,1,3,3.600,1
1.050,0.652,1.171,1,1,8.400,0,3,2,3.700,1
-0.664,0.748,-0.847,1,1,8.200,2,1,0,4.500,0
1.295,-0.401,0.835,1,1,7.500,2,3,2,4.700,0
0.193,-1.359,-0.511,0,1,7.000,1,1,0,3.600,0
-1.520,-0.975,-0.623,1,1,7.600,0,1,0,4.300,0
0.560,0.844,0.947,1,1,8.400,2,3,1,4.200,0
-1.153,-0.784,-0.623,0,0,7.200,1,2,2,4.100,0
-0.296,-0.497,-1.295,1,1,7.600,0,2,1,4.400,1
-0.052,-1.167,-0.286,0,0,7.200,1,2,1,3.200,0
1.295,1.131,0.611,1,1,6.900,0,1,0,4.500,1
-1.765,-1.359,-1.856,0,0,7.400,0,1,1,4.700,0
0.071,1.131,-0.398,1,1,8.200,1,3,0,4.600,1
1.172,-0.688,-0.174,0,1,8.300,1,1,0,3.900,1
-0.786,-0.497,-0.511,0,0,6.600,1,1,0,4.200,0
-1.153,-0.784,-1.295,0,0,7.000,1,1,1,4.800,0
-0.541,-0.401,-0.959,0,1,6.900,1,1,1,3.700,0
-0.419,-0.114,0.947,0,1,7.600,1,1,1,3.800,1
-0.908,-1.071,-0.847,0,0,6.500,1,1,1,4.400,0
-1.276,0.652,1.283,1,1,7.500,2,3,0,3.900,0
-0.541,-0.784,-1.183,0,0,7.600,1,2,2,4.600,0
-0.174,-0.114,-0.623,0,1,7.500,1,3,2,4.800,0
1.050,0.557,0.723,1,1,7.000,2,1,1,4.800,1
-0.541,1.323,-1.968,1,1,7.500,1,1,0,4.100,0
0.438,0.557,0.947,1,1,8.100,1,1,1,4.700,0
-1.031,1.993,-1.183,1,0,6.600,1,1,0,4.500,0
0.071,-1.359,-0.511,0,0,7.300,0,1,1,4.100,0
0.560,0.461,-1.407,1,1,7.900,1,3,1,4.100,1
1.295,0.940,1.283,1,1,8.000,2,3,2,4.800,1
-0.174,-1.359,-0.959,0,1,7.400,1,1,1,4.300,0
1.295,-0.401,1.059,1,1,8.200,1,3,2,4.700,1
-0.296,-1.359,-0.847,0,0,7.800,2,1,1,4.200,0
-0.664,-1.359,-1.071,1,0,7.600,1,1,1,3.900,0
1.050,1.036,1.395,1,1,8.100,2,3,2,4.700,1
0.316,0.940,1.395,1,1,8.100,2,3,2,4.500,0
1.295,0.652,0.835,1,1,8.200,2,3,1,3.900,1
-0.541,-1.263,-0.735,0,1,7.500,1,2,1,3.700,0
-1.276,0.652,-0.735,0,0,6.700,0,1,1,4.400,0
-0.052,1.227,0.835,1,1,7.700,1,1,3,4.100,1
0.560,1.514,1.171,1,0,8.400,2,3,2,4.700,0
-1.031,1.036,-1.071,1,1,8.000,1,2,1,4.100,0
0.071,0.174,-1.632,0,0,6.500,0,1,1,3.200,0
0.193,-1.167,-0.398,0,0,8.500,1,0,0,4.100,0
-0.174,0.078,0.386,1,1,7.400,1,1,0,4.500,1
0.193,-0.592,-1.856,0,0,7.800,0,1,0,4.200,0
0.193,0.557,-1.632,0,1,7.700,0,2,0,4.200,0
1.050,0.557,1.059,1,1,7.600,1,3,2,4.500,1
-1.398,-1.359,-0.062,0,1,7.000,1,2,0,4.000,0
0.316,0.269,1.507,1,1,7.500,1,3,0,4.700,0
1.295,0.269,0.274,1,1,7.900,2,2,2,4.800,1
-1.765,-1.263,-1.407,0,1,7.500,2,1,1,4.000,0
-0.052,-0.975,-1.295,0,1,7.700,1,1,1,3.700,0
0.928,0.844,0.835,1,1,6.800,2,3,3,4.000,0
-0.908,-1.359,-0.959,1,1,7.400,1,1,0,4.200,1
1.172,0.365,-0.847,1,1,6.700,1,1,2,4.300,0
-2.255,-0.114,-0.062,0,0,6.500,1,1,1,3.100,0
-1.765,0.461,-0.623,0,0,7.700,0,1,0,3.900,0
1.295,0.557,1.507,1,1,8.500,2,3,2,4.800,1
1.050,0.461,1.171,0,1,8.200,2,3,3,4.500,0
1.295,1.036,1.507,1,1,8.000,2,3,2,4.800,1
0.071,-1.359,-0.959,0,0,7.600,0,1,1,3.900,0
1.295,1.323,1.059,1,1,7.900,2,3,2,4.300,1
-0.174,0.174,-1.183,0,0,7.600,1,2,0,3.800,0
-1.276,-1.359,-0.398,1,1,7.700,1,1,1,3.900,0
-0.786,0.269,-0.174,1,1,8.400,1,3,0,4.700,0
-0.786,-0.114,-0.062,1,0,7.900,1,2,0,4.500,1
0.560,-0.114,-0.511,0,1,7.600,1,2,1,4.400,0
-0.908,-1.167,-0.735,1,1,7.600,1,1,1,4.500,0
0.071,1.227,0.947,1,1,8.400,0,3,0,4.300,0
-1.031,-0.209,-0.174,1,1,7.400,1,2,1,4.300,0
0.193,-1.071,0.162,0,1,7.300,1,1,2,3.700,0
-1.888,-1.359,-1.407,0,1,7.000,0,2,1,4.700,0
-2.377,-1.359,-1.295,0,0,7.500,1,1,0,3.700,0
-1.276,-1.359,-1.071,0,1,7.100,1,1,1,3.400,0
0.316,1.131,0.947,1,1,8.300,1,3,2,4.800,1
-1.888,-1.263,-1.520,0,0,6.500,1,1,1,3.400,0
-0.664,-0.688,-0.847,0,1,6.800,1,1,0,3.800,0
-1.276,-1.071,-1.071,0,1,7.600,1,1,2,4.000,0
-0.174,-0.401,-1.856,0,0,6.800,1,1,1,4.000,0
1.295,0.557,0.723,1,1,8.100,2,3,2,4.100,1
1.295,0.078,1.171,1,1,8.400,2,3,2,4.800,1
0.805,0.652,0.723,1,1,6.500,2,3,2,4.400,0
-1.153,0.557,-0.286,0,1,6.700,1,1,1,4.500,0
1.295,1.802,0.611,1,1,8.200,2,3,2,4.800,1
0.683,0.652,1.507,1,1,8.300,2,2,2,4.800,1
-1.276,-1.263,-0.286,0,1,6.500,1,2,0,4.800,0
-0.664,1.227,1.059,1,1,8.100,2,3,0,4.300,0
-0.786,0.269,-0.735,0,1,8.700,1,2,2,4.400,0
-1.276,0.652,-1.071,0,1,8.200,1,1,1,4.200,0
-0.541,-1.263,-0.959,0,1,7.500,1,1,0,4.300,0
-1.398,-0.975,-1.071,0,0,7.600,0,2,0,4.600,0
0.805,0.269,0.723,1,1,7.600,1,2,1,4.800,1
1.295,-0.688,1.059,1,1,8.300,2,3,2,4.800,0
-0.786,-0.497,-1.744,0,0,7.000,0,2,1,3.900,0
0.193,-1.263,-0.398,0,1,7.500,1,1,0,3.600,0
0.928,-0.592,-0.959,0,0,6.500,1,1,0,4.800,1
-0.664,-1.359,-0.286,0,1,7.900,1,2,0,4.100,0
0.316,-1.167,-0.623,0,1,7.700,1,2,0,4.400,1
0.560,1.227,0.835,1,1,7.500,1,3,0,4.100,0
0.316,-1.359,-0.623,0,1,7.900,1,3,1,4.100,0
0.316,1.227,1.395,1,1,7.700,1,1,0,3.800,1
-1.153,0.748,-0.623,1,0,7.400,1,2,0,4.100,0
1.295,0.461,-0.286,1,1,7.300,2,3,2,4.300,0
-0.052,0.269,-0.623,0,0,8.200,1,1,0,4.200,0
0.805,-1.071,-0.735,1,1,6.500,2,1,1,3.700,0
-0.908,1.706,1.059,1,0,7.600,1,2,2,4.500,1
-0.296,0.652,-0.735,1,0,7.500,1,1,1,4.500,0
0.805,0.844,1.507,1,1,8.000,1,3,0,4.400,0
1.295,0.844,0.947,1,1,8.100,2,3,2,4.800,1
